Liste_Fiyati_Numeric_Normalized,Sayfa_Sayisi_Numeric_Normalized,Favorilere Ekleyen Kişi Sayısı_Normalized,Okuyacağım olarak işaretlenmiş sayısı_Normalized,Okuyorum olarak işaretlenmiş sayısı_Normalized,Okudum olarak işaretlenmiş sayısı_Normalized,Toplam Yorum Sayısı_Normalized,Puan_Degeri_Normalized,Oy_Sayisi_Normalized,Toplam Satılma Sayısı_Normalized,Dil_Encoded,Cilt Tipi_Encoded,Kağıt Cinsi_Encoded,Ana_Kategori_Bilim & Mühendislik,Ana_Kategori_Diger,Ana_Kategori_Diğer,Ana_Kategori_Edebiyat,Ana_Kategori_Felsefe-Düşünce,Ana_Kategori_Kişisel Gelişim,Ana_Kategori_Siyaset,Ana_Kategori_Sosyoloji,Ana_Kategori_Tarih,Ana_Kategori_Çocuk Kitapları,Ana_Kategori_İslam,Toplam Satılma Sayısı
0.2266288951841359,0.2040816326530612,0.0276338514680483,0.0,0.0,0.0020986358866736,0.0078947368421052,1.0,0.0002202158114952,0.7019730010384215,0,1,3,0,0,0,0,0,0,0,0,0,1,0,339.0
0.5643059490084985,0.6666666666666666,0.390328151986183,0.0109090909090909,0.003875968992248,0.0503672612801678,0.0394736842105263,1.0,0.0045144241356529,0.5233644859813084,0,1,3,0,0,0,1,0,0,0,0,0,0,0,253.0
0.498583569405099,0.3809523809523809,0.082901554404145,0.009090909090909,0.0,0.0031479538300104,0.0131578947368421,1.0,0.0007707553402334,0.166147455867082,0,1,3,0,0,0,0,0,0,1,0,0,0,0,81.0
0.2810198300283286,0.4098639455782313,0.1243523316062176,0.009090909090909,0.0,0.0020986358866736,0.0,1.0,0.0003303237172428,0.1495327102803738,0,1,3,0,0,0,1,0,0,0,0,0,0,0,73.0
0.4509915014164305,0.3945578231292517,0.3696027633851468,0.0236363636363636,0.003875968992248,0.0545645330535152,0.0263157894736842,0.75,0.0035234529839242,0.3904465212876428,0,1,3,0,0,0,1,0,0,0,0,0,0,0,189.0
0.3127478753541076,0.3741496598639455,0.0379965457685664,0.0018181818181818,0.0,0.0010493179433368,0.0026315789473684,1.0,0.0,0.6625129802699895,0,1,3,0,0,0,1,0,0,0,0,0,0,0,320.0
1.0,0.8843537414965985,0.1727115716753022,0.0236363636363636,0.0,0.0041972717733473,0.0131578947368421,0.75,0.0016516185862144,0.1931464174454828,0,1,3,0,0,0,0,0,0,0,0,0,0,1,94.0
0.2492917847025495,0.1564625850340136,0.4145077720207253,0.0145454545454545,0.0,0.0010493179433368,0.0,1.0,0.0004404316229905,0.2782969885773624,0,1,3,0,0,0,0,0,0,1,0,0,0,0,135.0
0.3399433427762039,0.4081632653061224,0.3730569948186528,0.0345454545454545,0.0,0.0020986358866736,0.0026315789473684,1.0,0.0004404316229905,0.1578400830737279,0,1,3,0,0,0,0,1,0,0,0,0,0,0,77.0
0.3399433427762039,0.3129251700680272,0.3143350604490501,0.0072727272727272,0.001937984496124,0.0073452256033578,0.0052631578947368,1.0,0.0006606474344857,0.1017653167185877,0,1,3,0,0,0,0,0,0,0,0,1,0,0,50.0
0.2266288951841359,0.3265306122448979,0.1692573402417962,0.0018181818181818,0.0,0.0041972717733473,0.0026315789473684,0.75,0.0001101079057476,0.0726895119418483,0,1,3,0,0,0,1,0,0,0,0,0,0,0,36.0
1.0,0.6666666666666666,0.7979274611398963,0.0418181818181818,0.003875968992248,0.0073452256033578,0.0052631578947368,0.75,0.0015415106804668,0.4402907580477674,0,1,3,0,1,0,0,0,0,0,0,0,0,0,213.0
0.2832861189801699,0.0952380952380952,0.2728842832469775,0.0036363636363636,0.001937984496124,0.0020986358866736,0.0026315789473684,1.0,0.0001101079057476,0.3177570093457944,0,1,3,0,0,0,1,0,0,0,0,0,0,0,154.0
0.6481586402266288,0.3129251700680272,0.1485319516407599,0.0054545454545454,0.0,0.0031479538300104,0.0052631578947368,0.75,0.0004404316229905,0.2159916926272066,0,1,3,0,0,0,1,0,0,0,0,0,0,0,105.0
1.0,1.0,0.6044905008635578,0.0072727272727272,0.001937984496124,0.0031479538300104,0.0026315789473684,1.0,0.0003303237172428,0.2035306334371754,0,1,3,0,1,0,0,0,0,0,0,0,0,0,99.0
0.3104815864022662,0.3401360544217687,0.0725388601036269,0.0036363636363636,0.0,0.0,0.0,1.0,0.0004954855758643,0.0249221183800623,0,1,3,0,0,0,0,0,0,0,0,1,0,0,13.0
0.838526912181303,0.8843537414965985,0.3316062176165802,0.0127272727272727,0.0,0.0094438614900314,0.0236842105263157,1.0,0.0014314027747192,0.2429906542056074,0,1,3,0,0,0,1,0,0,0,0,0,0,0,118.0
0.5643059490084985,0.5306122448979591,0.697754749568221,0.0109090909090909,0.0,0.0199370409233997,0.0210526315789473,0.75,0.0022021581149526,0.4589823468328141,0,1,3,0,0,0,1,0,0,0,0,0,0,0,222.0
0.3762039660056657,0.0952380952380952,0.1761658031088082,0.0018181818181818,0.0,0.0041972717733473,0.0026315789473684,1.0,0.0,0.1121495327102803,0,1,3,0,0,0,0,0,0,1,0,0,0,0,55.0
0.5212464589235127,0.3231292517006802,0.1105354058721934,0.0054545454545454,0.001937984496124,0.0020986358866736,0.0052631578947368,0.75,0.0004404316229905,0.0747663551401869,0,1,3,0,0,0,1,0,0,0,0,0,0,0,37.0
0.5643059490084985,0.5034013605442176,0.1347150259067357,0.0054545454545454,0.001937984496124,0.0,0.0026315789473684,1.0,0.0001101079057476,0.4776739356178608,0,1,3,0,0,0,0,0,0,1,0,0,0,0,231.0
0.5212464589235127,0.5170068027210883,0.0138169257340241,0.0,0.0,0.0,0.0,1.0,0.0,0.0124610591900311,0,1,3,0,1,0,0,0,0,0,0,0,0,0,7.0
0.3399433427762039,0.2585034013605442,1.0,0.0436363636363636,0.0135658914728682,0.0167890870933892,0.0210526315789473,0.75,0.0009909711517286,1.0,0,1,3,0,0,0,0,0,1,0,0,0,0,0,482.5
0.6776203966005665,0.336734693877551,0.1623488773747841,0.0036363636363636,0.0,0.0020986358866736,0.0026315789473684,1.0,0.0,0.122533748701973,0,1,3,0,1,0,0,0,0,0,0,0,0,0,60.0
0.5665722379603398,0.4217687074829931,0.6044905008635578,0.009090909090909,0.003875968992248,0.0031479538300104,0.0,0.75,0.0002202158114952,0.3052959501557633,0,1,3,0,0,0,0,1,0,0,0,0,0,0,148.0
0.3852691218130311,0.4251700680272108,0.0690846286701209,0.0036363636363636,0.001937984496124,0.0010493179433368,0.0026315789473684,1.0,0.0001101079057476,0.0332294911734164,0,1,3,0,0,0,1,0,0,0,0,0,0,0,17.0
0.2266288951841359,0.2040816326530612,0.1796200345423143,0.0054545454545454,0.003875968992248,0.0041972717733473,0.0052631578947368,1.0,0.0004404316229905,0.2035306334371754,0,1,3,0,1,0,0,0,0,0,0,0,0,0,99.0
1.0,0.2312925170068027,0.0587219343696027,0.0,0.0,0.0,0.0,1.0,0.0,0.0643821391484942,0,1,4,0,1,0,0,0,0,0,0,0,0,0,32.0
0.4963172804532577,0.4489795918367347,0.2072538860103626,0.0072727272727272,0.0,0.0041972717733473,0.0052631578947368,0.75,0.0004404316229905,0.0976116303219107,0,1,3,0,0,0,1,0,0,0,0,0,0,0,48.0
0.5552407932011331,0.9931972789115646,0.1381692573402418,0.0036363636363636,0.001937984496124,0.0031479538300104,0.0105263157894736,1.0,0.0007707553402334,0.0789200415368639,0,1,3,0,0,0,1,0,0,0,0,0,0,0,39.0
0.1813031161473087,0.163265306122449,0.2590673575129533,0.009090909090909,0.0,0.0020986358866736,0.0052631578947368,1.0,0.0002202158114952,0.4361370716510903,0,1,3,0,0,0,1,0,0,0,0,0,0,0,211.0
0.4532577903682719,0.5306122448979591,0.770293609671848,0.0327272727272727,0.001937984496124,0.0094438614900314,0.0210526315789473,0.75,0.0018718343977097,0.2512980269989616,0,1,3,0,0,0,1,0,0,0,0,0,0,0,122.0
0.746742209631728,0.4353741496598639,0.3523316062176165,0.0363636363636363,0.001937984496124,0.0104931794333683,0.0105263157894736,1.0,0.000880863245981,0.3364485981308411,0,1,3,0,0,0,1,0,0,0,0,0,0,0,163.0
0.4305949008498583,0.4200680272108843,0.0587219343696027,0.0018181818181818,0.0,0.0010493179433368,0.0,1.0,0.0004954855758643,0.0768431983385254,0,1,3,1,0,0,0,0,0,0,0,0,0,0,38.0
1.0,0.8503401360544217,0.0552677029360967,0.0,0.0,0.0,0.0,1.0,0.0004954855758643,0.0623052959501557,0,1,3,0,1,0,0,0,0,0,0,0,0,0,31.0
1.0,0.7823129251700679,0.0863557858376511,0.0,0.0,0.0,0.0,1.0,0.0004954855758643,0.0166147455867082,0,0,3,0,0,0,0,0,0,0,0,0,0,1,9.0
0.509915014164306,0.163265306122449,0.1243523316062176,0.0036363636363636,0.0,0.0010493179433368,0.0,1.0,0.0004954855758643,0.0726895119418483,0,1,3,0,0,0,0,0,1,0,0,0,0,0,36.0
0.5643059490084985,0.6530612244897959,0.2797927461139896,0.0163636363636363,0.0,0.0178384050367261,0.0157894736842105,1.0,0.0013212948689715,0.3011422637590862,0,1,3,0,0,0,1,0,0,0,0,0,0,0,146.0
0.6776203966005665,0.3333333333333333,0.0518134715025906,0.0054545454545454,0.0,0.0010493179433368,0.0026315789473684,0.0,0.0,0.0581516095534787,0,1,3,0,0,0,1,0,0,0,0,0,0,0,29.0
0.5643059490084985,0.6394557823129251,0.4006908462867012,0.0127272727272727,0.001937984496124,0.0146904512067156,0.0052631578947368,0.75,0.000880863245981,0.1889927310488058,0,1,3,0,0,0,1,0,0,0,0,0,0,0,92.0
0.0,0.4217687074829931,0.1001727115716753,0.0036363636363636,0.0,0.0031479538300104,0.0,0.75,0.0002202158114952,0.1204569055036344,0,1,3,0,0,0,0,0,0,1,0,0,0,0,59.0
0.8838526912181303,0.6530612244897959,0.0130811744386873,0.5018181818181818,0.0872093023255814,0.4994753410283316,0.3710526315789473,1.0,0.0222417969610218,1.0,0,1,3,0,0,0,1,0,0,0,0,0,0,0,482.5
0.4759206798866855,0.3877551020408163,0.4317789291882556,0.02,0.0,0.0083945435466946,0.0105263157894736,1.0,0.000880863245981,0.6230529595015576,0,1,3,0,0,0,1,0,0,0,0,0,0,0,301.0
0.4532577903682719,0.2312925170068027,0.1968911917098445,0.0036363636363636,0.0,0.0020986358866736,0.0,1.0,0.0004954855758643,0.087227414330218,0,1,3,1,0,0,0,0,0,0,0,0,0,0,43.0
0.3286118980169971,0.3673469387755102,0.1139896373056994,0.0072727272727272,0.0,0.0010493179433368,0.0,1.0,0.0001101079057476,0.0685358255451713,0,1,3,0,0,0,1,0,0,0,0,0,0,0,34.0
0.4147308781869688,0.4081632653061224,0.006908462867012,0.0018181818181818,0.0,0.0010493179433368,0.0,1.0,0.0004954855758643,0.0290758047767393,0,1,3,0,0,0,1,0,0,0,0,0,0,0,15.0
0.9745042492917846,0.5136054421768707,0.0038376511226252,0.0745454545454545,0.0135658914728682,0.0241343126967471,0.0473684210526315,1.0,0.0036335608896718,1.0,0,1,3,0,1,0,0,0,0,0,0,0,0,0,482.5
1.0,0.7891156462585033,0.3212435233160621,0.0163636363636363,0.0,0.0031479538300104,0.0052631578947368,1.0,0.0001101079057476,0.1578400830737279,0,1,3,0,0,0,0,0,0,0,0,1,0,0,77.0
1.0,0.7755102040816326,0.6044905008635578,0.0181818181818181,0.001937984496124,0.0199370409233997,0.0368421052631578,1.0,0.0027526976436908,0.3883696780893043,0,1,3,0,0,0,1,0,0,0,0,0,0,0,188.0
0.4963172804532577,0.4761904761904762,0.9464594127806564,0.0272727272727272,0.0,0.0461699895068205,0.0368421052631578,0.75,0.0049548557586434,0.7642782969885773,0,1,3,0,0,0,1,0,0,0,0,0,0,0,369.0
0.997167138810198,0.4829931972789116,0.0414507772020725,0.0,0.0,0.0,0.0026315789473684,1.0,0.0,0.1433021806853582,0,1,3,0,1,0,0,0,0,0,0,0,0,0,70.0
0.4532577903682719,0.6666666666666666,1.0,0.0309090909090909,0.001937984496124,0.0052465897166841,0.0052631578947368,0.75,0.0015415106804668,0.739356178608515,0,1,3,0,1,0,0,0,0,0,0,0,0,0,357.0
0.5881019830028328,0.3401360544217687,0.3454231433506045,0.0109090909090909,0.0,0.0020986358866736,0.0052631578947368,1.0,0.0003303237172428,0.1349948078920041,0,1,3,0,0,0,1,0,0,0,0,0,0,0,66.0
0.2266288951841359,0.1904761904761904,0.9602763385146804,0.04,0.005813953488372,0.0398740818467995,0.0447368421052631,0.75,0.0055053952873816,1.0,0,1,3,0,0,0,1,0,0,0,0,0,0,0,482.5
0.2039660056657223,0.119047619047619,0.1761658031088082,0.0109090909090909,0.0,0.0041972717733473,0.0026315789473684,0.75,0.0003303237172428,0.3426791277258567,0,1,3,1,0,0,0,0,0,0,0,0,0,0,166.0
0.3172804532577903,0.2448979591836734,0.082901554404145,0.0,0.0,0.0,0.0,1.0,0.0004954855758643,0.043613707165109,0,1,3,0,0,0,1,0,0,0,0,0,0,0,22.0
1.0,0.272108843537415,0.0172711571675302,0.0,0.0,0.0,0.0,1.0,0.0004954855758643,0.2014537902388369,0,1,3,0,1,0,0,0,0,0,0,0,0,0,98.0
0.1087818696883852,0.0782312925170068,0.0345423143350604,0.0036363636363636,0.0,0.0031479538300104,0.0026315789473684,1.0,0.0001101079057476,0.3426791277258567,0,1,3,0,0,0,0,0,0,0,0,0,0,1,166.0
0.1586402266288951,0.1054421768707483,0.003454231433506,0.0,0.0,0.0,0.0,1.0,0.0004954855758643,0.0913811007268951,0,1,3,0,0,0,1,0,0,0,0,0,0,0,45.0
0.5643059490084985,0.5578231292517006,0.4525043177892918,0.0345454545454545,0.0,0.0325288562434417,0.0368421052631578,1.0,0.0024223739264479,0.8099688473520249,0,1,3,0,0,0,1,0,0,0,0,0,0,0,391.0
0.7932011331444758,0.4489795918367347,0.3557858376511226,0.0054545454545454,0.001937984496124,0.0,0.0026315789473684,1.0,0.0,0.1952232606438213,0,1,3,0,0,0,0,0,1,0,0,0,0,0,95.0
0.4509915014164305,0.3129251700680272,0.4801381692573402,0.0145454545454545,0.001937984496124,0.0251836306400839,0.0105263157894736,0.75,0.000880863245981,0.5025960539979231,0,1,3,0,0,0,1,0,0,0,0,0,0,0,243.0
0.2039660056657223,0.2040816326530612,0.0172711571675302,0.0,0.0,0.0031479538300104,0.0,1.0,0.0004954855758643,0.3738317757009345,0,1,3,0,0,0,1,0,0,0,0,0,0,0,181.0
0.4532577903682719,0.2857142857142857,0.0103626943005181,0.0036363636363636,0.0,0.0,0.0,1.0,0.0001101079057476,0.1952232606438213,0,1,3,0,1,0,0,0,0,0,0,0,0,0,95.0
0.7240793201133144,0.4217687074829931,0.2625215889464594,0.02,0.001937984496124,0.0094438614900314,0.0210526315789473,1.0,0.0013212948689715,0.1308411214953271,0,1,3,0,0,0,1,0,0,0,0,0,0,0,64.0
0.5643059490084985,0.693877551020408,1.0,0.0672727272727272,0.0077519379844961,0.0503672612801678,0.0421052631578947,0.75,0.0045144241356529,0.7185877466251297,0,1,3,0,0,0,1,0,0,0,0,0,0,0,347.0
0.498583569405099,0.3962585034013605,0.0932642487046632,0.0054545454545454,0.0,0.0,0.0,1.0,0.0,0.0581516095534787,0,1,3,0,1,0,0,0,0,0,0,0,0,0,29.0
1.0,0.4625850340136054,0.234887737478411,0.0072727272727272,0.001937984496124,0.0010493179433368,0.0026315789473684,0.75,0.0002202158114952,0.3696780893042575,0,1,3,0,1,0,0,0,0,0,0,0,0,0,179.0
0.9291784702549576,0.9659863945578232,0.0690846286701209,0.0072727272727272,0.0,0.0041972717733473,0.0026315789473684,0.75,0.0006606474344857,0.0581516095534787,0,1,3,0,0,0,1,0,0,0,0,0,0,0,29.0
0.4963172804532577,0.3401360544217687,1.0,0.1927272727272727,0.0232558139534883,0.0839454354669465,0.181578947368421,0.75,0.0180576965426117,1.0,0,1,3,0,0,0,0,0,0,1,0,0,0,0,482.5
0.3399433427762039,0.3673469387755102,0.003454231433506,0.0,0.0,0.0,0.0,1.0,0.0004954855758643,0.0020768431983385,0,1,3,0,0,0,1,0,0,0,0,0,0,0,2.0
0.406798866855524,0.217687074829932,0.1174438687392055,0.0127272727272727,0.003875968992248,0.0073452256033578,0.0078947368421052,1.0,0.0005505395287381,0.0623052959501557,0,1,3,0,0,0,1,0,0,0,0,0,0,0,31.0
0.4079320113314447,0.3469387755102041,0.1070811744386874,0.0109090909090909,0.0,0.0,0.0,1.0,0.0004954855758643,0.3052959501557633,0,1,3,0,0,0,0,0,0,0,0,1,0,0,148.0
0.4509915014164305,0.1768707482993197,1.0,0.1018181818181818,0.003875968992248,0.0461699895068205,0.0631578947368421,0.75,0.0067165822506055,1.0,0,1,3,0,0,0,0,0,1,0,0,0,0,0,482.5
0.4963172804532577,0.5306122448979591,0.6424870466321243,0.0527272727272727,0.0,0.0482686253934942,0.0236842105263157,1.0,0.002972913455186,0.494288681204569,0,1,3,0,0,0,1,0,0,0,0,0,0,0,239.0
0.3830028328611897,0.3299319727891156,0.1796200345423143,0.0,0.0,0.0083945435466946,0.0078947368421052,1.0,0.000880863245981,0.1453790238836967,0,1,3,0,0,0,0,0,0,0,0,1,0,0,71.0
0.3637393767705382,0.3486394557823129,0.1139896373056994,0.0018181818181818,0.0,0.0041972717733473,0.0026315789473684,1.0,0.0002202158114952,0.1079958463136033,0,1,3,0,0,0,1,0,0,0,0,0,0,0,53.0
0.1586402266288951,0.0816326530612245,0.1519861830742659,0.0145454545454545,0.005813953488372,0.0094438614900314,0.0078947368421052,0.75,0.0019819423034573,0.4132917964693666,0,1,3,0,0,0,0,0,0,0,0,0,1,0,200.0
0.5643059490084985,0.5034013605442176,1.0,0.0709090909090909,0.005813953488372,0.2014690451206715,0.0999999999999999,0.75,0.0157454305219114,1.0,0,1,3,0,0,0,1,0,0,0,0,0,0,0,482.5
0.3852691218130311,0.3129251700680272,0.1174438687392055,0.0,0.0,0.0,0.0,1.0,0.0004954855758643,0.083073727933541,0,1,3,0,0,0,0,0,0,1,0,0,0,0,41.0
0.6118980169971671,0.5850340136054422,0.5043177892918825,0.0181818181818181,0.003875968992248,0.0272822665267576,0.0263157894736842,1.0,0.002092050209205,0.5067497403946002,0,1,3,0,0,0,1,0,0,0,0,0,0,0,245.0
0.6821529745042493,0.1462585034013605,0.0241796200345423,0.0,0.0,0.0,0.0,1.0,0.0004954855758643,0.0269989615784008,0,1,3,0,1,0,0,0,0,0,0,0,0,0,14.0
0.838526912181303,0.7517006802721088,0.0690846286701209,0.0018181818181818,0.003875968992248,0.0,0.0,1.0,0.0,0.0602284527518172,0,1,3,0,0,0,0,0,1,0,0,0,0,0,30.0
0.5643059490084985,0.7891156462585033,0.7046632124352331,0.029090909090909,0.001937984496124,0.049317943336831,0.0131578947368421,0.75,0.0046245320414005,0.7497403946002076,0,1,3,0,0,0,1,0,0,0,0,0,0,0,362.0
0.2628895184135977,0.2312925170068027,0.0310880829015544,0.0018181818181818,0.0,0.0020986358866736,0.0052631578947368,1.0,0.0002202158114952,0.411214953271028,0,1,3,0,0,0,1,0,0,0,0,0,0,0,199.0
0.4305949008498583,0.3163265306122449,0.1968911917098445,0.0072727272727272,0.0,0.0020986358866736,0.0026315789473684,1.0,0.0002202158114952,0.0415368639667705,0,1,3,0,0,1,0,0,0,0,0,0,0,0,21.0
0.3614730878186968,0.1870748299319728,0.1036269430051813,0.0072727272727272,0.001937984496124,0.0020986358866736,0.0052631578947368,1.0,0.0003303237172428,0.1910695742471443,0,1,3,0,1,0,0,0,0,0,0,0,0,0,93.0
0.5665722379603398,0.4625850340136054,0.1036269430051813,0.0036363636363636,0.0,0.0041972717733473,0.0026315789473684,1.0,0.0002202158114952,0.6542056074766355,0,1,3,0,0,0,1,0,0,0,0,0,0,0,316.0
0.4305949008498583,0.2653061224489796,0.2176165803108808,0.009090909090909,0.0,0.0041972717733473,0.0026315789473684,0.75,0.0003303237172428,0.1952232606438213,0,1,3,0,0,0,0,1,0,0,0,0,0,0,95.0
0.4079320113314447,0.3265306122448979,0.0276338514680483,0.0,0.0,0.0,0.0,1.0,0.0004954855758643,0.0083073727933541,0,1,3,0,0,0,1,0,0,0,0,0,0,0,5.0
0.4509915014164305,0.3129251700680272,1.0,0.0963636363636363,0.0096899224806201,0.0514165792235047,0.0710526315789473,0.5,0.0058357190046245,1.0,0,1,3,0,0,0,1,0,0,0,0,0,0,0,482.5
0.5665722379603398,0.4217687074829931,0.2521588946459412,0.0018181818181818,0.0,0.0,0.0026315789473684,1.0,0.0,0.2014537902388369,0,1,3,0,0,0,0,0,0,1,0,0,0,0,98.0
1.0,1.0,0.0725388601036269,0.0036363636363636,0.0,0.0,0.0,1.0,0.0,0.0373831775700934,0,1,3,0,1,0,0,0,0,0,0,0,0,0,19.0
0.3852691218130311,0.3027210884353741,0.0483592400690846,0.0054545454545454,0.0,0.0010493179433368,0.0026315789473684,1.0,0.0,0.0166147455867082,0,1,3,0,0,0,1,0,0,0,0,0,0,0,9.0
0.2266288951841359,0.2312925170068027,0.0310880829015544,0.0036363636363636,0.0,0.0,0.0,1.0,0.0004954855758643,0.0186915887850467,0,1,3,0,0,0,1,0,0,0,0,0,0,0,10.0
0.8838526912181303,0.6853741496598639,0.1450777202072538,0.0018181818181818,0.0,0.0,0.0,1.0,0.0,0.0789200415368639,0,1,3,0,1,0,0,0,0,0,0,0,0,0,39.0
0.3852691218130311,0.2976190476190476,0.0621761658031088,0.0018181818181818,0.0,0.0010493179433368,0.0026315789473684,0.5,0.0,0.0539979231568016,0,1,3,0,1,0,0,0,0,0,0,0,0,0,27.0
0.6798866855524078,0.4353741496598639,0.4145077720207253,0.009090909090909,0.001937984496124,0.0031479538300104,0.0078947368421052,0.75,0.0002202158114952,0.1536863966770508,0,1,3,0,1,0,0,0,0,0,0,0,0,0,75.0
0.5643059490084985,0.5578231292517006,0.6044905008635578,0.0218181818181818,0.003875968992248,0.0167890870933892,0.0078947368421052,1.0,0.0013212948689715,0.288681204569055,0,1,3,0,0,0,1,0,0,0,0,0,0,0,140.0
0.6798866855524078,0.7482993197278911,0.936096718480138,0.0436363636363636,0.0,0.0608604407135362,0.0263157894736842,1.0,0.0025324818321955,1.0,0,1,3,0,0,0,1,0,0,0,0,0,0,0,482.5
1.0,0.6258503401360543,0.1001727115716753,0.0,0.003875968992248,0.0010493179433368,0.0052631578947368,1.0,0.0002202158114952,0.2305295950155763,0,1,3,0,1,0,0,0,0,0,0,0,0,0,112.0
0.2356940509915013,0.1683673469387755,0.0690846286701209,0.0018181818181818,0.001937984496124,0.0104931794333683,0.0,1.0,0.0,0.2699896157840083,0,1,3,0,0,0,1,0,0,0,0,0,0,0,131.0
0.4623229461756374,0.3724489795918367,0.3246977547495682,0.0072727272727272,0.0,0.0083945435466946,0.0105263157894736,1.0,0.0012111869632239,0.4029075804776739,0,1,3,0,0,0,1,0,0,0,0,0,0,0,195.0
0.6798866855524078,0.3673469387755102,0.4974093264248704,0.0127272727272727,0.001937984496124,0.0020986358866736,0.0026315789473684,1.0,0.0001101079057476,0.2139148494288681,0,1,3,0,0,0,0,0,1,0,0,0,0,0,104.0
0.5212464589235127,0.4761904761904762,0.0552677029360967,0.0018181818181818,0.0,0.0,0.0026315789473684,1.0,0.0,0.0311526479750778,0,1,3,0,0,0,0,0,1,0,0,0,0,0,16.0
0.5665722379603398,0.2993197278911564,0.1001727115716753,0.0018181818181818,0.001937984496124,0.0010493179433368,0.0,0.75,0.0,0.0415368639667705,0,1,3,0,0,0,0,1,0,0,0,0,0,0,21.0
0.9745042492917846,0.8010204081632653,0.5077720207253886,0.0127272727272727,0.0,0.0010493179433368,0.0052631578947368,1.0,0.0002202158114952,0.2076843198338525,0,1,2,0,1,0,0,0,0,0,0,0,0,0,101.0
0.4192634560906515,0.6394557823129251,1.0,0.2036363636363636,0.0406976744186046,0.4291710388247639,0.2868421052631579,1.0,0.022462012772517,1.0,0,1,3,0,0,0,1,0,0,0,0,0,0,0,482.5
0.498583569405099,0.391156462585034,0.0863557858376511,0.0018181818181818,0.0,0.0020986358866736,0.0,1.0,0.0001101079057476,0.0581516095534787,0,1,3,0,0,0,1,0,0,0,0,0,0,0,29.0
0.2447592067988668,0.0578231292517006,0.0587219343696027,0.0054545454545454,0.0,0.0041972717733473,0.0078947368421052,0.75,0.0003303237172428,0.6272066458982346,0,1,3,0,0,0,1,0,0,0,0,0,0,0,303.0
0.3263456090651557,0.3537414965986394,0.1450777202072538,0.0,0.0,0.0,0.0,1.0,0.0004954855758643,0.0602284527518172,0,1,3,0,1,0,0,0,0,0,0,0,0,0,30.0
0.3399433427762039,0.2142857142857143,0.5215889464594128,0.009090909090909,0.0,0.0,0.0,1.0,0.0003303237172428,0.4527518172377985,0,1,3,0,0,0,1,0,0,0,0,0,0,0,219.0
0.3059490084985835,0.3945578231292517,0.155440414507772,0.0036363636363636,0.001937984496124,0.0010493179433368,0.0,0.75,0.0002202158114952,0.083073727933541,0,1,3,0,1,0,0,0,0,0,0,0,0,0,41.0
0.4509915014164305,0.6122448979591836,0.1761658031088082,0.0127272727272727,0.0,0.0052465897166841,0.0026315789473684,1.0,0.0005505395287381,0.0913811007268951,0,1,3,0,0,0,1,0,0,0,0,0,0,0,45.0
0.1790368271954673,0.2210884353741496,0.0310880829015544,0.0,0.0,0.0020986358866736,0.0,1.0,0.0001101079057476,0.1495327102803738,0,1,3,0,0,0,1,0,0,0,0,0,0,0,73.0
0.2266288951841359,0.1360544217687075,0.3316062176165802,0.009090909090909,0.001937984496124,0.0052465897166841,0.0105263157894736,0.75,0.0006606474344857,0.2969885773624091,0,1,3,0,0,0,0,0,0,0,0,0,0,1,144.0
0.7116147308781869,0.4438775510204081,0.0103626943005181,0.0,0.0,0.0,0.0,1.0,0.0004954855758643,0.2949117341640706,0,1,3,0,0,0,1,0,0,0,0,0,0,0,143.0
0.1359773371104816,0.2040816326530612,1.0,0.0254545454545454,0.005813953488372,0.0461699895068205,0.0210526315789473,1.0,0.0017617264919621,1.0,0,1,3,0,0,0,0,1,0,0,0,0,0,0,482.5
0.5643059490084985,0.5306122448979591,0.4075993091537133,0.0163636363636363,0.0,0.0230849947534102,0.0157894736842105,0.75,0.002092050209205,0.3385254413291796,0,1,3,0,0,0,1,0,0,0,0,0,0,0,164.0
0.6798866855524078,0.7210884353741496,0.2487046632124352,0.0163636363636363,0.001937984496124,0.0104931794333683,0.0157894736842105,0.75,0.0013212948689715,0.2222222222222222,0,1,3,0,0,0,1,0,0,0,0,0,0,0,108.0
0.4963172804532577,0.5034013605442176,0.4732297063903281,0.0145454545454545,0.0,0.0125918153200419,0.0026315789473684,1.0,0.0012111869632239,0.1578400830737279,0,1,3,0,0,0,1,0,0,0,0,0,0,0,77.0
0.1087818696883852,0.0816326530612245,0.0276338514680483,0.0018181818181818,0.001937984496124,0.0031479538300104,0.0,1.0,0.0001101079057476,0.5150571131879542,0,1,3,0,0,0,1,0,0,0,0,0,0,0,249.0
0.7025495750708215,0.4557823129251701,0.1830742659758203,0.0054545454545454,0.0,0.0031479538300104,0.0026315789473684,1.0,0.0001101079057476,0.4236760124610592,0,1,3,0,0,0,1,0,0,0,0,0,0,0,205.0
0.2028328611898016,0.0884353741496598,0.1519861830742659,0.0036363636363636,0.0,0.0104931794333683,0.0131578947368421,1.0,0.0004404316229905,0.3883696780893043,0,1,3,0,0,0,1,0,0,0,0,0,0,0,188.0
0.3626062322946175,0.2108843537414966,0.8151986183074266,0.0218181818181818,0.003875968992248,0.0062959076600209,0.0131578947368421,1.0,0.0016516185862144,0.4049844236760124,0,1,3,0,0,0,0,0,0,0,0,1,0,0,196.0
0.5643059490084985,0.5578231292517006,1.0,0.3418181818181818,0.0387596899224806,0.198321091290661,0.331578947368421,0.75,0.0260955736621889,1.0,0,1,3,0,0,0,1,0,0,0,0,0,0,0,482.5
0.4509915014164305,0.4489795918367347,0.0483592400690846,0.0054545454545454,0.0,0.0052465897166841,0.0,0.75,0.0001101079057476,0.0893042575285566,0,1,3,0,0,0,0,0,0,0,0,0,1,0,44.0
0.2832861189801699,0.2108843537414966,0.0103626943005181,0.0,0.0,0.0,0.0026315789473684,1.0,0.0,0.004153686396677,0,1,3,0,0,0,1,0,0,0,0,0,0,0,3.0
0.7592067988668555,0.5714285714285714,0.0241796200345423,0.0,0.0,0.0010493179433368,0.0026315789473684,1.0,0.0,0.2035306334371754,0,1,3,0,0,0,1,0,0,0,0,0,0,0,99.0
0.4759206798866855,0.5442176870748299,0.1105354058721934,0.0,0.0,0.0,0.0,1.0,0.0,0.0623052959501557,0,1,3,0,0,0,1,0,0,0,0,0,0,0,31.0
0.3263456090651557,0.163265306122449,0.0379965457685664,0.0018181818181818,0.0,0.0,0.0026315789473684,1.0,0.0,0.1204569055036344,0,1,3,0,0,0,0,0,0,0,1,0,0,0,59.0
0.4645892351274787,0.6258503401360543,0.1174438687392055,0.0,0.0,0.0010493179433368,0.0,1.0,0.0001101079057476,0.1287642782969885,0,1,3,0,0,0,0,0,0,0,0,0,1,0,63.0
0.2946175637393767,0.1615646258503401,0.0379965457685664,0.0,0.0,0.0,0.0,1.0,0.0004954855758643,0.0228452751817237,0,1,3,0,0,0,0,0,0,0,1,0,0,0,12.0
0.3399433427762039,0.3945578231292517,0.4490500863557858,0.0109090909090909,0.0,0.0094438614900314,0.0105263157894736,0.75,0.0009909711517286,0.2139148494288681,0,1,3,0,0,0,1,0,0,0,0,0,0,0,104.0
0.4305949008498583,0.282312925170068,0.1105354058721934,0.0036363636363636,0.0,0.0,0.0,1.0,0.0,0.0747663551401869,0,1,3,0,0,0,0,0,0,0,1,0,0,0,37.0
0.7002832861189802,0.6105442176870748,0.0967184801381692,0.0763636363636363,0.003875968992248,0.04302203567681,0.0842105263157894,0.75,0.007487337590839,0.944963655244029,0,1,3,0,0,0,1,0,0,0,0,0,0,0,456.0
0.8158640226628895,0.3945578231292517,0.0276338514680483,0.0054545454545454,0.005813953488372,0.0041972717733473,0.0499999999999999,1.0,0.002092050209205,0.1682242990654205,0,1,3,0,0,0,1,0,0,0,0,0,0,0,82.0
0.3286118980169971,0.3129251700680272,0.8117443868739205,0.0436363636363636,0.001937984496124,0.0293809024134312,0.0263157894736842,1.0,0.000880863245981,1.0,0,1,3,0,0,0,1,0,0,0,0,0,0,0,482.5
0.3399433427762039,0.2517006802721088,0.6424870466321243,0.0672727272727272,0.0077519379844961,0.0482686253934942,0.0499999999999999,1.0,0.0060559348161197,1.0,0,1,3,0,0,0,1,0,0,0,0,0,0,0,482.5
0.5121813031161473,0.0408163265306122,0.0,0.0,0.0,0.0,0.0,1.0,0.0004954855758643,0.0685358255451713,0,1,3,0,0,0,0,0,0,0,0,0,1,0,34.0
0.3399433427762039,0.2448979591836734,0.0932642487046632,0.0072727272727272,0.0,0.0031479538300104,0.0078947368421052,1.0,0.0004404316229905,0.3052959501557633,0,1,3,0,1,0,0,0,0,0,0,0,0,0,148.0
0.4509915014164305,0.4217687074829931,0.2452504317789292,0.0181818181818181,0.0,0.0356768100734522,0.0236842105263157,0.75,0.0024223739264479,0.2554517133956386,0,1,3,0,0,0,1,0,0,0,0,0,0,0,124.0
0.2266288951841359,0.3945578231292517,0.0725388601036269,0.0018181818181818,0.0,0.0,0.0052631578947368,0.5,0.0001101079057476,0.0685358255451713,0,1,3,0,0,0,1,0,0,0,0,0,0,0,34.0
0.2832861189801699,0.2040816326530612,0.5975820379965457,0.0236363636363636,0.003875968992248,0.0104931794333683,0.0184210526315789,0.75,0.0015415106804668,0.5275181723779854,0,1,3,0,1,0,0,0,0,0,0,0,0,0,255.0
0.5643059490084985,0.7755102040816326,1.0,0.0236363636363636,0.001937984496124,0.0472193074501574,0.081578947368421,0.75,0.0044043162299053,1.0,0,1,3,0,0,0,1,0,0,0,0,0,0,0,482.5
0.1586402266288951,0.163265306122449,0.310880829015544,0.029090909090909,0.001937984496124,0.0157397691500524,0.0342105263157894,1.0,0.0035234529839242,0.6583592938733125,0,1,3,0,0,0,0,0,0,0,0,1,0,0,318.0
0.5643059490084985,0.6666666666666666,0.538860103626943,0.0127272727272727,0.0,0.0094438614900314,0.0131578947368421,1.0,0.0014314027747192,0.1786085150571131,0,1,3,0,0,0,1,0,0,0,0,0,0,0,87.0
0.4509915014164305,0.3537414965986394,0.8290155440414507,0.1054545454545454,0.001937984496124,0.0703043022035676,0.0894736842105263,0.75,0.0084783087425677,1.0,0,1,3,0,0,1,0,0,0,0,0,0,0,0,482.5
0.5643059490084985,0.5442176870748299,0.2417962003454231,0.0163636363636363,0.0,0.0136411332633788,0.0,1.0,0.0003303237172428,0.12668743509865,0,1,3,0,0,0,1,0,0,0,0,0,0,0,62.0
0.6118980169971671,0.5068027210884353,0.238341968911917,0.0054545454545454,0.0,0.0020986358866736,0.0026315789473684,1.0,0.0002202158114952,0.3779854620976116,0,1,3,0,0,0,1,0,0,0,0,0,0,0,183.0
0.2266288951841359,0.1904761904761904,0.918825561312608,0.0981818181818181,0.0096899224806201,0.0451206715634837,0.0342105263157894,0.25,0.0169566174851354,1.0,0,1,3,0,0,0,1,0,0,0,0,0,0,0,482.5
0.6118980169971671,0.673469387755102,0.0414507772020725,0.0018181818181818,0.0,0.0,0.0,1.0,0.0004954855758643,0.1412253374870197,0,1,3,0,0,0,1,0,0,0,0,0,0,0,69.0
0.498583569405099,0.5714285714285714,0.0518134715025906,0.0,0.0,0.0010493179433368,0.0,1.0,0.0004954855758643,0.1059190031152648,0,1,3,0,1,0,0,0,0,0,0,0,0,0,52.0
0.7932011331444758,0.6768707482993197,0.2072538860103626,0.009090909090909,0.0,0.0020986358866736,0.0052631578947368,0.75,0.0005505395287381,0.1412253374870197,0,1,3,0,0,0,0,0,0,0,0,1,0,0,69.0
0.1133144475920679,0.2040816326530612,0.0863557858376511,0.0054545454545454,0.0,0.0010493179433368,0.0026315789473684,1.0,0.0,0.0976116303219107,0,1,3,0,1,0,0,0,0,0,0,0,0,0,48.0
0.3546742209631727,0.5714285714285714,0.0345423143350604,0.0036363636363636,0.0,0.0,0.0,1.0,0.0004954855758643,0.2741433021806854,0,1,3,0,0,0,1,0,0,0,0,0,0,0,133.0
0.46685552407932,0.2993197278911564,0.1243523316062176,0.0018181818181818,0.0,0.0020986358866736,0.0026315789473684,0.75,0.0001101079057476,0.1723779854620976,0,1,3,0,0,0,1,0,0,0,0,0,0,0,84.0
0.2492917847025495,0.1904761904761904,0.1830742659758203,0.0,0.0,0.0010493179433368,0.0,1.0,0.0,0.0103842159916926,0,1,3,0,0,0,0,1,0,0,0,0,0,0,6.0
0.6798866855524078,0.4506802721088435,0.1727115716753022,0.0072727272727272,0.0,0.0010493179433368,0.0,1.0,0.0,0.0934579439252336,0,1,3,0,1,0,0,0,0,0,0,0,0,0,46.0
0.3626062322946175,0.3129251700680272,0.0587219343696027,0.0018181818181818,0.0,0.0,0.0,1.0,0.0004954855758643,0.004153686396677,0,1,3,0,0,0,0,1,0,0,0,0,0,0,3.0
0.2266288951841359,0.2040816326530612,1.0,0.0890909090909091,0.0116279069767441,0.0629590766002098,0.0789473684210526,0.75,0.0089187403655582,1.0,0,1,3,0,0,0,0,0,0,0,0,0,0,1,482.5
0.2379603399433427,0.489795918367347,0.3177892918825561,0.0272727272727272,0.0116279069767441,0.0482686253934942,0.0657894736842105,0.75,0.0061660427218674,0.8099688473520249,0,1,3,0,0,0,1,0,0,0,0,0,0,0,391.0
0.2039660056657223,0.1292517006802721,0.2867012089810017,0.009090909090909,0.001937984496124,0.0052465897166841,0.0105263157894736,1.0,0.0005505395287381,0.4880581516095534,0,1,3,0,0,0,1,0,0,0,0,0,0,0,236.0
1.0,1.0,1.0,0.0181818181818181,0.003875968992248,0.0083945435466946,0.0131578947368421,1.0,0.0007707553402334,0.3198338525441329,0,1,3,0,0,0,1,0,0,0,0,0,0,0,155.0
0.1110481586402266,0.1768707482993197,0.0690846286701209,0.0036363636363636,0.0,0.0020986358866736,0.0026315789473684,1.0,0.0001101079057476,0.0166147455867082,0,1,3,0,0,0,1,0,0,0,0,0,0,0,9.0
0.4509915014164305,0.4217687074829931,0.8151986183074266,0.0363636363636363,0.0,0.0209863588667366,0.0157894736842105,0.75,0.002972913455186,0.4215991692627207,0,1,3,0,0,0,1,0,0,0,0,0,0,0,204.0
0.6436260623229462,0.3469387755102041,0.0483592400690846,0.009090909090909,0.0,0.0010493179433368,0.0026315789473684,0.75,0.0001101079057476,0.1993769470404984,0,1,3,0,0,0,0,0,0,1,0,0,0,0,97.0
0.2606232294617563,0.1360544217687075,0.0656303972366148,0.0072727272727272,0.0,0.0062959076600209,0.0078947368421052,1.0,0.0001101079057476,1.0,0,1,3,0,0,0,1,0,0,0,0,0,0,0,482.5
0.0453257790368272,0.6224489795918366,1.0,0.1127272727272727,0.0135658914728682,0.0640083945435466,0.0657894736842105,1.0,0.0072671217793437,1.0,0,1,3,0,0,0,1,0,0,0,0,0,0,0,482.5
0.1926345609065155,0.163265306122449,0.079447322970639,0.0054545454545454,0.0,0.0041972717733473,0.0026315789473684,1.0,0.0004954855758643,0.1827622014537902,0,1,3,0,1,0,0,0,0,0,0,0,0,0,89.0
0.4532577903682719,0.3401360544217687,0.2556131260794473,0.0109090909090909,0.0,0.0010493179433368,0.0,1.0,0.0,0.0955347871235721,0,1,3,0,1,0,0,0,0,0,0,0,0,0,47.0
0.4509915014164305,0.2585034013605442,0.932642487046632,0.0418181818181818,0.0155038759689922,0.0251836306400839,0.0368421052631578,0.5,0.0026425897379431,1.0,0,1,3,0,1,0,0,0,0,0,0,0,0,0,482.5
0.6572237960339943,0.2993197278911564,0.0932642487046632,0.0,0.001937984496124,0.0020986358866736,0.0,1.0,0.0004954855758643,0.0186915887850467,0,1,3,0,1,0,0,0,0,0,0,0,0,0,10.0
0.5665722379603398,0.3928571428571428,0.2867012089810017,0.0072727272727272,0.0,0.0,0.0026315789473684,1.0,0.0,0.1059190031152648,0,1,3,0,1,0,0,0,0,0,0,0,0,0,52.0
0.2719546742209631,0.1530612244897959,0.0379965457685664,0.0036363636363636,0.0,0.0010493179433368,0.0,1.0,0.0,0.0207684319833852,0,1,3,0,0,0,1,0,0,0,0,0,0,0,11.0
0.2946175637393767,0.1768707482993197,0.1450777202072538,0.0036363636363636,0.0,0.0041972717733473,0.0105263157894736,1.0,0.0004404316229905,0.2616822429906542,0,1,3,0,0,0,0,0,0,0,0,1,0,0,127.0
0.5643059490084985,0.6122448979591836,0.3765112262521589,0.02,0.0,0.0094438614900314,0.0184210526315789,0.75,0.0013212948689715,0.1516095534787123,0,1,3,0,0,0,1,0,0,0,0,0,0,0,74.0
0.4532577903682719,0.4489795918367347,0.2245250431778929,0.0054545454545454,0.001937984496124,0.0062959076600209,0.0078947368421052,1.0,0.0002202158114952,0.5669781931464174,0,1,3,0,0,0,1,0,0,0,0,0,0,0,274.0
0.725212464589235,0.5357142857142857,0.0621761658031088,0.0018181818181818,0.0,0.0010493179433368,0.0,1.0,0.0,0.0685358255451713,0,1,3,0,0,0,0,0,0,1,0,0,0,0,34.0
0.6798866855524078,0.6156462585034013,0.1070811744386874,0.0018181818181818,0.0,0.0020986358866736,0.0,1.0,0.0001101079057476,0.0706126687435098,0,1,3,0,1,0,0,0,0,0,0,0,0,0,35.0
0.6345609065155807,0.3945578231292517,0.1036269430051813,0.0018181818181818,0.0,0.0020986358866736,0.0026315789473684,1.0,0.0001101079057476,0.1993769470404984,0,1,3,0,0,0,1,0,0,0,0,0,0,0,97.0
0.2821529745042492,0.1428571428571428,0.1278065630397236,0.0072727272727272,0.0,0.0010493179433368,0.0,1.0,0.0,0.3156801661474558,0,1,3,0,0,0,1,0,0,0,0,0,0,0,153.0
0.4532577903682719,0.4659863945578231,0.0932642487046632,0.0036363636363636,0.0,0.0010493179433368,0.0052631578947368,0.75,0.0002202158114952,0.2139148494288681,0,1,3,0,1,0,0,0,0,0,0,0,0,0,104.0
0.6118980169971671,0.6122448979591836,0.006006908462867,0.1781818181818182,0.0116279069767441,0.1469045120671563,0.1631578947368421,1.0,0.0100198194230345,1.0,0,1,3,0,0,0,1,0,0,0,0,0,0,0,482.5
0.3399433427762039,0.217687074829932,0.1347150259067357,0.0072727272727272,0.001937984496124,0.0031479538300104,0.0078947368421052,0.75,0.0005505395287381,0.2866043613707165,0,1,0,0,1,0,0,0,0,0,0,0,0,0,139.0
0.7932011331444758,0.5612244897959183,0.1036269430051813,0.0072727272727272,0.0,0.0020986358866736,0.0,0.75,0.0001101079057476,0.1599169262720664,0,1,3,0,0,0,0,0,0,1,0,0,0,0,78.0
0.4079320113314447,0.238095238095238,0.0690846286701209,0.0018181818181818,0.0,0.0,0.0026315789473684,1.0,0.0004954855758643,0.0290758047767393,0,1,3,0,0,0,1,0,0,0,0,0,0,0,15.0
1.0,1.0,0.6873920552677029,0.0436363636363636,0.005813953488372,0.0178384050367261,0.031578947368421,1.0,0.002972913455186,0.6915887850467289,0,1,3,0,0,0,0,0,0,0,0,0,1,0,334.0
0.9620396600566572,0.5782312925170068,0.1416234887737478,0.0,0.0,0.0104931794333683,0.0078947368421052,1.0,0.0003303237172428,0.2139148494288681,0,1,3,0,0,0,1,0,0,0,0,0,0,0,104.0
0.3399433427762039,0.2040816326530612,0.4145077720207253,0.009090909090909,0.003875968992248,0.0062959076600209,0.0026315789473684,1.0,0.0009909711517286,0.1827622014537902,0,1,3,0,0,0,0,1,0,0,0,0,0,0,89.0
0.2832861189801699,0.2636054421768707,0.0518134715025906,0.0018181818181818,0.0,0.0010493179433368,0.0,1.0,0.0004954855758643,0.0228452751817237,0,1,3,0,0,0,1,0,0,0,0,0,0,0,12.0
0.5643059490084985,0.5306122448979591,0.7357512953367875,0.0054545454545454,0.0,0.0209863588667366,0.0157894736842105,0.75,0.002092050209205,0.4215991692627207,0,1,3,0,0,0,1,0,0,0,0,0,0,0,204.0
0.2243626062322946,0.2670068027210884,0.079447322970639,0.0054545454545454,0.0,0.0020986358866736,0.0026315789473684,0.75,0.0002202158114952,0.0789200415368639,0,1,3,0,0,0,0,0,0,0,0,0,0,1,39.0
0.2560906515580736,0.2585034013605442,0.0138169257340241,0.0,0.0,0.0,0.0,1.0,0.0004954855758643,0.0103842159916926,0,1,3,0,0,0,0,0,1,0,0,0,0,0,6.0
0.725212464589235,0.7329931972789115,0.1278065630397236,0.0054545454545454,0.001937984496124,0.0020986358866736,0.0052631578947368,1.0,0.0003303237172428,0.1079958463136033,0,1,3,0,0,0,0,0,0,1,0,0,0,0,53.0
0.7932011331444758,0.4625850340136054,0.4490500863557858,0.0163636363636363,0.001937984496124,0.0041972717733473,0.0,1.0,0.0,0.1536863966770508,0,1,3,1,0,0,0,0,0,0,0,0,0,0,75.0
0.4532577903682719,0.5034013605442176,0.5561312607944732,0.02,0.001937984496124,0.0041972717733473,0.0078947368421052,0.75,0.0015415106804668,0.1744548286604361,0,1,3,0,0,0,1,0,0,0,0,0,0,0,85.0
0.4305949008498583,0.4625850340136054,0.2694300518134715,0.0127272727272727,0.001937984496124,0.0041972717733473,0.0026315789473684,1.0,0.0004404316229905,0.1578400830737279,0,1,3,0,0,0,0,0,0,0,0,1,0,0,77.0
0.3841359773371104,0.2040816326530612,0.0759930915371329,0.009090909090909,0.0,0.0010493179433368,0.0,1.0,0.0001101079057476,0.0602284527518172,0,1,3,0,0,0,1,0,0,0,0,0,0,0,30.0
0.746742209631728,0.4421768707482993,0.7046632124352331,0.0418181818181818,0.003875968992248,0.0136411332633788,0.0184210526315789,1.0,0.0012111869632239,0.7684319833852543,0,1,3,0,0,0,0,0,0,0,1,0,0,0,371.0
0.2606232294617563,0.2448979591836734,0.0103626943005181,0.0,0.0,0.0,0.0,1.0,0.0004954855758643,0.284527518172378,0,1,3,0,0,0,1,0,0,0,0,0,0,0,138.0
0.2946175637393767,0.163265306122449,1.0,0.04,0.001937984496124,0.0094438614900314,0.0052631578947368,0.5,0.000880863245981,0.9553478712357216,0,1,3,0,0,0,0,0,0,0,0,1,0,0,461.0
0.1563739376770538,0.0238095238095238,0.2694300518134715,0.0072727272727272,0.0,0.0020986358866736,0.0026315789473684,1.0,0.0006606474344857,0.2679127725856698,0,1,4,0,1,0,0,0,0,0,0,0,0,0,130.0
0.5575070821529745,0.1904761904761904,0.0310880829015544,0.0018181818181818,0.001937984496124,0.0010493179433368,0.0,0.5,0.0,0.4714434060228453,0,1,3,0,0,0,1,0,0,0,0,0,0,0,228.0
0.2458923512747875,0.1921768707482993,0.1658031088082901,0.0054545454545454,0.0,0.0115424973767051,0.0078947368421052,1.0,0.0003303237172428,0.1973001038421599,0,1,3,0,0,0,1,0,0,0,0,0,0,0,96.0
0.5643059490084985,0.6122448979591836,0.7461139896373057,0.0454545454545454,0.0,0.0230849947534102,0.0105263157894736,0.75,0.0012111869632239,0.3426791277258567,0,1,3,0,0,0,1,0,0,0,0,0,0,0,166.0
0.2606232294617563,0.1768707482993197,0.1830742659758203,0.0036363636363636,0.0,0.0073452256033578,0.0131578947368421,0.75,0.0006606474344857,0.4610591900311526,0,1,3,0,1,0,0,0,0,0,0,0,0,0,223.0
0.2266288951841359,0.1768707482993197,0.5837651122625216,0.04,0.003875968992248,0.0209863588667366,0.0210526315789473,0.75,0.0025324818321955,1.0,0,1,3,0,0,0,1,0,0,0,0,0,0,0,482.5
0.4555240793201133,0.5816326530612245,0.0172711571675302,0.0018181818181818,0.0,0.0,0.0,1.0,0.0,0.1495327102803738,0,1,3,0,0,0,1,0,0,0,0,0,0,0,73.0
0.3399433427762039,0.0612244897959183,0.006908462867012,0.0,0.0,0.0,0.0,1.0,0.0004954855758643,0.0456905503634475,0,1,3,0,0,0,1,0,0,0,0,0,0,0,23.0
0.2266288951841359,0.5782312925170068,0.1658031088082901,0.0145454545454545,0.003875968992248,0.0041972717733473,0.0078947368421052,0.75,0.0004404316229905,0.446521287642783,0,1,3,0,0,0,1,0,0,0,0,0,0,0,216.0
0.2606232294617563,0.1972789115646258,0.1692573402417962,0.0054545454545454,0.0,0.0031479538300104,0.0,1.0,0.0,0.0893042575285566,0,1,3,0,1,0,0,0,0,0,0,0,0,0,44.0
1.0,1.0,0.1519861830742659,0.0036363636363636,0.0,0.0020986358866736,0.0,0.75,0.0,0.3136033229491173,0,1,3,0,0,0,1,0,0,0,0,0,0,0,152.0
0.3399433427762039,0.2925170068027211,0.2210708117443868,0.0145454545454545,0.001937984496124,0.0031479538300104,0.0,1.0,0.0003303237172428,0.2928348909657321,0,1,3,0,0,0,1,0,0,0,0,0,0,0,142.0
0.9393767705382436,0.5612244897959183,1.0,0.1127272727272727,0.0174418604651162,0.0293809024134312,0.0526315789473684,1.0,0.0044043162299053,1.0,0,1,3,0,0,0,0,1,0,0,0,0,0,0,482.5
0.2968838526912181,0.3809523809523809,0.0656303972366148,0.0,0.0,0.0,0.0,1.0,0.0,0.0768431983385254,0,1,3,0,0,0,0,0,0,0,0,0,0,1,38.0
0.6118980169971671,0.5986394557823128,0.0414507772020725,0.0018181818181818,0.001937984496124,0.0,0.0,1.0,0.0,0.0373831775700934,0,1,3,0,0,0,0,0,0,1,0,0,0,0,19.0
0.2946175637393767,0.3673469387755102,0.003454231433506,0.0,0.0,0.0,0.0,1.0,0.0004954855758643,0.0020768431983385,0,1,3,1,0,0,0,0,0,0,0,0,0,0,2.0
0.7932011331444758,0.5578231292517006,0.8221070811744386,0.049090909090909,0.0096899224806201,0.0104931794333683,0.0157894736842105,1.0,0.0013212948689715,0.5275181723779854,0,1,3,1,0,0,0,0,0,0,0,0,0,0,255.0
0.1790368271954673,0.108843537414966,0.1623488773747841,0.0145454545454545,0.0,0.0062959076600209,0.0052631578947368,1.0,0.0001101079057476,0.3426791277258567,0,1,3,0,0,0,1,0,0,0,0,0,0,0,166.0
0.3274787535410765,0.1700680272108843,0.0932642487046632,0.0072727272727272,0.0,0.0010493179433368,0.0,0.75,0.0,0.0851505711318795,0,1,3,0,1,0,0,0,0,0,0,0,0,0,42.0
0.5665722379603398,0.4421768707482993,0.0483592400690846,0.0054545454545454,0.0,0.0010493179433368,0.0026315789473684,1.0,0.0001101079057476,0.0207684319833852,0,1,3,0,0,0,0,0,0,1,0,0,0,0,11.0
0.2594900849858356,0.1224489795918367,0.1761658031088082,0.0036363636363636,0.0,0.0010493179433368,0.0,1.0,0.0001101079057476,0.0353063343717549,0,1,3,0,0,0,1,0,0,0,0,0,0,0,18.0
0.5325779036827195,0.4591836734693877,0.1450777202072538,0.0,0.0,0.0031479538300104,0.0078947368421052,1.0,0.0002202158114952,0.1640706126687434,0,1,3,0,0,0,0,0,0,0,0,0,0,1,80.0
0.4532577903682719,1.0,0.1830742659758203,0.0054545454545454,0.003875968992248,0.0020986358866736,0.0026315789473684,0.5,0.0001101079057476,0.043613707165109,0,1,3,0,0,0,0,0,0,1,0,0,0,0,22.0
0.5212464589235127,0.4625850340136054,0.0207253886010362,0.0036363636363636,0.0,0.0,0.0,1.0,0.0,0.0269989615784008,0,1,3,0,0,0,0,0,0,0,0,0,0,1,14.0
1.0,1.0,0.7633851468048359,0.0254545454545454,0.003875968992248,0.0104931794333683,0.0184210526315789,1.0,0.0012111869632239,0.5545171339563862,0,1,3,0,0,0,1,0,0,0,0,0,0,0,268.0
0.7025495750708215,0.6394557823129251,0.0449050086355785,0.0036363636363636,0.0,0.0,0.0,1.0,0.0,0.0249221183800623,0,1,3,0,0,0,0,0,0,0,0,1,0,0,13.0
0.0793201133144475,0.0,0.1001727115716753,0.0,0.0,0.0020986358866736,0.0026315789473684,0.75,0.0003303237172428,0.170301142263759,0,1,3,0,0,0,0,0,0,0,0,0,1,0,83.0
0.5643059490084985,0.5714285714285714,0.5181347150259067,0.0418181818181818,0.003875968992248,0.0766002098635886,0.0236842105263157,0.75,0.0049548557586434,0.8992731048805814,0,1,3,0,0,0,1,0,0,0,0,0,0,0,434.0
0.3626062322946175,0.3639455782312925,0.6390328151986183,0.0181818181818181,0.001937984496124,0.0083945435466946,0.0105263157894736,1.0,0.0005505395287381,1.0,0,1,3,0,0,0,0,0,0,0,0,1,0,0,482.5
0.5643059490084985,0.5578231292517006,0.7841105354058722,0.0181818181818181,0.0,0.0031479538300104,0.0026315789473684,1.0,0.0006606474344857,0.6708203530633436,0,1,3,0,0,0,0,1,0,0,0,0,0,0,324.0
0.6118980169971671,0.4353741496598639,0.2867012089810017,0.0072727272727272,0.0,0.0157397691500524,0.0236842105263157,1.0,0.0012111869632239,0.6666666666666666,0,1,3,0,0,0,0,0,0,1,0,0,0,0,322.0
0.5212464589235127,0.238095238095238,0.0967184801381692,0.0072727272727272,0.0,0.0052465897166841,0.0026315789473684,1.0,0.0002202158114952,0.1827622014537902,0,1,3,0,0,0,0,0,0,0,1,0,0,0,89.0
0.1699716713881019,0.2006802721088435,0.0276338514680483,0.0,0.001937984496124,0.0020986358866736,0.0026315789473684,0.75,0.0,0.087227414330218,0,1,3,0,0,0,1,0,0,0,0,0,0,0,43.0
0.5892351274787535,0.3792517006802721,0.6424870466321243,0.0236363636363636,0.001937984496124,0.0073452256033578,0.0105263157894736,1.0,0.0018718343977097,0.2803738317757009,0,1,3,0,0,0,0,0,0,1,0,0,0,0,136.0
0.4963172804532577,0.5034013605442176,0.3212435233160621,0.0145454545454545,0.0,0.0031479538300104,0.0026315789473684,1.0,0.0003303237172428,0.0955347871235721,0,1,3,0,0,0,1,0,0,0,0,0,0,0,47.0
0.5529745042492917,0.1258503401360544,0.0241796200345423,0.0,0.0,0.0,0.0,1.0,0.0004954855758643,0.1349948078920041,0,1,3,0,0,0,0,0,0,0,0,0,0,1,66.0
1.0,1.0,1.0,0.0436363636363636,0.001937984496124,0.0083945435466946,0.0157894736842105,0.75,0.0013212948689715,0.9615784008307372,0,1,3,0,0,0,1,0,0,0,0,0,0,0,464.0
1.0,0.7159863945578231,0.0898100172711571,0.0036363636363636,0.0,0.0,0.0,1.0,0.0,0.1682242990654205,0,1,3,0,0,0,0,0,0,1,0,0,0,0,82.0
1.0,0.5442176870748299,0.1692573402417962,0.0054545454545454,0.0,0.0062959076600209,0.0052631578947368,1.0,0.0003303237172428,0.1370716510903426,0,1,4,0,1,0,0,0,0,0,0,0,0,0,67.0
0.2402266288951841,0.2227891156462585,0.0345423143350604,0.0018181818181818,0.0,0.0031479538300104,0.0,1.0,0.0004954855758643,0.5586708203530633,0,1,3,0,0,0,1,0,0,0,0,0,0,0,270.0
0.1235127478753541,0.0408163265306122,0.0483592400690846,0.009090909090909,0.0,0.0041972717733473,0.0,1.0,0.0004954855758643,0.0311526479750778,0,1,3,0,0,0,1,0,0,0,0,0,0,0,16.0
0.1586402266288951,0.0884353741496598,0.0863557858376511,0.009090909090909,0.0,0.0020986358866736,0.0052631578947368,1.0,0.0005505395287381,0.1806853582554517,0,1,3,0,0,0,0,1,0,0,0,0,0,0,88.0
0.3852691218130311,0.2738095238095238,0.0172711571675302,0.0,0.0,0.0,0.0,1.0,0.0004954855758643,0.0145379023883696,0,1,3,0,1,0,0,0,0,0,0,0,0,0,8.0
0.498583569405099,0.4591836734693877,0.1485319516407599,0.0054545454545454,0.0,0.0020986358866736,0.0,1.0,0.0004954855758643,0.1536863966770508,0,1,3,0,1,0,0,0,0,0,0,0,0,0,75.0
0.4838526912181302,0.4217687074829931,0.0241796200345423,0.0,0.0,0.0,0.0,1.0,0.0004954855758643,0.004153686396677,0,1,0,0,0,0,1,0,0,0,0,0,0,0,3.0
0.906515580736544,0.693877551020408,0.929188255613126,0.0236363636363636,0.0,0.0041972717733473,0.0026315789473684,1.0,0.0006606474344857,0.2616822429906542,0,1,3,1,0,0,0,0,0,0,0,0,0,0,127.0
0.2719546742209631,0.20578231292517,0.0621761658031088,0.0036363636363636,0.0,0.0020986358866736,0.0,1.0,0.0,0.0373831775700934,0,1,3,0,0,0,1,0,0,0,0,0,0,0,19.0
0.2946175637393767,0.0680272108843537,0.0449050086355785,0.0,0.0,0.0010493179433368,0.0,1.0,0.0004954855758643,0.004153686396677,0,1,3,0,1,0,0,0,0,0,0,0,0,0,3.0
0.4294617563739377,0.2312925170068027,0.1312607944732297,0.029090909090909,0.0,0.0031479538300104,0.0078947368421052,1.0,0.000880863245981,0.4610591900311526,0,1,3,0,0,0,1,0,0,0,0,0,0,0,223.0
0.3852691218130311,0.3503401360544217,0.2659758203799654,0.0054545454545454,0.001937984496124,0.0073452256033578,0.0052631578947368,1.0,0.0006606474344857,0.1723779854620976,0,1,3,0,0,1,0,0,0,0,0,0,0,0,84.0
0.5665722379603398,0.6768707482993197,0.466321243523316,0.049090909090909,0.0077519379844961,0.0293809024134312,0.0394736842105263,1.0,0.0031931292666813,0.3592938733125649,0,1,3,0,1,0,0,0,0,0,0,0,0,0,174.0
0.5325779036827195,0.5306122448979591,0.2763385146804836,0.0054545454545454,0.001937984496124,0.0157397691500524,0.0210526315789473,0.75,0.0016516185862144,0.284527518172378,0,1,3,0,0,0,1,0,0,0,0,0,0,0,138.0
0.3274787535410765,0.1700680272108843,0.3557858376511226,0.0163636363636363,0.003875968992248,0.0083945435466946,0.0157894736842105,1.0,0.0007707553402334,0.4755970924195223,0,1,3,0,0,0,1,0,0,0,0,0,0,0,230.0
0.4509915014164305,0.5306122448979591,0.5561312607944732,0.0218181818181818,0.0,0.0419727177334732,0.0184210526315789,0.75,0.0030830213609337,0.6188992731048806,0,1,3,0,0,0,1,0,0,0,0,0,0,0,299.0
0.803399433427762,0.4727891156462585,0.1623488773747841,0.0109090909090909,0.001937984496124,0.0031479538300104,0.0052631578947368,1.0,0.0002202158114952,0.2118380062305296,0,1,3,0,0,0,1,0,0,0,0,0,0,0,103.0
0.6798866855524078,0.6530612244897959,0.4559585492227979,0.0109090909090909,0.0,0.0041972717733473,0.0052631578947368,1.0,0.0006606474344857,0.2824506749740395,0,1,3,0,0,0,0,0,0,0,0,1,0,0,137.0
0.2243626062322946,0.3129251700680272,0.2245250431778929,0.0109090909090909,0.0,0.0052465897166841,0.0052631578947368,1.0,0.0006606474344857,0.3052959501557633,0,1,3,0,0,0,1,0,0,0,0,0,0,0,148.0
0.1133144475920679,0.1462585034013605,0.0483592400690846,0.0036363636363636,0.0,0.0010493179433368,0.0026315789473684,0.75,0.0002202158114952,0.0934579439252336,0,1,2,0,1,0,0,0,0,0,0,0,0,0,46.0
0.1699716713881019,0.1751700680272108,0.0518134715025906,0.0,0.0,0.0010493179433368,0.0,1.0,0.0001101079057476,0.1246105919003115,0,1,3,0,0,0,1,0,0,0,0,0,0,0,61.0
0.509915014164306,0.304421768707483,0.1830742659758203,0.009090909090909,0.0,0.0,0.0078947368421052,0.75,0.0003303237172428,0.1433021806853582,0,1,0,0,1,0,0,0,0,0,0,0,0,0,70.0
0.3852691218130311,0.3673469387755102,0.0276338514680483,0.0018181818181818,0.0,0.0,0.0,0.75,0.0,0.0249221183800623,0,1,3,0,0,0,1,0,0,0,0,0,0,0,13.0
0.838526912181303,0.6819727891156462,0.1727115716753022,0.009090909090909,0.0,0.0,0.0026315789473684,1.0,0.0,0.0809968847352024,0,1,3,0,0,0,0,0,0,1,0,0,0,0,40.0
0.2266288951841359,0.1904761904761904,0.4421416234887737,0.0181818181818181,0.0,0.0136411332633788,0.0184210526315789,1.0,0.0014314027747192,0.4984423676012461,0,1,3,0,0,0,0,0,0,0,0,0,0,1,241.0
0.5643059490084985,0.7619047619047619,0.1968911917098445,0.0127272727272727,0.0,0.0125918153200419,0.0052631578947368,1.0,0.000880863245981,0.1453790238836967,0,1,3,0,0,0,1,0,0,0,0,0,0,0,71.0
0.2243626062322946,0.2976190476190476,0.155440414507772,0.0072727272727272,0.0,0.0031479538300104,0.0078947368421052,1.0,0.0004404316229905,0.0581516095534787,0,1,3,0,0,0,0,0,0,0,0,1,0,0,29.0
0.3399433427762039,0.1904761904761904,0.0690846286701209,0.0,0.0,0.0041972717733473,0.0,1.0,0.0004954855758643,0.0415368639667705,0,1,3,0,0,0,0,1,0,0,0,0,0,0,21.0
0.4532577903682719,0.3613945578231292,0.231433506044905,0.0018181818181818,0.005813953488372,0.0020986358866736,0.0,1.0,0.0004954855758643,0.1329179646936656,0,1,3,0,0,0,0,0,0,0,0,0,1,0,65.0
0.4532577903682719,0.227891156462585,0.1139896373056994,0.0054545454545454,0.0,0.0010493179433368,0.0026315789473684,0.75,0.0003303237172428,0.0394600207684319,0,1,3,0,0,0,0,1,0,0,0,0,0,0,20.0
0.4509915014164305,0.4217687074829931,0.2797927461139896,0.0181818181818181,0.001937984496124,0.0472193074501574,0.0236842105263157,0.75,0.0028628055494384,0.2679127725856698,0,1,3,0,0,0,1,0,0,0,0,0,0,0,130.0
0.5665722379603398,0.8231292517006802,0.0276338514680483,0.0036363636363636,0.0,0.0,0.0,1.0,0.0004954855758643,0.0207684319833852,0,1,0,0,0,0,0,0,0,0,0,1,0,0,11.0
0.2946175637393767,0.2448979591836734,1.0,0.0509090909090909,0.001937984496124,0.0146904512067156,0.0105263157894736,1.0,0.0004404316229905,0.1079958463136033,0,1,3,0,0,0,1,0,0,0,0,0,0,0,53.0
0.5643059490084985,0.5034013605442176,0.7012089810017271,0.1163636363636363,0.0077519379844961,0.0608604407135362,0.0947368421052631,0.75,0.0090288482713058,1.0,0,1,3,0,0,0,1,0,0,0,0,0,0,0,482.5
0.4305949008498583,0.3027210884353741,0.3696027633851468,0.0145454545454545,0.001937984496124,0.0010493179433368,0.0026315789473684,1.0,0.0006606474344857,0.407061266874351,0,1,3,0,0,0,0,0,0,1,0,0,0,0,197.0
0.4532577903682719,0.217687074829932,0.2901554404145077,0.0072727272727272,0.0,0.0010493179433368,0.0026315789473684,1.0,0.0003303237172428,0.1765316718587746,0,1,3,0,0,0,0,1,0,0,0,0,0,0,86.0
0.7932011331444758,0.391156462585034,1.0,0.0254545454545454,0.001937984496124,0.0052465897166841,0.0078947368421052,1.0,0.0005505395287381,0.4319833852544133,0,1,0,0,0,0,0,0,0,0,0,1,0,0,209.0
0.3399433427762039,0.2312925170068027,0.0076234887737478,0.1872727272727272,0.0155038759689922,0.0535152151101783,0.0499999999999999,0.75,0.0042942083241576,1.0,0,1,3,0,0,0,1,0,0,0,0,0,0,0,482.5
1.0,1.0,1.0,0.0272727272727272,0.0116279069767441,0.0230849947534102,0.0289473684210526,0.75,0.0023122660207002,0.9532710280373832,0,1,3,0,0,0,1,0,0,0,0,0,0,0,460.0
0.3852691218130311,0.3163265306122449,0.0414507772020725,0.0,0.0,0.0,0.0,1.0,0.0004954855758643,0.0685358255451713,0,1,3,0,1,0,0,0,0,0,0,0,0,0,34.0
0.5643059490084985,0.7755102040816326,0.5664939550949913,0.0181818181818181,0.0,0.0451206715634837,0.031578947368421,1.0,0.0033032371724289,0.4236760124610592,0,1,3,0,0,0,1,0,0,0,0,0,0,0,205.0
0.6572237960339943,0.2993197278911564,0.5457685664939551,0.0236363636363636,0.0,0.0104931794333683,0.0184210526315789,1.0,0.0016516185862144,0.4340602284527518,0,1,3,0,0,0,0,0,0,0,0,1,0,0,210.0
0.7478753541076487,0.3537414965986394,0.2487046632124352,0.0254545454545454,0.001937984496124,0.0083945435466946,0.0078947368421052,0.75,0.0011010790574763,0.1869158878504672,0,1,3,0,0,0,1,0,0,0,0,0,0,0,91.0
0.2028328611898016,0.0884353741496598,0.0518134715025906,0.0018181818181818,0.0,0.0,0.0,1.0,0.0004954855758643,0.0415368639667705,0,1,3,0,0,0,1,0,0,0,0,0,0,0,21.0
0.4963172804532577,0.489795918367347,0.3005181347150259,0.0145454545454545,0.0,0.0136411332633788,0.0,0.75,0.0006606474344857,0.1183800623052959,0,1,3,0,0,1,0,0,0,0,0,0,0,0,58.0
0.2039660056657223,0.2636054421768707,0.0967184801381692,0.0054545454545454,0.0,0.0010493179433368,0.0026315789473684,1.0,0.0002202158114952,0.1433021806853582,0,1,3,0,0,0,0,0,0,0,0,0,0,1,70.0
0.4079320113314447,0.3673469387755102,0.0414507772020725,0.0018181818181818,0.0,0.0010493179433368,0.0,1.0,0.0001101079057476,0.0228452751817237,0,1,3,0,0,0,0,0,0,1,0,0,0,0,12.0
0.5643059490084985,0.5034013605442176,0.853195164075993,0.0054545454545454,0.0,0.0251836306400839,0.0289473684210526,0.75,0.0022021581149526,0.4257528556593977,0,1,3,0,0,0,1,0,0,0,0,0,0,0,206.0
0.498583569405099,0.3928571428571428,0.079447322970639,0.0018181818181818,0.001937984496124,0.0,0.0,1.0,0.0004954855758643,0.0311526479750778,0,1,3,0,0,0,0,0,1,0,0,0,0,0,16.0
0.498583569405099,0.3613945578231292,0.1312607944732297,0.0,0.0,0.0,0.0,1.0,0.0004954855758643,0.0976116303219107,0,1,3,0,0,0,0,0,0,0,0,1,0,0,48.0
1.0,0.6428571428571428,0.3557858376511226,0.029090909090909,0.003875968992248,0.0010493179433368,0.0052631578947368,1.0,0.0006606474344857,0.2388369678089304,0,1,3,0,0,0,0,0,0,1,0,0,0,0,116.0
0.3852691218130311,0.3129251700680272,0.1727115716753022,0.0,0.003875968992248,0.0010493179433368,0.0052631578947368,0.75,0.0001101079057476,0.1017653167185877,0,1,3,0,1,0,0,0,0,0,0,0,0,0,50.0
0.4509915014164305,0.6666666666666666,1.0,0.02,0.0,0.0388247639034627,0.0526315789473684,0.75,0.0035234529839242,0.7912772585669782,0,1,3,0,0,0,1,0,0,0,0,0,0,0,382.0
1.0,0.879251700680272,0.3143350604490501,0.0145454545454545,0.001937984496124,0.0094438614900314,0.0184210526315789,0.75,0.0013212948689715,0.6770508826583592,0,1,3,0,1,0,0,0,0,0,0,0,0,0,327.0
0.4169971671388102,0.4489795918367347,0.5457685664939551,0.0218181818181818,0.003875968992248,0.0209863588667366,0.0157894736842105,0.75,0.0023122660207002,0.4797507788161994,0,1,3,0,0,1,0,0,0,0,0,0,0,0,232.0
0.6798866855524078,0.6122448979591836,0.5561312607944732,0.0218181818181818,0.001937984496124,0.0041972717733473,0.0131578947368421,1.0,0.0016516185862144,0.4236760124610592,0,1,3,0,0,0,0,0,0,0,0,0,0,1,205.0
0.5439093484419263,0.3613945578231292,0.5941278065630397,0.0163636363636363,0.001937984496124,0.0010493179433368,0.0026315789473684,0.75,0.0007707553402334,0.2658359293873312,0,1,3,0,0,0,0,0,0,0,1,0,0,0,129.0
0.4532577903682719,0.4489795918367347,0.0345423143350604,0.0018181818181818,0.0,0.0,0.0,1.0,0.0004954855758643,0.0103842159916926,0,1,3,0,0,0,1,0,0,0,0,0,0,0,6.0
0.3932011331444759,0.2465986394557823,0.0276338514680483,0.0,0.0,0.0,0.0,1.0,0.0004954855758643,0.1640706126687434,0,1,3,0,0,0,0,0,0,0,0,0,0,1,80.0
0.2266288951841359,0.0680272108843537,0.0207253886010362,0.0036363636363636,0.0,0.0010493179433368,0.0026315789473684,1.0,0.0,0.0083073727933541,0,0,3,0,0,0,1,0,0,0,0,0,0,0,5.0
0.4532577903682719,0.4761904761904762,0.231433506044905,0.0127272727272727,0.001937984496124,0.0094438614900314,0.0157894736842105,1.0,0.0007707553402334,0.209761163032191,0,1,3,0,0,0,1,0,0,0,0,0,0,0,102.0
0.3852691218130311,0.3707482993197278,0.0103626943005181,0.0018181818181818,0.0,0.0,0.0,1.0,0.0004954855758643,0.0103842159916926,0,1,3,0,0,0,0,0,0,1,0,0,0,0,6.0
0.6572237960339943,0.6972789115646257,0.697754749568221,0.029090909090909,0.003875968992248,0.0062959076600209,0.0105263157894736,1.0,0.0012111869632239,0.1246105919003115,0,1,3,0,0,0,1,0,0,0,0,0,0,0,61.0
0.3852691218130311,0.3809523809523809,0.158894645941278,0.0072727272727272,0.0,0.0031479538300104,0.0026315789473684,0.75,0.0003303237172428,0.4797507788161994,0,1,3,0,0,0,0,0,0,1,0,0,0,0,232.0
0.2039660056657223,0.1904761904761904,0.5492227979274611,0.0181818181818181,0.0,0.0157397691500524,0.0263157894736842,1.0,0.002092050209205,0.5295950155763239,0,1,3,0,0,0,0,0,0,0,0,1,0,0,256.0
0.2991501416430595,0.2993197278911564,0.0863557858376511,0.0036363636363636,0.0,0.0041972717733473,0.0,1.0,0.0004954855758643,0.1536863966770508,0,1,3,0,0,0,1,0,0,0,0,0,0,0,75.0
0.3399433427762039,0.2857142857142857,0.1692573402417962,0.0072727272727272,0.005813953488372,0.0031479538300104,0.0078947368421052,0.5,0.0005505395287381,0.0623052959501557,0,1,3,0,0,0,0,1,0,0,0,0,0,0,31.0
0.5053824362606232,0.108843537414966,0.2694300518134715,0.0127272727272727,0.001937984496124,0.0220356768100734,0.0473684210526315,1.0,0.0025324818321955,0.2741433021806854,0,1,3,0,0,0,0,0,0,0,0,0,1,0,133.0
0.6798866855524078,0.4489795918367347,0.8566493955094991,0.029090909090909,0.001937984496124,0.0178384050367261,0.0342105263157894,1.0,0.0025324818321955,0.5628245067497404,0,1,3,0,0,0,0,0,0,0,0,1,0,0,272.0
0.6798866855524078,0.3537414965986394,1.0,0.029090909090909,0.005813953488372,0.0062959076600209,0.0184210526315789,1.0,0.0012111869632239,0.3966770508826583,0,1,3,1,0,0,0,0,0,0,0,0,0,0,192.0
0.4532577903682719,0.3401360544217687,0.0138169257340241,0.0018181818181818,0.0,0.0,0.0,1.0,0.0004954855758643,0.0,0,1,3,0,0,0,1,0,0,0,0,0,0,0,1.0
0.3036827195467422,0.2040816326530612,0.1968911917098445,0.009090909090909,0.001937984496124,0.0020986358866736,0.0052631578947368,0.75,0.0005505395287381,0.1495327102803738,0,1,3,0,0,0,0,0,0,1,0,0,0,0,73.0
0.5665722379603398,0.5034013605442176,0.0379965457685664,0.0,0.0,0.0,0.0052631578947368,1.0,0.0004954855758643,0.1059190031152648,0,1,3,0,0,1,0,0,0,0,0,0,0,0,52.0
0.1586402266288951,0.2448979591836734,0.2245250431778929,0.009090909090909,0.0,0.0052465897166841,0.0052631578947368,0.5,0.0011010790574763,0.2596053997923156,0,1,3,1,0,0,0,0,0,0,0,0,0,0,126.0
0.3852691218130311,0.3945578231292517,0.4974093264248704,0.0145454545454545,0.0,0.0304302203567681,0.0368421052631578,0.75,0.0028628055494384,0.4984423676012461,0,1,3,0,0,0,1,0,0,0,0,0,0,0,241.0
0.5643059490084985,0.5578231292517006,0.5354058721934369,0.0236363636363636,0.0,0.0325288562434417,0.0105263157894736,0.75,0.0019819423034573,0.5815160955347871,0,1,3,0,0,0,1,0,0,0,0,0,0,0,281.0
0.7478753541076487,0.4217687074829931,1.0,0.1,0.0116279069767441,0.0146904512067156,0.0368421052631578,1.0,0.0024223739264479,1.0,0,1,3,0,0,0,1,0,0,0,0,0,0,0,482.5
0.8258356940509913,0.4931972789115645,0.1312607944732297,0.0109090909090909,0.0,0.0041972717733473,0.0026315789473684,1.0,0.0003303237172428,0.3094496365524403,0,1,3,0,0,0,1,0,0,0,0,0,0,0,150.0
1.0,0.91156462585034,0.1139896373056994,0.009090909090909,0.0,0.0,0.0,1.0,0.0001101079057476,0.0809968847352024,0,1,3,0,1,0,0,0,0,0,0,0,0,0,40.0
0.4974504249291784,0.2789115646258503,0.3281519861830742,0.0254545454545454,0.001937984496124,0.0104931794333683,0.0052631578947368,1.0,0.0006606474344857,0.2118380062305296,0,1,3,0,0,0,1,0,0,0,0,0,0,0,103.0
0.4362606232294617,0.3809523809523809,0.006908462867012,0.0,0.0,0.0,0.0,1.0,0.0004954855758643,0.0124610591900311,0,1,3,0,0,0,1,0,0,0,0,0,0,0,7.0
0.5994334277620396,0.3469387755102041,0.1416234887737478,0.02,0.0,0.0020986358866736,0.0,1.0,0.0003303237172428,0.1329179646936656,0,1,3,0,0,0,1,0,0,0,0,0,0,0,65.0
0.781869688385269,0.8843537414965985,0.0041416234887737,0.12,0.0174418604651162,0.080797481636936,0.0263157894736842,0.75,0.0023122660207002,1.0,0,1,3,0,0,0,1,0,0,0,0,0,0,0,482.5
0.7932011331444758,0.272108843537415,0.1139896373056994,0.0036363636363636,0.0,0.0,0.0052631578947368,0.75,0.0002202158114952,0.1640706126687434,0,1,3,0,0,0,1,0,0,0,0,0,0,0,80.0
0.6798866855524078,0.7959183673469387,0.1727115716753022,0.0054545454545454,0.003875968992248,0.0031479538300104,0.0131578947368421,0.75,0.0009909711517286,0.1536863966770508,0,1,3,0,0,0,0,0,0,0,0,1,0,0,75.0
0.3852691218130311,0.3537414965986394,0.1312607944732297,0.0036363636363636,0.0,0.0020986358866736,0.0,1.0,0.0004954855758643,0.083073727933541,0,1,3,0,0,0,0,0,0,1,0,0,0,0,41.0
0.4532577903682719,0.2312925170068027,0.9879101899827288,0.0236363636363636,0.003875968992248,0.0052465897166841,0.0052631578947368,0.75,0.0004404316229905,0.2658359293873312,0,1,3,1,0,0,0,0,0,0,0,0,0,0,129.0
0.3388101983002832,0.1768707482993197,0.1865284974093264,0.0072727272727272,0.0,0.0041972717733473,0.0078947368421052,0.75,0.0003303237172428,0.1038421599169262,0,1,3,0,1,0,0,0,0,0,0,0,0,0,51.0
0.5643059490084985,0.4489795918367347,0.4766839378238341,0.0454545454545454,0.0096899224806201,0.0230849947534102,0.0421052631578947,0.75,0.0042942083241576,1.0,0,1,3,0,1,0,0,0,0,0,0,0,0,0,482.5
0.2141643059490084,0.0952380952380952,0.4732297063903281,0.0163636363636363,0.001937984496124,0.0136411332633788,0.0184210526315789,0.75,0.0014314027747192,0.4278296988577362,0,1,3,0,0,0,1,0,0,0,0,0,0,0,207.0
0.463456090651558,0.2585034013605442,0.1623488773747841,0.0163636363636363,0.0,0.0052465897166841,0.0131578947368421,1.0,0.000880863245981,0.1142263759086189,0,1,3,0,0,0,1,0,0,0,0,0,0,0,56.0
0.498583569405099,0.4268707482993197,0.0483592400690846,0.0036363636363636,0.0,0.0,0.0,1.0,0.0004954855758643,0.047767393561786,0,1,3,0,0,0,1,0,0,0,0,0,0,0,24.0
0.2243626062322946,0.2312925170068027,0.0483592400690846,0.0,0.0,0.0010493179433368,0.0,1.0,0.0001101079057476,0.0166147455867082,0,1,3,0,0,0,1,0,0,0,0,0,0,0,9.0
0.3739376770538243,0.1496598639455782,0.079447322970639,0.0018181818181818,0.0,0.0010493179433368,0.0,1.0,0.0004954855758643,0.0394600207684319,0,1,3,0,1,0,0,0,0,0,0,0,0,0,20.0
0.3399433427762039,0.1870748299319728,0.0207253886010362,0.0,0.0,0.0010493179433368,0.0,1.0,0.0004954855758643,0.0311526479750778,0,1,3,0,0,0,1,0,0,0,0,0,0,0,16.0
0.5665722379603398,0.5578231292517006,0.8981001727115716,0.0272727272727272,0.003875968992248,0.0535152151101783,0.0394736842105263,1.0,0.0039638846069147,1.0,0,1,3,0,0,0,1,0,0,0,0,0,0,0,482.5
0.4509915014164305,0.3673469387755102,1.0,0.0218181818181818,0.001937984496124,0.0409233997901364,0.0499999999999999,0.75,0.0045144241356529,0.6438213914849429,0,1,3,0,0,0,1,0,0,0,0,0,0,0,311.0
0.4532577903682719,0.272108843537415,0.0863557858376511,0.0018181818181818,0.0,0.0,0.0,1.0,0.0004954855758643,0.0581516095534787,0,1,3,0,0,0,0,0,0,0,1,0,0,0,29.0
0.2266288951841359,0.163265306122449,0.0449050086355785,0.0036363636363636,0.0,0.0,0.0052631578947368,1.0,0.0002202158114952,0.1329179646936656,0,1,3,0,1,0,0,0,0,0,0,0,0,0,65.0
0.838526912181303,0.5748299319727891,0.0725388601036269,0.0018181818181818,0.0,0.0,0.0026315789473684,1.0,0.0,0.0789200415368639,0,1,3,0,0,0,0,0,1,0,0,0,0,0,39.0
0.3966005665722379,0.3095238095238095,0.003454231433506,0.0,0.0,0.0,0.0,1.0,0.0004954855758643,0.2201453790238836,0,1,3,0,0,0,1,0,0,0,0,0,0,0,107.0
0.5665722379603398,0.5986394557823128,0.5043177892918825,0.0145454545454545,0.0,0.0052465897166841,0.0052631578947368,0.75,0.0004404316229905,0.1453790238836967,0,1,3,0,0,0,0,0,0,0,0,1,0,0,71.0
0.1801699716713881,0.0748299319727891,0.4352331606217616,0.0127272727272727,0.0,0.0073452256033578,0.0105263157894736,0.75,0.0006606474344857,0.284527518172378,0,1,3,0,0,0,0,1,0,0,0,0,0,0,138.0
0.5643059490084985,0.693877551020408,0.7288428324697754,0.04,0.001937984496124,0.0314795383001049,0.0263157894736842,0.75,0.0027526976436908,0.4672897196261682,0,1,3,0,0,1,0,0,0,0,0,0,0,0,226.0
1.0,0.9931972789115646,0.0414507772020725,0.0054545454545454,0.0,0.0041972717733473,0.0078947368421052,1.0,0.0004404316229905,0.612668743509865,0,1,3,0,0,0,1,0,0,0,0,0,0,0,296.0
0.6798866855524078,0.4863945578231293,0.7564766839378237,0.0309090909090909,0.001937984496124,0.0220356768100734,0.0578947368421052,1.0,0.0030830213609337,0.699896157840083,0,1,2,0,0,0,0,0,0,1,0,0,0,0,338.0
0.3399433427762039,0.2295918367346938,0.6493955094991364,0.0218181818181818,0.005813953488372,0.0251836306400839,0.0368421052631578,0.75,0.0040739925126624,1.0,0,1,3,0,1,0,0,0,0,0,0,0,0,0,482.5
1.0,0.8265306122448979,0.0690846286701209,0.0054545454545454,0.0,0.0,0.0,1.0,0.0,0.0581516095534787,0,1,3,0,0,0,0,0,0,0,0,0,0,1,29.0
0.1586402266288951,0.4217687074829931,1.0,0.1454545454545454,0.005813953488372,0.074501573976915,0.1394736842105263,0.75,0.0124421933494824,1.0,0,1,3,0,0,0,0,0,0,0,0,1,0,0,482.5
0.5665722379603398,0.5170068027210883,0.0587219343696027,0.0,0.0,0.0010493179433368,0.0,1.0,0.0,0.1474558670820352,0,1,3,0,0,0,1,0,0,0,0,0,0,0,72.0
0.2719546742209631,0.1700680272108843,0.0241796200345423,0.0,0.0,0.0010493179433368,0.0,1.0,0.0004954855758643,0.004153686396677,0,1,3,0,0,0,0,0,1,0,0,0,0,0,3.0
1.0,0.7346938775510203,0.3212435233160621,0.0018181818181818,0.0,0.0,0.0,0.5,0.0,0.0913811007268951,0,1,3,0,0,0,0,1,0,0,0,0,0,0,45.0
0.2266288951841359,0.151360544217687,0.0172711571675302,0.0,0.0,0.0010493179433368,0.0026315789473684,0.5,0.0,0.0560747663551401,0,1,3,0,0,0,1,0,0,0,0,0,0,0,28.0
0.5665722379603398,0.3537414965986394,0.5872193436960276,0.0181818181818181,0.0,0.0031479538300104,0.0026315789473684,0.75,0.0,0.1329179646936656,0,1,3,0,0,0,0,0,0,0,0,1,0,0,65.0
0.7920679886685552,0.4693877551020408,0.2797927461139896,0.0327272727272727,0.005813953488372,0.0188877229800629,0.0342105263157894,1.0,0.002092050209205,0.2990654205607477,0,1,3,0,0,0,1,0,0,0,0,0,0,0,145.0
0.5665722379603398,0.489795918367347,0.5837651122625216,0.049090909090909,0.0,0.0157397691500524,0.0447368421052631,0.75,0.00418410041841,0.7331256490134994,0,1,3,0,0,0,0,0,0,0,0,1,0,0,354.0
0.3852691218130311,0.3265306122448979,0.1208981001727115,0.0,0.0,0.0010493179433368,0.0,1.0,0.0004954855758643,0.0976116303219107,0,1,3,0,1,0,0,0,0,0,0,0,0,0,48.0
0.4305949008498583,0.2312925170068027,0.1139896373056994,0.0036363636363636,0.0,0.0,0.0,1.0,0.0004954855758643,0.1163032191069574,0,1,3,0,0,0,0,0,0,1,0,0,0,0,57.0
0.4305949008498583,0.3945578231292517,0.1796200345423143,0.0054545454545454,0.001937984496124,0.0020986358866736,0.0131578947368421,0.75,0.0003303237172428,0.1142263759086189,0,1,3,0,0,0,1,0,0,0,0,0,0,0,56.0
0.6118980169971671,0.4693877551020408,0.0552677029360967,0.0018181818181818,0.0,0.0020986358866736,0.0052631578947368,1.0,0.0002202158114952,0.0913811007268951,0,1,3,0,0,1,0,0,0,0,0,0,0,0,45.0
0.8158640226628895,0.510204081632653,0.6666666666666666,0.0236363636363636,0.003875968992248,0.0073452256033578,0.0131578947368421,1.0,0.0015415106804668,0.3426791277258567,0,1,3,0,0,0,0,0,0,1,0,0,0,0,166.0
0.2243626062322946,0.0680272108843537,0.0207253886010362,0.0018181818181818,0.0,0.0041972717733473,0.0,1.0,0.0,0.2284527518172378,0,1,3,0,0,0,1,0,0,0,0,0,0,0,111.0
0.6674220963172804,0.3843537414965986,0.1312607944732297,0.0163636363636363,0.001937984496124,0.0031479538300104,0.0026315789473684,0.75,0.0007707553402334,0.3136033229491173,0,1,3,0,0,0,1,0,0,0,0,0,0,0,152.0
0.2923512747875353,0.1887755102040816,0.0449050086355785,0.0072727272727272,0.0,0.0010493179433368,0.0026315789473684,1.0,0.0001101079057476,0.32398753894081,0,1,3,0,0,0,1,0,0,0,0,0,0,0,157.0
0.4532577903682719,0.3265306122448979,0.4248704663212435,0.0109090909090909,0.001937984496124,0.0010493179433368,0.0,0.75,0.0005505395287381,0.2388369678089304,0,1,3,0,0,0,0,0,0,0,0,1,0,0,116.0
0.6798866855524078,0.5442176870748299,0.6493955094991364,0.0163636363636363,0.001937984496124,0.0052465897166841,0.0105263157894736,1.0,0.000880863245981,0.1806853582554517,0,1,3,0,0,0,0,0,0,0,0,1,0,0,88.0
0.5643059490084985,0.5578231292517006,0.918825561312608,0.0181818181818181,0.0,0.0461699895068205,0.0552631578947368,0.5,0.0039638846069147,1.0,0,1,3,0,0,0,1,0,0,0,0,0,0,0,482.5
0.5212464589235127,0.2312925170068027,0.0449050086355785,0.0036363636363636,0.001937984496124,0.0,0.0,1.0,0.0,0.1619937694704049,0,1,3,0,1,0,0,0,0,0,0,0,0,0,79.0
0.5643059490084985,0.7891156462585033,1.0,0.0218181818181818,0.0,0.0503672612801678,0.0447368421052631,1.0,0.0035234529839242,0.5649013499480788,0,1,3,0,0,0,1,0,0,0,0,0,0,0,273.0
0.7932011331444758,0.4880952380952381,0.003454231433506,0.0018181818181818,0.0,0.0,0.0026315789473684,1.0,0.0,0.0269989615784008,0,1,3,0,0,0,0,0,0,0,0,0,0,1,14.0
0.2470254957507082,0.0748299319727891,0.1139896373056994,0.009090909090909,0.0,0.0031479538300104,0.0026315789473684,1.0,0.0003303237172428,0.6874350986500518,0,1,3,0,0,0,1,0,0,0,0,0,0,0,332.0
0.2719546742209631,0.1581632653061224,0.0587219343696027,0.0018181818181818,0.0,0.0,0.0,1.0,0.0004954855758643,0.0186915887850467,0,1,3,0,0,0,0,0,0,1,0,0,0,0,10.0
0.6481586402266288,0.3027210884353741,0.4386873920552677,0.0181818181818181,0.003875968992248,0.0136411332633788,0.0184210526315789,1.0,0.0016516185862144,0.3946002076843198,0,1,3,0,0,0,0,0,0,0,0,0,0,1,191.0
0.2266288951841359,0.195578231292517,0.231433506044905,0.0145454545454545,0.0,0.0062959076600209,0.0131578947368421,1.0,0.0009909711517286,0.2222222222222222,0,1,3,0,0,0,1,0,0,0,0,0,0,0,108.0
1.0,1.0,0.0863557858376511,0.0018181818181818,0.0,0.0,0.0026315789473684,1.0,0.0,0.0809968847352024,0,1,3,0,0,0,0,0,0,0,0,0,0,1,40.0
0.2492917847025495,0.2857142857142857,0.1450777202072538,0.0018181818181818,0.001937984496124,0.0020986358866736,0.0026315789473684,0.5,0.0,0.1308411214953271,0,1,3,0,0,0,0,0,0,1,0,0,0,0,64.0
0.6798866855524078,0.5442176870748299,0.386873920552677,0.0163636363636363,0.001937984496124,0.0031479538300104,0.0,1.0,0.0002202158114952,0.1848390446521287,0,1,3,0,0,0,0,0,0,0,0,1,0,0,90.0
0.906515580736544,0.7074829931972788,0.5492227979274611,0.0163636363636363,0.001937984496124,0.0062959076600209,0.0052631578947368,0.75,0.0002202158114952,0.1931464174454828,0,1,3,1,0,0,0,0,0,0,0,0,0,0,94.0
0.2266288951841359,0.2857142857142857,0.0587219343696027,0.0036363636363636,0.0,0.0,0.0,1.0,0.0004954855758643,0.0269989615784008,0,1,3,0,0,0,1,0,0,0,0,0,0,0,14.0
0.3671388101983002,0.304421768707483,0.1727115716753022,0.0054545454545454,0.001937984496124,0.0073452256033578,0.0157894736842105,1.0,0.0005505395287381,0.8141225337487019,0,1,3,0,0,0,1,0,0,0,0,0,0,0,393.0
0.5643059490084985,0.5034013605442176,0.5734024179620034,0.0309090909090909,0.001937984496124,0.04302203567681,0.0157894736842105,1.0,0.0025324818321955,0.5898234683281411,0,1,3,0,0,0,1,0,0,0,0,0,0,0,285.0
0.6118980169971671,0.5306122448979591,0.0863557858376511,0.0072727272727272,0.0,0.0031479538300104,0.0,1.0,0.0001101079057476,0.1163032191069574,0,1,3,0,0,0,1,0,0,0,0,0,0,0,57.0
0.5903682719546741,0.1904761904761904,0.0414507772020725,0.0018181818181818,0.0,0.0020986358866736,0.0026315789473684,1.0,0.0001101079057476,0.0519210799584631,0,1,3,0,0,0,1,0,0,0,0,0,0,0,26.0
0.4963172804532577,0.5578231292517006,0.1485319516407599,0.009090909090909,0.0,0.0062959076600209,0.0026315789473684,0.75,0.0002202158114952,0.0581516095534787,0,1,3,0,0,1,0,0,0,0,0,0,0,0,29.0
0.3399433427762039,0.2857142857142857,0.0552677029360967,0.0,0.0,0.0010493179433368,0.0,1.0,0.0004954855758643,0.0623052959501557,0,1,3,0,0,0,0,0,0,1,0,0,0,0,31.0
0.3852691218130311,0.2312925170068027,0.0932642487046632,0.0018181818181818,0.001937984496124,0.0010493179433368,0.0,1.0,0.0,0.0498442367601246,0,1,3,0,0,0,0,0,0,1,0,0,0,0,25.0
0.2266288951841359,0.0680272108843537,0.0172711571675302,0.0018181818181818,0.0,0.0,0.0026315789473684,1.0,0.0,0.0726895119418483,0,1,3,0,1,0,0,0,0,0,0,0,0,0,36.0
0.1586402266288951,0.2312925170068027,0.0863557858376511,0.0109090909090909,0.003875968992248,0.0073452256033578,0.0184210526315789,1.0,0.000880863245981,0.90134994807892,0,1,3,0,0,0,1,0,0,0,0,0,0,0,435.0
0.4509915014164305,0.4489795918367347,0.6113989637305699,0.0563636363636363,0.0,0.0304302203567681,0.0394736842105263,0.75,0.0038537767011671,0.3198338525441329,0,1,3,0,0,0,1,0,0,0,0,0,0,0,155.0
0.2039660056657223,0.0476190476190476,0.2072538860103626,0.0072727272727272,0.0,0.0010493179433368,0.0,1.0,0.0,0.1246105919003115,0,1,3,0,0,0,0,0,1,0,0,0,0,0,61.0
0.2719546742209631,0.1173469387755102,0.0138169257340241,0.0,0.0,0.0,0.0,1.0,0.0004954855758643,0.0269989615784008,0,1,3,0,0,0,1,0,0,0,0,0,0,0,14.0
0.4532577903682719,1.0,0.8428324697754749,0.0327272727272727,0.003875968992248,0.0083945435466946,0.0236842105263157,0.75,0.0019819423034573,0.9761163032191068,2,1,3,0,1,0,0,0,0,0,0,0,0,0,471.0
0.2946175637393767,0.3401360544217687,0.4835924006908462,0.0072727272727272,0.0,0.0062959076600209,0.0026315789473684,1.0,0.0002202158114952,0.2263759086188992,0,1,3,0,0,0,0,0,0,0,0,0,0,1,110.0
0.4033994334277619,0.2142857142857143,0.0621761658031088,0.0,0.0,0.0,0.0,1.0,0.0004954855758643,0.0311526479750778,0,1,3,0,0,0,0,0,0,0,0,1,0,0,16.0
0.2028328611898016,0.0918367346938775,0.0863557858376511,0.0072727272727272,0.0,0.0073452256033578,0.0131578947368421,1.0,0.0004404316229905,0.2720664589823468,0,1,3,0,0,0,1,0,0,0,0,0,0,0,132.0
0.576770538243626,0.3265306122448979,0.0759930915371329,0.0018181818181818,0.0,0.0031479538300104,0.0052631578947368,1.0,0.0003303237172428,0.0706126687435098,0,1,3,0,0,0,1,0,0,0,0,0,0,0,35.0
0.2832861189801699,0.3129251700680272,0.4490500863557858,0.0181818181818181,0.0,0.0083945435466946,0.0078947368421052,0.75,0.0012111869632239,0.4278296988577362,0,1,3,0,0,0,1,0,0,0,0,0,0,0,207.0
0.6526912181303116,0.4217687074829931,0.0172711571675302,0.0018181818181818,0.0,0.0,0.0,1.0,0.0004954855758643,0.0353063343717549,0,1,3,0,0,0,1,0,0,0,0,0,0,0,18.0
0.5189801699716713,0.5034013605442176,1.0,0.0509090909090909,0.0077519379844961,0.0440713536201469,0.0421052631578947,0.75,0.002972913455186,1.0,0,1,3,0,0,0,1,0,0,0,0,0,0,0,482.5
0.4963172804532577,0.3537414965986394,1.0,0.0072727272727272,0.0,0.0199370409233997,0.0421052631578947,0.75,0.0025324818321955,0.5794392523364486,0,1,3,0,0,0,1,0,0,0,0,0,0,0,280.0
0.4532577903682719,0.3231292517006802,1.0,0.0581818181818181,0.0077519379844961,0.0199370409233997,0.0105263157894736,1.0,0.0015415106804668,1.0,0,1,3,0,0,0,1,0,0,0,0,0,0,0,482.5
0.2719546742209631,0.2244897959183673,0.0621761658031088,0.0018181818181818,0.001937984496124,0.0010493179433368,0.0,1.0,0.0004954855758643,0.0913811007268951,0,1,3,0,0,1,0,0,0,0,0,0,0,0,45.0
0.4532577903682719,0.2925170068027211,0.0,0.0,0.0,0.0,0.0,1.0,0.0004954855758643,0.0,0,1,3,0,0,0,1,0,0,0,0,0,0,0,1.0
0.6107648725212464,0.3537414965986394,0.5008635578583764,0.0127272727272727,0.0,0.0094438614900314,0.0157894736842105,1.0,0.0007707553402334,0.2222222222222222,0,1,3,0,0,0,0,0,0,1,0,0,0,0,108.0
0.7909348441926345,0.727891156462585,0.0759930915371329,0.0072727272727272,0.0,0.0,0.0026315789473684,0.0,0.0,0.1993769470404984,0,1,3,0,0,0,1,0,0,0,0,0,0,0,97.0
0.4532577903682719,0.5850340136054422,0.7184801381692573,0.0327272727272727,0.0,0.0104931794333683,0.0157894736842105,0.75,0.0022021581149526,0.2949117341640706,0,1,3,0,0,0,1,0,0,0,0,0,0,0,143.0
0.2266288951841359,0.2312925170068027,1.0,0.1218181818181818,0.0251937984496124,0.1731374606505771,0.0973684210526315,1.0,0.0082580929310724,1.0,0,1,3,0,0,0,1,0,0,0,0,0,0,0,482.5
0.5665722379603398,0.2993197278911564,0.0276338514680483,0.0018181818181818,0.0,0.0010493179433368,0.0,1.0,0.0,0.0311526479750778,0,1,3,0,1,0,0,0,0,0,0,0,0,0,16.0
1.0,1.0,0.0919689119170984,0.0061672727272727,1.0,0.0026652675760755,0.0042131578947368,1.0,0.3871393966086765,1.0,0,1,3,1,0,0,0,0,0,0,0,0,0,0,482.5
0.3444759206798866,0.3673469387755102,0.0172711571675302,0.0018181818181818,0.001937984496124,0.0,0.0,1.0,0.0004954855758643,0.0685358255451713,0,1,3,0,0,0,1,0,0,0,0,0,0,0,34.0
0.906515580736544,0.979591836734694,0.4559585492227979,0.0054545454545454,0.0,0.0062959076600209,0.0078947368421052,1.0,0.0004404316229905,0.0934579439252336,0,1,3,0,0,0,1,0,0,0,0,0,0,0,46.0
0.63342776203966,0.3571428571428571,0.2210708117443868,0.0145454545454545,0.0,0.0041972717733473,0.0026315789473684,1.0,0.0005505395287381,0.122533748701973,0,1,3,0,0,0,1,0,0,0,0,0,0,0,60.0
1.0,1.0,1.0,0.0418181818181818,0.001937984496124,0.0209863588667366,0.0473684210526315,1.0,0.0033032371724289,0.7850467289719626,0,1,3,0,0,0,1,0,0,0,0,0,0,0,379.0
0.4532577903682719,1.0,0.5941278065630397,0.009090909090909,0.0,0.0062959076600209,0.0078947368421052,1.0,0.0002202158114952,0.288681204569055,0,1,3,0,0,0,1,0,0,0,0,0,0,0,140.0
0.906515580736544,0.5986394557823128,0.3972366148531951,0.0072727272727272,0.001937984496124,0.0010493179433368,0.0,1.0,0.0004404316229905,0.2035306334371754,0,1,3,0,0,0,0,1,0,0,0,0,0,0,99.0
0.1575070821529745,0.0578231292517006,0.0483592400690846,0.0018181818181818,0.0,0.0010493179433368,0.0,1.0,0.0004954855758643,0.2222222222222222,0,1,3,0,0,0,1,0,0,0,0,0,0,0,108.0
0.3399433427762039,0.2448979591836734,0.6010362694300518,0.0054545454545454,0.003875968992248,0.0073452256033578,0.0078947368421052,0.5,0.0006606474344857,0.3136033229491173,0,1,3,0,0,0,0,0,0,0,0,1,0,0,152.0
0.3852691218130311,0.1972789115646258,0.0690846286701209,0.0018181818181818,0.0,0.0,0.0,1.0,0.0004954855758643,0.0124610591900311,0,1,3,0,0,0,1,0,0,0,0,0,0,0,7.0
0.3399433427762039,0.2857142857142857,0.2037996545768566,0.0036363636363636,0.001937984496124,0.0041972717733473,0.0105263157894736,0.75,0.000880863245981,0.2367601246105918,0,1,3,0,0,1,0,0,0,0,0,0,0,0,115.0
0.5643059490084985,0.7210884353741496,0.5768566493955095,0.0327272727272727,0.001937984496124,0.0734522560335781,0.0710526315789473,1.0,0.0060559348161197,0.656282450674974,0,1,3,0,0,0,1,0,0,0,0,0,0,0,317.0
0.2538243626062322,0.0816326530612245,0.0932642487046632,0.0127272727272727,0.001937984496124,0.0146904512067156,0.031578947368421,1.0,0.0018718343977097,0.7310488058151609,0,1,3,0,0,0,1,0,0,0,0,0,0,0,353.0
0.5439093484419263,0.5170068027210883,0.0172711571675302,0.0,0.0,0.0010493179433368,0.0,1.0,0.0004954855758643,0.1993769470404984,0,1,3,0,0,0,1,0,0,0,0,0,0,0,97.0
0.7025495750708215,0.5068027210884353,0.4041450777202072,0.0127272727272727,0.001937984496124,0.0010493179433368,0.0,1.0,0.0001101079057476,0.2699896157840083,0,1,3,0,0,0,0,0,0,1,0,0,0,0,131.0
0.5087818696883852,0.2857142857142857,0.1001727115716753,0.0036363636363636,0.0,0.0041972717733473,0.0157894736842105,1.0,0.0006606474344857,0.7040498442367601,0,1,3,0,0,0,1,0,0,0,0,0,0,0,340.0
1.0,0.7074829931972788,0.0759930915371329,0.0018181818181818,0.0,0.0020986358866736,0.0026315789473684,1.0,0.0,0.0581516095534787,0,1,3,0,0,0,1,0,0,0,0,0,0,0,29.0
0.2039660056657223,0.0680272108843537,0.0932642487046632,0.0,0.0,0.0,0.0,1.0,0.0,0.0976116303219107,0,1,3,0,1,0,0,0,0,0,0,0,0,0,48.0
0.5212464589235127,0.4353741496598639,1.0,0.0854545454545454,0.0096899224806201,0.0262329485834207,0.0263157894736842,1.0,0.0025324818321955,1.0,0,1,3,1,0,0,0,0,0,0,0,0,0,0,482.5
0.5643059490084985,0.5986394557823128,0.310880829015544,0.0181818181818181,0.001937984496124,0.0125918153200419,0.0105263157894736,0.75,0.0006606474344857,0.3842159916926272,0,1,3,0,0,0,1,0,0,0,0,0,0,0,186.0
0.3172804532577903,0.3537414965986394,0.4766839378238341,0.0236363636363636,0.001937984496124,0.0073452256033578,0.0184210526315789,1.0,0.0019819423034573,0.4984423676012461,0,1,3,0,0,0,0,0,0,0,0,1,0,0,241.0
0.6572237960339943,0.3469387755102041,0.0138169257340241,0.0018181818181818,0.001937984496124,0.0,0.0,1.0,0.0004954855758643,1.0,0,1,3,0,0,0,1,0,0,0,0,0,0,0,482.5
0.4974504249291784,0.2755102040816326,0.1312607944732297,0.029090909090909,0.0,0.0031479538300104,0.0078947368421052,1.0,0.000880863245981,0.1536863966770508,0,1,3,0,0,0,1,0,0,0,0,0,0,0,75.0
0.5643059490084985,0.6122448979591836,0.5526770293609672,0.0218181818181818,0.001937984496124,0.0157397691500524,0.0105263157894736,1.0,0.000880863245981,0.2367601246105918,0,1,3,0,0,0,1,0,0,0,0,0,0,0,115.0
0.3852691218130311,0.3809523809523809,0.0863557858376511,0.0109090909090909,0.001937984496124,0.0,0.0078947368421052,1.0,0.0004404316229905,0.0768431983385254,0,1,3,0,0,0,1,0,0,0,0,0,0,0,38.0
0.2492917847025495,0.1768707482993197,0.6597582037996546,0.029090909090909,0.001937984496124,0.0062959076600209,0.0131578947368421,1.0,0.0009909711517286,0.494288681204569,0,1,3,0,0,0,0,0,0,1,0,0,0,0,239.0
0.5643059490084985,0.693877551020408,0.3281519861830742,0.0036363636363636,0.001937984496124,0.0052465897166841,0.0052631578947368,1.0,0.0004404316229905,0.0290758047767393,0,1,3,0,0,1,0,0,0,0,0,0,0,0,15.0
0.5643059490084985,0.7210884353741496,0.5319516407599308,0.0236363636363636,0.003875968992248,0.0440713536201469,0.0210526315789473,0.75,0.0036335608896718,0.7040498442367601,0,1,3,0,0,0,1,0,0,0,0,0,0,0,340.0
0.7932011331444758,0.5986394557823128,0.9464594127806564,0.0472727272727272,0.001937984496124,0.0073452256033578,0.0105263157894736,1.0,0.0012111869632239,0.3219106957424714,0,1,3,0,0,0,0,0,0,0,0,1,0,0,156.0
0.5643059490084985,0.0680272108843537,0.7495682210708117,0.0363636363636363,0.003875968992248,0.0283315844700944,0.0236842105263157,0.75,0.0035234529839242,1.0,0,1,3,0,1,0,0,0,0,0,0,0,0,0,482.5
0.0181303116147308,0.0,0.0656303972366148,0.0018181818181818,0.0,0.0083945435466946,0.0078947368421052,1.0,0.0003303237172428,0.3655244029075805,0,1,3,0,0,0,0,0,0,0,0,0,1,0,177.0
0.5643059490084985,0.6666666666666666,0.2176165803108808,0.0036363636363636,0.0,0.0083945435466946,0.0131578947368421,0.75,0.0006606474344857,0.0955347871235721,0,1,3,0,0,0,1,0,0,0,0,0,0,0,47.0
0.1359773371104816,0.3129251700680272,0.0103626943005181,0.0036363636363636,0.0,0.0,0.0,1.0,0.0001101079057476,0.0186915887850467,0,1,3,0,0,1,0,0,0,0,0,0,0,0,10.0
0.7127478753541076,0.4183673469387755,0.238341968911917,0.0127272727272727,0.0,0.0052465897166841,0.0078947368421052,1.0,0.0006606474344857,0.2222222222222222,0,1,3,0,0,0,1,0,0,0,0,0,0,0,108.0
0.5643059490084985,0.6122448979591836,0.5077720207253886,0.0127272727272727,0.001937984496124,0.0262329485834207,0.0131578947368421,0.75,0.0015415106804668,0.3094496365524403,0,1,3,0,0,0,1,0,0,0,0,0,0,0,150.0
0.2266288951841359,0.2040816326530612,0.0207253886010362,0.0,0.0,0.0020986358866736,0.0,1.0,0.0004954855758643,0.4610591900311526,0,1,3,0,0,0,1,0,0,0,0,0,0,0,223.0
0.2266288951841359,0.0816326530612245,0.0103626943005181,0.0,0.0,0.0,0.0,1.0,0.0004954855758643,0.0415368639667705,0,1,3,0,0,0,1,0,0,0,0,0,0,0,21.0
0.1563739376770538,0.0340136054421768,0.2037996545768566,0.009090909090909,0.0,0.0052465897166841,0.0184210526315789,1.0,0.0004404316229905,0.3468328141225337,0,0,4,0,0,0,0,0,0,0,0,0,1,0,168.0
0.7932011331444758,0.7210884353741496,0.8428324697754749,0.0109090909090909,0.0,0.0041972717733473,0.0078947368421052,0.75,0.0005505395287381,0.2554517133956386,0,1,3,0,0,0,0,0,0,1,0,0,0,0,124.0
0.7025495750708215,0.5850340136054422,0.1450777202072538,0.0018181818181818,0.0,0.0031479538300104,0.0026315789473684,0.75,0.0,0.1640706126687434,0,1,3,0,0,0,1,0,0,0,0,0,0,0,80.0
0.2152974504249291,0.2312925170068027,0.2797927461139896,0.0109090909090909,0.0,0.0062959076600209,0.0157894736842105,1.0,0.000880863245981,0.2388369678089304,0,1,3,0,0,0,0,0,0,0,0,1,0,0,116.0
0.4509915014164305,0.4217687074829931,0.3419689119170984,0.009090909090909,0.0,0.0052465897166841,0.0,0.75,0.0002202158114952,0.0851505711318795,0,1,3,0,0,0,1,0,0,0,0,0,0,0,42.0
0.4532577903682719,0.3809523809523809,0.3177892918825561,0.0054545454545454,0.001937984496124,0.0020986358866736,0.0026315789473684,1.0,0.0,0.0955347871235721,0,1,3,0,0,0,0,1,0,0,0,0,0,0,47.0
0.4532577903682719,0.1768707482993197,0.2107081174438687,0.0036363636363636,0.0,0.0,0.0,0.75,0.0002202158114952,0.0809968847352024,0,1,3,0,1,0,0,0,0,0,0,0,0,0,40.0
0.3444759206798866,0.3265306122448979,0.0207253886010362,0.0,0.0,0.0,0.0,1.0,0.0004954855758643,0.0332294911734164,0,1,3,0,0,0,1,0,0,0,0,0,0,0,17.0
0.4532577903682719,0.272108843537415,0.307426597582038,0.009090909090909,0.001937984496124,0.0052465897166841,0.0078947368421052,1.0,0.0006606474344857,0.288681204569055,0,1,3,0,0,0,0,0,0,0,0,1,0,0,140.0
0.2379603399433427,0.2312925170068027,0.0310880829015544,0.0,0.0,0.0020986358866736,0.0026315789473684,1.0,0.0,0.0519210799584631,0,1,3,0,0,0,1,0,0,0,0,0,0,0,26.0
0.2266288951841359,0.1581632653061224,0.0172711571675302,0.0,0.0,0.0010493179433368,0.0,1.0,0.0004954855758643,0.0269989615784008,0,1,3,0,0,0,1,0,0,0,0,0,0,0,14.0
0.1881019830028328,0.2959183673469387,0.1278065630397236,0.0127272727272727,0.001937984496124,0.0073452256033578,0.0105263157894736,0.75,0.0013212948689715,0.328141225337487,0,1,3,0,0,0,1,0,0,0,0,0,0,0,159.0
1.0,0.5034013605442176,0.7564766839378237,0.0127272727272727,0.003875968992248,0.0052465897166841,0.0105263157894736,0.75,0.0007707553402334,0.4652128764278297,0,1,3,0,1,0,0,0,0,0,0,0,0,0,225.0
0.4532577903682719,0.2993197278911564,0.6424870466321243,0.009090909090909,0.003875968992248,0.0062959076600209,0.0052631578947368,1.0,0.0003303237172428,0.2326064382139148,0,1,3,0,0,0,0,1,0,0,0,0,0,0,113.0
0.2946175637393767,0.217687074829932,0.0138169257340241,0.0,0.0,0.0,0.0,1.0,0.0004954855758643,0.0083073727933541,0,1,3,0,0,0,0,1,0,0,0,0,0,0,5.0
0.7025495750708215,0.5306122448979591,0.6286701208981001,0.0109090909090909,0.003875968992248,0.0041972717733473,0.0184210526315789,1.0,0.0006606474344857,0.2554517133956386,0,1,3,0,1,0,0,0,0,0,0,0,0,0,124.0
0.2243626062322946,0.2840136054421768,0.0483592400690846,0.0036363636363636,0.0,0.0010493179433368,0.0026315789473684,1.0,0.0002202158114952,0.0269989615784008,0,1,3,0,0,0,1,0,0,0,0,0,0,0,14.0
0.5665722379603398,0.5850340136054422,0.3592400690846286,0.0509090909090909,0.001937984496124,0.0272822665267576,0.0631578947368421,1.0,0.0036335608896718,0.5607476635514018,0,1,3,0,0,0,1,0,0,0,0,0,0,0,271.0
0.4532577903682719,1.0,0.0276338514680483,0.0,0.0,0.0,0.0,1.0,0.0004954855758643,0.0249221183800623,0,1,3,0,1,0,0,0,0,0,0,0,0,0,13.0
0.2243626062322946,0.2840136054421768,0.1865284974093264,0.009090909090909,0.001937984496124,0.0041972717733473,0.0078947368421052,1.0,0.0009909711517286,0.122533748701973,0,1,3,0,0,0,0,0,0,0,0,1,0,0,60.0
0.2946175637393767,0.3741496598639455,0.0062003454231433,0.3581818181818181,0.0523255813953488,0.359916054564533,0.4447368421052631,1.0,0.0425016516185862,1.0,0,1,3,0,0,0,0,0,0,1,0,0,0,0,482.5
0.2492917847025495,0.2312925170068027,0.0449050086355785,0.0,0.0,0.0,0.0,1.0,0.0004954855758643,0.0186915887850467,0,1,3,0,1,0,0,0,0,0,0,0,0,0,10.0
0.6798866855524078,0.3809523809523809,0.3385146804835924,0.009090909090909,0.0,0.0031479538300104,0.0052631578947368,0.75,0.0006606474344857,0.2409138110072689,0,1,3,0,0,0,0,1,0,0,0,0,0,0,117.0
0.2016997167138809,0.0799319727891156,0.0449050086355785,0.0018181818181818,0.001937984496124,0.0031479538300104,0.0026315789473684,0.75,0.0003303237172428,0.4008307372793354,0,1,3,0,0,0,1,0,0,0,0,0,0,0,194.0
0.1813031161473087,0.1360544217687075,0.0379965457685664,0.0,0.0,0.0010493179433368,0.0026315789473684,0.75,0.0002202158114952,0.0290758047767393,0,1,3,0,0,0,1,0,0,0,0,0,0,0,15.0
0.520113314447592,0.2925170068027211,0.6355785837651122,0.0763636363636363,0.003875968992248,0.0188877229800629,0.0289473684210526,1.0,0.0023122660207002,0.8390446521287642,0,1,3,0,0,0,1,0,0,0,0,0,0,0,405.0
0.4305949008498583,0.3282312925170068,0.2694300518134715,0.0054545454545454,0.0,0.0010493179433368,0.0,1.0,0.0002202158114952,0.1433021806853582,0,1,3,0,0,1,0,0,0,0,0,0,0,0,70.0
0.5665722379603398,0.5578231292517006,0.0046183074265975,0.1872727272727272,0.0445736434108527,0.068205666316894,0.1631578947368421,1.0,0.0104602510460251,1.0,0,1,3,0,1,0,0,0,0,0,0,0,0,0,482.5
0.4532577903682719,0.2857142857142857,0.4801381692573402,0.0072727272727272,0.0,0.0083945435466946,0.0157894736842105,0.5,0.000880863245981,0.1910695742471443,0,1,3,0,0,0,1,0,0,0,0,0,0,0,93.0
0.3852691218130311,0.1989795918367347,0.0449050086355785,0.0,0.0,0.0,0.0,1.0,0.0004954855758643,0.0685358255451713,0,1,3,0,1,0,0,0,0,0,0,0,0,0,34.0
0.6798866855524078,0.5034013605442176,0.3661485319516407,0.0054545454545454,0.001937984496124,0.0062959076600209,0.0131578947368421,0.75,0.0004404316229905,0.284527518172378,0,1,2,0,0,0,0,0,0,0,0,0,0,1,138.0
0.3206798866855523,0.3537414965986394,0.2245250431778929,0.0145454545454545,0.0,0.0136411332633788,0.0105263157894736,0.75,0.0016516185862144,0.4049844236760124,0,1,3,0,0,0,0,0,0,0,0,0,0,1,196.0
0.6481586402266288,0.3061224489795918,0.3730569948186528,0.0254545454545454,0.003875968992248,0.0094438614900314,0.0105263157894736,1.0,0.0013212948689715,0.3572170301142264,0,1,3,0,0,0,0,0,0,0,0,0,0,1,173.0
0.5665722379603398,0.4761904761904762,0.4041450777202072,0.0236363636363636,0.0,0.0073452256033578,0.0157894736842105,1.0,0.0014314027747192,0.407061266874351,0,1,3,0,0,0,0,0,0,0,0,1,0,0,197.0
0.5643059490084985,0.7755102040816326,1.0,0.0509090909090909,0.001937984496124,0.055613850996852,0.1052631578947368,0.75,0.0059458269103721,0.8909657320872274,0,1,3,0,0,0,1,0,0,0,0,0,0,0,430.0
0.2708215297450425,0.1292517006802721,0.2417962003454231,0.0054545454545454,0.0,0.0020986358866736,0.0,0.75,0.0002202158114952,0.1079958463136033,0,1,3,0,0,0,1,0,0,0,0,0,0,0,53.0
0.7592067988668555,0.3537414965986394,0.0483592400690846,0.0018181818181818,0.001937984496124,0.0020986358866736,0.0,1.0,0.0004954855758643,0.043613707165109,0,1,3,0,1,0,0,0,0,0,0,0,0,0,22.0
0.5665722379603398,0.3843537414965986,0.0276338514680483,0.0036363636363636,0.0,0.0,0.0,1.0,0.0004954855758643,0.0332294911734164,0,1,3,0,0,1,0,0,0,0,0,0,0,0,17.0
0.2764872521246458,0.1496598639455782,0.5664939550949913,0.0127272727272727,0.003875968992248,0.0094438614900314,0.0157894736842105,0.75,0.0013212948689715,0.2512980269989616,0,1,3,0,0,0,1,0,0,0,0,0,0,0,122.0
0.2594900849858356,0.1836734693877551,0.1761658031088082,0.0054545454545454,0.001937984496124,0.0010493179433368,0.0,0.75,0.0001101079057476,0.2388369678089304,0,1,3,0,0,0,1,0,0,0,0,0,0,0,116.0
0.7705382436260623,0.3673469387755102,0.0449050086355785,0.0018181818181818,0.0,0.0010493179433368,0.0,1.0,0.0,0.0186915887850467,0,1,3,0,0,0,0,0,0,0,1,0,0,0,10.0
0.3399433427762039,0.1224489795918367,0.7495682210708117,0.02,0.001937984496124,0.0167890870933892,0.0289473684210526,1.0,0.0018718343977097,0.4444444444444445,0,1,3,0,0,0,0,0,0,0,0,1,0,0,215.0
0.3399433427762039,0.2993197278911564,0.3039723661485319,0.029090909090909,0.005813953488372,0.0115424973767051,0.0078947368421052,1.0,0.0007707553402334,0.4008307372793354,0,1,3,0,1,0,0,0,0,0,0,0,0,0,194.0
0.5325779036827195,0.5850340136054422,1.0,0.0127272727272727,0.001937984496124,0.0220356768100734,0.0342105263157894,0.75,0.0024223739264479,0.3966770508826583,0,1,3,0,0,0,1,0,0,0,0,0,0,0,192.0
0.3399433427762039,0.1428571428571428,0.0138169257340241,0.0018181818181818,0.0,0.0,0.0,1.0,0.0004954855758643,0.1682242990654205,1,1,3,0,1,0,0,0,0,0,0,0,0,0,82.0
0.3592067988668554,0.1292517006802721,0.0172711571675302,0.0,0.0,0.0,0.0,1.0,0.0,0.2076843198338525,1,1,3,0,1,0,0,0,0,0,0,0,0,0,101.0
0.3059490084985835,0.445578231292517,1.0,0.0981818181818181,0.0155038759689922,0.1500524658971668,0.1263157894736842,0.75,0.0071570138735961,1.0,0,1,3,0,0,0,1,0,0,0,0,0,0,0,482.5
1.0,0.8044217687074829,0.0587219343696027,0.0018181818181818,0.0,0.0020986358866736,0.0,1.0,0.0001101079057476,0.0290758047767393,0,1,3,0,0,0,0,0,0,1,0,0,0,0,15.0
0.1586402266288951,0.0408163265306122,0.0621761658031088,0.0018181818181818,0.0,0.0,0.0,1.0,0.0004954855758643,0.1536863966770508,0,1,3,0,0,0,0,0,0,0,0,1,0,0,75.0
0.4963172804532577,0.5306122448979591,0.2832469775474956,0.0018181818181818,0.001937984496124,0.0041972717733473,0.0052631578947368,0.75,0.0002202158114952,0.1142263759086189,0,1,3,0,0,1,0,0,0,0,0,0,0,0,56.0
0.4532577903682719,0.5034013605442176,0.6459412780656304,0.0436363636363636,0.0,0.0272822665267576,0.0526315789473684,1.0,0.0040739925126624,0.8701973001038421,0,1,3,0,0,0,0,0,0,0,0,0,1,0,420.0
0.2696883852691218,0.1207482993197278,0.0207253886010362,0.0072727272727272,0.0,0.0010493179433368,0.0,1.0,0.0,0.2326064382139148,0,1,3,0,0,0,1,0,0,0,0,0,0,0,113.0
0.1586402266288951,0.163265306122449,1.0,0.0527272727272727,0.003875968992248,0.0461699895068205,0.0578947368421052,0.75,0.0050649636643911,1.0,0,1,3,0,0,0,0,0,0,0,0,1,0,0,482.5
0.3852691218130311,0.1224489795918367,0.0690846286701209,0.0036363636363636,0.0,0.0010493179433368,0.0026315789473684,1.0,0.0,0.0602284527518172,0,1,3,0,0,0,1,0,0,0,0,0,0,0,30.0
0.2175637393767705,0.1224489795918367,0.0207253886010362,0.0,0.0,0.0020986358866736,0.0026315789473684,1.0,0.0,0.616822429906542,0,1,3,0,0,0,1,0,0,0,0,0,0,0,298.0
0.3286118980169971,0.2993197278911564,0.0241796200345423,0.0,0.0,0.0,0.0,1.0,0.0004954855758643,0.0602284527518172,0,1,3,0,0,0,0,0,0,0,0,1,0,0,30.0
0.1223796033994334,0.0952380952380952,0.0138169257340241,0.0,0.0,0.0,0.0,1.0,0.0,0.2180685358255451,0,1,3,0,0,0,1,0,0,0,0,0,0,0,106.0
0.176770538243626,0.1496598639455782,0.0172711571675302,0.0018181818181818,0.0,0.0,0.0,1.0,0.0004954855758643,0.2824506749740395,0,1,3,0,0,0,1,0,0,0,0,0,0,0,137.0
0.4963172804532577,0.4353741496598639,0.0690846286701209,0.0018181818181818,0.0,0.0020986358866736,0.0,1.0,0.0,0.2762201453790239,0,1,3,0,0,0,1,0,0,0,0,0,0,0,134.0
0.3399433427762039,0.1496598639455782,0.4352331606217616,0.02,0.0,0.0083945435466946,0.0078947368421052,0.75,0.0016516185862144,0.2803738317757009,0,1,3,0,0,0,0,0,0,0,1,0,0,0,136.0
0.6798866855524078,0.4353741496598639,0.5146804835924007,0.0163636363636363,0.0,0.0041972717733473,0.0,1.0,0.0002202158114952,0.1433021806853582,0,1,3,1,0,0,0,0,0,0,0,0,0,0,70.0
1.0,1.0,0.1174438687392055,0.0036363636363636,0.0,0.0010493179433368,0.0,1.0,0.0004954855758643,0.0456905503634475,0,1,3,0,0,0,1,0,0,0,0,0,0,0,23.0
0.1586402266288951,0.0918367346938775,0.1208981001727115,0.0018181818181818,0.0,0.0020986358866736,0.0,1.0,0.0004954855758643,0.2928348909657321,0,1,3,0,0,0,1,0,0,0,0,0,0,0,142.0
0.5665722379603398,0.4353741496598639,0.082901554404145,0.0,0.001937984496124,0.0,0.0,1.0,0.0004954855758643,0.0394600207684319,0,1,3,0,1,0,0,0,0,0,0,0,0,0,20.0
0.2560906515580736,0.2857142857142857,0.0898100172711571,0.0036363636363636,0.0,0.0010493179433368,0.0052631578947368,0.5,0.0002202158114952,0.0664589823468328,0,1,3,0,0,0,0,0,1,0,0,0,0,0,33.0
0.1586402266288951,0.1071428571428571,0.0138169257340241,0.0018181818181818,0.0,0.0,0.0,1.0,0.0,0.1017653167185877,0,1,3,0,0,0,1,0,0,0,0,0,0,0,50.0
0.2152974504249291,0.3758503401360544,1.0,0.06,0.0077519379844961,0.0860440713536201,0.1157894736842105,0.75,0.0049548557586434,1.0,0,1,3,0,0,0,1,0,0,0,0,0,0,0,482.5
0.3399433427762039,0.2397959183673469,0.155440414507772,0.0054545454545454,0.0,0.0,0.0,1.0,0.0001101079057476,0.0581516095534787,0,1,3,0,0,0,0,0,0,0,0,1,0,0,29.0
0.4963172804532577,0.5034013605442176,0.4317789291882556,0.0254545454545454,0.0,0.0115424973767051,0.0026315789473684,0.75,0.0001101079057476,0.1433021806853582,0,1,3,0,0,1,0,0,0,0,0,0,0,0,70.0
0.2832861189801699,0.6258503401360543,0.5837651122625216,0.0672727272727272,0.0077519379844961,0.0283315844700944,0.0421052631578947,0.75,0.0039638846069147,0.9761163032191068,0,1,3,0,0,0,1,0,0,0,0,0,0,0,471.0
0.2991501416430595,0.4081632653061224,0.3937823834196891,0.02,0.0,0.0146904512067156,0.0052631578947368,0.75,0.0015415106804668,0.7123572170301141,0,1,3,0,0,0,1,0,0,0,0,0,0,0,344.0
0.4079320113314447,0.3265306122448979,0.0138169257340241,0.0,0.0,0.0,0.0,1.0,0.0004954855758643,0.0145379023883696,0,1,3,0,0,0,0,0,1,0,0,0,0,0,8.0
0.4963172804532577,0.5170068027210883,0.3696027633851468,0.0018181818181818,0.0,0.0073452256033578,0.0078947368421052,0.75,0.000880863245981,0.1786085150571131,0,1,3,0,0,0,1,0,0,0,0,0,0,0,87.0
0.2220963172804532,0.0612244897959183,0.0483592400690846,0.0018181818181818,0.0,0.0041972717733473,0.0026315789473684,0.75,0.0002202158114952,1.0,0,1,3,0,0,0,1,0,0,0,0,0,0,0,482.5
0.5643059490084985,0.5850340136054422,0.5803108808290155,0.02,0.0,0.0514165792235047,0.0421052631578947,1.0,0.0042942083241576,0.4672897196261682,0,1,3,0,0,0,1,0,0,0,0,0,0,0,226.0
0.2266288951841359,0.2312925170068027,0.0207253886010362,0.0,0.0,0.0,0.0,1.0,0.0004954855758643,0.0332294911734164,0,1,3,0,0,0,0,0,0,0,0,0,1,0,17.0
0.6232294617563738,0.227891156462585,0.0898100172711571,0.0036363636363636,0.0,0.0010493179433368,0.0052631578947368,1.0,0.0003303237172428,0.2658359293873312,0,1,3,0,0,0,1,0,0,0,0,0,0,0,129.0
0.5643059490084985,0.7074829931972788,0.3696027633851468,0.0436363636363636,0.001937984496124,0.0314795383001049,0.0394736842105263,0.75,0.0023122660207002,0.5171339563862928,0,1,3,0,0,0,1,0,0,0,0,0,0,0,250.0
0.3399433427762039,0.3061224489795918,0.3696027633851468,0.02,0.001937984496124,0.0052465897166841,0.0394736842105263,1.0,0.0019819423034573,0.3156801661474558,0,1,3,0,0,0,0,0,0,0,0,1,0,0,153.0
0.0339943342776204,0.2312925170068027,1.0,0.1163636363636363,0.0116279069767441,0.0975865687303252,0.1342105263157894,1.0,0.0101299273287822,1.0,0,1,3,0,0,0,1,0,0,0,0,0,0,0,482.5
0.5665722379603398,0.4625850340136054,0.155440414507772,0.009090909090909,0.0,0.0031479538300104,0.0026315789473684,0.75,0.0004404316229905,0.3925233644859813,0,1,3,0,0,0,1,0,0,0,0,0,0,0,190.0
0.2946175637393767,0.195578231292517,0.5595854922279793,0.0145454545454545,0.0,0.0094438614900314,0.0052631578947368,1.0,0.0005505395287381,0.2782969885773624,0,1,2,0,0,0,1,0,0,0,0,0,0,0,135.0
0.2266288951841359,0.151360544217687,0.0172711571675302,0.0018181818181818,0.0,0.0,0.0,1.0,0.0004954855758643,0.0103842159916926,0,1,3,0,0,0,1,0,0,0,0,0,0,0,6.0
0.4963172804532577,0.489795918367347,0.8082901554404145,0.009090909090909,0.0,0.0398740818467995,0.0184210526315789,0.75,0.0038537767011671,0.620976116303219,0,1,3,0,0,0,1,0,0,0,0,0,0,0,300.0
0.9053824362606232,0.5374149659863945,0.1796200345423143,0.0109090909090909,0.0,0.0041972717733473,0.0105263157894736,1.0,0.0007707553402334,0.5545171339563862,0,1,3,0,0,0,1,0,0,0,0,0,0,0,268.0
0.7932011331444758,0.7789115646258503,0.2901554404145077,0.0018181818181818,0.0,0.0010493179433368,0.0026315789473684,1.0,0.0001101079057476,0.1391484942886812,0,1,3,0,0,0,0,0,0,0,0,1,0,0,68.0
0.2821529745042492,0.1360544217687075,0.1105354058721934,0.0109090909090909,0.0,0.0010493179433368,0.0,1.0,0.0002202158114952,0.0643821391484942,0,1,3,0,0,0,1,0,0,0,0,0,0,0,32.0
0.3852691218130311,0.3010204081632653,0.0207253886010362,0.0,0.0,0.0,0.0,1.0,0.0004954855758643,0.0851505711318795,0,1,3,0,0,1,0,0,0,0,0,0,0,0,42.0
0.5643059490084985,0.4489795918367347,0.7046632124352331,0.0418181818181818,0.003875968992248,0.0251836306400839,0.0210526315789473,0.75,0.002972913455186,1.0,0,1,3,0,1,0,0,0,0,0,0,0,0,0,482.5
0.2266288951841359,0.163265306122449,0.0483592400690846,0.0018181818181818,0.0,0.0010493179433368,0.0,1.0,0.0004954855758643,0.004153686396677,0,1,3,0,0,0,1,0,0,0,0,0,0,0,3.0
1.0,0.5034013605442176,0.2694300518134715,0.0127272727272727,0.0,0.0010493179433368,0.0052631578947368,0.75,0.0004404316229905,0.1723779854620976,0,1,3,0,0,0,0,0,1,0,0,0,0,0,84.0
0.5915014164305948,0.217687074829932,0.0345423143350604,0.0036363636363636,0.003875968992248,0.0010493179433368,0.0,1.0,0.0004954855758643,0.5233644859813084,0,1,3,0,0,0,1,0,0,0,0,0,0,0,253.0
0.2492917847025495,0.1802721088435374,0.5595854922279793,0.0127272727272727,0.0,0.0083945435466946,0.0078947368421052,1.0,0.0004404316229905,0.4880581516095534,0,1,3,0,0,0,1,0,0,0,0,0,0,0,236.0
0.3852691218130311,0.2482993197278911,0.5077720207253886,0.009090909090909,0.0,0.0010493179433368,0.0,1.0,0.0004954855758643,0.1682242990654205,0,1,3,0,1,0,0,0,0,0,0,0,0,0,82.0
0.8611898016997166,0.4761904761904762,0.5146804835924007,0.2,0.0116279069767441,0.0545645330535152,0.1052631578947368,0.75,0.0124421933494824,1.0,0,1,3,0,0,0,1,0,0,0,0,0,0,0,482.5
0.6028328611898016,0.4761904761904762,0.3972366148531951,0.0218181818181818,0.003875968992248,0.0073452256033578,0.0184210526315789,0.75,0.0013212948689715,0.2616822429906542,0,1,3,0,0,0,0,0,0,1,0,0,0,0,127.0
0.3648725212464589,0.2585034013605442,0.0656303972366148,0.0018181818181818,0.0,0.0010493179433368,0.0026315789473684,1.0,0.0001101079057476,0.1349948078920041,0,1,3,0,1,0,0,0,0,0,0,0,0,0,66.0
0.4294617563739377,0.2346938775510204,0.2797927461139896,0.0145454545454545,0.001937984496124,0.0020986358866736,0.0026315789473684,1.0,0.0003303237172428,0.12668743509865,0,1,3,0,0,0,1,0,0,0,0,0,0,0,62.0
0.2039660056657223,0.1258503401360544,0.1381692573402418,0.0054545454545454,0.0,0.0010493179433368,0.0,1.0,0.0004954855758643,0.367601246105919,0,1,3,0,0,0,0,0,1,0,0,0,0,0,178.0
0.2266288951841359,0.3613945578231292,0.0518134715025906,0.0018181818181818,0.0,0.0031479538300104,0.0,1.0,0.0004954855758643,0.1536863966770508,0,1,3,0,0,0,0,0,0,0,0,0,0,1,75.0
0.3954674220963172,0.2142857142857143,0.0656303972366148,0.0109090909090909,0.001937984496124,0.0031479538300104,0.0026315789473684,0.75,0.0002202158114952,0.0353063343717549,0,1,3,0,0,0,1,0,0,0,0,0,0,0,18.0
0.2606232294617563,0.2091836734693877,0.0207253886010362,0.0,0.0,0.0,0.0,1.0,0.0,0.1889927310488058,0,1,3,0,0,0,0,0,0,0,0,0,1,0,92.0
0.3399433427762039,0.2959183673469387,0.0552677029360967,0.0018181818181818,0.0,0.0020986358866736,0.0,1.0,0.0004954855758643,0.1827622014537902,0,1,3,0,0,0,1,0,0,0,0,0,0,0,89.0
0.2039660056657223,0.1428571428571428,0.2141623488773748,0.0072727272727272,0.0,0.0031479538300104,0.0026315789473684,1.0,0.0002202158114952,0.8888888888888888,0,1,3,0,0,0,1,0,0,0,0,0,0,0,429.0
0.6821529745042493,0.3673469387755102,0.2107081174438687,0.0036363636363636,0.0,0.0010493179433368,0.0026315789473684,0.5,0.0,0.1682242990654205,0,1,3,0,1,0,0,0,0,0,0,0,0,0,82.0
0.7932011331444758,0.4761904761904762,0.1899827288428324,0.0109090909090909,0.001937984496124,0.0020986358866736,0.0026315789473684,1.0,0.0001101079057476,0.1059190031152648,0,1,3,0,0,0,0,0,0,0,0,1,0,0,52.0
0.0793201133144475,0.2585034013605442,1.0,0.1418181818181818,0.0174418604651162,0.1133263378803777,0.1184210526315789,1.0,0.0103501431402774,1.0,0,1,3,0,0,0,1,0,0,0,0,0,0,0,482.5
0.2266288951841359,0.163265306122449,0.0241796200345423,0.0,0.0,0.0010493179433368,0.0026315789473684,1.0,0.0001101079057476,0.0789200415368639,0,1,3,0,0,0,1,0,0,0,0,0,0,0,39.0
0.3852691218130311,0.2023809523809523,0.0898100172711571,0.0,0.0,0.0020986358866736,0.0026315789473684,1.0,0.0,0.0664589823468328,0,1,3,0,1,0,0,0,0,0,0,0,0,0,33.0
0.4963172804532577,0.5034013605442176,0.3385146804835924,0.0109090909090909,0.0,0.0052465897166841,0.0026315789473684,1.0,0.0006606474344857,0.0581516095534787,0,1,3,0,0,1,0,0,0,0,0,0,0,0,29.0
0.063456090651558,0.1309523809523809,0.2625215889464594,0.0036363636363636,0.001937984496124,0.0041972717733473,0.0078947368421052,0.75,0.0006606474344857,0.5275181723779854,0,1,3,0,0,0,0,0,0,0,0,0,1,0,255.0
0.6798866855524078,0.4693877551020408,0.1623488773747841,0.0036363636363636,0.0,0.0010493179433368,0.0026315789473684,1.0,0.0001101079057476,0.6022845275181723,0,1,3,0,1,0,0,0,0,0,0,0,0,0,291.0
0.6798866855524078,0.4489795918367347,0.4386873920552677,0.0163636363636363,0.003875968992248,0.0010493179433368,0.0052631578947368,1.0,0.0002202158114952,0.1806853582554517,0,1,3,1,0,0,0,0,0,0,0,0,0,0,88.0
0.7025495750708215,0.5714285714285714,0.3488773747841105,0.0145454545454545,0.0,0.0062959076600209,0.0052631578947368,1.0,0.0003303237172428,0.5898234683281411,0,1,3,0,0,0,1,0,0,0,0,0,0,0,285.0
0.2039660056657223,0.1717687074829932,0.0103626943005181,0.0,0.0,0.0010493179433368,0.0,1.0,0.0004954855758643,0.0332294911734164,0,1,3,0,0,0,1,0,0,0,0,0,0,0,17.0
0.5575070821529745,0.1904761904761904,0.2176165803108808,0.0072727272727272,0.001937984496124,0.0010493179433368,0.0,1.0,0.0,0.2014537902388369,0,1,3,0,0,0,0,0,0,0,0,1,0,0,98.0
0.7592067988668555,0.3537414965986394,0.1243523316062176,0.0018181818181818,0.0,0.0,0.0,1.0,0.0004954855758643,0.1412253374870197,0,1,3,0,0,0,0,1,0,0,0,0,0,0,69.0
0.4532577903682719,0.272108843537415,0.9948186528497408,0.0436363636363636,0.003875968992248,0.0073452256033578,0.0052631578947368,0.75,0.0015415106804668,0.6832814122533748,0,1,3,0,1,0,0,0,0,0,0,0,0,0,330.0
0.1813031161473087,0.1496598639455782,0.079447322970639,0.0072727272727272,0.001937984496124,0.0052465897166841,0.0052631578947368,1.0,0.0002202158114952,0.7144340602284527,0,1,3,0,0,0,1,0,0,0,0,0,0,0,345.0
0.2266288951841359,0.2040816326530612,0.0138169257340241,0.0,0.0,0.0,0.0,1.0,0.0004954855758643,0.3468328141225337,0,1,3,0,0,0,1,0,0,0,0,0,0,0,168.0
0.498583569405099,0.5034013605442176,0.2141623488773748,0.0036363636363636,0.0,0.0,0.0026315789473684,1.0,0.0,0.1474558670820352,0,1,3,0,1,0,0,0,0,0,0,0,0,0,72.0
0.4532577903682719,0.5034013605442176,0.1036269430051813,0.0,0.0,0.0020986358866736,0.0026315789473684,1.0,0.0002202158114952,0.043613707165109,0,1,4,0,1,0,0,0,0,0,0,0,0,0,22.0
0.509915014164306,0.5306122448979591,0.1830742659758203,0.0072727272727272,0.0,0.0062959076600209,0.0052631578947368,0.75,0.0004404316229905,0.0893042575285566,0,1,3,0,0,0,1,0,0,0,0,0,0,0,44.0
0.7977337110481586,0.4489795918367347,0.0379965457685664,0.0018181818181818,0.0,0.0031479538300104,0.0078947368421052,1.0,0.0002202158114952,0.1495327102803738,0,1,3,0,0,0,1,0,0,0,0,0,0,0,73.0
0.3399433427762039,0.3129251700680272,0.1519861830742659,0.0,0.0,0.0020986358866736,0.0026315789473684,1.0,0.0004404316229905,0.5046728971962616,0,1,3,0,0,0,0,0,0,0,0,1,0,0,244.0
0.5643059490084985,0.4761904761904762,0.614853195164076,0.0163636363636363,0.003875968992248,0.0209863588667366,0.0105263157894736,0.75,0.0018718343977097,0.3156801661474558,0,1,3,0,0,0,1,0,0,0,0,0,0,0,153.0
0.4305949008498583,0.4761904761904762,0.0621761658031088,0.0,0.001937984496124,0.0,0.0,1.0,0.0004954855758643,0.047767393561786,0,1,3,0,1,0,0,0,0,0,0,0,0,0,24.0
0.3852691218130311,0.3809523809523809,0.0898100172711571,0.0,0.0,0.0052465897166841,0.0105263157894736,0.75,0.0003303237172428,0.1889927310488058,0,1,3,0,0,0,1,0,0,0,0,0,0,0,92.0
0.4521246458923512,0.2482993197278911,0.0725388601036269,0.0036363636363636,0.0,0.0083945435466946,0.0131578947368421,1.0,0.0004404316229905,0.0560747663551401,0,1,3,0,0,0,0,1,0,0,0,0,0,0,28.0
0.4305949008498583,0.5034013605442176,0.082901554404145,0.0072727272727272,0.0,0.0031479538300104,0.0105263157894736,0.75,0.0005505395287381,0.0976116303219107,0,1,3,0,0,0,1,0,0,0,0,0,0,0,48.0
0.5643059490084985,0.5986394557823128,0.459412780656304,0.0345454545454545,0.0,0.0388247639034627,0.0289473684210526,1.0,0.0026425897379431,0.8888888888888888,0,1,3,0,0,0,1,0,0,0,0,0,0,0,429.0
0.4532577903682719,0.3486394557823129,0.1070811744386874,0.0054545454545454,0.001937984496124,0.0041972717733473,0.0,1.0,0.0002202158114952,0.1495327102803738,0,1,3,1,0,0,0,0,0,0,0,0,0,0,73.0
0.3399433427762039,0.272108843537415,0.003454231433506,0.0,0.0,0.0,0.0,1.0,0.0004954855758643,0.0,0,1,3,0,0,1,0,0,0,0,0,0,0,0,1.0
0.3399433427762039,0.2244897959183673,0.2487046632124352,0.009090909090909,0.0,0.0010493179433368,0.0026315789473684,0.75,0.0004404316229905,0.3779854620976116,0,1,3,0,0,0,0,0,0,1,0,0,0,0,183.0
0.7932011331444758,0.5782312925170068,1.0,0.0309090909090909,0.003875968992248,0.0031479538300104,0.0078947368421052,1.0,0.0007707553402334,0.4735202492211838,0,1,3,0,0,0,0,1,0,0,0,0,0,0,229.0
0.5881019830028328,0.3401360544217687,0.3696027633851468,0.0181818181818181,0.0,0.0083945435466946,0.0131578947368421,1.0,0.000880863245981,0.1619937694704049,0,1,3,0,0,0,1,0,0,0,0,0,0,0,79.0
0.5665722379603398,0.3843537414965986,0.5008635578583764,0.0145454545454545,0.0,0.0062959076600209,0.0,1.0,0.0003303237172428,0.2326064382139148,0,1,3,0,0,0,0,0,0,0,0,1,0,0,113.0
0.5643059490084985,0.6122448979591836,0.8255613126079447,0.0145454545454545,0.0,0.0472193074501574,0.0263157894736842,0.75,0.0035234529839242,0.7559709241952232,0,1,3,0,0,0,1,0,0,0,0,0,0,0,365.0
0.4532577903682719,1.0,0.690846286701209,0.0345454545454545,0.003875968992248,0.0136411332633788,0.0342105263157894,1.0,0.0023122660207002,0.6085150571131879,0,1,3,0,0,0,1,0,0,0,0,0,0,0,294.0
0.509915014164306,0.5306122448979591,0.5734024179620034,0.0236363636363636,0.001937984496124,0.0157397691500524,0.0263157894736842,1.0,0.0017617264919621,0.454828660436137,0,1,2,0,0,0,1,0,0,0,0,0,0,0,220.0
0.5212464589235127,0.489795918367347,0.6804835924006908,0.04,0.0096899224806201,0.0125918153200419,0.031578947368421,1.0,0.0025324818321955,0.5067497403946002,0,1,3,0,0,0,0,0,0,0,0,1,0,0,245.0
0.5643059490084985,0.5578231292517006,0.3834196891191709,0.0109090909090909,0.005813953488372,0.0178384050367261,0.0289473684210526,1.0,0.0013212948689715,0.2990654205607477,0,1,3,0,0,0,1,0,0,0,0,0,0,0,145.0
0.690084985835694,0.4013605442176871,0.2556131260794473,0.0236363636363636,0.0,0.0062959076600209,0.0078947368421052,1.0,0.0007707553402334,0.1993769470404984,0,1,3,0,0,0,1,0,0,0,0,0,0,0,97.0
0.2266288951841359,0.2312925170068027,0.0483592400690846,0.0,0.0,0.0,0.0,1.0,0.0004954855758643,0.0228452751817237,0,1,3,0,0,0,0,0,1,0,0,0,0,0,12.0
0.2016997167138809,0.0816326530612245,0.0379965457685664,0.0,0.0,0.0052465897166841,0.0157894736842105,1.0,0.0005505395287381,0.407061266874351,0,1,3,0,0,0,1,0,0,0,0,0,0,0,197.0
0.4532577903682719,1.0,0.2556131260794473,0.0036363636363636,0.0,0.0,0.0026315789473684,1.0,0.0,0.0643821391484942,0,1,3,0,0,0,1,0,0,0,0,0,0,0,32.0
0.6798866855524078,0.4489795918367347,1.0,0.0363636363636363,0.005813953488372,0.0104931794333683,0.0157894736842105,1.0,0.0022021581149526,0.6832814122533748,0,1,3,0,0,0,0,0,0,0,0,0,0,1,330.0
0.5643059490084985,0.5306122448979591,0.2867012089810017,0.0127272727272727,0.0,0.0188877229800629,0.0157894736842105,0.75,0.0012111869632239,0.2907580477673935,0,1,3,0,0,0,1,0,0,0,0,0,0,0,141.0
0.5212464589235127,0.5986394557823128,0.0932642487046632,0.0018181818181818,0.0,0.0,0.0026315789473684,0.25,0.0,0.0353063343717549,0,1,3,0,0,0,1,0,0,0,0,0,0,0,18.0
1.0,0.7755102040816326,0.0967184801381692,0.0,0.0,0.0020986358866736,0.0026315789473684,1.0,0.0001101079057476,0.0186915887850467,0,1,3,0,0,0,0,0,0,0,0,0,1,0,10.0
0.2152974504249291,0.1496598639455782,0.2003454231433506,0.0109090909090909,0.0,0.0094438614900314,0.0131578947368421,0.75,0.0013212948689715,0.2699896157840083,0,1,2,0,0,0,1,0,0,0,0,0,0,0,131.0
0.6798866855524078,0.5306122448979591,0.231433506044905,0.009090909090909,0.0,0.0062959076600209,0.0026315789473684,1.0,0.0003303237172428,0.2367601246105918,0,1,3,0,0,0,0,0,0,0,1,0,0,0,115.0
0.2946175637393767,0.5850340136054422,0.0898100172711571,0.0036363636363636,0.0,0.0020986358866736,0.0026315789473684,0.5,0.0001101079057476,0.043613707165109,0,1,3,0,0,0,0,1,0,0,0,0,0,0,22.0
0.3852691218130311,0.272108843537415,0.2797927461139896,0.0054545454545454,0.0,0.0073452256033578,0.0026315789473684,0.75,0.0003303237172428,0.2596053997923156,0,1,3,1,0,0,0,0,0,0,0,0,0,0,126.0
0.7932011331444758,0.5680272108843537,0.0138169257340241,0.0,0.0,0.0,0.0,1.0,0.0004954855758643,0.0124610591900311,0,1,3,0,0,0,0,0,0,1,0,0,0,0,7.0
0.1586402266288951,0.0952380952380952,0.003454231433506,0.0,0.0,0.0,0.0,1.0,0.0004954855758643,0.0103842159916926,0,1,3,0,0,0,1,0,0,0,0,0,0,0,6.0
0.5643059490084985,0.5986394557823128,0.92573402417962,0.009090909090909,0.0,0.0314795383001049,0.0447368421052631,0.75,0.0036335608896718,0.6542056074766355,0,1,3,0,0,0,1,0,0,0,0,0,0,0,316.0
0.0679886685552407,0.1768707482993197,0.0172711571675302,0.0,0.0,0.0020986358866736,0.0026315789473684,1.0,0.0,0.0976116303219107,0,1,3,0,0,0,0,0,0,0,0,0,1,0,48.0
0.0770538243626062,0.1428571428571428,0.1139896373056994,0.0127272727272727,0.0,0.0052465897166841,0.0078947368421052,1.0,0.0006606474344857,0.166147455867082,0,1,3,0,0,0,1,0,0,0,0,0,0,0,81.0
0.5643059490084985,0.5442176870748299,0.3385146804835924,0.0181818181818181,0.001937984496124,0.0461699895068205,0.0368421052631578,1.0,0.0033032371724289,0.4008307372793354,0,1,3,0,0,0,1,0,0,0,0,0,0,0,194.0
0.906515580736544,0.8520408163265305,0.0656303972366148,0.0018181818181818,0.0,0.0,0.0026315789473684,0.75,0.0,0.0706126687435098,0,1,3,0,0,0,1,0,0,0,0,0,0,0,35.0
0.1722379603399433,0.1904761904761904,0.2832469775474956,0.0054545454545454,0.001937984496124,0.0083945435466946,0.0078947368421052,0.75,0.000880863245981,0.3468328141225337,0,1,3,0,1,0,0,0,0,0,0,0,0,0,168.0
0.3399433427762039,0.8061224489795917,0.0449050086355785,0.0,0.0,0.0031479538300104,0.0,1.0,0.0004954855758643,0.0353063343717549,0,1,3,0,0,0,1,0,0,0,0,0,0,0,18.0
0.8838526912181303,0.8843537414965985,0.46286701208981,0.0309090909090909,0.0,0.0188877229800629,0.0210526315789473,1.0,0.0022021581149526,0.6043613707165109,0,1,3,0,0,0,1,0,0,0,0,0,0,0,292.0
0.5892351274787535,0.6122448979591836,0.0621761658031088,0.0036363636363636,0.0,0.0041972717733473,0.0026315789473684,1.0,0.0001101079057476,0.0934579439252336,0,1,3,0,0,0,1,0,0,0,0,0,0,0,46.0
0.3172804532577903,0.163265306122449,0.0172711571675302,0.0018181818181818,0.0,0.0,0.0026315789473684,0.5,0.0001101079057476,0.0083073727933541,0,1,3,0,0,0,1,0,0,0,0,0,0,0,5.0
0.5665722379603398,0.4217687074829931,1.0,0.0327272727272727,0.005813953488372,0.0251836306400839,0.2657894736842105,0.75,0.0296190266461131,1.0,0,1,2,0,1,0,0,0,0,0,0,0,0,0,482.5
0.2266288951841359,0.0850340136054421,0.0241796200345423,0.0,0.0,0.0,0.0,1.0,0.0004954855758643,0.0207684319833852,0,1,3,0,1,0,0,0,0,0,0,0,0,0,11.0
0.2810198300283286,0.272108843537415,0.0379965457685664,0.0036363636363636,0.001937984496124,0.0,0.0,1.0,0.0004954855758643,1.0,0,1,3,0,0,0,1,0,0,0,0,0,0,0,482.5
0.1699716713881019,0.1360544217687075,0.0898100172711571,0.0054545454545454,0.0,0.0041972717733473,0.0,0.5,0.0003303237172428,0.1163032191069574,0,1,3,0,0,0,1,0,0,0,0,0,0,0,57.0
0.0679886685552407,0.1768707482993197,0.0207253886010362,0.0,0.0,0.0,0.0,1.0,0.0004954855758643,0.0996884735202492,0,1,3,0,0,0,0,0,0,0,0,0,1,0,49.0
0.5552407932011331,0.2448979591836734,0.0207253886010362,0.0,0.0,0.0010493179433368,0.0,1.0,0.0004954855758643,0.0934579439252336,0,1,3,0,1,0,0,0,0,0,0,0,0,0,46.0
0.1110481586402266,0.173469387755102,0.1070811744386874,0.009090909090909,0.005813953488372,0.0010493179433368,0.0052631578947368,0.75,0.0003303237172428,0.0623052959501557,0,1,3,0,0,0,1,0,0,0,0,0,0,0,31.0
0.7705382436260623,0.802721088435374,0.618307426597582,0.04,0.001937984496124,0.0262329485834207,0.0421052631578947,1.0,0.0030830213609337,0.6978193146417445,0,1,3,0,0,0,1,0,0,0,0,0,0,0,337.0
0.7025495750708215,0.3129251700680272,0.1450777202072538,0.0036363636363636,0.0,0.0010493179433368,0.0052631578947368,1.0,0.0001101079057476,0.0955347871235721,0,1,3,0,0,0,1,0,0,0,0,0,0,0,47.0
0.6798866855524078,0.4761904761904762,0.3419689119170984,0.0127272727272727,0.0,0.0010493179433368,0.0,1.0,0.0,0.1183800623052959,0,1,3,1,0,0,0,0,0,0,0,0,0,0,58.0
0.2028328611898016,0.0986394557823129,0.310880829015544,0.0181818181818181,0.001937984496124,0.0157397691500524,0.0263157894736842,1.0,0.0018718343977097,0.6188992731048806,0,1,3,0,0,0,1,0,0,0,0,0,0,0,299.0
0.4509915014164305,0.2312925170068027,0.6563039723661485,0.0509090909090909,0.001937984496124,0.0220356768100734,0.0394736842105263,0.75,0.0038537767011671,1.0,0,1,3,0,0,0,1,0,0,0,0,0,0,0,482.5
0.4509915014164305,0.3673469387755102,0.5595854922279793,0.0145454545454545,0.0,0.0220356768100734,0.0289473684210526,0.75,0.002092050209205,0.3925233644859813,0,1,3,0,0,0,1,0,0,0,0,0,0,0,190.0
0.35014164305949,0.1836734693877551,0.1036269430051813,0.0036363636363636,0.0,0.0010493179433368,0.0,1.0,0.0001101079057476,0.1370716510903426,0,1,3,0,1,0,0,0,0,0,0,0,0,0,67.0
0.9745042492917846,0.3401360544217687,0.1796200345423143,0.0036363636363636,0.0,0.0020986358866736,0.0078947368421052,1.0,0.0003303237172428,0.0809968847352024,0,1,3,0,1,0,0,0,0,0,0,0,0,0,40.0
0.4532577903682719,0.3673469387755102,0.2970639032815198,0.0109090909090909,0.0,0.0052465897166841,0.0078947368421052,1.0,0.0007707553402334,0.1204569055036344,0,1,3,0,0,0,0,1,0,0,0,0,0,0,59.0
0.5643059490084985,0.7482993197278911,1.0,0.1290909090909091,0.0155038759689922,0.0545645330535152,0.1052631578947368,1.0,0.0084783087425677,1.0,0,1,3,0,1,0,0,0,0,0,0,0,0,0,482.5
0.6005665722379603,0.7074829931972788,0.3143350604490501,0.0127272727272727,0.001937984496124,0.0083945435466946,0.0,1.0,0.0005505395287381,0.4818276220145379,0,1,3,0,1,0,0,0,0,0,0,0,0,0,233.0
0.2447592067988668,0.0408163265306122,0.0207253886010362,0.0,0.0,0.0,0.0,1.0,0.0,0.5212876427829698,0,1,3,0,0,0,1,0,0,0,0,0,0,0,252.0
1.0,0.7346938775510203,0.1727115716753022,0.0072727272727272,0.0,0.0,0.0,1.0,0.0004954855758643,0.371754932502596,0,1,3,0,0,0,0,0,0,1,0,0,0,0,180.0
0.5643059490084985,0.6122448979591836,0.1070811744386874,0.0018181818181818,0.0,0.0041972717733473,0.0026315789473684,1.0,0.0,0.1163032191069574,0,1,3,0,0,0,0,0,0,0,0,0,1,0,57.0
0.7388101983002833,0.5850340136054422,0.3212435233160621,0.0109090909090909,0.0,0.0031479538300104,0.0026315789473684,1.0,0.0001101079057476,0.0768431983385254,0,1,3,0,0,0,0,1,0,0,0,0,0,0,38.0
0.3286118980169971,0.2908163265306122,0.0138169257340241,0.0,0.0,0.0,0.0,0.5,0.0,0.0893042575285566,0,1,3,0,0,0,1,0,0,0,0,0,0,0,44.0
0.3830028328611897,0.2040816326530612,1.0,0.1436363636363636,0.0096899224806201,0.1007345225603357,0.1157894736842105,0.75,0.0105703589517727,1.0,0,1,3,0,0,0,1,0,0,0,0,0,0,0,482.5
0.906515580736544,0.7891156462585033,0.7599309153713298,0.0236363636363636,0.001937984496124,0.0020986358866736,0.0026315789473684,1.0,0.0004404316229905,0.3156801661474558,0,1,3,0,0,0,0,0,0,0,0,1,0,0,153.0
0.7705382436260623,0.7482993197278911,0.2694300518134715,0.0054545454545454,0.001937984496124,0.0094438614900314,0.0026315789473684,1.0,0.0007707553402334,0.2242990654205607,0,1,3,0,0,0,0,0,0,0,0,1,0,0,109.0
0.2266288951841359,0.2312925170068027,0.0276338514680483,0.0,0.0,0.0010493179433368,0.0026315789473684,0.75,0.0,0.0394600207684319,0,1,3,0,0,0,1,0,0,0,0,0,0,0,20.0
0.2832861189801699,0.2312925170068027,0.4110535405872193,0.0054545454545454,0.001937984496124,0.0031479538300104,0.0052631578947368,0.75,0.0002202158114952,1.0,0,1,3,0,0,0,0,0,0,0,0,0,0,1,482.5
0.838526912181303,0.3613945578231292,0.0656303972366148,0.0018181818181818,0.0,0.0010493179433368,0.0,0.75,0.0,0.0560747663551401,0,1,3,0,0,0,1,0,0,0,0,0,0,0,28.0
0.3830028328611897,0.2312925170068027,1.0,0.1109090909090909,0.0174418604651162,0.0755508919202518,0.1026315789473684,0.75,0.0077075534023342,1.0,0,1,3,0,1,0,0,0,0,0,0,0,0,0,482.5
0.2266288951841359,0.2040816326530612,0.2003454231433506,0.0072727272727272,0.0,0.0020986358866736,0.0,1.0,0.0,0.3426791277258567,0,1,3,0,0,0,1,0,0,0,0,0,0,0,166.0
0.4305949008498583,0.3418367346938775,0.0483592400690846,0.0072727272727272,0.0,0.0,0.0026315789473684,1.0,0.0,0.0913811007268951,0,1,3,0,0,1,0,0,0,0,0,0,0,0,45.0
0.4532577903682719,1.0,1.0,0.0745454545454545,0.0155038759689922,0.0262329485834207,0.0657894736842105,1.0,0.0070469059678484,0.8785046728971962,0,0,3,0,0,0,1,0,0,0,0,0,0,0,424.0
0.725212464589235,0.6462585034013605,0.0656303972366148,0.0,0.0,0.0,0.0,1.0,0.0004954855758643,0.0623052959501557,0,1,3,0,1,0,0,0,0,0,0,0,0,0,31.0
0.315014164305949,0.1037414965986394,0.0345423143350604,0.0054545454545454,0.0,0.0031479538300104,0.0,0.75,0.0001101079057476,0.8743509865005191,0,1,3,0,0,0,1,0,0,0,0,0,0,0,422.0
0.9858356940509914,0.4761904761904762,0.006908462867012,0.0,0.0,0.0,0.0,1.0,0.0004954855758643,0.2803738317757009,0,1,3,0,0,0,0,0,0,0,1,0,0,0,136.0
0.1246458923512747,0.0918367346938775,0.0172711571675302,0.0,0.0,0.0,0.0,1.0,0.0,0.0893042575285566,0,1,3,0,0,0,1,0,0,0,0,0,0,0,44.0
0.5643059490084985,0.5442176870748299,0.2659758203799654,0.02,0.001937984496124,0.0094438614900314,0.0,1.0,0.0002202158114952,0.1599169262720664,0,1,3,0,0,0,1,0,0,0,0,0,0,0,78.0
0.4509915014164305,0.3537414965986394,0.1105354058721934,0.0072727272727272,0.0,0.0052465897166841,0.0026315789473684,1.0,0.0006606474344857,0.083073727933541,0,1,3,0,0,0,1,0,0,0,0,0,0,0,41.0
0.6096317280453257,0.6666666666666666,1.0,0.069090909090909,0.003875968992248,0.0346274921301154,0.0263157894736842,0.75,0.0016516185862144,1.0,0,1,3,0,0,0,1,0,0,0,0,0,0,0,482.5
0.2719546742209631,0.2040816326530612,0.0518134715025906,0.0018181818181818,0.0,0.0010493179433368,0.0,1.0,0.0,0.0249221183800623,0,1,3,0,0,0,1,0,0,0,0,0,0,0,13.0
0.2039660056657223,0.1700680272108843,0.3177892918825561,0.0254545454545454,0.001937984496124,0.0052465897166841,0.0052631578947368,0.75,0.0006606474344857,0.5212876427829698,0,1,3,0,0,0,1,0,0,0,0,0,0,0,252.0
0.3399433427762039,0.2312925170068027,0.6493955094991364,0.0109090909090909,0.0,0.0041972717733473,0.0,0.75,0.0006606474344857,0.3821391484942887,0,1,3,0,0,0,0,0,0,1,0,0,0,0,185.0
0.6232294617563738,0.7482993197278911,0.155440414507772,0.02,0.0,0.0104931794333683,0.0210526315789473,1.0,0.000880863245981,0.3115264797507788,0,1,3,0,0,0,1,0,0,0,0,0,0,0,151.0
0.5643059490084985,0.7210884353741496,1.0,0.0254545454545454,0.003875968992248,0.0566631689401888,0.0710526315789473,0.75,0.0044043162299053,0.616822429906542,0,1,3,0,0,0,1,0,0,0,0,0,0,0,298.0
0.3852691218130311,0.2568027210884354,0.0621761658031088,0.0036363636363636,0.0,0.0020986358866736,0.0,1.0,0.0004954855758643,0.0456905503634475,0,1,3,0,1,0,0,0,0,0,0,0,0,0,23.0
0.1813031161473087,0.2040816326530612,0.1347150259067357,0.0018181818181818,0.0,0.0010493179433368,0.0026315789473684,0.75,0.0001101079057476,0.0602284527518172,0,1,3,0,0,0,1,0,0,0,0,0,0,0,30.0
0.3852691218130311,0.3282312925170068,0.1347150259067357,0.0054545454545454,0.0,0.0,0.0,1.0,0.0004954855758643,0.0353063343717549,0,1,3,0,0,0,0,0,0,1,0,0,0,0,18.0
1.0,0.5918367346938774,0.238341968911917,0.0036363636363636,0.0,0.0062959076600209,0.0026315789473684,1.0,0.0002202158114952,0.083073727933541,0,1,3,0,0,0,1,0,0,0,0,0,0,0,41.0
0.2402266288951841,0.1360544217687075,0.6321243523316062,0.0145454545454545,0.001937984496124,0.0052465897166841,0.0052631578947368,1.0,0.0006606474344857,0.32398753894081,0,1,3,0,1,0,0,0,0,0,0,0,0,0,157.0
0.7025495750708215,0.3401360544217687,0.0138169257340241,0.0,0.0,0.0,0.0,1.0,0.0004954855758643,0.0353063343717549,0,1,3,0,0,0,1,0,0,0,0,0,0,0,18.0
0.2039660056657223,0.1496598639455782,0.0552677029360967,0.0036363636363636,0.0,0.0010493179433368,0.0,0.75,0.0,0.1682242990654205,0,1,3,0,0,0,1,0,0,0,0,0,0,0,82.0
0.4532577903682719,0.4489795918367347,0.1105354058721934,0.0036363636363636,0.0,0.0031479538300104,0.0052631578947368,0.75,0.0002202158114952,0.0789200415368639,0,1,2,0,0,0,1,0,0,0,0,0,0,0,39.0
0.1575070821529745,0.0578231292517006,0.0518134715025906,0.0018181818181818,0.0,0.0,0.0,1.0,0.0004954855758643,0.0913811007268951,0,1,3,0,0,0,1,0,0,0,0,0,0,0,45.0
0.7592067988668555,0.4727891156462585,0.006908462867012,0.0018181818181818,0.001937984496124,0.0,0.0078947368421052,1.0,0.0002202158114952,0.0789200415368639,0,1,3,0,0,0,1,0,0,0,0,0,0,0,39.0
1.0,1.0,0.1692573402417962,0.0127272727272727,0.003875968992248,0.0020986358866736,0.0026315789473684,0.75,0.0002202158114952,0.1765316718587746,0,1,3,0,0,0,0,1,0,0,0,0,0,0,86.0
0.5643059490084985,0.6394557823129251,0.1381692573402418,0.009090909090909,0.0,0.0031479538300104,0.0026315789473684,0.75,0.0006606474344857,0.0768431983385254,0,1,3,0,0,0,1,0,0,0,0,0,0,0,38.0
0.9076487252124644,0.163265306122449,0.1450777202072538,0.0018181818181818,0.0,0.0031479538300104,0.0026315789473684,1.0,0.0,0.0415368639667705,0,1,3,0,1,0,0,0,0,0,0,0,0,0,21.0
0.4532577903682719,0.5442176870748299,0.2936096718480138,0.0036363636363636,0.0,0.0125918153200419,0.0105263157894736,0.75,0.000880863245981,0.1516095534787123,0,1,3,0,0,0,1,0,0,0,0,0,0,0,74.0
0.6345609065155807,0.6394557823129251,0.386873920552677,0.0163636363636363,0.001937984496124,0.0178384050367261,0.0105263157894736,0.75,0.0015415106804668,0.3364485981308411,0,1,3,0,0,0,1,0,0,0,0,0,0,0,163.0
0.3399433427762039,0.1547619047619047,0.0172711571675302,0.0,0.0,0.0,0.0026315789473684,1.0,0.0,0.0311526479750778,1,1,3,0,1,0,0,0,0,0,0,0,0,0,16.0
0.5665722379603398,0.489795918367347,0.1105354058721934,0.0,0.0,0.0031479538300104,0.0,1.0,0.0001101079057476,0.1495327102803738,0,1,3,0,0,0,0,0,0,0,0,0,0,1,73.0
0.5643059490084985,0.6122448979591836,1.0,0.3945454545454545,0.0232558139534883,0.1563483735571878,0.2605263157894736,1.0,0.0233428760184981,1.0,0,1,3,0,0,0,0,0,0,1,0,0,0,0,482.5
0.498583569405099,0.3333333333333333,0.0932642487046632,0.0018181818181818,0.0,0.0,0.0052631578947368,1.0,0.0001101079057476,0.0976116303219107,0,1,3,0,0,0,0,0,0,1,0,0,0,0,48.0
0.5643059490084985,0.7074829931972788,0.5284974093264249,0.04,0.001937984496124,0.0209863588667366,0.0289473684210526,0.75,0.0030830213609337,0.3052959501557633,0,1,3,0,0,1,0,0,0,0,0,0,0,0,148.0
0.4509915014164305,0.3401360544217687,1.0,0.1290909090909091,0.005813953488372,0.055613850996852,0.0842105263157894,0.75,0.0084783087425677,1.0,0,1,3,0,0,0,1,0,0,0,0,0,0,0,482.5
0.3172804532577903,0.1360544217687075,0.0044006908462867,0.1690909090909091,0.0155038759689922,0.0734522560335781,0.0921052631578947,0.75,0.006276150627615,1.0,0,1,3,0,0,0,1,0,0,0,0,0,0,0,482.5
0.3399433427762039,0.5578231292517006,0.0058238341968911,0.1527272727272727,0.0232558139534883,0.1794333683105981,0.2526315789473684,1.0,0.0134331645012111,1.0,0,1,3,0,0,0,1,0,0,0,0,0,0,0,482.5
0.4305949008498583,0.3520408163265306,0.1001727115716753,0.0018181818181818,0.0,0.0,0.0,1.0,0.0004954855758643,0.0685358255451713,0,1,3,1,0,0,0,0,0,0,0,0,0,0,34.0
0.2243626062322946,0.1275510204081632,0.0241796200345423,0.0018181818181818,0.0,0.0010493179433368,0.0,1.0,0.0004954855758643,0.1349948078920041,0,1,3,0,0,0,1,0,0,0,0,0,0,0,66.0
1.0,0.7074829931972788,0.0345423143350604,0.0018181818181818,0.0,0.0,0.0,1.0,0.0004954855758643,0.0062305295950155,0,1,3,0,0,0,1,0,0,0,0,0,0,0,4.0
0.1337110481586402,0.2023809523809523,1.0,0.0890909090909091,0.005813953488372,0.0986358866736621,0.131578947368421,1.0,0.0097996036115393,1.0,0,1,3,0,0,0,0,0,0,1,0,0,0,0,482.5
1.0,0.4489795918367347,0.3212435233160621,0.0018181818181818,0.0,0.0010493179433368,0.0052631578947368,1.0,0.0003303237172428,0.166147455867082,0,1,4,0,1,0,0,0,0,0,0,0,0,0,81.0
1.0,0.5884353741496597,0.0759930915371329,0.0,0.0,0.0,0.0,1.0,0.0004954855758643,0.0207684319833852,0,1,3,0,1,0,0,0,0,0,0,0,0,0,11.0
0.2492917847025495,0.2448979591836734,1.0,0.0763636363636363,0.0077519379844961,0.0461699895068205,0.0736842105263157,1.0,0.0070469059678484,1.0,0,1,3,0,0,0,0,0,0,0,0,1,0,0,482.5
0.4963172804532577,0.5306122448979591,0.8773747841105354,0.02,0.0,0.04302203567681,0.0421052631578947,1.0,0.0034133450781766,0.6188992731048806,0,1,3,0,0,0,1,0,0,0,0,0,0,0,299.0
0.4509915014164305,0.4489795918367347,1.0,0.1690909090909091,0.0155038759689922,0.1028331584470094,0.1236842105263157,0.75,0.0111208984805109,1.0,0,1,3,0,0,0,1,0,0,0,0,0,0,0,482.5
0.3954674220963172,0.2108843537414966,0.2210708117443868,0.0163636363636363,0.0,0.0146904512067156,0.0157894736842105,1.0,0.0009909711517286,0.5503634475597092,0,1,3,0,0,0,1,0,0,0,0,0,0,0,266.0
0.3830028328611897,0.1904761904761904,0.3765112262521589,0.0127272727272727,0.001937984496124,0.0209863588667366,0.0157894736842105,0.75,0.000880863245981,0.4859813084112149,0,1,3,0,0,0,1,0,0,0,0,0,0,0,235.0
0.4305949008498583,0.272108843537415,0.0587219343696027,0.0054545454545454,0.0,0.0,0.0,1.0,0.0003303237172428,0.0913811007268951,0,1,3,0,1,0,0,0,0,0,0,0,0,0,45.0
0.3399433427762039,0.1972789115646258,0.158894645941278,0.0036363636363636,0.0,0.0031479538300104,0.0105263157894736,0.75,0.0007707553402334,0.2014537902388369,0,1,3,0,1,0,0,0,0,0,0,0,0,0,98.0
0.6345609065155807,0.5442176870748299,0.5354058721934369,0.0254545454545454,0.005813953488372,0.0146904512067156,0.0289473684210526,0.75,0.0037436687954195,0.5669781931464174,0,1,3,0,0,0,0,0,0,0,0,1,0,0,274.0
0.6118980169971671,0.4557823129251701,0.1796200345423143,0.0036363636363636,0.0,0.0010493179433368,0.0078947368421052,0.5,0.0003303237172428,0.1059190031152648,0,1,3,0,0,0,0,0,0,0,0,1,0,0,52.0
0.4963172804532577,0.4761904761904762,1.0,0.0145454545454545,0.0,0.0482686253934942,0.081578947368421,0.75,0.0049548557586434,0.932502596053998,0,1,3,0,0,0,1,0,0,0,0,0,0,0,450.0
0.1801699716713881,0.0748299319727891,0.0863557858376511,0.0145454545454545,0.001937984496124,0.0031479538300104,0.0105263157894736,1.0,0.0006606474344857,0.1142263759086189,0,1,3,0,0,0,1,0,0,0,0,0,0,0,56.0
0.4532577903682719,0.3129251700680272,0.4732297063903281,0.0145454545454545,0.001937984496124,0.0073452256033578,0.0,1.0,0.0003303237172428,0.1682242990654205,0,1,3,0,0,0,0,0,0,0,0,1,0,0,82.0
0.5212464589235127,0.4217687074829931,0.006908462867012,0.0,0.0,0.0,0.0,1.0,0.0004954855758643,0.0020768431983385,0,1,3,0,0,0,1,0,0,0,0,0,0,0,2.0
0.6232294617563738,0.6394557823129251,0.3488773747841105,0.0272727272727272,0.0,0.0136411332633788,0.0421052631578947,0.75,0.0026425897379431,0.2907580477673935,0,1,3,0,0,0,1,0,0,0,0,0,0,0,141.0
0.3286118980169971,0.5408163265306122,1.0,0.0454545454545454,0.005813953488372,0.055613850996852,0.0421052631578947,0.75,0.0037436687954195,1.0,0,1,3,0,0,0,1,0,0,0,0,0,0,0,482.5
0.3852691218130311,0.3163265306122449,0.1830742659758203,0.0018181818181818,0.0,0.0,0.0078947368421052,0.75,0.0005505395287381,0.1619937694704049,0,1,3,0,0,0,0,0,0,1,0,0,0,0,79.0
0.3988668555240793,0.3673469387755102,0.079447322970639,0.0,0.0,0.0010493179433368,0.0052631578947368,1.0,0.0001101079057476,1.0,0,1,3,0,0,0,1,0,0,0,0,0,0,0,482.5
1.0,0.7295918367346939,0.0932642487046632,0.0036363636363636,0.001937984496124,0.0,0.0026315789473684,1.0,0.0,0.0643821391484942,0,1,3,0,0,0,1,0,0,0,0,0,0,0,32.0
0.8589235127478753,0.4081632653061224,0.1830742659758203,0.0018181818181818,0.0,0.0010493179433368,0.0,1.0,0.0004954855758643,0.0581516095534787,0,1,3,0,1,0,0,0,0,0,0,0,0,0,29.0
0.5643059490084985,0.7482993197278911,0.4870466321243523,0.0109090909090909,0.0,0.0104931794333683,0.0289473684210526,0.75,0.000880863245981,0.1349948078920041,0,1,3,0,0,0,1,0,0,0,0,0,0,0,66.0
0.5643059490084985,0.0680272108843537,1.0,0.0563636363636363,0.005813953488372,0.0293809024134312,0.0526315789473684,0.75,0.0050649636643911,1.0,0,0,3,0,1,0,0,0,0,0,0,0,0,0,482.5
0.1121813031161473,0.0306122448979591,0.0379965457685664,0.0,0.0,0.0,0.0,1.0,0.0004954855758643,0.0124610591900311,0,1,3,0,0,0,1,0,0,0,0,0,0,0,7.0
0.1994334277620396,0.0833333333333333,0.1001727115716753,0.0054545454545454,0.0,0.0041972717733473,0.0078947368421052,1.0,0.0004404316229905,0.328141225337487,0,1,3,0,0,0,1,0,0,0,0,0,0,0,159.0
1.0,0.7074829931972788,0.0138169257340241,0.0,0.0,0.0,0.0,1.0,0.0004954855758643,0.1287642782969885,0,1,3,0,1,0,0,0,0,0,0,0,0,0,63.0
0.2039660056657223,0.3775510204081632,0.0725388601036269,0.0127272727272727,0.001937984496124,0.0010493179433368,0.0078947368421052,0.75,0.0005505395287381,0.2637590861889927,0,1,3,0,0,0,1,0,0,0,0,0,0,0,128.0
0.2243626062322946,0.2312925170068027,0.0898100172711571,0.009090909090909,0.0,0.0041972717733473,0.0052631578947368,0.75,0.0005505395287381,0.0809968847352024,0,1,3,0,0,0,1,0,0,0,0,0,0,0,40.0
0.7932011331444758,0.4557823129251701,0.0449050086355785,0.0,0.0,0.0,0.0,1.0,0.0004954855758643,0.1391484942886812,0,1,3,0,1,0,0,0,0,0,0,0,0,0,68.0
0.5552407932011331,0.5850340136054422,1.0,0.0436363636363636,0.0,0.0346274921301154,0.0184210526315789,0.75,0.0012111869632239,1.0,0,1,3,0,0,0,1,0,0,0,0,0,0,0,482.5
0.1121813031161473,0.0306122448979591,0.0449050086355785,0.0018181818181818,0.0,0.0,0.0,1.0,0.0004954855758643,0.0373831775700934,0,1,3,0,0,0,1,0,0,0,0,0,0,0,19.0
0.5643059490084985,0.2585034013605442,1.0,0.1563636363636363,0.0116279069767441,0.136411332633788,0.1973684210526315,0.75,0.0151948909931733,1.0,0,1,3,0,0,0,1,0,0,0,0,0,0,0,482.5
0.2039660056657223,0.2261904761904761,0.2625215889464594,0.0054545454545454,0.0,0.0041972717733473,0.0105263157894736,1.0,0.000880863245981,0.209761163032191,0,1,3,0,0,0,1,0,0,0,0,0,0,0,102.0
0.3852691218130311,0.3112244897959184,0.0310880829015544,0.0,0.0,0.0,0.0,1.0,0.0004954855758643,0.0498442367601246,0,1,3,0,0,0,0,0,0,0,0,1,0,0,25.0
0.7478753541076487,0.7857142857142856,0.0310880829015544,0.0,0.0,0.0,0.0,1.0,0.0004954855758643,0.0415368639667705,0,1,3,0,0,0,1,0,0,0,0,0,0,0,21.0
0.1586402266288951,0.0952380952380952,0.1312607944732297,0.0181818181818181,0.003875968992248,0.0052465897166841,0.0184210526315789,0.75,0.0019819423034573,0.371754932502596,0,1,3,0,0,0,0,0,0,0,0,0,1,0,180.0
0.2266288951841359,0.0952380952380952,0.1968911917098445,0.0145454545454545,0.001937984496124,0.0125918153200419,0.0105263157894736,0.75,0.0018718343977097,0.3406022845275182,0,1,3,0,0,0,0,0,0,0,0,0,0,1,165.0
0.5643059490084985,0.6666666666666666,0.3972366148531951,0.0472727272727272,0.0,0.04302203567681,0.0447368421052631,1.0,0.0040739925126624,1.0,0,1,3,0,0,0,1,0,0,0,0,0,0,0,482.5
0.2039660056657223,0.1768707482993197,0.386873920552677,0.0127272727272727,0.0,0.0104931794333683,0.0184210526315789,1.0,0.0012111869632239,0.7746625129802699,0,1,3,0,0,0,0,0,0,0,0,0,1,0,374.0
0.2719546742209631,0.163265306122449,0.1658031088082901,0.0,0.0,0.0,0.0,1.0,0.0004954855758643,0.1287642782969885,0,1,3,0,0,0,0,0,0,0,0,1,0,0,63.0
0.4509915014164305,0.2993197278911564,0.4421416234887737,0.0127272727272727,0.001937984496124,0.0052465897166841,0.0052631578947368,0.75,0.0005505395287381,0.2305295950155763,0,1,3,0,0,0,1,0,0,0,0,0,0,0,112.0
0.5212464589235127,0.3537414965986394,0.1036269430051813,0.0072727272727272,0.005813953488372,0.0,0.0,1.0,0.0004954855758643,0.1287642782969885,0,1,3,0,1,0,0,0,0,0,0,0,0,0,63.0
0.3263456090651557,0.2993197278911564,0.0621761658031088,0.0018181818181818,0.0,0.0010493179433368,0.0105263157894736,1.0,0.0003303237172428,0.1536863966770508,0,1,3,0,0,0,1,0,0,0,0,0,0,0,75.0
0.7932011331444758,0.5986394557823128,0.4801381692573402,0.02,0.0,0.0104931794333683,0.0078947368421052,0.75,0.0011010790574763,0.407061266874351,0,1,3,0,0,0,0,0,1,0,0,0,0,0,197.0
0.4963172804532577,0.5034013605442176,0.4455958549222797,0.0127272727272727,0.003875968992248,0.0188877229800629,0.0052631578947368,0.75,0.0012111869632239,0.1578400830737279,0,1,3,0,0,1,0,0,0,0,0,0,0,0,77.0
0.4079320113314447,0.3945578231292517,0.690846286701209,0.0654545454545454,0.0096899224806201,0.0514165792235047,0.0526315789473684,0.75,0.0069367980621008,0.9657320872274142,0,1,3,0,0,0,1,0,0,0,0,0,0,0,466.0
0.1745042492917847,0.272108843537415,0.0967184801381692,0.0127272727272727,0.001937984496124,0.0073452256033578,0.0131578947368421,1.0,0.0009909711517286,0.3032191069574247,0,1,3,0,0,0,1,0,0,0,0,0,0,0,147.0
0.498583569405099,0.3503401360544217,0.1243523316062176,0.0,0.001937984496124,0.0,0.0,1.0,0.0004954855758643,0.170301142263759,0,1,3,0,0,1,0,0,0,0,0,0,0,0,83.0
0.1915014164305948,0.0816326530612245,0.2556131260794473,0.0072727272727272,0.0,0.0062959076600209,0.0,1.0,0.0003303237172428,0.1640706126687434,0,1,3,0,0,0,0,1,0,0,0,0,0,0,80.0
0.5643059490084985,0.2585034013605442,1.0,0.0472727272727272,0.0135658914728682,0.0178384050367261,0.0210526315789473,0.75,0.002972913455186,0.9595015576323986,0,1,3,0,0,0,0,0,1,0,0,0,0,0,463.0
0.576770538243626,0.3265306122448979,0.082901554404145,0.0036363636363636,0.0,0.0062959076600209,0.0131578947368421,1.0,0.0005505395287381,0.2159916926272066,0,1,3,0,1,0,0,0,0,0,0,0,0,0,105.0
1.0,0.8843537414965985,0.0932642487046632,0.0054545454545454,0.0,0.0,0.0,0.75,0.0,0.4195223260643821,0,1,3,0,0,0,0,0,0,0,0,1,0,0,203.0
0.4532577903682719,0.217687074829932,0.4559585492227979,0.0236363636363636,0.001937984496124,0.0041972717733473,0.0078947368421052,1.0,0.0019819423034573,0.2388369678089304,0,1,3,0,1,0,0,0,0,0,0,0,0,0,116.0
0.5643059490084985,0.5034013605442176,0.6666666666666666,0.0145454545454545,0.0,0.0451206715634837,0.031578947368421,0.75,0.0033032371724289,0.7559709241952232,0,1,3,0,0,0,1,0,0,0,0,0,0,0,365.0
0.4963172804532577,0.4761904761904762,0.158894645941278,0.0036363636363636,0.0,0.0083945435466946,0.0078947368421052,0.75,0.0006606474344857,0.1848390446521287,0,1,3,0,0,0,0,0,0,0,0,0,1,0,90.0
0.4963172804532577,0.4761904761904762,0.7530224525043178,0.0727272727272727,0.001937984496124,0.0356768100734522,0.0552631578947368,0.75,0.0046245320414005,1.0,0,1,3,0,0,0,1,0,0,0,0,0,0,0,482.5
0.9405099150141644,0.5578231292517006,0.2590673575129533,0.0145454545454545,0.001937984496124,0.0094438614900314,0.0026315789473684,1.0,0.000880863245981,0.3302180685358255,0,1,3,0,0,0,1,0,0,0,0,0,0,0,160.0
0.0906515580736544,0.064625850340136,0.0241796200345423,0.0,0.0,0.0,0.0,1.0,0.0004954855758643,0.1723779854620976,0,1,3,0,0,0,0,0,0,0,0,0,1,0,84.0
0.2946175637393767,0.2312925170068027,0.1381692573402418,0.0054545454545454,0.0,0.0083945435466946,0.0,0.75,0.0,0.0269989615784008,0,1,3,0,0,0,1,0,0,0,0,0,0,0,14.0
0.4963172804532577,0.4761904761904762,0.538860103626943,0.0145454545454545,0.0,0.0157397691500524,0.0210526315789473,1.0,0.0014314027747192,0.3904465212876428,0,1,3,0,0,0,1,0,0,0,0,0,0,0,189.0
0.3399433427762039,0.3537414965986394,0.1139896373056994,0.0072727272727272,0.001937984496124,0.0020986358866736,0.0026315789473684,1.0,0.0,0.1079958463136033,0,1,3,0,0,0,0,0,1,0,0,0,0,0,53.0
0.1461756373937677,0.0544217687074829,0.082901554404145,0.0018181818181818,0.001937984496124,0.0083945435466946,0.0131578947368421,1.0,0.0006606474344857,0.1183800623052959,0,1,3,0,0,0,1,0,0,0,0,0,0,0,58.0
0.5665722379603398,0.5578231292517006,0.1899827288428324,0.0054545454545454,0.0,0.0031479538300104,0.0052631578947368,0.75,0.0002202158114952,0.166147455867082,0,1,3,0,0,0,1,0,0,0,0,0,0,0,81.0
1.0,1.0,0.5664939550949913,0.0054545454545454,0.0,0.0062959076600209,0.0052631578947368,0.75,0.0002202158114952,0.249221183800623,0,1,3,0,0,0,1,0,0,0,0,0,0,0,121.0
0.5665722379603398,0.4625850340136054,0.0967184801381692,0.0036363636363636,0.0,0.0,0.0,1.0,0.0,0.0249221183800623,0,1,3,0,0,0,1,0,0,0,0,0,0,0,13.0
1.0,1.0,0.0690846286701209,0.0,0.0,0.0,0.0,1.0,0.0004954855758643,0.0145379023883696,0,1,3,0,0,0,1,0,0,0,0,0,0,0,8.0
0.2674220963172804,0.217687074829932,0.0621761658031088,0.0,0.0,0.0,0.0,1.0,0.0004954855758643,0.0789200415368639,0,1,3,0,0,0,0,0,1,0,0,0,0,0,39.0
0.2492917847025495,0.3265306122448979,0.0932642487046632,0.0,0.0,0.0010493179433368,0.0,1.0,0.0004954855758643,0.0062305295950155,0,1,3,0,0,0,1,0,0,0,0,0,0,0,4.0
0.4305949008498583,0.3537414965986394,0.0483592400690846,0.0036363636363636,0.0,0.0,0.0,1.0,0.0004954855758643,0.0228452751817237,0,1,3,0,0,0,0,0,1,0,0,0,0,0,12.0
1.0,0.8707482993197279,0.386873920552677,0.0181818181818181,0.001937984496124,0.0020986358866736,0.0052631578947368,0.75,0.0004404316229905,0.1993769470404984,0,1,3,0,1,0,0,0,0,0,0,0,0,0,97.0
0.3841359773371104,0.2040816326530612,0.1312607944732297,0.02,0.0,0.0041972717733473,0.0026315789473684,1.0,0.0005505395287381,0.0913811007268951,0,1,3,0,0,0,1,0,0,0,0,0,0,0,45.0
0.3614730878186968,0.1938775510204081,0.1070811744386874,0.0145454545454545,0.0,0.0010493179433368,0.0052631578947368,0.75,0.0003303237172428,0.3551401869158878,0,1,3,0,0,0,1,0,0,0,0,0,0,0,172.0
0.5665722379603398,0.5306122448979591,0.3350604490500863,0.0054545454545454,0.001937984496124,0.0010493179433368,0.0026315789473684,0.75,0.0005505395287381,0.166147455867082,0,1,3,0,0,0,0,1,0,0,0,0,0,0,81.0
0.4305949008498583,0.163265306122449,0.4214162348877374,0.0127272727272727,0.0,0.0125918153200419,0.0,0.75,0.0001101079057476,0.043613707165109,0,1,3,0,0,0,1,0,0,0,0,0,0,0,22.0
0.6345609065155807,0.2857142857142857,0.1139896373056994,0.0018181818181818,0.0,0.0010493179433368,0.0,1.0,0.0004954855758643,0.0539979231568016,0,1,3,0,1,0,0,0,0,0,0,0,0,0,27.0
0.3059490084985835,0.2006802721088435,0.0172711571675302,0.0,0.0,0.0010493179433368,0.0,1.0,0.0001101079057476,0.1017653167185877,0,1,3,0,0,0,1,0,0,0,0,0,0,0,50.0
0.1348441926345608,0.0476190476190476,0.0379965457685664,0.0018181818181818,0.0,0.0010493179433368,0.0,1.0,0.0004954855758643,0.0186915887850467,0,1,3,0,0,0,1,0,0,0,0,0,0,0,10.0
0.2266288951841359,0.2925170068027211,0.1070811744386874,0.009090909090909,0.001937984496124,0.0073452256033578,0.0184210526315789,1.0,0.0011010790574763,0.3696780893042575,0,1,3,0,0,0,1,0,0,0,0,0,0,0,179.0
0.2243626062322946,0.2585034013605442,0.1139896373056994,0.0054545454545454,0.0,0.0020986358866736,0.0,1.0,0.0005505395287381,0.0560747663551401,0,1,3,0,0,0,0,0,0,1,0,0,0,0,28.0
0.6232294617563738,0.8299319727891156,0.0932642487046632,0.0072727272727272,0.0,0.0041972717733473,0.0052631578947368,0.75,0.0003303237172428,0.0789200415368639,0,1,3,0,0,0,1,0,0,0,0,0,0,0,39.0
0.2606232294617563,0.0612244897959183,0.0172711571675302,0.0018181818181818,0.0,0.0,0.0026315789473684,1.0,0.0,0.0249221183800623,0,1,0,0,0,0,0,0,0,0,0,0,1,0,13.0
0.4963172804532577,0.5034013605442176,1.0,0.1345454545454545,0.0077519379844961,0.1374606505771248,0.1157894736842105,1.0,0.0086985245540629,1.0,0,1,3,0,0,0,1,0,0,0,0,0,0,0,482.5
0.5484419263456091,0.4761904761904762,0.2417962003454231,0.0018181818181818,0.003875968992248,0.0052465897166841,0.0026315789473684,0.75,0.0004404316229905,0.3073727933541018,0,1,3,0,0,0,0,1,0,0,0,0,0,0,149.0
0.5665722379603398,0.6258503401360543,0.009740932642487,0.3745454545454545,0.0581395348837209,0.3683105981112277,0.5552631578947368,0.75,0.0425016516185862,1.0,0,1,3,0,1,0,0,0,0,0,0,0,0,0,482.5
0.2492917847025495,0.2108843537414966,0.2590673575129533,0.0254545454545454,0.0,0.0073452256033578,0.0105263157894736,1.0,0.0005505395287381,0.5441329179646937,0,1,3,0,0,0,1,0,0,0,0,0,0,0,263.0
1.0,0.4387755102040816,0.2694300518134715,0.0181818181818181,0.0,0.0062959076600209,0.0052631578947368,1.0,0.0004404316229905,0.4174454828660436,0,1,3,0,1,0,0,0,0,0,0,0,0,0,202.0
0.4759206798866855,0.4489795918367347,1.0,0.0854545454545454,0.001937984496124,0.0797481636935991,0.1342105263157894,0.75,0.0132129486897159,1.0,0,1,3,0,0,0,1,0,0,0,0,0,0,0,482.5
0.8045325779036827,0.3809523809523809,0.0518134715025906,0.0036363636363636,0.0,0.0020986358866736,0.0026315789473684,1.0,0.0,0.0145379023883696,0,1,3,0,1,0,0,0,0,0,0,0,0,0,8.0
0.5643059490084985,0.5850340136054422,1.0,0.1381818181818181,0.0096899224806201,0.068205666316894,0.131578947368421,0.75,0.010790574763268,1.0,0,1,3,0,0,0,1,0,0,0,0,0,0,0,482.5
0.4305949008498583,0.3129251700680272,0.0932642487046632,0.0018181818181818,0.0,0.0031479538300104,0.0026315789473684,0.5,0.0,0.0809968847352024,0,1,3,0,1,0,0,0,0,0,0,0,0,0,40.0
0.3966005665722379,0.2448979591836734,0.3246977547495682,0.0054545454545454,0.001937984496124,0.0020986358866736,0.0,0.75,0.0,0.1557632398753894,0,1,3,0,0,0,0,0,0,0,1,0,0,0,76.0
0.1359773371104816,0.2585034013605442,0.3523316062176165,0.0236363636363636,0.0,0.0125918153200419,0.0157894736842105,1.0,0.0007707553402334,0.7061266874350985,0,1,3,0,0,0,1,0,0,0,0,0,0,0,341.0
0.2152974504249291,0.2857142857142857,0.0587219343696027,0.0036363636363636,0.003875968992248,0.0010493179433368,0.0026315789473684,1.0,0.0002202158114952,0.0789200415368639,0,1,4,0,0,1,0,0,0,0,0,0,0,0,39.0
0.5495750708215297,0.5051020408163265,0.0310880829015544,0.0036363636363636,0.0,0.0010493179433368,0.0,1.0,0.0004954855758643,0.1287642782969885,0,1,3,0,0,0,1,0,0,0,0,0,0,0,63.0
0.0679886685552407,0.1768707482993197,0.0207253886010362,0.0,0.0,0.0010493179433368,0.0,1.0,0.0004954855758643,0.0893042575285566,0,1,3,0,0,0,0,0,0,0,0,0,1,0,44.0
0.2254957507082152,0.1054421768707483,0.0552677029360967,0.0018181818181818,0.0,0.0052465897166841,0.0026315789473684,0.75,0.0,0.0228452751817237,0,1,3,0,0,0,1,0,0,0,0,0,0,0,12.0
0.7932011331444758,0.6394557823129251,0.2210708117443868,0.0054545454545454,0.001937984496124,0.0052465897166841,0.0078947368421052,0.75,0.0005505395287381,0.4236760124610592,0,1,3,0,0,0,1,0,0,0,0,0,0,0,205.0
0.4419263456090651,0.4081632653061224,0.0103626943005181,0.0018181818181818,0.0,0.0010493179433368,0.0026315789473684,1.0,0.0,0.1183800623052959,0,1,3,0,0,0,1,0,0,0,0,0,0,0,58.0
0.0906515580736544,0.1904761904761904,0.1416234887737478,0.0127272727272727,0.0,0.0073452256033578,0.0131578947368421,1.0,0.0006606474344857,0.4963655244029076,0,1,3,0,0,0,0,0,1,0,0,0,0,0,240.0
0.6572237960339943,0.2993197278911564,0.0449050086355785,0.0,0.0,0.0,0.0,1.0,0.0004954855758643,0.1349948078920041,0,1,3,0,1,0,0,0,0,0,0,0,0,0,66.0
0.2243626062322946,0.195578231292517,0.0621761658031088,0.0036363636363636,0.0,0.0020986358866736,0.0052631578947368,0.75,0.0002202158114952,0.0269989615784008,0,1,3,0,0,0,1,0,0,0,0,0,0,0,14.0
0.2039660056657223,0.1496598639455782,0.0241796200345423,0.0,0.0,0.0,0.0,1.0,0.0004954855758643,0.0,0,1,3,0,0,0,0,0,1,0,0,0,0,0,1.0
0.6798866855524078,0.5986394557823128,0.4421416234887737,0.0254545454545454,0.001937984496124,0.0115424973767051,0.0394736842105263,1.0,0.0033032371724289,0.4652128764278297,0,1,3,0,0,0,1,0,0,0,0,0,0,0,225.0
0.1359773371104816,0.2568027210884354,1.0,0.2254545454545454,0.0271317829457364,0.366211962224554,0.2342105263157894,1.0,0.0202598546575644,1.0,0,1,3,0,0,0,1,0,0,0,0,0,0,0,482.5
0.498583569405099,0.217687074829932,0.0172711571675302,0.0,0.0,0.0,0.0,0.0,0.0,0.0353063343717549,0,1,3,0,1,0,0,0,0,0,0,0,0,0,18.0
0.2243626062322946,0.20578231292517,0.0932642487046632,0.0018181818181818,0.0,0.0,0.0,1.0,0.0004954855758643,0.0706126687435098,0,1,3,0,1,0,0,0,0,0,0,0,0,0,35.0
0.2243626062322946,0.2534013605442177,0.0552677029360967,0.0,0.001937984496124,0.0010493179433368,0.0,1.0,0.0004954855758643,0.0353063343717549,0,1,3,0,0,0,0,0,0,0,0,0,0,1,18.0
0.3399433427762039,0.2040816326530612,0.5112262521588946,0.02,0.0,0.0104931794333683,0.0105263157894736,0.75,0.0011010790574763,0.45067497403946,0,1,3,0,1,0,0,0,0,0,0,0,0,0,218.0
0.7025495750708215,0.4489795918367347,0.2521588946459412,0.04,0.001937984496124,0.0146904512067156,0.031578947368421,1.0,0.0031931292666813,0.4880581516095534,0,1,3,0,0,0,0,0,0,0,0,0,0,1,236.0
0.7932011331444758,0.6020408163265305,0.2659758203799654,0.0054545454545454,0.0,0.0010493179433368,0.0,1.0,0.0001101079057476,0.2658359293873312,0,1,3,0,0,0,0,0,0,1,0,0,0,0,129.0
0.5643059490084985,0.5306122448979591,0.3661485319516407,0.009090909090909,0.0,0.0052465897166841,0.0131578947368421,0.75,0.0007707553402334,0.1308411214953271,0,1,3,0,0,0,1,0,0,0,0,0,0,0,64.0
0.3388101983002832,0.1768707482993197,0.0863557858376511,0.0054545454545454,0.0,0.0,0.0,0.75,0.0,0.0602284527518172,0,1,3,0,1,0,0,0,0,0,0,0,0,0,30.0
0.5643059490084985,0.693877551020408,0.5215889464594128,0.0309090909090909,0.0,0.0713536201469045,0.0605263157894736,1.0,0.0064963664391103,0.6728971962616822,0,1,3,0,0,0,1,0,0,0,0,0,0,0,325.0
0.5643059490084985,0.5306122448979591,0.5457685664939551,0.029090909090909,0.001937984496124,0.0472193074501574,0.0289473684210526,0.75,0.0036335608896718,0.4091381100726895,0,1,3,0,0,0,1,0,0,0,0,0,0,0,198.0
1.0,0.7346938775510203,0.7046632124352331,0.04,0.003875968992248,0.0104931794333683,0.031578947368421,1.0,0.0031931292666813,0.5856697819314641,0,1,3,0,0,0,0,0,0,0,0,1,0,0,283.0
0.2266288951841359,0.2448979591836734,0.1381692573402418,0.0072727272727272,0.0,0.0031479538300104,0.0026315789473684,1.0,0.0006606474344857,0.1474558670820352,0,1,3,0,0,0,1,0,0,0,0,0,0,0,72.0
0.3852691218130311,0.391156462585034,0.3005181347150259,0.0163636363636363,0.001937984496124,0.0188877229800629,0.0157894736842105,1.0,0.0012111869632239,0.3052959501557633,0,1,3,0,0,0,1,0,0,0,0,0,0,0,148.0
0.906515580736544,0.8571428571428571,0.7633851468048359,0.0236363636363636,0.003875968992248,0.0020986358866736,0.0026315789473684,1.0,0.0006606474344857,0.3551401869158878,0,1,3,0,0,0,0,1,0,0,0,0,0,0,172.0
0.4963172804532577,0.5034013605442176,0.3143350604490501,0.0181818181818181,0.0,0.0398740818467995,0.031578947368421,0.75,0.0024223739264479,0.4382139148494289,0,1,3,0,0,0,1,0,0,0,0,0,0,0,212.0
0.0022662889518413,0.9251700680272108,1.0,0.3236363636363636,0.0271317829457364,0.1122770199370409,0.2684210526315789,1.0,0.020369962563312,1.0,0,1,3,0,0,0,1,0,0,0,0,0,0,0,482.5
0.5643059490084985,0.6394557823129251,0.542314335060449,0.0236363636363636,0.005813953488372,0.0104931794333683,0.0078947368421052,0.75,0.000880863245981,0.1889927310488058,0,1,3,0,0,0,1,0,0,0,0,0,0,0,92.0
0.3172804532577903,0.2755102040816326,0.0103626943005181,0.0018181818181818,0.0,0.0,0.0,1.0,0.0004954855758643,0.1973001038421599,0,1,3,0,0,0,1,0,0,0,0,0,0,0,96.0
0.8498583569405098,0.6258503401360543,0.1139896373056994,0.0127272727272727,0.0,0.0020986358866736,0.0052631578947368,1.0,0.0004404316229905,0.1391484942886812,0,1,3,0,0,0,0,0,0,0,0,1,0,0,68.0
0.3059490084985835,0.1700680272108843,0.0310880829015544,0.0036363636363636,0.0,0.0,0.0,1.0,0.0004954855758643,0.0498442367601246,0,1,3,0,0,0,1,0,0,0,0,0,0,0,25.0
1.0,0.7942176870748299,0.1796200345423143,0.0163636363636363,0.001937984496124,0.0010493179433368,0.0026315789473684,1.0,0.0005505395287381,0.1806853582554517,0,1,3,1,0,0,0,0,0,0,0,0,0,0,88.0
0.3048158640226628,0.1904761904761904,0.0621761658031088,0.0018181818181818,0.0,0.0031479538300104,0.0026315789473684,1.0,0.0003303237172428,0.2263759086188992,0,1,3,0,0,0,1,0,0,0,0,0,0,0,110.0
0.2266288951841359,0.2312925170068027,0.7046632124352331,0.0309090909090909,0.0077519379844961,0.0230849947534102,0.0184210526315789,0.75,0.0024223739264479,0.5150571131879542,0,1,3,0,0,0,0,0,0,1,0,0,0,0,249.0
0.1586402266288951,0.0952380952380952,0.079447322970639,0.0072727272727272,0.0,0.0041972717733473,0.0131578947368421,1.0,0.0011010790574763,0.2388369678089304,0,1,3,0,0,0,0,0,0,0,0,0,1,0,116.0
0.5643059490084985,0.5306122448979591,0.849740932642487,0.0436363636363636,0.001937984496124,0.0703043022035676,0.031578947368421,1.0,0.0024223739264479,0.4319833852544133,0,1,3,0,0,0,1,0,0,0,0,0,0,0,209.0
0.4532577903682719,0.3129251700680272,0.6770293609671848,0.0163636363636363,0.0,0.0062959076600209,0.0078947368421052,0.75,0.0005505395287381,0.3322949117341641,0,1,3,1,0,0,0,0,0,0,0,0,0,0,161.0
0.838526912181303,0.5544217687074829,0.079447322970639,0.0018181818181818,0.0,0.0,0.0,1.0,0.0004954855758643,0.0913811007268951,0,1,3,0,1,0,0,0,0,0,0,0,0,0,45.0
0.0226628895184135,0.5306122448979591,1.0,0.1072727272727272,0.005813953488372,0.0440713536201469,0.0473684210526315,1.0,0.0058357190046245,1.0,0,1,3,0,0,0,1,0,0,0,0,0,0,0,482.5
0.2220963172804532,0.0612244897959183,0.0241796200345423,0.0036363636363636,0.0,0.0010493179433368,0.0,1.0,0.0001101079057476,0.2554517133956386,0,1,3,0,0,0,1,0,0,0,0,0,0,0,124.0
0.4532577903682719,0.2857142857142857,0.7530224525043178,0.02,0.003875968992248,0.0041972717733473,0.0,1.0,0.0002202158114952,0.2429906542056074,0,1,3,0,0,0,0,0,0,0,0,1,0,0,118.0
0.8974504249291784,0.4285714285714285,0.0621761658031088,0.0036363636363636,0.0,0.0,0.0,1.0,0.0004954855758643,0.0124610591900311,0,1,3,0,1,0,0,0,0,0,0,0,0,0,7.0
0.1586402266288951,0.1360544217687075,0.1727115716753022,0.0018181818181818,0.0,0.0031479538300104,0.0,1.0,0.0001101079057476,0.3696780893042575,0,1,3,0,0,0,1,0,0,0,0,0,0,0,179.0
0.1813031161473087,0.217687074829932,0.0863557858376511,0.0036363636363636,0.0,0.0,0.0,1.0,0.0,0.0228452751817237,0,1,3,0,0,0,1,0,0,0,0,0,0,0,12.0
0.4079320113314447,0.2585034013605442,0.2867012089810017,0.0054545454545454,0.0,0.0,0.0052631578947368,0.75,0.0001101079057476,0.1765316718587746,0,1,3,0,1,0,0,0,0,0,0,0,0,0,86.0
0.3399433427762039,0.2312925170068027,0.4075993091537133,0.0054545454545454,0.0,0.0020986358866736,0.0,1.0,0.0004954855758643,0.2180685358255451,0,1,3,0,0,0,0,1,0,0,0,0,0,0,106.0
0.5643059490084985,0.5306122448979591,1.0,0.029090909090909,0.001937984496124,0.061909758656873,0.031578947368421,0.75,0.0059458269103721,1.0,0,1,3,0,0,0,1,0,0,0,0,0,0,0,482.5
0.4963172804532577,0.5306122448979591,0.082901554404145,0.0054545454545454,0.0,0.0041972717733473,0.0,1.0,0.0,0.087227414330218,0,1,3,0,0,0,0,0,0,0,0,0,1,0,43.0
0.3399433427762039,0.1360544217687075,0.0172711571675302,0.0036363636363636,0.0,0.0,0.0,1.0,0.0004954855758643,0.1121495327102803,0,1,3,0,1,0,0,0,0,0,0,0,0,0,55.0
0.4747875354107648,0.2619047619047619,0.2590673575129533,0.0109090909090909,0.0,0.0083945435466946,0.0184210526315789,1.0,0.000880863245981,0.2762201453790239,0,1,3,0,0,0,1,0,0,0,0,0,0,0,134.0
0.5121813031161473,0.3945578231292517,0.6217616580310881,0.0272727272727272,0.0,0.0031479538300104,0.0078947368421052,1.0,0.0009909711517286,0.3572170301142264,0,1,3,0,0,0,0,1,0,0,0,0,0,0,173.0
0.2719546742209631,0.163265306122449,0.1001727115716753,0.0018181818181818,0.0,0.0010493179433368,0.0,1.0,0.0004954855758643,0.0955347871235721,0,1,3,0,0,0,0,0,0,0,0,1,0,0,47.0
0.2266288951841359,0.272108843537415,0.003454231433506,0.0,0.0,0.0,0.0,1.0,0.0004954855758643,0.0,0,1,3,0,0,0,1,0,0,0,0,0,0,0,1.0
0.4509915014164305,0.4217687074829931,0.7046632124352331,0.0163636363636363,0.0,0.0283315844700944,0.0210526315789473,0.75,0.0037436687954195,0.6625129802699895,0,1,3,0,0,0,1,0,0,0,0,0,0,0,320.0
0.3852691218130311,0.7755102040816326,0.0898100172711571,0.0018181818181818,0.0,0.0020986358866736,0.0,1.0,0.0001101079057476,0.1204569055036344,0,1,3,0,0,0,0,0,0,0,0,0,0,1,59.0
0.2266288951841359,0.2040816326530612,0.1139896373056994,0.009090909090909,0.001937984496124,0.0083945435466946,0.0210526315789473,1.0,0.0007707553402334,0.8411214953271028,0,1,3,0,0,0,1,0,0,0,0,0,0,0,406.0
0.4509915014164305,0.4353741496598639,0.6528497409326425,0.0181818181818181,0.003875968992248,0.0283315844700944,0.031578947368421,0.75,0.0033032371724289,0.3613707165109034,0,1,3,0,0,0,1,0,0,0,0,0,0,0,175.0
0.5643059490084985,0.6122448979591836,0.5008635578583764,0.0127272727272727,0.0,0.0167890870933892,0.0078947368421052,1.0,0.0009909711517286,0.2139148494288681,0,1,3,0,0,0,1,0,0,0,0,0,0,0,104.0
0.2243626062322946,0.1870748299319728,0.0414507772020725,0.0018181818181818,0.001937984496124,0.0020986358866736,0.0,1.0,0.0,0.0166147455867082,0,1,3,0,0,0,0,0,0,0,0,0,0,1,9.0
0.5212464589235127,0.0816326530612245,0.1036269430051813,0.0036363636363636,0.0,0.0062959076600209,0.0026315789473684,0.75,0.0005505395287381,0.1474558670820352,0,1,3,0,0,0,1,0,0,0,0,0,0,0,72.0
0.3286118980169971,0.217687074829932,0.1036269430051813,0.0036363636363636,0.0,0.0010493179433368,0.0026315789473684,1.0,0.0002202158114952,0.1017653167185877,0,1,3,0,0,0,1,0,0,0,0,0,0,0,50.0
1.0,0.4710884353741496,0.3730569948186528,0.029090909090909,0.003875968992248,0.0031479538300104,0.0131578947368421,1.0,0.0007707553402334,0.4776739356178608,0,1,3,0,1,0,0,0,0,0,0,0,0,0,231.0
0.1813031161473087,0.2040816326530612,0.003454231433506,0.0,0.0,0.0010493179433368,0.0,1.0,0.0004954855758643,0.170301142263759,0,1,3,0,0,0,1,0,0,0,0,0,0,0,83.0
0.3286118980169971,0.2993197278911564,0.0103626943005181,0.0,0.0,0.0010493179433368,0.0026315789473684,1.0,0.0,0.0789200415368639,0,1,3,0,0,0,1,0,0,0,0,0,0,0,39.0
0.6096317280453257,0.7755102040816326,0.4525043177892918,0.0236363636363636,0.001937984496124,0.0241343126967471,0.0131578947368421,0.75,0.0012111869632239,0.3406022845275182,0,1,3,0,0,0,1,0,0,0,0,0,0,0,165.0
1.0,0.272108843537415,0.922279792746114,0.02,0.001937984496124,0.0104931794333683,0.0184210526315789,1.0,0.0014314027747192,0.367601246105919,0,1,4,0,0,0,0,0,0,0,0,1,0,0,178.0
0.4532577903682719,0.2857142857142857,0.2970639032815198,0.0127272727272727,0.0,0.0073452256033578,0.0078947368421052,0.75,0.000880863245981,0.170301142263759,0,1,3,0,1,0,0,0,0,0,0,0,0,0,83.0
0.3399433427762039,0.2261904761904761,0.3177892918825561,0.0163636363636363,0.001937984496124,0.0010493179433368,0.0,1.0,0.0002202158114952,0.1557632398753894,0,1,3,0,0,0,0,0,0,0,1,0,0,0,76.0
0.2039660056657223,0.1445578231292517,0.0552677029360967,0.0018181818181818,0.001937984496124,0.0041972717733473,0.0052631578947368,1.0,0.0002202158114952,0.1079958463136033,0,1,3,0,0,0,1,0,0,0,0,0,0,0,53.0
0.5643059490084985,0.6122448979591836,0.4317789291882556,0.0163636363636363,0.0,0.0188877229800629,0.0026315789473684,0.75,0.0017617264919621,0.2720664589823468,0,1,3,0,0,0,1,0,0,0,0,0,0,0,132.0
0.7932011331444758,0.3673469387755102,0.0379965457685664,0.0,0.0,0.0,0.0,1.0,0.0004954855758643,0.0581516095534787,0,1,3,0,0,0,1,0,0,0,0,0,0,0,29.0
0.5552407932011331,0.9387755102040816,0.2279792746113989,0.0054545454545454,0.001937984496124,0.0020986358866736,0.0078947368421052,1.0,0.0006606474344857,0.1121495327102803,0,1,3,0,0,0,1,0,0,0,0,0,0,0,55.0
0.9858356940509914,0.4761904761904762,0.0138169257340241,0.0,0.0,0.0,0.0,1.0,0.0004954855758643,0.0020768431983385,0,1,3,0,1,0,0,0,0,0,0,0,0,0,2.0
0.4532577903682719,0.4761904761904762,0.0967184801381692,0.0036363636363636,0.003875968992248,0.0041972717733473,0.0052631578947368,0.75,0.0004404316229905,0.1163032191069574,0,1,3,0,0,0,1,0,0,0,0,0,0,0,57.0
0.5643059490084985,0.5306122448979591,0.4006908462867012,0.0163636363636363,0.0,0.0314795383001049,0.0184210526315789,0.75,0.0025324818321955,0.4693665628245067,0,1,3,0,0,0,1,0,0,0,0,0,0,0,227.0
0.3614730878186968,0.1904761904761904,0.0932642487046632,0.0072727272727272,0.0,0.0073452256033578,0.0026315789473684,0.75,0.0003303237172428,0.3759086188992731,0,1,3,0,0,0,1,0,0,0,0,0,0,0,182.0
0.2266288951841359,0.3401360544217687,0.1519861830742659,0.0072727272727272,0.0,0.0020986358866736,0.0,1.0,0.0,0.2263759086188992,0,1,3,0,0,0,0,0,0,1,0,0,0,0,110.0
0.6345609065155807,0.2857142857142857,0.0345423143350604,0.0,0.0,0.0,0.0,1.0,0.0004954855758643,0.1079958463136033,0,1,3,0,1,0,0,0,0,0,0,0,0,0,53.0
0.7932011331444758,0.7891156462585033,0.538860103626943,0.0218181818181818,0.0,0.0073452256033578,0.0078947368421052,1.0,0.0004404316229905,0.205607476635514,0,1,3,1,0,0,0,0,0,0,0,0,0,0,100.0
0.725212464589235,0.3401360544217687,0.003454231433506,0.0,0.0,0.0,0.0,1.0,0.0004954855758643,0.0519210799584631,0,1,3,0,0,0,1,0,0,0,0,0,0,0,26.0
1.0,0.2023809523809523,0.0932642487046632,0.0036363636363636,0.0,0.0031479538300104,0.0052631578947368,1.0,0.0005505395287381,0.1246105919003115,0,1,3,0,1,0,0,0,0,0,0,0,0,0,61.0
0.1926345609065155,0.163265306122449,0.0449050086355785,0.0018181818181818,0.0,0.0010493179433368,0.0026315789473684,1.0,0.0,0.1163032191069574,0,1,3,0,1,0,0,0,0,0,0,0,0,0,57.0
0.3558073654390934,0.4319727891156462,0.0552677029360967,0.0018181818181818,0.0,0.0031479538300104,0.0026315789473684,1.0,0.0005505395287381,0.0353063343717549,0,1,3,0,0,0,1,0,0,0,0,0,0,0,18.0
0.0861189801699716,0.108843537414966,1.0,0.1781818181818182,0.0135658914728682,0.1101783840503672,0.0763157894736842,1.0,0.0089187403655582,1.0,0,1,0,0,0,0,0,0,0,0,0,1,0,0,482.5
0.2696883852691218,0.2448979591836734,0.0345423143350604,0.0,0.0,0.0,0.0,1.0,0.0004954855758643,0.0,0,1,3,0,0,0,0,0,0,0,1,0,0,0,1.0
0.2243626062322946,0.2108843537414966,0.0379965457685664,0.0,0.0,0.0010493179433368,0.0,1.0,0.0001101079057476,0.0166147455867082,0,1,3,0,0,0,1,0,0,0,0,0,0,0,9.0
0.838526912181303,0.5357142857142857,0.079447322970639,0.0018181818181818,0.0,0.0,0.0026315789473684,1.0,0.0,0.0976116303219107,0,1,3,0,0,0,0,1,0,0,0,0,0,0,48.0
0.4305949008498583,0.391156462585034,0.0103626943005181,0.0,0.0,0.0,0.0,1.0,0.0004954855758643,0.0186915887850467,0,1,3,0,0,0,1,0,0,0,0,0,0,0,10.0
1.0,0.5221088435374149,0.0483592400690846,0.0018181818181818,0.0,0.0010493179433368,0.0,1.0,0.0,0.0560747663551401,0,1,3,0,1,0,0,0,0,0,0,0,0,0,28.0
0.3399433427762039,0.108843537414966,0.8151986183074266,0.0236363636363636,0.0,0.0052465897166841,0.0078947368421052,0.75,0.0012111869632239,0.3447559709241952,0,1,2,0,0,0,0,1,0,0,0,0,0,0,167.0
0.2266288951841359,0.1972789115646258,0.5146804835924007,0.0072727272727272,0.0,0.0052465897166841,0.0052631578947368,0.75,0.000880863245981,0.446521287642783,0,1,3,0,0,0,0,0,0,0,0,1,0,0,216.0
0.5665722379603398,0.489795918367347,0.2832469775474956,0.02,0.0,0.0052465897166841,0.0078947368421052,1.0,0.0012111869632239,0.284527518172378,0,1,3,0,1,0,0,0,0,0,0,0,0,0,138.0
0.5643059490084985,0.6122448979591836,1.0,0.0109090909090909,0.0,0.0314795383001049,0.0499999999999999,0.75,0.002972913455186,0.5524402907580477,0,1,3,0,0,0,1,0,0,0,0,0,0,0,267.0
0.5643059490084985,0.7210884353741496,0.4697754749568221,0.0072727272727272,0.001937984496124,0.0073452256033578,0.0052631578947368,0.75,0.0009909711517286,0.1910695742471443,0,1,3,0,0,0,1,0,0,0,0,0,0,0,93.0
0.498583569405099,0.4081632653061224,0.0656303972366148,0.0018181818181818,0.0,0.0010493179433368,0.0,1.0,0.0004954855758643,0.0768431983385254,0,1,3,0,0,0,1,0,0,0,0,0,0,0,38.0
0.2946175637393767,0.2312925170068027,0.0310880829015544,0.0,0.0,0.0,0.0,1.0,0.0004954855758643,0.0083073727933541,0,1,3,0,0,0,0,1,0,0,0,0,0,0,5.0
0.2220963172804532,0.0357142857142857,0.0103626943005181,0.0018181818181818,0.0,0.0052465897166841,0.0026315789473684,0.5,0.0002202158114952,0.2450674974039459,0,1,3,0,0,0,1,0,0,0,0,0,0,0,119.0
0.5643059490084985,0.5850340136054422,0.2728842832469775,0.0181818181818181,0.001937984496124,0.0178384050367261,0.0289473684210526,0.75,0.0017617264919621,0.2679127725856698,0,1,3,0,0,0,1,0,0,0,0,0,0,0,130.0
0.6776203966005665,0.693877551020408,0.0066839378238341,0.2018181818181818,0.0116279069767441,0.1049317943336831,0.081578947368421,0.75,0.005395287381634,1.0,0,1,3,0,0,0,1,0,0,0,0,0,0,0,482.5
0.4509915014164305,0.4081632653061224,1.0,0.2472727272727272,0.0116279069767441,0.1416579223504722,0.2157894736842105,0.75,0.0177273728253688,1.0,0,1,3,0,0,0,1,0,0,0,0,0,0,0,482.5
0.5643059490084985,0.5306122448979591,0.4179620034542314,0.0254545454545454,0.0,0.0241343126967471,0.0210526315789473,0.75,0.0015415106804668,0.2076843198338525,0,1,3,0,0,0,1,0,0,0,0,0,0,0,101.0
0.3830028328611897,0.3129251700680272,0.3454231433506045,0.0563636363636363,0.0116279069767441,0.0283315844700944,0.0368421052631578,0.75,0.0039638846069147,1.0,0,1,3,0,0,0,0,0,0,1,0,0,0,0,482.5
0.2946175637393767,0.2687074829931973,0.0345423143350604,0.0018181818181818,0.0,0.0,0.0026315789473684,1.0,0.0,0.371754932502596,0,1,3,0,0,0,0,0,0,0,1,0,0,0,180.0
0.4509915014164305,0.3945578231292517,1.0,0.0927272727272727,0.005813953488372,0.0524658971668415,0.0473684210526315,0.75,0.0058357190046245,1.0,0,1,3,0,0,1,0,0,0,0,0,0,0,0,482.5
0.5212464589235127,0.4795918367346939,0.0690846286701209,0.0018181818181818,0.0,0.0010493179433368,0.0,1.0,0.0004954855758643,0.0311526479750778,0,1,3,0,0,0,0,0,1,0,0,0,0,0,16.0
0.3376770538243626,0.3129251700680272,0.1692573402417962,0.0054545454545454,0.0,0.0031479538300104,0.0,1.0,0.0,0.660436137071651,0,1,3,0,0,0,0,0,0,1,0,0,0,0,319.0
0.2220963172804532,0.1547619047619047,0.0621761658031088,0.0036363636363636,0.005813953488372,0.0062959076600209,0.0131578947368421,0.75,0.0005505395287381,0.3779854620976116,0,1,3,0,0,0,1,0,0,0,0,0,0,0,183.0
0.406798866855524,0.217687074829932,0.2659758203799654,0.0163636363636363,0.0,0.0041972717733473,0.0052631578947368,1.0,0.0003303237172428,0.1287642782969885,0,1,3,0,0,0,1,0,0,0,0,0,0,0,63.0
0.3399433427762039,0.3265306122448979,1.0,0.0672727272727272,0.0096899224806201,0.049317943336831,0.0657894736842105,0.75,0.0070469059678484,1.0,0,1,3,0,0,0,0,0,0,0,0,1,0,0,482.5
1.0,0.901360544217687,0.5112262521588946,0.02,0.001937984496124,0.0115424973767051,0.0131578947368421,1.0,0.0009909711517286,0.3260643821391485,0,1,3,0,0,0,0,0,0,1,0,0,0,0,158.0
0.3637393767705382,0.3622448979591837,0.4352331606217616,0.0145454545454545,0.003875968992248,0.0020986358866736,0.0131578947368421,0.75,0.0009909711517286,0.2720664589823468,0,1,3,0,0,0,0,0,0,1,0,0,0,0,132.0
0.1586402266288951,0.1122448979591836,0.0932642487046632,0.0036363636363636,0.0,0.0020986358866736,0.0026315789473684,1.0,0.0002202158114952,0.3322949117341641,0,1,3,0,0,0,1,0,0,0,0,0,0,0,161.0
0.2243626062322946,0.2517006802721088,0.1416234887737478,0.0,0.0,0.0020986358866736,0.0026315789473684,1.0,0.0003303237172428,0.3489096573208722,0,1,3,0,0,0,1,0,0,0,0,0,0,0,169.0
0.5665722379603398,0.5170068027210883,0.1830742659758203,0.0163636363636363,0.0,0.0052465897166841,0.0157894736842105,1.0,0.0009909711517286,0.1599169262720664,0,1,3,0,0,0,0,0,0,1,0,0,0,0,78.0
0.2243626062322946,0.3639455782312925,0.0379965457685664,0.0018181818181818,0.0,0.0031479538300104,0.0052631578947368,1.0,0.0003303237172428,0.0311526479750778,0,1,1,0,0,0,1,0,0,0,0,0,0,0,16.0
0.1586402266288951,0.119047619047619,0.0172711571675302,0.0,0.0,0.0020986358866736,0.0,1.0,0.0001101079057476,0.1142263759086189,0,1,3,0,0,0,1,0,0,0,0,0,0,0,56.0
0.1688385269121812,0.0680272108843537,0.0518134715025906,0.0054545454545454,0.0,0.0,0.0,1.0,0.0,0.0311526479750778,0,1,3,0,0,0,1,0,0,0,0,0,0,0,16.0
0.9926345609065156,0.5986394557823128,0.1692573402417962,0.0036363636363636,0.001937984496124,0.0031479538300104,0.0078947368421052,0.5,0.0002202158114952,0.0996884735202492,0,1,3,0,0,0,1,0,0,0,0,0,0,0,49.0
0.5643059490084985,0.5034013605442176,1.0,0.0254545454545454,0.0,0.0514165792235047,0.1105263157894736,0.75,0.005395287381634,1.0,0,1,3,0,0,0,1,0,0,0,0,0,0,0,482.5
0.2039660056657223,0.1309523809523809,0.0656303972366148,0.009090909090909,0.0,0.0031479538300104,0.0,1.0,0.0002202158114952,0.1017653167185877,0,1,3,0,0,0,1,0,0,0,0,0,0,0,50.0
0.346742209631728,0.1479591836734693,0.1830742659758203,0.0127272727272727,0.001937984496124,0.0052465897166841,0.0105263157894736,1.0,0.0004404316229905,0.2014537902388369,0,1,3,0,0,0,1,0,0,0,0,0,0,0,98.0
0.2243626062322946,0.2431972789115646,0.1278065630397236,0.0072727272727272,0.0,0.0041972717733473,0.0052631578947368,1.0,0.0004404316229905,0.249221183800623,0,1,3,0,0,0,0,0,0,0,0,1,0,0,121.0
1.0,0.5374149659863945,0.1174438687392055,0.0018181818181818,0.0,0.0,0.0,1.0,0.0,0.122533748701973,0,1,3,0,1,0,0,0,0,0,0,0,0,0,60.0
0.3852691218130311,0.4064625850340136,0.0725388601036269,0.0018181818181818,0.0,0.0010493179433368,0.0,1.0,0.0004954855758643,0.0623052959501557,0,1,3,0,1,0,0,0,0,0,0,0,0,0,31.0
0.2832861189801699,0.0952380952380952,0.0759930915371329,0.0,0.0,0.0,0.0026315789473684,0.25,0.0,0.0353063343717549,0,1,3,0,0,0,0,0,1,0,0,0,0,0,18.0
1.0,1.0,1.0,0.0745454545454545,0.005813953488372,0.0293809024134312,0.0447368421052631,0.75,0.0033032371724289,1.0,0,1,3,0,0,0,1,0,0,0,0,0,0,0,482.5
0.6096317280453257,0.3613945578231292,1.0,0.0509090909090909,0.0,0.0293809024134312,0.0263157894736842,0.75,0.0014314027747192,1.0,0,1,3,0,0,0,1,0,0,0,0,0,0,0,482.5
0.7932011331444758,0.7482993197278911,0.1519861830742659,0.0054545454545454,0.001937984496124,0.0,0.0,1.0,0.0,0.0581516095534787,0,1,3,0,0,0,0,0,0,0,0,1,0,0,29.0
0.5643059490084985,0.6258503401360543,0.9879101899827288,0.0163636363636363,0.0,0.0335781741867785,0.0263157894736842,0.75,0.0036335608896718,0.6334371754932502,0,1,3,0,0,0,1,0,0,0,0,0,0,0,306.0
0.3399433427762039,0.2704081632653061,0.0310880829015544,0.0,0.0,0.0,0.0,1.0,0.0,0.0415368639667705,0,1,3,0,0,0,0,0,0,1,0,0,0,0,21.0
0.2243626062322946,0.2023809523809523,0.082901554404145,0.0036363636363636,0.0,0.0020986358866736,0.0,1.0,0.0,0.0124610591900311,0,1,3,0,0,0,0,0,0,1,0,0,0,0,7.0
1.0,0.8299319727891156,0.0172711571675302,0.0,0.0,0.0020986358866736,0.0052631578947368,1.0,0.0001101079057476,0.2367601246105918,0,1,3,0,0,0,1,0,0,0,0,0,0,0,115.0
0.3399433427762039,0.3095238095238095,0.1208981001727115,0.009090909090909,0.001937984496124,0.0010493179433368,0.0,0.75,0.0003303237172428,0.3655244029075805,0,1,3,0,0,0,0,0,0,1,0,0,0,0,177.0
0.5643059490084985,0.7482993197278911,0.5941278065630397,0.02,0.001937984496124,0.0157397691500524,0.0289473684210526,0.75,0.0022021581149526,0.407061266874351,0,1,3,0,0,0,1,0,0,0,0,0,0,0,197.0
0.5643059490084985,0.2857142857142857,1.0,0.1345454545454545,0.001937984496124,0.0965372507869884,0.1105263157894736,0.75,0.0111208984805109,1.0,0,1,4,0,0,0,1,0,0,0,0,0,0,0,482.5
0.5643059490084985,0.5714285714285714,0.5181347150259067,0.009090909090909,0.0,0.0052465897166841,0.0105263157894736,0.75,0.0003303237172428,0.1059190031152648,0,1,3,0,0,0,1,0,0,0,0,0,0,0,52.0
0.2243626062322946,0.272108843537415,0.0587219343696027,0.0054545454545454,0.0,0.0031479538300104,0.0052631578947368,0.75,0.0002202158114952,0.0186915887850467,0,1,3,0,0,0,1,0,0,0,0,0,0,0,10.0
0.4305949008498583,0.4761904761904762,0.6321243523316062,0.0127272727272727,0.001937984496124,0.0272822665267576,0.031578947368421,1.0,0.0036335608896718,0.5399792315680165,0,1,3,0,0,1,0,0,0,0,0,0,0,0,261.0
0.5643059490084985,0.5374149659863945,0.1070811744386874,0.0018181818181818,0.001937984496124,0.0010493179433368,0.0,1.0,0.0,0.5316718587746625,0,1,3,0,0,0,0,0,0,1,0,0,0,0,257.0
0.6096317280453257,0.7346938775510203,0.4939550949913644,0.0163636363636363,0.0,0.0199370409233997,0.0210526315789473,1.0,0.0012111869632239,0.3364485981308411,0,1,3,0,0,0,1,0,0,0,0,0,0,0,163.0
0.5994334277620396,0.3469387755102041,0.1485319516407599,0.0018181818181818,0.001937984496124,0.0115424973767051,0.0052631578947368,1.0,0.0002202158114952,0.2326064382139148,0,1,3,0,0,0,1,0,0,0,0,0,0,0,113.0
0.5643059490084985,0.5170068027210883,0.6459412780656304,0.0218181818181818,0.0,0.0125918153200419,0.0157894736842105,0.75,0.0012111869632239,0.2637590861889927,0,1,3,0,0,0,0,0,0,0,0,1,0,0,128.0
0.2243626062322946,0.2397959183673469,0.0241796200345423,0.0054545454545454,0.0,0.0,0.0,1.0,0.0004954855758643,0.0332294911734164,0,1,3,0,0,0,1,0,0,0,0,0,0,0,17.0
1.0,0.8435374149659863,1.0,0.0472727272727272,0.0,0.0104931794333683,0.0052631578947368,1.0,0.0003303237172428,0.32398753894081,0,1,3,0,0,0,0,0,0,0,0,1,0,0,157.0
0.4305949008498583,0.4761904761904762,0.8808290155440414,0.0345454545454545,0.003875968992248,0.0304302203567681,0.0578947368421052,0.75,0.0033032371724289,0.5316718587746625,0,1,3,0,0,0,1,0,0,0,0,0,0,0,257.0
1.0,0.3613945578231292,0.1208981001727115,0.0054545454545454,0.0,0.0115424973767051,0.031578947368421,1.0,0.0014314027747192,0.5358255451713395,0,1,3,0,0,0,0,0,0,0,0,0,1,0,259.0
0.5665722379603398,0.4081632653061224,0.5561312607944732,0.02,0.003875968992248,0.0062959076600209,0.0078947368421052,0.75,0.000880863245981,0.2949117341640706,0,1,3,0,1,0,0,0,0,0,0,0,0,0,143.0
0.5121813031161473,0.3469387755102041,0.1036269430051813,0.0036363636363636,0.0,0.0020986358866736,0.0052631578947368,0.75,0.0001101079057476,0.1723779854620976,0,1,0,0,0,0,0,0,0,1,0,0,0,0,84.0
0.4963172804532577,0.4761904761904762,1.0,0.0654545454545454,0.0077519379844961,0.0451206715634837,0.0552631578947368,0.75,0.0064963664391103,1.0,0,1,3,0,1,0,0,0,0,0,0,0,0,0,482.5
0.5643059490084985,0.6394557823129251,0.1174438687392055,0.0018181818181818,0.001937984496124,0.0052465897166841,0.0,0.75,0.0,0.0228452751817237,0,1,3,0,0,1,0,0,0,0,0,0,0,0,12.0
0.3852691218130311,0.2806122448979591,0.0449050086355785,0.0018181818181818,0.0,0.0010493179433368,0.0,1.0,0.0004954855758643,0.0145379023883696,0,1,3,0,1,0,0,0,0,0,0,0,0,0,8.0
0.3399433427762039,0.2244897959183673,0.9706390328151986,0.0327272727272727,0.0,0.0083945435466946,0.0078947368421052,0.75,0.0009909711517286,0.7268951194184838,0,1,3,1,0,0,0,0,0,0,0,0,0,0,351.0
0.7932011331444758,0.5714285714285714,0.0379965457685664,0.0,0.0,0.0,0.0,1.0,0.0004954855758643,0.0934579439252336,0,1,3,0,0,0,1,0,0,0,0,0,0,0,46.0
0.838526912181303,0.6326530612244897,0.0656303972366148,0.0,0.0,0.0,0.0,1.0,0.0004954855758643,0.0290758047767393,0,1,3,0,0,0,0,0,0,0,0,0,1,0,15.0
0.4509915014164305,0.3673469387755102,0.1865284974093264,0.0109090909090909,0.0,0.0146904512067156,0.0263157894736842,0.75,0.0016516185862144,0.1910695742471443,0,1,3,0,0,0,1,0,0,0,0,0,0,0,93.0
0.4532577903682719,0.3316326530612244,0.0345423143350604,0.0,0.0,0.0,0.0,1.0,0.0,0.0249221183800623,1,1,3,0,1,0,0,0,0,0,0,0,0,0,13.0
0.0906515580736544,0.1462585034013605,0.6010362694300518,0.06,0.001937984496124,0.0241343126967471,0.0394736842105263,1.0,0.0039638846069147,1.0,0,1,3,0,1,0,0,0,0,0,0,0,0,0,482.5
0.2039660056657223,0.0884353741496598,0.0276338514680483,0.0036363636363636,0.0,0.0094438614900314,0.0052631578947368,0.5,0.0003303237172428,0.1038421599169262,0,1,3,0,0,0,1,0,0,0,0,0,0,0,51.0
0.5325779036827195,0.2448979591836734,0.0231157167530224,0.9872727272727272,0.0775193798449612,0.8163693599160546,0.5368421052631579,0.75,0.0410702488438669,1.0,0,1,3,0,0,0,1,0,0,0,0,0,0,0,482.5
0.3716713881019829,0.2891156462585034,0.0310880829015544,0.0018181818181818,0.0,0.0031479538300104,0.0026315789473684,1.0,0.0,0.0145379023883696,0,1,3,0,0,0,1,0,0,0,0,0,0,0,8.0
0.7478753541076487,0.7891156462585033,0.0207253886010362,0.0018181818181818,0.0,0.0,0.0,1.0,0.0,0.043613707165109,0,1,3,0,0,0,1,0,0,0,0,0,0,0,22.0
0.5643059490084985,0.8163265306122448,0.4179620034542314,0.0254545454545454,0.001937984496124,0.0230849947534102,0.0210526315789473,0.75,0.0014314027747192,0.7165109034267912,0,1,3,0,0,0,1,0,0,0,0,0,0,0,346.0
0.2719546742209631,0.1530612244897959,0.1761658031088082,0.009090909090909,0.001937984496124,0.0010493179433368,0.0,1.0,0.0001101079057476,0.1391484942886812,0,1,3,0,1,0,0,0,0,0,0,0,0,0,68.0
0.4011331444759206,0.272108843537415,0.0103626943005181,0.0,0.0,0.0,0.0,1.0,0.0004954855758643,0.0249221183800623,0,1,3,0,0,0,1,0,0,0,0,0,0,0,13.0
0.3388101983002832,0.1768707482993197,0.1070811744386874,0.009090909090909,0.0,0.0031479538300104,0.0,0.75,0.0002202158114952,0.371754932502596,0,1,3,0,0,0,1,0,0,0,0,0,0,0,180.0
0.2084985835694051,0.3129251700680272,0.2832469775474956,0.0127272727272727,0.0,0.0062959076600209,0.0052631578947368,1.0,0.0006606474344857,0.3489096573208722,0,1,3,0,0,0,0,0,0,0,1,0,0,0,169.0
0.4532577903682719,0.4761904761904762,0.6873920552677029,0.0145454545454545,0.0,0.0115424973767051,0.0184210526315789,0.75,0.0018718343977097,0.2949117341640706,0,1,2,0,0,0,1,0,0,0,0,0,0,0,143.0
0.0906515580736544,0.1360544217687075,0.0345423143350604,0.009090909090909,0.001937984496124,0.0010493179433368,0.0,1.0,0.0,0.0332294911734164,0,1,3,0,0,0,1,0,0,0,0,0,0,0,17.0
0.2266288951841359,0.272108843537415,0.0345423143350604,0.0036363636363636,0.0,0.0041972717733473,0.0078947368421052,1.0,0.0002202158114952,0.1599169262720664,0,1,3,0,0,0,1,0,0,0,0,0,0,0,78.0
0.3852691218130311,0.3231292517006802,0.1727115716753022,0.0072727272727272,0.001937984496124,0.0031479538300104,0.0052631578947368,1.0,0.0001101079057476,0.2159916926272066,0,1,3,0,0,0,1,0,0,0,0,0,0,0,105.0
0.2946175637393767,0.1921768707482993,0.0241796200345423,0.0018181818181818,0.0,0.0,0.0,1.0,0.0,0.2409138110072689,0,1,3,0,0,0,1,0,0,0,0,0,0,0,117.0
0.5643059490084985,0.5306122448979591,0.1519861830742659,0.0072727272727272,0.001937984496124,0.0010493179433368,0.0,1.0,0.0004954855758643,0.043613707165109,0,1,3,0,0,0,1,0,0,0,0,0,0,0,22.0
0.6118980169971671,0.489795918367347,0.0759930915371329,0.0,0.0,0.0010493179433368,0.0,1.0,0.0004954855758643,0.0560747663551401,0,1,3,0,1,0,0,0,0,0,0,0,0,0,28.0
0.5643059490084985,0.2312925170068027,1.0,0.1181818181818181,0.0096899224806201,0.0713536201469045,0.1236842105263157,0.75,0.0110107905747632,1.0,0,1,4,0,0,0,1,0,0,0,0,0,0,0,482.5
0.5643059490084985,0.5170068027210883,0.1796200345423143,0.0054545454545454,0.0,0.0031479538300104,0.0026315789473684,1.0,0.0005505395287381,0.4049844236760124,0,1,3,0,0,0,0,0,0,1,0,0,0,0,196.0
0.7660056657223795,0.5578231292517006,0.0552677029360967,0.0036363636363636,0.0,0.0010493179433368,0.0,1.0,0.0,0.0685358255451713,0,1,3,0,0,0,0,0,1,0,0,0,0,0,34.0
0.3966005665722379,0.2448979591836734,0.1174438687392055,0.0,0.0,0.0031479538300104,0.0026315789473684,1.0,0.0,0.0955347871235721,0,1,3,0,1,0,0,0,0,0,0,0,0,0,47.0
0.2243626062322946,0.1870748299319728,0.1519861830742659,0.009090909090909,0.0,0.0041972717733473,0.0052631578947368,1.0,0.0004404316229905,0.0643821391484942,0,1,3,0,0,0,1,0,0,0,0,0,0,0,32.0
0.2934844192634561,0.1496598639455782,0.2970639032815198,0.0145454545454545,0.0,0.0010493179433368,0.0026315789473684,1.0,0.0003303237172428,0.2201453790238836,0,1,3,0,0,0,1,0,0,0,0,0,0,0,107.0
0.5643059490084985,0.2857142857142857,1.0,0.1,0.005813953488372,0.0598111227701993,0.1078947368421052,1.0,0.0082580929310724,1.0,0,1,3,0,0,0,1,0,0,0,0,0,0,0,482.5
0.3172804532577903,0.2040816326530612,0.4214162348877374,0.0345454545454545,0.001937984496124,0.0094438614900314,0.0105263157894736,1.0,0.0006606474344857,0.743509865005192,0,1,3,0,0,0,0,0,0,0,0,0,0,1,359.0
0.315014164305949,0.119047619047619,0.1485319516407599,0.0145454545454545,0.0,0.0094438614900314,0.0210526315789473,1.0,0.0012111869632239,1.0,0,1,3,0,0,0,1,0,0,0,0,0,0,0,482.5
1.0,0.4625850340136054,0.0932642487046632,0.0018181818181818,0.0,0.0020986358866736,0.0,1.0,0.0002202158114952,0.4569055036344756,0,1,3,0,1,0,0,0,0,0,0,0,0,0,221.0
0.4532577903682719,0.2857142857142857,0.3592400690846286,0.0036363636363636,0.001937984496124,0.0010493179433368,0.0,1.0,0.0,0.1640706126687434,0,1,3,0,0,1,0,0,0,0,0,0,0,0,80.0
0.1677053824362606,0.1904761904761904,0.1830742659758203,0.0145454545454545,0.0,0.0062959076600209,0.0052631578947368,0.75,0.0002202158114952,0.0893042575285566,0,1,3,0,0,0,1,0,0,0,0,0,0,0,44.0
0.406798866855524,0.2210884353741496,0.1934369602763385,0.0109090909090909,0.001937984496124,0.0052465897166841,0.0105263157894736,1.0,0.0004404316229905,0.4361370716510903,0,1,3,0,0,0,1,0,0,0,0,0,0,0,211.0
0.5212464589235127,0.2312925170068027,0.0276338514680483,0.0018181818181818,0.0,0.0,0.0,0.75,0.0,0.3011422637590862,0,1,3,0,1,0,0,0,0,0,0,0,0,0,146.0
0.6345609065155807,0.5850340136054422,0.3350604490500863,0.0109090909090909,0.001937984496124,0.0062959076600209,0.0052631578947368,0.75,0.0006606474344857,0.209761163032191,0,1,3,0,0,0,0,0,0,1,0,0,0,0,102.0
0.4532577903682719,0.3775510204081632,0.1139896373056994,0.0,0.001937984496124,0.0,0.0,1.0,0.0004954855758643,0.1100726895119418,0,1,3,0,0,0,1,0,0,0,0,0,0,0,54.0
0.6277620396600566,0.2585034013605442,0.0587219343696027,0.0127272727272727,0.001937984496124,0.0010493179433368,0.0026315789473684,1.0,0.0001101079057476,0.1204569055036344,0,1,3,0,0,0,1,0,0,0,0,0,0,0,59.0
0.5643059490084985,0.5306122448979591,0.3212435233160621,0.02,0.0,0.0325288562434417,0.0236842105263157,1.0,0.0027526976436908,0.2575285565939771,0,1,3,0,0,0,1,0,0,0,0,0,0,0,125.0
0.2946175637393767,0.2040816326530612,0.7150259067357513,0.0472727272727272,0.0077519379844961,0.0220356768100734,0.0342105263157894,0.75,0.0024223739264479,1.0,0,1,3,0,0,0,1,0,0,0,0,0,0,0,482.5
0.906515580736544,0.6122448979591836,0.3488773747841105,0.0072727272727272,0.0,0.0031479538300104,0.0,1.0,0.0004954855758643,0.1349948078920041,0,1,3,1,0,0,0,0,0,0,0,0,0,0,66.0
0.5665722379603398,0.4353741496598639,0.8670120898100172,0.0145454545454545,0.001937984496124,0.0083945435466946,0.0052631578947368,1.0,0.000880863245981,0.3364485981308411,0,1,3,0,0,0,0,1,0,0,0,0,0,0,163.0
0.5643059490084985,0.5306122448979591,1.0,0.0109090909090909,0.0,0.0461699895068205,0.0210526315789473,0.75,0.0042942083241576,0.905503634475597,0,1,3,0,0,0,1,0,0,0,0,0,0,0,437.0
0.5643059490084985,0.693877551020408,0.6735751295336787,0.0345454545454545,0.001937984496124,0.049317943336831,0.0394736842105263,1.0,0.0046245320414005,0.6458982346832813,0,1,3,0,0,0,1,0,0,0,0,0,0,0,312.0
0.4305949008498583,0.4489795918367347,0.2936096718480138,0.0236363636363636,0.005813953488372,0.0125918153200419,0.0052631578947368,0.75,0.000880863245981,0.4672897196261682,0,1,3,0,0,0,1,0,0,0,0,0,0,0,226.0
0.4532577903682719,0.4353741496598639,0.4801381692573402,0.0145454545454545,0.003875968992248,0.0020986358866736,0.0052631578947368,1.0,0.0005505395287381,0.1204569055036344,0,1,3,0,0,0,0,0,0,0,0,1,0,0,59.0
1.0,1.0,0.9464594127806564,0.0218181818181818,0.003875968992248,0.0178384050367261,0.0289473684210526,1.0,0.0019819423034573,0.944963655244029,0,1,3,0,0,0,1,0,0,0,0,0,0,0,456.0
0.5665722379603398,0.489795918367347,0.5837651122625216,0.0127272727272727,0.0,0.0020986358866736,0.0078947368421052,1.0,0.0007707553402334,0.166147455867082,0,1,3,0,0,0,1,0,0,0,0,0,0,0,81.0
0.4759206798866855,0.4183673469387755,0.0276338514680483,0.0018181818181818,0.0,0.0010493179433368,0.0,1.0,0.0004954855758643,0.5275181723779854,0,1,3,0,0,0,1,0,0,0,0,0,0,0,255.0
0.2946175637393767,0.217687074829932,0.0103626943005181,0.0,0.0,0.0,0.0,1.0,0.0004954855758643,0.1079958463136033,0,1,3,0,0,0,0,0,1,0,0,0,0,0,53.0
0.3399433427762039,0.2414965986394557,0.0,0.0,0.0,0.0,0.0,1.0,0.0004954855758643,0.0415368639667705,0,1,3,0,0,0,1,0,0,0,0,0,0,0,21.0
0.5643059490084985,0.6122448979591836,1.0,0.1236363636363636,0.0077519379844961,0.0440713536201469,0.1105263157894736,0.75,0.0084783087425677,1.0,0,1,3,0,0,0,0,0,0,1,0,0,0,0,482.5
0.63342776203966,0.3639455782312925,0.1381692573402418,0.0163636363636363,0.0,0.0020986358866736,0.0052631578947368,1.0,0.0005505395287381,0.1308411214953271,0,1,3,0,0,0,1,0,0,0,0,0,0,0,64.0
0.9745042492917846,0.7074829931972788,0.0690846286701209,0.0,0.0,0.0010493179433368,0.0026315789473684,1.0,0.0,0.0103842159916926,0,1,3,0,0,0,1,0,0,0,0,0,0,0,6.0
0.5643059490084985,0.693877551020408,0.4283246977547496,0.0327272727272727,0.0,0.0451206715634837,0.0473684210526315,1.0,0.0046245320414005,0.5129802699896158,0,1,3,0,0,0,1,0,0,0,0,0,0,0,248.0
0.4509915014164305,0.1768707482993197,1.0,0.1163636363636363,0.0,0.1049317943336831,0.1789473684210526,0.75,0.0133230565954635,1.0,0,1,3,0,0,0,0,0,1,0,0,0,0,0,482.5
0.4305949008498583,0.4591836734693877,0.0379965457685664,0.0036363636363636,0.0,0.0020986358866736,0.0,1.0,0.0004954855758643,0.0186915887850467,0,1,3,0,1,0,0,0,0,0,0,0,0,0,10.0
0.4532577903682719,0.4149659863945578,0.0276338514680483,0.0036363636363636,0.0,0.0,0.0,0.5,0.0,0.0602284527518172,0,1,3,0,0,0,1,0,0,0,0,0,0,0,30.0
0.4759206798866855,0.2210884353741496,0.003454231433506,0.0018181818181818,0.0,0.0,0.0,1.0,0.0004954855758643,0.0249221183800623,0,1,3,0,0,0,1,0,0,0,0,0,0,0,13.0
0.3399433427762039,0.2857142857142857,0.5250431778929188,0.0363636363636363,0.001937984496124,0.0146904512067156,0.0105263157894736,0.75,0.0014314027747192,1.0,0,1,3,0,0,0,0,0,0,0,1,0,0,0,482.5
1.0,0.9387755102040816,0.8670120898100172,0.0163636363636363,0.001937984496124,0.0062959076600209,0.0184210526315789,1.0,0.0016516185862144,0.3489096573208722,0,1,1,0,0,0,0,0,0,0,0,1,0,0,169.0
0.693484419263456,0.3605442176870748,0.1727115716753022,0.0054545454545454,0.001937984496124,0.0020986358866736,0.0,1.0,0.0,0.2429906542056074,0,1,3,0,0,0,0,0,0,1,0,0,0,0,118.0
0.1110481586402266,0.1768707482993197,0.0414507772020725,0.0018181818181818,0.001937984496124,0.0020986358866736,0.0,1.0,0.0001101079057476,0.0207684319833852,0,1,3,0,0,0,1,0,0,0,0,0,0,0,11.0
0.4736543909348442,0.4081632653061224,0.0103626943005181,0.0,0.0,0.0,0.0,1.0,0.0,0.1578400830737279,0,1,3,0,0,0,1,0,0,0,0,0,0,0,77.0
0.5484419263456091,0.4693877551020408,0.0345423143350604,0.0072727272727272,0.0,0.0010493179433368,0.0052631578947368,1.0,0.0001101079057476,0.0955347871235721,0,1,3,0,0,0,1,0,0,0,0,0,0,0,47.0
1.0,0.7159863945578231,0.0621761658031088,0.0018181818181818,0.0,0.0,0.0,1.0,0.0004954855758643,0.043613707165109,0,1,3,0,1,0,0,0,0,0,0,0,0,0,22.0
0.3954674220963172,0.2142857142857143,0.1865284974093264,0.0163636363636363,0.0,0.0010493179433368,0.0026315789473684,1.0,0.0004404316229905,0.2222222222222222,0,1,3,0,0,0,1,0,0,0,0,0,0,0,108.0
0.4305949008498583,0.3707482993197278,0.1174438687392055,0.0109090909090909,0.0,0.0020986358866736,0.0,0.75,0.0,0.1993769470404984,0,1,3,0,0,0,1,0,0,0,0,0,0,0,97.0
0.4532577903682719,0.2857142857142857,1.0,0.0181818181818181,0.003875968992248,0.0052465897166841,0.0052631578947368,1.0,0.0003303237172428,0.411214953271028,0,1,3,1,0,0,0,0,0,0,0,0,0,0,199.0
0.2266288951841359,0.119047619047619,0.0483592400690846,0.0,0.0,0.0,0.0,1.0,0.0004954855758643,0.0290758047767393,0,1,3,0,0,0,0,0,0,0,1,0,0,0,15.0
0.5643059490084985,0.6122448979591836,0.8117443868739205,0.0418181818181818,0.001937984496124,0.04302203567681,0.0394736842105263,0.75,0.0042942083241576,0.4589823468328141,0,1,3,0,0,1,0,0,0,0,0,0,0,0,222.0
0.906515580736544,0.6207482993197279,0.0552677029360967,0.0,0.0,0.0,0.0,1.0,0.0004954855758643,0.0083073727933541,0,1,3,0,0,0,1,0,0,0,0,0,0,0,5.0
0.2266288951841359,0.2312925170068027,0.4386873920552677,0.0345454545454545,0.001937984496124,0.0052465897166841,0.0078947368421052,1.0,0.0004404316229905,0.3842159916926272,0,1,3,0,0,0,1,0,0,0,0,0,0,0,186.0
0.2266288951841359,0.1496598639455782,0.0932642487046632,0.009090909090909,0.0,0.0031479538300104,0.0,1.0,0.0001101079057476,0.0498442367601246,0,1,3,0,0,0,1,0,0,0,0,0,0,0,25.0
0.3399433427762039,0.2040816326530612,1.0,0.0363636363636363,0.0,0.0304302203567681,0.0236842105263157,1.0,0.0025324818321955,0.9740394600207684,0,1,3,0,0,0,1,0,0,0,0,0,0,0,470.0
0.2266288951841359,0.2857142857142857,0.0138169257340241,0.0036363636363636,0.0,0.0,0.0026315789473684,1.0,0.0,0.0207684319833852,0,1,3,0,0,0,1,0,0,0,0,0,0,0,11.0
0.7478753541076487,0.6666666666666666,0.4870466321243523,0.02,0.001937984496124,0.0062959076600209,0.0210526315789473,1.0,0.0025324818321955,0.3302180685358255,0,1,3,0,0,0,0,0,0,0,0,1,0,0,160.0
0.0521246458923512,0.1071428571428571,0.234887737478411,0.0054545454545454,0.0,0.0115424973767051,0.0105263157894736,1.0,0.0011010790574763,0.699896157840083,0,1,3,0,0,0,0,0,0,0,0,0,1,0,338.0
0.4532577903682719,0.3979591836734694,0.0759930915371329,0.0018181818181818,0.0,0.0020986358866736,0.0026315789473684,1.0,0.0002202158114952,0.2679127725856698,0,1,3,0,0,0,1,0,0,0,0,0,0,0,130.0
0.3852691218130311,0.2959183673469387,0.0310880829015544,0.0018181818181818,0.0,0.0,0.0026315789473684,0.0,0.0,0.043613707165109,0,1,3,0,0,0,0,0,0,0,0,0,0,1,22.0
0.2447592067988668,0.1360544217687075,0.0241796200345423,0.0036363636363636,0.001937984496124,0.0010493179433368,0.0,1.0,0.0,0.3052959501557633,0,1,3,0,0,0,1,0,0,0,0,0,0,0,148.0
0.7932011331444758,0.6530612244897959,0.4352331606217616,0.0145454545454545,0.0,0.0062959076600209,0.0105263157894736,0.75,0.0006606474344857,0.2803738317757009,0,1,3,0,0,0,0,0,0,0,0,1,0,0,136.0
0.4532577903682719,0.5578231292517006,0.2037996545768566,0.0109090909090909,0.0,0.0010493179433368,0.0052631578947368,0.75,0.0003303237172428,0.1038421599169262,0,1,3,0,0,0,0,0,0,0,0,1,0,0,51.0
0.2141643059490084,0.0952380952380952,0.0587219343696027,0.009090909090909,0.0,0.0031479538300104,0.0026315789473684,1.0,0.0,0.083073727933541,0,1,3,0,0,0,1,0,0,0,0,0,0,0,41.0
0.2266288951841359,0.2040816326530612,0.0898100172711571,0.0145454545454545,0.0,0.0041972717733473,0.0078947368421052,1.0,0.0002202158114952,1.0,0,1,3,0,0,0,0,0,0,0,0,0,1,0,482.5
1.0,0.6258503401360543,0.4835924006908462,0.0181818181818181,0.003875968992248,0.0136411332633788,0.031578947368421,1.0,0.0025324818321955,0.3696780893042575,0,1,3,0,0,0,0,0,0,1,0,0,0,0,179.0
0.9280453257790366,0.5578231292517006,0.0898100172711571,0.0036363636363636,0.0,0.0083945435466946,0.0131578947368421,1.0,0.0005505395287381,0.1287642782969885,0,1,3,0,0,0,1,0,0,0,0,0,0,0,63.0
0.5439093484419263,0.2312925170068027,0.0863557858376511,0.0,0.0,0.0,0.0,1.0,0.0,0.0228452751817237,0,1,3,0,1,0,0,0,0,0,0,0,0,0,12.0
0.3626062322946175,0.3571428571428571,0.1139896373056994,0.0054545454545454,0.0,0.0010493179433368,0.0052631578947368,0.75,0.0002202158114952,0.782969885773624,0,1,3,0,0,0,1,0,0,0,0,0,0,0,378.0
0.315014164305949,0.3537414965986394,0.2003454231433506,0.0072727272727272,0.001937984496124,0.0031479538300104,0.0078947368421052,1.0,0.0003303237172428,0.1121495327102803,0,1,3,0,0,0,1,0,0,0,0,0,0,0,55.0
0.2492917847025495,0.2448979591836734,0.006908462867012,0.0,0.0,0.0,0.0026315789473684,1.0,0.0,0.0,0,1,3,0,0,0,1,0,0,0,0,0,0,0,1.0
0.3286118980169971,0.5238095238095237,0.0036925734024179,0.1309090909090909,0.0135658914728682,0.0870933892969569,0.1026315789473684,0.75,0.0073772296850913,1.0,0,1,3,0,0,0,1,0,0,0,0,0,0,0,482.5
0.2946175637393767,0.217687074829932,0.0276338514680483,0.0018181818181818,0.0,0.0,0.0,1.0,0.0004954855758643,0.0228452751817237,0,1,3,0,0,0,1,0,0,0,0,0,0,0,12.0
0.2594900849858356,0.1224489795918367,0.5630397236614852,0.0109090909090909,0.0,0.0104931794333683,0.0078947368421052,1.0,0.0005505395287381,0.5586708203530633,0,1,3,0,0,0,0,1,0,0,0,0,0,0,270.0
0.5325779036827195,0.3996598639455782,0.5906735751295337,0.0163636363636363,0.0,0.0146904512067156,0.0210526315789473,1.0,0.0009909711517286,0.45067497403946,0,1,2,0,0,0,1,0,0,0,0,0,0,0,218.0
0.5314447592067988,0.3027210884353741,0.1278065630397236,0.0254545454545454,0.001937984496124,0.0010493179433368,0.0052631578947368,1.0,0.0004404316229905,0.3322949117341641,0,1,3,0,0,0,1,0,0,0,0,0,0,0,161.0
0.5643059490084985,0.6105442176870748,1.0,0.0218181818181818,0.005813953488372,0.0703043022035676,0.1078947368421052,0.75,0.0061660427218674,1.0,0,1,3,0,0,0,1,0,0,0,0,0,0,0,482.5
0.3172804532577903,0.1751700680272108,0.0725388601036269,0.0018181818181818,0.0,0.0,0.0,1.0,0.0004954855758643,0.0623052959501557,0,1,3,0,0,0,0,0,0,1,0,0,0,0,31.0
0.2719546742209631,0.1394557823129251,0.0587219343696027,0.0,0.0,0.0,0.0,1.0,0.0004954855758643,0.0394600207684319,0,1,3,0,0,0,1,0,0,0,0,0,0,0,20.0
0.4509915014164305,0.4353741496598639,0.9602763385146804,0.1036363636363636,0.0077519379844961,0.0503672612801678,0.0789473684210526,0.5,0.0069367980621008,1.0,0,1,3,0,0,0,1,0,0,0,0,0,0,0,482.5
0.3308781869688385,0.282312925170068,0.0310880829015544,0.0018181818181818,0.0,0.0,0.0,1.0,0.0004954855758643,0.1723779854620976,0,1,3,0,0,0,1,0,0,0,0,0,0,0,84.0
0.498583569405099,0.3231292517006802,0.0587219343696027,0.0,0.0,0.0,0.0026315789473684,1.0,0.0,0.0228452751817237,0,1,3,0,0,0,0,0,1,0,0,0,0,0,12.0
0.3626062322946175,0.5850340136054422,0.0037789291882556,0.1127272727272727,0.0155038759689922,0.1070304302203567,0.1368421052631579,1.0,0.0086985245540629,1.0,0,1,3,0,0,0,1,0,0,0,0,0,0,0,482.5
0.4963172804532577,0.4489795918367347,1.0,0.1581818181818181,0.0290697674418604,0.0839454354669465,0.1342105263157894,0.75,0.0118916538207443,1.0,0,1,3,0,1,0,0,0,0,0,0,0,0,0,482.5
0.7592067988668555,0.4659863945578231,0.1347150259067357,0.0036363636363636,0.0,0.0073452256033578,0.0052631578947368,0.75,0.0005505395287381,0.446521287642783,0,1,3,0,0,0,1,0,0,0,0,0,0,0,216.0
0.0951841359773371,0.25,0.1249188255613126,0.00868,0.810077519379845,0.0114512067156348,0.0104868421052631,0.75,1.0,1.0,0,1,3,0,0,0,1,0,0,0,0,0,0,0,482.5
0.5665722379603398,0.5170068027210883,0.2210708117443868,0.0127272727272727,0.0,0.0073452256033578,0.0157894736842105,1.0,0.0012111869632239,0.2346832814122533,0,1,3,0,0,0,0,0,0,0,0,0,0,1,114.0
0.5665722379603398,0.3843537414965986,0.0587219343696027,0.0109090909090909,0.0,0.0,0.0,1.0,0.0001101079057476,0.4132917964693666,0,1,3,0,0,0,1,0,0,0,0,0,0,0,200.0
0.3399433427762039,0.1904761904761904,0.1347150259067357,0.0072727272727272,0.0,0.0020986358866736,0.0026315789473684,0.75,0.0,0.1163032191069574,0,1,1,0,0,0,0,0,1,0,0,0,0,0,57.0
1.0,0.2040816326530612,0.0725388601036269,0.0,0.0,0.0,0.0,1.0,0.0004954855758643,0.0955347871235721,0,1,3,0,1,0,0,0,0,0,0,0,0,0,47.0
0.906515580736544,0.91156462585034,0.3523316062176165,0.029090909090909,0.0,0.0125918153200419,0.0,1.0,0.0005505395287381,0.209761163032191,0,1,3,0,0,0,1,0,0,0,0,0,0,0,102.0
0.1110481586402266,0.3078231292517007,0.0483592400690846,0.0036363636363636,0.0,0.0010493179433368,0.0026315789473684,1.0,0.0,0.0353063343717549,0,1,3,0,0,0,1,0,0,0,0,0,0,0,18.0
0.2266288951841359,0.163265306122449,0.0898100172711571,0.0018181818181818,0.001937984496124,0.0010493179433368,0.0078947368421052,0.75,0.0003303237172428,0.0955347871235721,0,1,3,0,0,0,1,0,0,0,0,0,0,0,47.0
1.0,1.0,0.0656303972366148,0.0018181818181818,0.0,0.0031479538300104,0.0105263157894736,0.75,0.0004404316229905,0.1163032191069574,0,1,3,0,0,0,0,0,0,0,0,0,0,1,57.0
0.6118980169971671,0.5578231292517006,0.0172711571675302,0.0,0.0,0.0,0.0,1.0,0.0004954855758643,0.0083073727933541,0,1,3,0,0,0,1,0,0,0,0,0,0,0,5.0
0.7478753541076487,0.7414965986394557,0.238341968911917,0.0145454545454545,0.001937984496124,0.0062959076600209,0.0078947368421052,0.75,0.0011010790574763,0.1599169262720664,0,1,3,0,0,0,1,0,0,0,0,0,0,0,78.0
0.4509915014164305,0.4489795918367347,1.0,0.1036363636363636,0.0135658914728682,0.0577124868835257,0.0710526315789473,0.75,0.0060559348161197,1.0,0,1,3,0,0,0,1,0,0,0,0,0,0,0,482.5
0.5665722379603398,0.3537414965986394,0.5699481865284974,0.02,0.001937984496124,0.0031479538300104,0.0,0.75,0.0002202158114952,0.1744548286604361,0,1,3,1,0,0,0,0,0,0,0,0,0,0,85.0
0.1801699716713881,0.0714285714285714,0.0587219343696027,0.0036363636363636,0.0,0.0031479538300104,0.0078947368421052,1.0,0.0002202158114952,0.328141225337487,0,1,3,0,0,0,1,0,0,0,0,0,0,0,159.0
0.5665722379603398,0.489795918367347,0.2763385146804836,0.0054545454545454,0.0,0.0062959076600209,0.0026315789473684,1.0,0.0,0.2554517133956386,0,1,3,0,0,0,1,0,0,0,0,0,0,0,124.0
0.4305949008498583,0.4353741496598639,0.0725388601036269,0.0018181818181818,0.001937984496124,0.0,0.0026315789473684,1.0,0.0,0.0186915887850467,0,1,3,0,0,0,0,0,0,1,0,0,0,0,10.0
0.4963172804532577,0.5034013605442176,0.4006908462867012,0.02,0.0,0.0356768100734522,0.0236842105263157,0.75,0.0028628055494384,0.5046728971962616,0,1,3,0,0,0,1,0,0,0,0,0,0,0,244.0
0.2039660056657223,0.119047619047619,0.0276338514680483,0.0,0.0,0.0010493179433368,0.0,1.0,0.0,0.1453790238836967,0,1,3,0,0,0,1,0,0,0,0,0,0,0,71.0
0.3399433427762039,0.2006802721088435,0.0379965457685664,0.0018181818181818,0.0,0.0,0.0,1.0,0.0004954855758643,0.0186915887850467,0,1,3,0,1,0,0,0,0,0,0,0,0,0,10.0
0.5552407932011331,0.4489795918367347,0.0135233160621761,0.4981818181818181,0.067829457364341,0.1542497376705141,0.1894736842105263,1.0,0.0136533803127064,1.0,0,1,3,0,0,0,0,0,0,0,0,1,0,0,482.5
0.2719546742209631,0.1802721088435374,0.0967184801381692,0.0054545454545454,0.0,0.0010493179433368,0.0,1.0,0.0,0.0768431983385254,0,1,3,0,0,0,0,0,0,0,0,1,0,0,38.0
0.4759206798866855,0.5034013605442176,0.0552677029360967,0.0036363636363636,0.001937984496124,0.0010493179433368,0.0105263157894736,1.0,0.0003303237172428,0.1973001038421599,0,1,3,0,1,0,0,0,0,0,0,0,0,0,96.0
0.906515580736544,0.6122448979591836,0.5008635578583764,0.009090909090909,0.003875968992248,0.0,0.0,1.0,0.0,0.0851505711318795,0,1,3,1,0,0,0,0,0,0,0,0,0,0,42.0
0.1019830028328612,0.1700680272108843,0.538860103626943,0.029090909090909,0.0,0.0451206715634837,0.031578947368421,1.0,0.0030830213609337,1.0,0,1,3,0,0,0,1,0,0,0,0,0,0,0,482.5
0.0793201133144475,0.1768707482993197,0.7875647668393781,0.0145454545454545,0.0096899224806201,0.0776495278069255,0.0394736842105263,0.75,0.0031931292666813,1.0,0,1,3,0,0,0,1,0,0,0,0,0,0,0,482.5
0.6674220963172804,0.5238095238095237,0.4421416234887737,0.0163636363636363,0.001937984496124,0.0125918153200419,0.0184210526315789,1.0,0.0011010790574763,0.5212876427829698,0,1,3,0,0,0,1,0,0,0,0,0,0,0,252.0
0.7932011331444758,0.4625850340136054,0.0078100172711571,0.1254545454545454,0.0096899224806201,0.1164742917103882,0.0552631578947368,0.75,0.0030830213609337,1.0,0,1,3,0,0,0,1,0,0,0,0,0,0,0,482.5
0.4532577903682719,0.5578231292517006,1.0,0.0509090909090909,0.003875968992248,0.0178384050367261,0.0105263157894736,0.75,0.0014314027747192,0.5628245067497404,0,1,3,0,0,0,1,0,0,0,0,0,0,0,272.0
0.498583569405099,0.3809523809523809,0.1450777202072538,0.0072727272727272,0.001937984496124,0.0031479538300104,0.0052631578947368,1.0,0.0002202158114952,0.1993769470404984,0,1,3,0,0,0,0,0,0,0,0,0,0,1,97.0
0.2492917847025495,0.2040816326530612,0.0207253886010362,0.0,0.0,0.0,0.0,1.0,0.0004954855758643,0.0249221183800623,0,1,3,0,0,0,0,0,1,0,0,0,0,0,13.0
0.7932011331444758,0.5034013605442176,0.2072538860103626,0.009090909090909,0.0,0.0010493179433368,0.0078947368421052,1.0,0.0005505395287381,0.0664589823468328,0,1,3,0,0,0,1,0,0,0,0,0,0,0,33.0
0.7116147308781869,0.5578231292517006,0.0241796200345423,0.0,0.0,0.0010493179433368,0.0,1.0,0.0004954855758643,0.3800623052959501,0,1,3,0,0,0,1,0,0,0,0,0,0,0,184.0
0.4305949008498583,0.2261904761904761,0.0725388601036269,0.0036363636363636,0.0,0.0010493179433368,0.0026315789473684,1.0,0.0,0.12668743509865,0,1,3,0,1,0,0,0,0,0,0,0,0,0,62.0
0.2266288951841359,0.1360544217687075,0.0587219343696027,0.0,0.0,0.0020986358866736,0.0052631578947368,1.0,0.0001101079057476,0.047767393561786,0,1,3,0,0,0,1,0,0,0,0,0,0,0,24.0
0.6118980169971671,0.510204081632653,0.1416234887737478,0.0036363636363636,0.0,0.0,0.0026315789473684,1.0,0.0001101079057476,0.2180685358255451,0,1,3,0,0,0,0,0,0,1,0,0,0,0,106.0
0.1915014164305948,0.0816326530612245,0.0379965457685664,0.0036363636363636,0.0,0.0,0.0,1.0,0.0004954855758643,0.1495327102803738,0,1,3,0,0,0,1,0,0,0,0,0,0,0,73.0
0.4079320113314447,0.3605442176870748,0.0690846286701209,0.0018181818181818,0.0,0.0020986358866736,0.0,0.75,0.0,0.3883696780893043,0,1,3,0,1,0,0,0,0,0,0,0,0,0,188.0
0.2674220963172804,0.0782312925170068,0.2625215889464594,0.0163636363636363,0.0,0.0125918153200419,0.0157894736842105,0.75,0.000880863245981,0.9781931464174454,0,1,1,0,0,0,1,0,0,0,0,0,0,0,472.0
0.2266288951841359,0.1360544217687075,0.1036269430051813,0.0018181818181818,0.0,0.0,0.0,1.0,0.0004954855758643,0.1079958463136033,0,1,3,0,0,0,1,0,0,0,0,0,0,0,53.0
0.3852691218130311,0.3282312925170068,0.0207253886010362,0.0,0.0,0.0,0.0,1.0,0.0004954855758643,0.0789200415368639,0,1,3,0,0,0,1,0,0,0,0,0,0,0,39.0
0.1926345609065155,0.0816326530612245,0.0276338514680483,0.0036363636363636,0.0,0.0,0.0026315789473684,0.75,0.0,0.1017653167185877,0,1,3,0,0,0,1,0,0,0,0,0,0,0,50.0
0.4509915014164305,0.4761904761904762,1.0,0.1472727272727272,0.0174418604651162,0.0703043022035676,0.1131578947368421,0.75,0.0091389561770535,1.0,0,1,3,0,0,0,1,0,0,0,0,0,0,0,482.5
0.2492917847025495,0.1054421768707483,0.2210708117443868,0.0036363636363636,0.0,0.0010493179433368,0.0,1.0,0.0,0.0955347871235721,0,1,3,0,0,0,1,0,0,0,0,0,0,0,47.0
0.1801699716713881,0.0748299319727891,0.0759930915371329,0.0018181818181818,0.0,0.0,0.0,1.0,0.0,0.0394600207684319,0,1,3,0,0,0,1,0,0,0,0,0,0,0,20.0
0.4532577903682719,0.3537414965986394,0.9602763385146804,0.0327272727272727,0.001937984496124,0.0146904512067156,0.0289473684210526,0.75,0.0018718343977097,0.6728971962616822,0,1,3,0,0,0,0,0,0,0,0,1,0,0,325.0
0.2266288951841359,0.1768707482993197,0.1692573402417962,0.009090909090909,0.0,0.0020986358866736,0.0,1.0,0.0001101079057476,0.043613707165109,0,1,3,0,0,0,1,0,0,0,0,0,0,0,22.0
0.6572237960339943,0.2993197278911564,0.0103626943005181,0.0,0.001937984496124,0.0,0.0,1.0,0.0004954855758643,0.0124610591900311,0,1,3,0,0,0,0,0,0,0,0,0,0,1,7.0
0.5665722379603398,0.4761904761904762,0.1623488773747841,0.0054545454545454,0.0,0.0041972717733473,0.0026315789473684,0.75,0.0001101079057476,0.0955347871235721,0,1,3,0,1,0,0,0,0,0,0,0,0,0,47.0
0.4532577903682719,0.3435374149659864,0.0138169257340241,0.0,0.0,0.0,0.0,1.0,0.0004954855758643,0.0062305295950155,0,1,3,0,0,0,1,0,0,0,0,0,0,0,4.0
0.2402266288951841,0.217687074829932,0.0587219343696027,0.0,0.0,0.0,0.0,1.0,0.0004954855758643,0.0207684319833852,0,1,3,0,0,0,0,0,1,0,0,0,0,0,11.0
0.1586402266288951,0.5034013605442176,0.8290155440414507,0.0381818181818181,0.001937984496124,0.0104931794333683,0.0236842105263157,0.75,0.0047346399471482,0.8120456905503634,0,1,3,0,0,0,1,0,0,0,0,0,0,0,392.0
0.2266288951841359,0.1360544217687075,0.3281519861830742,0.0145454545454545,0.0,0.0146904512067156,0.0131578947368421,1.0,0.0011010790574763,0.3094496365524403,0,1,4,0,0,0,0,0,0,1,0,0,0,0,150.0
0.2266288951841359,0.2040816326530612,1.0,0.0436363636363636,0.0077519379844961,0.0272822665267576,0.0236842105263157,0.75,0.0035234529839242,1.0,0,1,3,0,0,0,1,0,0,0,0,0,0,0,482.5
0.2039660056657223,0.1360544217687075,0.3039723661485319,0.0145454545454545,0.001937984496124,0.0062959076600209,0.0131578947368421,1.0,0.0011010790574763,0.4485981308411215,0,1,3,0,1,0,0,0,0,0,0,0,0,0,217.0
0.2379603399433427,0.2857142857142857,0.079447322970639,0.0036363636363636,0.0,0.0,0.0,1.0,0.0001101079057476,0.1038421599169262,1,1,3,0,1,0,0,0,0,0,0,0,0,0,51.0
0.8827195467422095,0.5272108843537414,0.2072538860103626,0.0145454545454545,0.0,0.0094438614900314,0.0184210526315789,1.0,0.0013212948689715,0.1474558670820352,0,1,3,0,1,0,0,0,0,0,0,0,0,0,72.0
0.35014164305949,0.1836734693877551,0.1450777202072538,0.0127272727272727,0.0,0.0052465897166841,0.0026315789473684,1.0,0.0006606474344857,0.3821391484942887,0,1,3,0,0,0,1,0,0,0,0,0,0,0,185.0
0.5643059490084985,0.6122448979591836,1.0,0.0109090909090909,0.0,0.0188877229800629,0.0289473684210526,0.75,0.0016516185862144,0.5898234683281411,0,1,3,0,0,0,1,0,0,0,0,0,0,0,285.0
0.598300283286119,0.2465986394557823,0.0276338514680483,0.0,0.0,0.0,0.0,1.0,0.0004954855758643,0.3385254413291796,0,1,3,0,0,0,0,0,0,1,0,0,0,0,164.0
0.5643059490084985,0.693877551020408,1.0,0.0454545454545454,0.0,0.0535152151101783,0.0473684210526315,1.0,0.0031931292666813,0.782969885773624,0,1,3,0,0,0,1,0,0,0,0,0,0,0,378.0
0.2946175637393767,0.2448979591836734,0.0207253886010362,0.0,0.0,0.0,0.0,1.0,0.0004954855758643,0.0103842159916926,0,1,3,0,0,0,0,0,1,0,0,0,0,0,6.0
0.4532577903682719,0.4047619047619047,0.1278065630397236,0.009090909090909,0.0,0.0010493179433368,0.0,1.0,0.0,0.1599169262720664,0,1,3,0,0,0,0,1,0,0,0,0,0,0,78.0
0.23342776203966,0.1054421768707483,0.0621761658031088,0.0,0.0,0.0031479538300104,0.0026315789473684,0.75,0.0,0.6230529595015576,0,1,3,0,0,0,1,0,0,0,0,0,0,0,301.0
0.6345609065155807,0.2925170068027211,0.1519861830742659,0.0054545454545454,0.0,0.0020986358866736,0.0026315789473684,1.0,0.0,0.1349948078920041,0,1,3,0,1,0,0,0,0,0,0,0,0,0,66.0
0.2039660056657223,0.2806122448979591,0.2763385146804836,0.009090909090909,0.001937984496124,0.0,0.0078947368421052,1.0,0.0002202158114952,0.205607476635514,0,1,3,0,1,0,0,0,0,0,0,0,0,0,100.0
0.2266288951841359,0.1360544217687075,0.1036269430051813,0.0036363636363636,0.0,0.0010493179433368,0.0052631578947368,0.75,0.0003303237172428,0.12668743509865,0,1,3,0,0,0,0,0,0,0,0,0,0,1,62.0
0.6118980169971671,0.2006802721088435,0.0,0.0018181818181818,0.0,0.0010493179433368,0.0,1.0,0.0004954855758643,0.0290758047767393,0,1,3,0,0,0,1,0,0,0,0,0,0,0,15.0
0.8045325779036827,0.3809523809523809,0.1416234887737478,0.0018181818181818,0.0,0.0010493179433368,0.0026315789473684,0.75,0.0001101079057476,0.1786085150571131,0,1,3,0,0,0,0,0,0,1,0,0,0,0,87.0
0.6798866855524078,0.6496598639455782,0.2245250431778929,0.0036363636363636,0.0,0.0,0.0,1.0,0.0004954855758643,0.0747663551401869,0,1,3,0,1,0,0,0,0,0,0,0,0,0,37.0
0.5484419263456091,0.163265306122449,0.0587219343696027,0.0,0.0,0.0,0.0,1.0,0.0,0.1433021806853582,0,1,3,0,0,0,1,0,0,0,0,0,0,0,70.0
0.3852691218130311,0.304421768707483,0.2521588946459412,0.009090909090909,0.0,0.0010493179433368,0.0026315789473684,1.0,0.0001101079057476,0.166147455867082,0,1,3,0,0,0,0,0,0,1,0,0,0,0,81.0
0.5665722379603398,0.5714285714285714,0.0310880829015544,0.0018181818181818,0.0,0.0,0.0,1.0,0.0004954855758643,0.0166147455867082,0,1,3,0,0,0,0,0,0,0,0,1,0,0,9.0
0.3399433427762039,0.3129251700680272,0.0207253886010362,0.0,0.0,0.0,0.0,1.0,0.0004954855758643,0.5212876427829698,0,1,3,0,0,0,1,0,0,0,0,0,0,0,252.0
0.3954674220963172,0.2142857142857143,0.1865284974093264,0.0109090909090909,0.0,0.0104931794333683,0.0184210526315789,1.0,0.0009909711517286,0.0851505711318795,0,1,3,0,0,0,1,0,0,0,0,0,0,0,42.0
0.4759206798866855,0.3945578231292517,0.079447322970639,0.0054545454545454,0.001937984496124,0.0020986358866736,0.0,1.0,0.0001101079057476,0.043613707165109,0,1,3,0,0,0,1,0,0,0,0,0,0,0,22.0
0.4509915014164305,0.4217687074829931,0.5215889464594128,0.0127272727272727,0.0,0.0083945435466946,0.0184210526315789,0.75,0.0012111869632239,0.1495327102803738,0,1,3,0,0,0,1,0,0,0,0,0,0,0,73.0
0.2447592067988668,0.0816326530612245,0.0379965457685664,0.0,0.0,0.0010493179433368,0.0,0.75,0.0002202158114952,0.2741433021806854,0,1,3,0,0,0,1,0,0,0,0,0,0,0,133.0
0.7025495750708215,0.5578231292517006,0.1347150259067357,0.0054545454545454,0.0,0.0010493179433368,0.0026315789473684,1.0,0.0002202158114952,0.1744548286604361,0,1,3,0,0,0,0,0,0,0,1,0,0,0,85.0
0.9291784702549576,0.7482993197278911,0.7012089810017271,0.0272727272727272,0.003875968992248,0.0052465897166841,0.0026315789473684,1.0,0.0007707553402334,0.4527518172377985,0,1,3,0,0,0,0,0,0,1,0,0,0,0,219.0
0.2266288951841359,0.2312925170068027,1.0,0.12,0.0174418604651162,0.155299055613851,0.0710526315789473,1.0,0.0047346399471482,1.0,0,1,3,0,0,0,0,0,0,0,0,0,1,0,482.5
0.5643059490084985,0.7074829931972788,0.9844559585492229,0.029090909090909,0.0,0.0451206715634837,0.0342105263157894,1.0,0.0033032371724289,0.4859813084112149,0,1,3,0,0,0,1,0,0,0,0,0,0,0,235.0
0.498583569405099,0.3843537414965986,0.1381692573402418,0.0054545454545454,0.0,0.0020986358866736,0.0052631578947368,0.75,0.0004404316229905,0.0976116303219107,0,1,3,0,0,0,1,0,0,0,0,0,0,0,48.0
0.4305949008498583,0.3265306122448979,0.0138169257340241,0.0018181818181818,0.0,0.0,0.0,1.0,0.0,0.0103842159916926,0,1,3,0,0,0,0,0,1,0,0,0,0,0,6.0
0.2266288951841359,0.272108843537415,0.8877374784110535,0.02,0.001937984496124,0.0094438614900314,0.0157894736842105,0.75,0.0017617264919621,0.5192107995846313,0,1,3,0,0,0,0,0,0,0,0,1,0,0,251.0
0.1359773371104816,0.2993197278911564,0.307426597582038,0.0563636363636363,0.0096899224806201,0.0545645330535152,0.0842105263157894,1.0,0.006276150627615,1.0,0,1,3,0,0,0,1,0,0,0,0,0,0,0,482.5
0.5643059490084985,0.5306122448979591,0.4075993091537133,0.0181818181818181,0.003875968992248,0.0293809024134312,0.0289473684210526,0.75,0.0030830213609337,0.5482866043613707,0,1,3,0,0,0,1,0,0,0,0,0,0,0,265.0
0.5643059490084985,0.6666666666666666,0.918825561312608,0.02,0.001937984496124,0.0398740818467995,0.0078947368421052,0.75,0.0033032371724289,0.5316718587746625,0,1,3,0,0,0,1,0,0,0,0,0,0,0,257.0
0.5643059490084985,0.5306122448979591,0.6493955094991364,0.009090909090909,0.0,0.0188877229800629,0.0105263157894736,0.75,0.0014314027747192,0.2326064382139148,0,1,3,0,0,0,1,0,0,0,0,0,0,0,113.0
0.4759206798866855,0.4217687074829931,0.1208981001727115,0.0,0.0,0.0,0.0,1.0,0.0,0.0228452751817237,0,1,3,0,0,0,0,0,0,1,0,0,0,0,12.0
0.2266288951841359,0.173469387755102,0.1105354058721934,0.0072727272727272,0.0,0.0,0.0,1.0,0.0,0.043613707165109,0,1,3,0,0,0,1,0,0,0,0,0,0,0,22.0
0.6322946175637393,0.8231292517006802,0.0656303972366148,0.0036363636363636,0.0,0.0,0.0,1.0,0.0,0.205607476635514,0,1,3,0,0,0,1,0,0,0,0,0,0,0,100.0
1.0,0.7329931972789115,0.0552677029360967,0.0018181818181818,0.0,0.0,0.0,1.0,0.0004954855758643,0.0311526479750778,0,1,3,0,1,0,0,0,0,0,0,0,0,0,16.0
0.2946175637393767,0.2448979591836734,0.003454231433506,0.0,0.0,0.0,0.0,1.0,0.0004954855758643,0.0,0,1,3,0,0,0,1,0,0,0,0,0,0,0,1.0
0.3172804532577903,0.2040816326530612,0.5077720207253886,0.0127272727272727,0.0,0.0083945435466946,0.0026315789473684,1.0,0.0001101079057476,0.2284527518172378,0,1,3,0,0,0,0,1,0,0,0,0,0,0,111.0
0.2946175637393767,0.3537414965986394,0.0310880829015544,0.0036363636363636,0.0,0.0,0.0026315789473684,1.0,0.0,0.0290758047767393,0,1,3,0,0,0,1,0,0,0,0,0,0,0,15.0
1.0,1.0,1.0,0.0309090909090909,0.003875968992248,0.0083945435466946,0.0105263157894736,0.75,0.0009909711517286,0.5171339563862928,0,1,3,0,0,0,1,0,0,0,0,0,0,0,250.0
0.7478753541076487,0.7755102040816326,0.3523316062176165,0.0109090909090909,0.0,0.0178384050367261,0.0157894736842105,0.75,0.0014314027747192,0.2575285565939771,0,1,3,0,0,0,1,0,0,0,0,0,0,0,125.0
0.2039660056657223,0.1020408163265306,0.2521588946459412,0.0072727272727272,0.0,0.0041972717733473,0.0210526315789473,1.0,0.0012111869632239,0.2512980269989616,0,1,3,0,0,0,0,0,0,0,0,1,0,0,122.0
0.4305949008498583,0.2993197278911564,0.1105354058721934,0.0,0.0,0.0020986358866736,0.0026315789473684,1.0,0.0,0.0269989615784008,0,1,3,0,1,0,0,0,0,0,0,0,0,0,14.0
0.5427762039660056,0.3027210884353741,0.1001727115716753,0.009090909090909,0.003875968992248,0.0136411332633788,0.0342105263157894,1.0,0.0013212948689715,0.2990654205607477,0,1,3,0,0,0,1,0,0,0,0,0,0,0,145.0
0.1473087818696883,0.2653061224489796,0.0552677029360967,0.0109090909090909,0.0,0.0,0.0026315789473684,1.0,0.0003303237172428,0.4859813084112149,0,1,3,0,0,0,1,0,0,0,0,0,0,0,235.0
0.2243626062322946,0.238095238095238,0.2417962003454231,0.0,0.0,0.0020986358866736,0.0026315789473684,0.75,0.0002202158114952,0.083073727933541,0,1,3,0,1,0,0,0,0,0,0,0,0,0,41.0
0.498583569405099,0.4081632653061224,0.0483592400690846,0.0018181818181818,0.0,0.0,0.0026315789473684,1.0,0.0,0.043613707165109,0,1,3,0,1,0,0,0,0,0,0,0,0,0,22.0
0.2141643059490084,0.0952380952380952,0.0449050086355785,0.009090909090909,0.0,0.0010493179433368,0.0,1.0,0.0,0.2824506749740395,0,1,3,0,0,0,1,0,0,0,0,0,0,0,137.0
0.6447592067988668,0.3707482993197278,0.0898100172711571,0.009090909090909,0.001937984496124,0.0041972717733473,0.0052631578947368,1.0,0.0004404316229905,0.0643821391484942,0,1,3,0,0,0,1,0,0,0,0,0,0,0,32.0
0.4963172804532577,0.5034013605442176,0.8221070811744386,0.16,0.0155038759689922,0.0965372507869884,0.1710526315789473,0.75,0.0150847830874256,1.0,0,1,3,0,0,0,1,0,0,0,0,0,0,0,482.5
0.498583569405099,0.2908163265306122,0.0587219343696027,0.0,0.0,0.0010493179433368,0.0,1.0,0.0,0.0186915887850467,0,1,3,0,0,0,0,0,0,1,0,0,0,0,10.0
0.0793201133144475,0.0,0.158894645941278,0.0018181818181818,0.0,0.0062959076600209,0.0078947368421052,1.0,0.0006606474344857,0.3779854620976116,0,1,3,0,0,0,0,0,0,0,0,0,1,0,183.0
0.1110481586402266,0.1428571428571428,0.1070811744386874,0.0072727272727272,0.003875968992248,0.0031479538300104,0.0105263157894736,1.0,0.0005505395287381,0.0685358255451713,0,1,3,0,0,0,1,0,0,0,0,0,0,0,34.0
0.3739376770538243,0.3613945578231292,0.0276338514680483,0.0,0.0,0.0,0.0,1.0,0.0004954855758643,0.0124610591900311,0,1,3,0,0,0,0,0,0,0,0,1,0,0,7.0
0.2266288951841359,0.163265306122449,0.158894645941278,0.0109090909090909,0.003875968992248,0.0041972717733473,0.0052631578947368,0.75,0.0003303237172428,0.3032191069574247,0,1,3,0,0,0,1,0,0,0,0,0,0,0,147.0
0.6118980169971671,0.4642857142857142,0.3212435233160621,0.009090909090909,0.0,0.0041972717733473,0.0026315789473684,0.0,0.0,0.2803738317757009,0,1,3,0,0,0,0,0,0,0,0,0,0,1,136.0
0.4305949008498583,0.2874149659863945,0.2072538860103626,0.0036363636363636,0.0,0.0,0.0,1.0,0.0004954855758643,0.1038421599169262,0,1,3,0,1,0,0,0,0,0,0,0,0,0,51.0
0.5665722379603398,0.5850340136054422,0.4179620034542314,0.0636363636363636,0.0116279069767441,0.0577124868835257,0.0657894736842105,0.75,0.0077075534023342,0.7372793354101764,0,1,3,0,0,0,1,0,0,0,0,0,0,0,356.0
1.0,0.4438775510204081,0.2901554404145077,0.0254545454545454,0.001937984496124,0.0083945435466946,0.0105263157894736,1.0,0.0015415106804668,0.5316718587746625,0,1,3,0,1,0,0,0,0,0,0,0,0,0,257.0
0.2039660056657223,0.4217687074829931,0.0587219343696027,0.0109090909090909,0.0,0.0052465897166841,0.0105263157894736,0.75,0.0004404316229905,0.2159916926272066,0,1,3,0,1,0,0,0,0,0,0,0,0,0,105.0
0.6798866855524078,0.3673469387755102,0.3177892918825561,0.0163636363636363,0.0,0.0010493179433368,0.0026315789473684,0.75,0.0003303237172428,0.2305295950155763,0,1,3,0,0,0,0,0,1,0,0,0,0,0,112.0
1.0,0.9523809523809524,0.5008635578583764,0.0218181818181818,0.0,0.0041972717733473,0.0,0.5,0.0002202158114952,0.1578400830737279,0,1,3,0,0,0,0,0,0,0,0,1,0,0,77.0
1.0,0.3613945578231292,0.1105354058721934,0.009090909090909,0.0,0.0031479538300104,0.0,0.75,0.0004404316229905,0.0851505711318795,0,1,3,0,0,0,0,0,0,0,0,0,0,1,42.0
0.2243626062322946,0.2568027210884354,0.1519861830742659,0.0127272727272727,0.0,0.0052465897166841,0.0026315789473684,0.75,0.0004404316229905,0.0893042575285566,0,1,3,0,0,0,0,0,0,0,0,1,0,0,44.0
0.3399433427762039,0.1258503401360544,0.2694300518134715,0.0072727272727272,0.001937984496124,0.0031479538300104,0.0105263157894736,0.75,0.000880863245981,0.3052959501557633,0,1,3,0,0,0,0,0,0,0,0,1,0,0,148.0
0.8147308781869688,0.4829931972789116,0.1865284974093264,0.02,0.001937984496124,0.0010493179433368,0.0105263157894736,1.0,0.000880863245981,0.6355140186915887,0,1,3,0,0,0,1,0,0,0,0,0,0,0,307.0
0.2039660056657223,0.163265306122449,0.0483592400690846,0.0036363636363636,0.001937984496124,0.0031479538300104,0.0052631578947368,1.0,0.0001101079057476,0.6043613707165109,0,1,3,0,0,0,0,0,0,0,0,0,1,0,292.0
0.2719546742209631,0.1836734693877551,0.0103626943005181,0.0,0.0,0.0,0.0,1.0,0.0004954855758643,0.0789200415368639,0,1,3,0,0,0,1,0,0,0,0,0,0,0,39.0
1.0,0.5374149659863945,0.006908462867012,0.0,0.0,0.0,0.0,1.0,0.0004954855758643,0.0062305295950155,0,1,3,0,0,0,1,0,0,0,0,0,0,0,4.0
0.906515580736544,0.6666666666666666,0.5354058721934369,0.0218181818181818,0.0,0.0010493179433368,0.0052631578947368,1.0,0.0002202158114952,0.1017653167185877,0,1,3,1,0,0,0,0,0,0,0,0,0,0,50.0
0.6118980169971671,0.4727891156462585,0.2107081174438687,0.0054545454545454,0.0,0.0020986358866736,0.0026315789473684,1.0,0.0,0.2159916926272066,0,1,3,0,1,0,0,0,0,0,0,0,0,0,105.0
0.3852691218130311,0.3537414965986394,0.3937823834196891,0.0181818181818181,0.001937984496124,0.0094438614900314,0.0026315789473684,0.75,0.0009909711517286,0.2658359293873312,0,1,3,0,0,0,0,0,0,0,0,1,0,0,129.0
0.498583569405099,0.2738095238095238,0.0379965457685664,0.0018181818181818,0.0,0.0,0.0,1.0,0.0004954855758643,0.0269989615784008,0,1,3,0,0,0,0,0,1,0,0,0,0,0,14.0
0.3852691218130311,0.2585034013605442,0.0379965457685664,0.0,0.0,0.0,0.0,1.0,0.0004954855758643,0.0124610591900311,0,1,3,0,0,0,1,0,0,0,0,0,0,0,7.0
0.498583569405099,0.4200680272108843,0.0552677029360967,0.0054545454545454,0.0,0.0,0.0,1.0,0.0,0.0623052959501557,0,1,3,0,1,0,0,0,0,0,0,0,0,0,31.0
0.5643059490084985,0.7210884353741496,0.7357512953367875,0.0418181818181818,0.0077519379844961,0.0398740818467995,0.0368421052631578,0.75,0.0034133450781766,0.5545171339563862,0,1,3,0,0,0,1,0,0,0,0,0,0,0,268.0
0.7025495750708215,0.6530612244897959,0.0656303972366148,0.0036363636363636,0.0,0.0,0.0026315789473684,1.0,0.0,0.0394600207684319,0,1,3,0,0,0,0,0,0,1,0,0,0,0,20.0
0.5643059490084985,0.693877551020408,1.0,0.0581818181818181,0.005813953488372,0.0388247639034627,0.0394736842105263,1.0,0.0037436687954195,0.4319833852544133,0,1,3,0,0,0,1,0,0,0,0,0,0,0,209.0
1.0,1.0,0.1519861830742659,0.0018181818181818,0.0,0.0020986358866736,0.0026315789473684,1.0,0.0,0.1848390446521287,0,1,3,0,0,1,0,0,0,0,0,0,0,0,90.0
0.4305949008498583,0.4489795918367347,0.3177892918825561,0.0181818181818181,0.0,0.0094438614900314,0.0131578947368421,0.75,0.0015415106804668,0.2014537902388369,0,1,3,0,0,0,1,0,0,0,0,0,0,0,98.0
0.906515580736544,0.5765306122448979,0.0414507772020725,0.0,0.0,0.0,0.0,1.0,0.0004954855758643,0.0456905503634475,0,1,3,0,0,0,0,0,0,1,0,0,0,0,23.0
0.3399433427762039,0.3265306122448979,0.006908462867012,0.0,0.0,0.0,0.0,1.0,0.0004954855758643,0.0103842159916926,0,1,3,0,0,0,0,0,1,0,0,0,0,0,6.0
0.4305949008498583,0.2806122448979591,0.0656303972366148,0.0,0.0,0.0,0.0026315789473684,1.0,0.0004954855758643,0.0332294911734164,0,1,3,0,0,0,1,0,0,0,0,0,0,0,17.0
0.863456090651558,0.5374149659863945,0.0138169257340241,0.0,0.0,0.0,0.0,1.0,0.0004954855758643,0.2346832814122533,0,1,3,0,0,0,1,0,0,0,0,0,0,0,114.0
0.1903682719546742,0.163265306122449,0.0518134715025906,0.0072727272727272,0.001937984496124,0.0010493179433368,0.0026315789473684,1.0,0.0,0.2346832814122533,0,1,3,0,0,0,1,0,0,0,0,0,0,0,114.0
0.4532577903682719,0.3945578231292517,0.3523316062176165,0.0072727272727272,0.001937984496124,0.0020986358866736,0.0,1.0,0.0002202158114952,0.1640706126687434,0,1,1,0,0,0,0,0,1,0,0,0,0,0,80.0
0.9291784702549576,0.4013605442176871,0.4835924006908462,0.0109090909090909,0.003875968992248,0.0031479538300104,0.0026315789473684,1.0,0.0002202158114952,0.3509865005192108,0,1,3,0,1,0,0,0,0,0,0,0,0,0,170.0
0.6345609065155807,0.227891156462585,0.0449050086355785,0.0018181818181818,0.0,0.0010493179433368,0.0,1.0,0.0004954855758643,0.0955347871235721,0,1,3,0,0,0,1,0,0,0,0,0,0,0,47.0
0.6232294617563738,0.6394557823129251,0.2279792746113989,0.009090909090909,0.0,0.0062959076600209,0.0026315789473684,1.0,0.0005505395287381,0.1246105919003115,0,1,3,0,0,0,1,0,0,0,0,0,0,0,61.0
0.2243626062322946,0.227891156462585,0.1105354058721934,0.0109090909090909,0.001937984496124,0.0062959076600209,0.0026315789473684,0.75,0.0007707553402334,0.0685358255451713,0,1,3,0,0,0,0,0,0,0,0,0,0,1,34.0
0.5212464589235127,0.5306122448979591,0.0241796200345423,0.0,0.0,0.0,0.0,1.0,0.0004954855758643,0.1059190031152648,0,1,3,0,0,0,1,0,0,0,0,0,0,0,52.0
0.3852691218130311,0.2023809523809523,0.1658031088082901,0.0054545454545454,0.0,0.0010493179433368,0.0,0.75,0.0002202158114952,0.0934579439252336,0,1,3,0,0,0,0,1,0,0,0,0,0,0,46.0
1.0,1.0,0.0690846286701209,0.0036363636363636,0.0,0.0,0.0,1.0,0.0,0.0893042575285566,0,1,3,0,0,0,0,0,0,0,1,0,0,0,44.0
0.0589235127478753,0.1224489795918367,0.2003454231433506,0.0072727272727272,0.0,0.0041972717733473,0.0026315789473684,1.0,0.0003303237172428,0.569055036344756,0,1,3,0,0,0,0,0,0,0,0,0,1,0,275.0
0.5212464589235127,0.4081632653061224,0.1174438687392055,0.0036363636363636,0.0,0.0010493179433368,0.0026315789473684,1.0,0.0001101079057476,0.0768431983385254,0,1,3,0,0,0,0,0,1,0,0,0,0,0,38.0
0.5665722379603398,0.5170068027210883,0.0552677029360967,0.0072727272727272,0.0,0.0010493179433368,0.0026315789473684,1.0,0.0001101079057476,0.0249221183800623,0,1,3,0,0,0,0,0,0,1,0,0,0,0,13.0
0.2266288951841359,0.1904761904761904,0.2625215889464594,0.0018181818181818,0.001937984496124,0.0104931794333683,0.0105263157894736,1.0,0.0007707553402334,0.2720664589823468,0,1,3,0,0,0,1,0,0,0,0,0,0,0,132.0
0.3354107648725212,0.2142857142857143,0.0552677029360967,0.0036363636363636,0.0,0.0073452256033578,0.0052631578947368,1.0,0.0001101079057476,0.5524402907580477,0,1,3,0,0,0,1,0,0,0,0,0,0,0,267.0
0.4532577903682719,0.217687074829932,0.0241796200345423,0.0054545454545454,0.0,0.0010493179433368,0.0026315789473684,1.0,0.0,0.0706126687435098,0,1,3,0,0,0,1,0,0,0,0,0,0,0,35.0
0.4532577903682719,0.4353741496598639,0.3834196891191709,0.0,0.0,0.0041972717733473,0.0026315789473684,0.75,0.0001101079057476,0.170301142263759,0,1,3,0,0,0,0,1,0,0,0,0,0,0,83.0
0.3864022662889518,0.195578231292517,0.006908462867012,0.0018181818181818,0.0,0.0010493179433368,0.0,0.25,0.0,0.0124610591900311,0,1,3,0,0,0,1,0,0,0,0,0,0,0,7.0
0.1926345609065155,0.163265306122449,0.0621761658031088,0.0018181818181818,0.001937984496124,0.0,0.0,1.0,0.0004954855758643,0.0498442367601246,0,1,3,0,1,0,0,0,0,0,0,0,0,0,25.0
0.3399433427762039,0.6530612244897959,1.0,0.1890909090909091,0.0232558139534883,0.1762854144805876,0.2447368421052631,1.0,0.0193789914115833,1.0,0,1,3,0,0,0,1,0,0,0,0,0,0,0,482.5
0.4509915014164305,0.4217687074829931,0.3730569948186528,0.0272727272727272,0.0,0.0167890870933892,0.0105263157894736,0.75,0.0016516185862144,0.4361370716510903,0,1,3,0,0,0,1,0,0,0,0,0,0,0,211.0
0.973371104815864,0.5850340136054422,0.1208981001727115,0.0054545454545454,0.0,0.0115424973767051,0.0184210526315789,1.0,0.0007707553402334,0.6770508826583592,0,1,3,0,0,0,1,0,0,0,0,0,0,0,327.0
0.5439093484419263,0.5578231292517006,0.234887737478411,0.0054545454545454,0.0,0.0083945435466946,0.0210526315789473,1.0,0.0011010790574763,0.1329179646936656,0,1,3,0,0,0,1,0,0,0,0,0,0,0,65.0
0.2798866855524079,0.3265306122448979,0.0103626943005181,0.0,0.0,0.0,0.0,1.0,0.0004954855758643,0.0166147455867082,0,1,3,0,0,0,1,0,0,0,0,0,0,0,9.0
0.7796033994334277,0.7551020408163265,0.0898100172711571,0.0072727272727272,0.001937984496124,0.0020986358866736,0.0026315789473684,1.0,0.0002202158114952,0.1578400830737279,0,1,3,0,0,0,1,0,0,0,0,0,0,0,77.0
0.7932011331444758,0.3741496598639455,0.0276338514680483,0.0018181818181818,0.0,0.0,0.0026315789473684,1.0,0.0,0.0103842159916926,0,1,3,0,0,0,0,0,0,1,0,0,0,0,6.0
0.5643059490084985,0.5850340136054422,0.3316062176165802,0.029090909090909,0.001937984496124,0.0083945435466946,0.0078947368421052,1.0,0.0007707553402334,0.2139148494288681,0,1,3,0,0,0,1,0,0,0,0,0,0,0,104.0
0.5665722379603398,0.489795918367347,0.8186528497409326,0.0654545454545454,0.0,0.0188877229800629,0.0052631578947368,1.0,0.0002202158114952,0.1453790238836967,0,1,3,0,0,0,0,0,0,1,0,0,0,0,71.0
0.5643059490084985,0.5170068027210883,1.0,0.0418181818181818,0.0096899224806201,0.1479538300104931,0.0578947368421052,0.75,0.011671438009249,1.0,0,1,3,0,0,0,1,0,0,0,0,0,0,0,482.5
1.0,1.0,0.5561312607944732,0.0036363636363636,0.001937984496124,0.0031479538300104,0.0078947368421052,1.0,0.0005505395287381,0.1453790238836967,0,1,3,0,0,0,0,0,0,0,0,1,0,0,71.0
0.498583569405099,0.4353741496598639,0.003454231433506,0.0,0.0,0.0,0.0,1.0,0.0004954855758643,0.0166147455867082,0,1,3,0,0,0,1,0,0,0,0,0,0,0,9.0
0.576770538243626,0.2448979591836734,0.1934369602763385,0.0127272727272727,0.0,0.0094438614900314,0.0105263157894736,1.0,0.0006606474344857,0.4735202492211838,0,1,3,0,0,0,1,0,0,0,0,0,0,0,229.0
0.3399433427762039,0.2585034013605442,0.2037996545768566,0.0072727272727272,0.001937984496124,0.0010493179433368,0.0,1.0,0.0002202158114952,0.0706126687435098,0,1,3,0,1,0,0,0,0,0,0,0,0,0,35.0
0.1405099150141642,0.173469387755102,0.0172711571675302,0.0,0.0,0.0,0.0,1.0,0.0004954855758643,0.0269989615784008,0,1,3,0,0,0,1,0,0,0,0,0,0,0,14.0
0.5665722379603398,0.3928571428571428,0.1623488773747841,0.0036363636363636,0.001937984496124,0.0010493179433368,0.0026315789473684,1.0,0.0001101079057476,0.0726895119418483,0,1,3,0,0,0,0,0,0,1,0,0,0,0,36.0
0.6798866855524078,1.0,0.0898100172711571,0.0018181818181818,0.003875968992248,0.0,0.0,1.0,0.0001101079057476,0.083073727933541,0,1,3,0,0,0,0,0,0,1,0,0,0,0,41.0
0.7365439093484418,0.7074829931972788,0.2003454231433506,0.0036363636363636,0.0,0.0020986358866736,0.0,1.0,0.0002202158114952,0.446521287642783,0,1,3,0,0,0,0,0,0,0,0,1,0,0,216.0
0.2243626062322946,0.2108843537414966,0.082901554404145,0.0018181818181818,0.0,0.0052465897166841,0.0026315789473684,0.75,0.0004404316229905,0.0519210799584631,0,1,3,0,0,0,1,0,0,0,0,0,0,0,26.0
0.4305949008498583,0.3792517006802721,0.390328151986183,0.0145454545454545,0.001937984496124,0.0283315844700944,0.031578947368421,1.0,0.0031931292666813,0.494288681204569,0,1,3,0,0,1,0,0,0,0,0,0,0,0,239.0
0.4543909348441926,0.3622448979591837,0.2970639032815198,0.009090909090909,0.0,0.0052465897166841,0.0078947368421052,0.75,0.0006606474344857,0.3219106957424714,0,1,3,0,0,0,0,0,0,0,0,1,0,0,156.0
0.4509915014164305,0.5034013605442176,1.0,0.0127272727272727,0.001937984496124,0.074501573976915,0.1078947368421052,0.75,0.0049548557586434,1.0,0,1,3,0,0,0,1,0,0,0,0,0,0,0,482.5
0.2628895184135977,0.2312925170068027,0.006908462867012,0.0,0.0,0.0,0.0,1.0,0.0004954855758643,0.3862928348909657,0,1,3,0,0,0,1,0,0,0,0,0,0,0,187.0
0.5280453257790367,0.1496598639455782,0.1243523316062176,0.0054545454545454,0.0,0.0094438614900314,0.0131578947368421,1.0,0.0007707553402334,0.4527518172377985,0,1,3,0,0,0,1,0,0,0,0,0,0,0,219.0
0.2492917847025495,0.1377551020408163,0.2141623488773748,0.0036363636363636,0.001937984496124,0.0020986358866736,0.0026315789473684,1.0,0.0001101079057476,0.1952232606438213,0,1,3,0,0,0,1,0,0,0,0,0,0,0,95.0
0.5665722379603398,0.4591836734693877,0.2176165803108808,0.0054545454545454,0.0,0.0031479538300104,0.0026315789473684,1.0,0.0,0.2596053997923156,0,1,3,0,0,0,1,0,0,0,0,0,0,0,126.0
0.4963172804532577,0.5034013605442176,1.0,0.0145454545454545,0.001937984496124,0.0262329485834207,0.0499999999999999,0.75,0.0023122660207002,0.4485981308411215,0,1,3,0,0,0,1,0,0,0,0,0,0,0,217.0
0.5643059490084985,0.5578231292517006,1.0,0.24,0.0174418604651162,0.161594963273872,0.2157894736842105,0.5,0.0216912574322836,1.0,0,1,3,0,0,0,1,0,0,0,0,0,0,0,482.5
1.0,1.0,0.0690846286701209,0.0018181818181818,0.0,0.0010493179433368,0.0026315789473684,0.75,0.0,0.0415368639667705,0,1,3,0,0,0,1,0,0,0,0,0,0,0,21.0
0.1722379603399433,0.1496598639455782,0.0276338514680483,0.0,0.0,0.0,0.0,1.0,0.0,1.0,0,1,3,0,0,0,0,0,0,0,0,0,1,0,482.5
0.4532577903682719,0.489795918367347,0.2072538860103626,0.02,0.0,0.0041972717733473,0.0105263157894736,1.0,0.000880863245981,0.6334371754932502,0,1,3,0,0,0,0,1,0,0,0,0,0,0,306.0
0.5643059490084985,0.6530612244897959,0.5250431778929188,0.0381818181818181,0.001937984496124,0.0293809024134312,0.0447368421052631,1.0,0.0034133450781766,0.984423676012461,0,1,3,0,0,0,1,0,0,0,0,0,0,0,475.0
0.5665722379603398,0.5034013605442176,0.307426597582038,0.0054545454545454,0.0,0.0062959076600209,0.0131578947368421,0.75,0.000880863245981,0.411214953271028,0,1,3,0,0,0,0,0,1,0,0,0,0,0,199.0
0.3399433427762039,0.3027210884353741,0.0898100172711571,0.0036363636363636,0.0,0.0031479538300104,0.0,1.0,0.0001101079057476,0.1142263759086189,0,1,3,0,0,0,0,0,0,0,0,0,0,1,56.0
0.3399433427762039,0.238095238095238,0.1312607944732297,0.0018181818181818,0.0174418604651162,0.0157397691500524,0.0657894736842105,1.0,0.0026425897379431,0.3925233644859813,0,1,3,0,0,0,1,0,0,0,0,0,0,0,190.0
0.3399433427762039,0.1802721088435374,0.0241796200345423,0.0018181818181818,0.0,0.0,0.0,1.0,0.0,0.4963655244029076,0,1,3,0,0,0,1,0,0,0,0,0,0,0,240.0
0.7025495750708215,0.1292517006802721,0.155440414507772,0.0036363636363636,0.001937984496124,0.0031479538300104,0.0026315789473684,1.0,0.0,0.2679127725856698,0,1,3,0,0,0,0,0,0,0,0,1,0,0,130.0
1.0,0.9931972789115646,0.6355785837651122,0.009090909090909,0.0,0.0073452256033578,0.0078947368421052,0.5,0.0007707553402334,0.249221183800623,0,1,3,0,0,0,1,0,0,0,0,0,0,0,121.0
0.3852691218130311,0.2636054421768707,0.0207253886010362,0.0,0.0,0.0,0.0,1.0,0.0004954855758643,0.0083073727933541,1,1,3,0,1,0,0,0,0,0,0,0,0,0,5.0
0.2266288951841359,0.3945578231292517,0.0898100172711571,0.0036363636363636,0.001937984496124,0.0010493179433368,0.0052631578947368,0.75,0.0002202158114952,0.0809968847352024,0,1,3,0,0,0,0,0,0,0,0,0,0,1,40.0
0.5643059490084985,0.6122448979591836,0.6390328151986183,0.0345454545454545,0.003875968992248,0.0482686253934942,0.0526315789473684,0.75,0.0048447478528958,0.699896157840083,0,1,3,0,0,0,1,0,0,0,0,0,0,0,338.0
0.4532577903682719,0.5578231292517006,0.5975820379965457,0.0163636363636363,0.0,0.0199370409233997,0.031578947368421,0.75,0.002092050209205,0.2284527518172378,0,1,3,0,0,0,1,0,0,0,0,0,0,0,111.0
0.2492917847025495,0.2074829931972789,0.0759930915371329,0.0036363636363636,0.0,0.0010493179433368,0.0,1.0,0.0004954855758643,0.7455867082035306,0,1,3,0,0,0,0,0,0,0,1,0,0,0,360.0
0.5212464589235127,0.217687074829932,0.0241796200345423,0.0,0.0,0.0041972717733473,0.0052631578947368,1.0,0.0001101079057476,0.3862928348909657,0,1,3,0,0,0,1,0,0,0,0,0,0,0,187.0
0.1223796033994334,0.0952380952380952,0.0276338514680483,0.0036363636363636,0.0,0.0010493179433368,0.0,1.0,0.0004954855758643,1.0,0,1,3,0,0,0,1,0,0,0,0,0,0,0,482.5
0.6232294617563738,0.6666666666666666,1.0,0.049090909090909,0.003875968992248,0.0272822665267576,0.031578947368421,0.75,0.002972913455186,0.5628245067497404,0,1,3,0,0,0,1,0,0,0,0,0,0,0,272.0
0.3399433427762039,0.2261904761904761,0.1174438687392055,0.0018181818181818,0.0,0.0,0.0,1.0,0.0004954855758643,0.0955347871235721,0,1,3,0,1,0,0,0,0,0,0,0,0,0,47.0
0.906515580736544,0.6751700680272108,0.3730569948186528,0.0072727272727272,0.0,0.0020986358866736,0.0026315789473684,1.0,0.0001101079057476,0.1827622014537902,0,1,3,0,0,0,0,0,0,0,0,1,0,0,89.0
0.5212464589235127,0.5306122448979591,0.003454231433506,0.0,0.0,0.0,0.0,1.0,0.0004954855758643,0.0207684319833852,0,1,3,0,0,0,1,0,0,0,0,0,0,0,11.0
0.5801699716713881,0.8299319727891156,0.9706390328151986,0.029090909090909,0.001937984496124,0.0146904512067156,0.0078947368421052,0.75,0.0015415106804668,0.5877466251298027,0,1,3,0,0,0,0,0,0,1,0,0,0,0,284.0
0.5643059490084985,0.6394557823129251,0.3143350604490501,0.0181818181818181,0.0,0.036726128016789,0.0078947368421052,1.0,0.0007707553402334,0.2305295950155763,0,1,3,0,0,0,1,0,0,0,0,0,0,0,112.0
0.3399433427762039,0.217687074829932,1.0,0.0381818181818181,0.001937984496124,0.0104931794333683,0.0078947368421052,0.75,0.0011010790574763,0.9511941848390446,0,1,3,0,0,0,0,0,0,1,0,0,0,0,459.0
0.7932011331444758,0.2891156462585034,0.5975820379965457,0.02,0.001937984496124,0.0010493179433368,0.0026315789473684,1.0,0.0001101079057476,0.2575285565939771,0,1,3,0,1,0,0,0,0,0,0,0,0,0,125.0
0.6594900849858356,0.358843537414966,0.0276338514680483,0.0036363636363636,0.001937984496124,0.0031479538300104,0.0,1.0,0.0004954855758643,0.2762201453790239,0,1,3,0,0,0,1,0,0,0,0,0,0,0,134.0
0.8838526912181303,0.7517006802721088,0.1519861830742659,0.009090909090909,0.0,0.0,0.0026315789473684,1.0,0.0001101079057476,0.1329179646936656,0,1,3,0,0,0,0,1,0,0,0,0,0,0,65.0
0.4963172804532577,0.5306122448979591,0.5664939550949913,0.0327272727272727,0.001937984496124,0.0587618048268625,0.0342105263157894,1.0,0.0045144241356529,0.57736240913811,0,1,3,0,0,0,1,0,0,0,0,0,0,0,279.0
0.3852691218130311,0.2602040816326531,0.2867012089810017,0.0,0.0,0.0,0.0,1.0,0.0004954855758643,0.1495327102803738,0,1,3,0,1,0,0,0,0,0,0,0,0,0,73.0
0.4532577903682719,0.7210884353741496,0.234887737478411,0.0181818181818181,0.003875968992248,0.0020986358866736,0.0078947368421052,1.0,0.0006606474344857,0.6105919003115264,0,1,3,0,1,0,0,0,0,0,0,0,0,0,295.0
0.1722379603399433,0.1496598639455782,0.0379965457685664,0.0018181818181818,0.0,0.0010493179433368,0.0026315789473684,1.0,0.0,0.7559709241952232,0,1,3,0,0,0,1,0,0,0,0,0,0,0,365.0
0.5643059490084985,0.5816326530612245,0.8704663212435233,0.0109090909090909,0.0,0.0052465897166841,0.0078947368421052,0.75,0.000880863245981,0.4195223260643821,0,1,3,0,1,0,0,0,0,0,0,0,0,0,203.0
0.7932011331444758,0.5578231292517006,0.0071778929188255,0.3927272727272727,0.0368217054263565,0.3735571878279118,0.3552631578947368,0.75,0.0380973353886809,1.0,0,1,3,0,0,0,0,0,0,1,0,0,0,0,482.5
0.8611898016997166,0.1972789115646258,0.0172711571675302,0.0018181818181818,0.001937984496124,0.0,0.0,1.0,0.0,0.3156801661474558,0,1,3,0,0,0,1,0,0,0,0,0,0,0,153.0
0.4963172804532577,0.5034013605442176,0.4006908462867012,0.0163636363636363,0.0,0.0104931794333683,0.0105263157894736,0.75,0.0009909711517286,0.1516095534787123,0,1,3,0,0,0,1,0,0,0,0,0,0,0,74.0
0.3399433427762039,0.108843537414966,0.310880829015544,0.0054545454545454,0.0,0.0041972717733473,0.0,0.5,0.0001101079057476,0.122533748701973,0,1,3,0,0,0,0,1,0,0,0,0,0,0,60.0
0.4532577903682719,0.2312925170068027,0.1692573402417962,0.0072727272727272,0.0,0.0,0.0,1.0,0.0004954855758643,0.0602284527518172,0,1,3,0,0,0,0,0,1,0,0,0,0,0,30.0
0.5937677053824362,0.3673469387755102,0.2728842832469775,0.009090909090909,0.001937984496124,0.0052465897166841,0.0105263157894736,1.0,0.0005505395287381,0.2616822429906542,0,1,3,0,1,0,0,0,0,0,0,0,0,0,127.0
0.2243626062322946,0.1207482993197278,0.1278065630397236,0.0072727272727272,0.001937984496124,0.0073452256033578,0.0052631578947368,0.75,0.000880863245981,0.7538940809968847,0,1,3,0,0,0,1,0,0,0,0,0,0,0,364.0
0.4509915014164305,0.489795918367347,0.4835924006908462,0.0236363636363636,0.001937984496124,0.0188877229800629,0.0131578947368421,0.75,0.0017617264919621,0.2139148494288681,0,1,3,0,0,0,1,0,0,0,0,0,0,0,104.0
0.7025495750708215,0.2789115646258503,0.4386873920552677,0.0072727272727272,0.001937984496124,0.0094438614900314,0.0210526315789473,1.0,0.0011010790574763,0.7310488058151609,0,1,1,0,1,0,0,0,0,0,0,0,0,0,353.0
0.3626062322946175,0.3265306122448979,0.0759930915371329,0.0036363636363636,0.0,0.0041972717733473,0.0157894736842105,1.0,0.0005505395287381,0.3966770508826583,0,1,3,0,0,0,1,0,0,0,0,0,0,0,192.0
0.4079320113314447,0.1666666666666666,0.3488773747841105,0.0072727272727272,0.0,0.0073452256033578,0.0052631578947368,0.75,0.0001101079057476,0.2284527518172378,0,1,3,1,0,0,0,0,0,0,0,0,0,0,111.0
0.8611898016997166,0.6768707482993197,0.2832469775474956,0.0218181818181818,0.003875968992248,0.0104931794333683,0.0263157894736842,0.75,0.0028628055494384,0.4839044652128764,0,1,3,0,0,0,1,0,0,0,0,0,0,0,234.0
0.6776203966005665,0.7619047619047619,0.0058860103626943,0.1781818181818182,0.0174418604651162,0.111227701993704,0.0947368421052631,0.75,0.0063862585333626,1.0,0,1,3,0,0,0,1,0,0,0,0,0,0,0,482.5
0.3399433427762039,0.2653061224489796,0.307426597582038,0.0254545454545454,0.0,0.0083945435466946,0.0131578947368421,0.75,0.0006606474344857,0.3322949117341641,0,1,3,0,0,0,1,0,0,0,0,0,0,0,161.0
0.5665722379603398,0.4880952380952381,0.0345423143350604,0.0018181818181818,0.0,0.0,0.0026315789473684,1.0,0.0,0.0166147455867082,0,1,3,0,1,0,0,0,0,0,0,0,0,0,9.0
0.498583569405099,0.2482993197278911,0.0138169257340241,0.0,0.0,0.0,0.0,1.0,0.0004954855758643,0.0145379023883696,0,1,3,0,0,0,1,0,0,0,0,0,0,0,8.0
0.4532577903682719,0.2670068027210884,0.1934369602763385,0.009090909090909,0.001937984496124,0.0010493179433368,0.0078947368421052,1.0,0.0002202158114952,0.2450674974039459,0,1,3,0,0,0,0,0,0,1,0,0,0,0,119.0
1.0,0.4812925170068027,0.618307426597582,0.0254545454545454,0.005813953488372,0.0094438614900314,0.0210526315789473,1.0,0.0022021581149526,0.3426791277258567,0,1,3,0,0,0,0,0,0,0,0,1,0,0,166.0
0.725212464589235,0.8163265306122448,0.459412780656304,0.0454545454545454,0.003875968992248,0.0293809024134312,0.0342105263157894,1.0,0.0036335608896718,0.6812045690550362,0,1,3,0,0,0,1,0,0,0,0,0,0,0,329.0
0.2266288951841359,0.1224489795918367,0.1899827288428324,0.0036363636363636,0.0,0.0052465897166841,0.0,0.5,0.0002202158114952,0.288681204569055,0,1,3,0,0,0,1,0,0,0,0,0,0,0,140.0
0.6798866855524078,0.5170068027210883,0.5664939550949913,0.009090909090909,0.0,0.0010493179433368,0.0052631578947368,0.5,0.0005505395287381,0.1723779854620976,0,1,3,0,0,0,0,0,0,0,0,1,0,0,84.0
0.406798866855524,0.2210884353741496,0.0759930915371329,0.0072727272727272,0.0,0.0,0.0,0.75,0.0,0.0685358255451713,0,1,3,0,1,0,0,0,0,0,0,0,0,0,34.0
0.3399433427762039,0.2261904761904761,0.1036269430051813,0.0036363636363636,0.001937984496124,0.0041972717733473,0.0026315789473684,1.0,0.0001101079057476,0.1578400830737279,0,1,3,0,1,0,0,0,0,0,0,0,0,0,77.0
0.2266288951841359,0.1768707482993197,0.0656303972366148,0.0018181818181818,0.0,0.0010493179433368,0.0,1.0,0.0,0.2263759086188992,0,1,3,0,1,0,0,0,0,0,0,0,0,0,110.0
0.4759206798866855,0.4761904761904762,0.0310880829015544,0.0018181818181818,0.0,0.0,0.0,1.0,0.0,0.0103842159916926,0,1,3,0,0,0,0,1,0,0,0,0,0,0,6.0
0.498583569405099,0.217687074829932,0.1623488773747841,0.0036363636363636,0.003875968992248,0.0031479538300104,0.0026315789473684,0.75,0.0002202158114952,0.0706126687435098,0,1,3,0,0,0,0,0,0,0,1,0,0,0,35.0
0.6118980169971671,0.5850340136054422,0.1174438687392055,0.0018181818181818,0.0,0.0,0.0026315789473684,0.75,0.0,0.0623052959501557,0,1,3,0,0,0,0,0,0,1,0,0,0,0,31.0
0.5643059490084985,0.4489795918367347,1.0,0.0472727272727272,0.001937984496124,0.0346274921301154,0.0552631578947368,0.75,0.0052851794758863,1.0,0,1,4,0,1,0,0,0,0,0,0,0,0,0,482.5
0.4509915014164305,0.4353741496598639,0.2763385146804836,0.0072727272727272,0.0,0.0052465897166841,0.0026315789473684,0.75,0.0003303237172428,0.0664589823468328,0,1,3,0,0,0,1,0,0,0,0,0,0,0,33.0
0.9745042492917846,0.7619047619047619,0.1761658031088082,0.0072727272727272,0.0,0.0041972717733473,0.0052631578947368,1.0,0.0002202158114952,0.2699896157840083,0,1,3,0,0,0,0,0,0,1,0,0,0,0,131.0
1.0,1.0,1.0,0.0345454545454545,0.0,0.0283315844700944,0.0368421052631578,0.75,0.0022021581149526,0.6188992731048806,0,1,3,0,0,0,1,0,0,0,0,0,0,0,299.0
0.1575070821529745,0.0612244897959183,0.231433506044905,0.0181818181818181,0.001937984496124,0.0115424973767051,0.0157894736842105,1.0,0.000880863245981,0.1599169262720664,0,1,3,0,1,0,0,0,0,0,0,0,0,0,78.0
1.0,0.802721088435374,0.1139896373056994,0.0072727272727272,0.003875968992248,0.0062959076600209,0.0052631578947368,0.75,0.000880863245981,0.3572170301142264,0,1,3,0,0,0,0,0,0,1,0,0,0,0,173.0
0.7116147308781869,0.4761904761904762,0.0310880829015544,0.0018181818181818,0.0,0.0,0.0,1.0,0.0,0.4361370716510903,0,1,3,0,0,0,0,0,0,1,0,0,0,0,211.0
0.2039660056657223,0.217687074829932,0.4766839378238341,0.0181818181818181,0.005813953488372,0.0199370409233997,0.0210526315789473,0.75,0.0019819423034573,0.3032191069574247,0,1,3,0,0,0,0,0,0,0,0,1,0,0,147.0
0.4181303116147308,0.2244897959183673,0.0552677029360967,0.0018181818181818,0.0,0.0010493179433368,0.0,1.0,0.0004954855758643,0.0290758047767393,0,1,3,0,0,1,0,0,0,0,0,0,0,0,15.0
0.2266288951841359,0.2312925170068027,1.0,0.0472727272727272,0.001937984496124,0.0230849947534102,0.0236842105263157,1.0,0.0034133450781766,0.980269989615784,0,1,3,0,0,0,1,0,0,0,0,0,0,0,473.0
0.1813031161473087,0.1428571428571428,0.1796200345423143,0.0054545454545454,0.0,0.0052465897166841,0.0052631578947368,1.0,0.0001101079057476,0.5420560747663551,0,1,3,0,0,0,0,0,0,0,1,0,0,0,262.0
0.0226628895184135,0.3639455782312925,0.4905008635578584,0.069090909090909,0.003875968992248,0.0293809024134312,0.0394736842105263,0.75,0.0042942083241576,1.0,0,1,3,0,0,0,1,0,0,0,0,0,0,0,482.5
0.8271954674220963,0.3129251700680272,0.4974093264248704,0.0,0.001937984496124,0.0010493179433368,0.0026315789473684,1.0,0.0003303237172428,0.2782969885773624,0,1,3,0,1,0,0,0,0,0,0,0,0,0,135.0
0.2266288951841359,0.0680272108843537,0.2659758203799654,0.0054545454545454,0.001937984496124,0.0031479538300104,0.0,0.5,0.0001101079057476,0.1412253374870197,0,1,3,0,0,0,0,1,0,0,0,0,0,0,69.0
0.4963172804532577,0.4489795918367347,0.234887737478411,0.0109090909090909,0.0,0.0104931794333683,0.0026315789473684,1.0,0.0013212948689715,0.0913811007268951,0,1,3,0,0,0,1,0,0,0,0,0,0,0,45.0
0.4532577903682719,0.4183673469387755,0.5595854922279793,0.0218181818181818,0.001937984496124,0.0104931794333683,0.0236842105263157,1.0,0.0018718343977097,1.0,0,1,3,0,1,0,0,0,0,0,0,0,0,0,482.5
0.3444759206798866,0.5493197278911564,0.2245250431778929,0.029090909090909,0.001937984496124,0.0020986358866736,0.0,1.0,0.0005505395287381,0.2679127725856698,0,1,3,0,1,0,0,0,0,0,0,0,0,0,130.0
0.5643059490084985,0.1768707482993197,1.0,0.0981818181818181,0.005813953488372,0.080797481636936,0.0842105263157894,0.75,0.0091389561770535,1.0,0,1,3,0,0,0,1,0,0,0,0,0,0,0,482.5
0.2832861189801699,0.2448979591836734,0.0379965457685664,0.0036363636363636,0.0,0.0,0.0,0.5,0.0,0.1287642782969885,0,1,3,0,0,0,0,0,0,1,0,0,0,0,63.0
0.4827195467422096,0.3129251700680272,0.0656303972366148,0.0,0.0,0.0010493179433368,0.0026315789473684,1.0,0.0,0.0249221183800623,0,1,3,0,0,0,1,0,0,0,0,0,0,0,13.0
0.2447592067988668,0.0408163265306122,0.006908462867012,0.0,0.0,0.0,0.0,1.0,0.0004954855758643,0.047767393561786,0,1,3,0,0,0,1,0,0,0,0,0,0,0,24.0
0.4532577903682719,0.2857142857142857,0.3385146804835924,0.0054545454545454,0.001937984496124,0.0,0.0,1.0,0.0004954855758643,0.1412253374870197,0,1,3,0,0,0,0,1,0,0,0,0,0,0,69.0
0.6798866855524078,0.489795918367347,0.3626943005181346,0.0509090909090909,0.0096899224806201,0.0398740818467995,0.0578947368421052,0.75,0.0045144241356529,0.5129802699896158,0,1,3,0,0,0,1,0,0,0,0,0,0,0,248.0
0.2039660056657223,0.1105442176870748,0.003454231433506,0.0,0.0,0.0,0.0,1.0,0.0004954855758643,0.0332294911734164,0,1,3,0,0,0,1,0,0,0,0,0,0,0,17.0
0.4169971671388102,0.2261904761904761,0.0483592400690846,0.0072727272727272,0.001937984496124,0.0010493179433368,0.0,1.0,0.0004954855758643,0.6251298026998962,0,1,3,0,0,0,1,0,0,0,0,0,0,0,302.0
0.6118980169971671,0.5408163265306122,0.4974093264248704,0.029090909090909,0.005813953488372,0.0178384050367261,0.0447368421052631,1.0,0.0033032371724289,0.7206645898234683,0,1,3,0,0,0,0,0,0,1,0,0,0,0,348.0
1.0,0.979591836734694,0.1105354058721934,0.0036363636363636,0.001937984496124,0.0,0.0,1.0,0.0004954855758643,0.0498442367601246,0,1,3,0,1,0,0,0,0,0,0,0,0,0,25.0
0.4759206798866855,0.4489795918367347,0.0172711571675302,0.0,0.0,0.0010493179433368,0.0026315789473684,1.0,0.0,1.0,0,1,3,0,0,0,1,0,0,0,0,0,0,0,482.5
0.5665722379603398,0.5578231292517006,0.386873920552677,0.0072727272727272,0.001937984496124,0.0010493179433368,0.0026315789473684,0.5,0.0005505395287381,0.1246105919003115,0,1,3,0,1,0,0,0,0,0,0,0,0,0,61.0
0.5665722379603398,0.6394557823129251,0.0587219343696027,0.0,0.001937984496124,0.0,0.0,1.0,0.0001101079057476,0.0498442367601246,0,1,3,0,0,1,0,0,0,0,0,0,0,0,25.0
0.7025495750708215,0.7210884353741496,0.3834196891191709,0.0272727272727272,0.003875968992248,0.0146904512067156,0.0210526315789473,0.75,0.0023122660207002,0.5441329179646937,0,1,3,0,0,0,1,0,0,0,0,0,0,0,263.0
0.5643059490084985,0.5306122448979591,0.4559585492227979,0.0127272727272727,0.003875968992248,0.0241343126967471,0.0131578947368421,0.75,0.002092050209205,0.4402907580477674,0,1,3,0,0,0,1,0,0,0,0,0,0,0,213.0
0.3852691218130311,0.2551020408163265,0.3523316062176165,0.0109090909090909,0.0,0.0,0.0,0.75,0.0001101079057476,0.3094496365524403,0,1,3,0,0,0,0,0,0,1,0,0,0,0,150.0
0.3637393767705382,0.2108843537414966,0.0932642487046632,0.0054545454545454,0.0,0.0020986358866736,0.0026315789473684,1.0,0.0004404316229905,0.1744548286604361,0,1,3,0,0,0,0,0,0,0,0,0,0,1,85.0
0.2538243626062322,0.0544217687074829,0.1278065630397236,0.0,0.0,0.0020986358866736,0.0,1.0,0.0,0.0976116303219107,0,1,3,0,0,0,0,0,0,0,0,1,0,0,48.0
0.3399433427762039,0.2482993197278911,0.1174438687392055,0.0054545454545454,0.0,0.0031479538300104,0.0026315789473684,1.0,0.0,0.0768431983385254,0,1,3,1,0,0,0,0,0,0,0,0,0,0,38.0
0.5654390934844192,0.3231292517006802,0.1278065630397236,0.0109090909090909,0.0,0.0052465897166841,0.0026315789473684,1.0,0.0003303237172428,0.3136033229491173,0,1,3,0,0,0,1,0,0,0,0,0,0,0,152.0
0.6798866855524078,0.979591836734694,0.0056718480138169,0.4309090909090909,0.0503875968992248,0.2056663168940189,0.2105263157894736,1.0,0.0136533803127064,1.0,0,1,3,0,0,0,0,0,0,1,0,0,0,0,482.5
0.4532577903682719,0.3401360544217687,0.1036269430051813,0.0018181818181818,0.0,0.0,0.0026315789473684,1.0,0.0001101079057476,0.0913811007268951,0,1,3,0,0,0,0,0,0,1,0,0,0,0,45.0
0.4532577903682719,0.445578231292517,0.0690846286701209,0.009090909090909,0.0,0.0010493179433368,0.0052631578947368,1.0,0.0003303237172428,0.0623052959501557,0,1,3,0,0,0,1,0,0,0,0,0,0,0,31.0
0.5665722379603398,0.5306122448979591,0.4317789291882556,0.0163636363636363,0.0,0.0241343126967471,0.0236842105263157,0.75,0.002092050209205,0.3343717549325026,0,1,3,0,0,0,1,0,0,0,0,0,0,0,162.0
0.3399433427762039,0.4217687074829931,0.0310880829015544,0.0018181818181818,0.0,0.0,0.0,0.25,0.0,0.0207684319833852,0,1,3,0,0,0,1,0,0,0,0,0,0,0,11.0
0.7932011331444758,0.7482993197278911,0.9844559585492229,0.0418181818181818,0.003875968992248,0.0062959076600209,0.0131578947368421,1.0,0.0019819423034573,0.4299065420560747,0,1,3,0,0,0,0,0,0,0,0,1,0,0,208.0
0.4305949008498583,0.4353741496598639,0.2417962003454231,0.0145454545454545,0.001937984496124,0.0125918153200419,0.0184210526315789,0.75,0.002092050209205,0.2949117341640706,0,1,3,0,0,0,1,0,0,0,0,0,0,0,143.0
0.1586402266288951,0.0612244897959183,0.231433506044905,0.0145454545454545,0.003875968992248,0.0031479538300104,0.0052631578947368,0.75,0.0014314027747192,0.494288681204569,0,1,3,0,0,0,0,0,0,0,0,0,1,0,239.0
1.0,1.0,0.2107081174438687,0.0072727272727272,0.0,0.0010493179433368,0.0026315789473684,1.0,0.0,0.0726895119418483,0,1,3,0,0,0,1,0,0,0,0,0,0,0,36.0
0.2719546742209631,0.1717687074829932,0.0552677029360967,0.0,0.0,0.0,0.0,1.0,0.0004954855758643,0.0373831775700934,0,1,3,0,0,0,0,1,0,0,0,0,0,0,19.0
0.5643059490084985,0.5442176870748299,1.0,0.0127272727272727,0.001937984496124,0.0304302203567681,0.0657894736842105,0.75,0.0019819423034573,0.660436137071651,0,1,3,0,0,0,1,0,0,0,0,0,0,0,319.0
0.5665722379603398,0.5170068027210883,0.0898100172711571,0.0109090909090909,0.0,0.0,0.0052631578947368,1.0,0.0002202158114952,0.0934579439252336,0,1,3,0,0,0,0,0,0,0,0,0,0,1,46.0
0.4509915014164305,0.3537414965986394,1.0,0.2472727272727272,0.0135658914728682,0.1867785939139559,0.2447368421052631,0.75,0.0184981281656022,1.0,0,1,3,0,0,0,1,0,0,0,0,0,0,0,482.5
1.0,1.0,0.1036269430051813,0.0018181818181818,0.0,0.0,0.0,1.0,0.0004954855758643,0.0747663551401869,0,1,3,0,0,0,0,1,0,0,0,0,0,0,37.0
0.5665722379603398,0.4319727891156462,0.8186528497409326,0.0218181818181818,0.001937984496124,0.0052465897166841,0.0052631578947368,1.0,0.000880863245981,0.5316718587746625,0,1,3,0,0,0,0,0,0,0,1,0,0,0,257.0
0.7025495750708215,0.4217687074829931,0.0103626943005181,0.0,0.0,0.0010493179433368,0.0,1.0,0.0004954855758643,0.4215991692627207,0,1,3,0,0,0,1,0,0,0,0,0,0,0,204.0
0.290084985835694,0.0952380952380952,0.0207253886010362,0.0,0.001937984496124,0.0010493179433368,0.0,1.0,0.0004954855758643,0.3551401869158878,0,1,3,0,0,0,1,0,0,0,0,0,0,0,172.0
0.3399433427762039,0.2585034013605442,0.3385146804835924,0.0109090909090909,0.0,0.0010493179433368,0.0,1.0,0.0004954855758643,0.2658359293873312,0,1,3,0,0,0,0,0,1,0,0,0,0,0,129.0
0.4305949008498583,0.2789115646258503,0.0379965457685664,0.0,0.0,0.0010493179433368,0.0,1.0,0.0004954855758643,0.0249221183800623,0,1,3,0,0,0,0,0,0,1,0,0,0,0,13.0
0.2946175637393767,0.2857142857142857,0.082901554404145,0.0,0.0,0.0,0.0,1.0,0.0004954855758643,0.0103842159916926,0,1,3,0,0,0,1,0,0,0,0,0,0,0,6.0
0.3943342776203965,0.4761904761904762,0.0898100172711571,0.0,0.0,0.0,0.0,1.0,0.0004954855758643,0.0145379023883696,0,1,3,0,0,0,0,0,0,0,0,1,0,0,8.0
0.6798866855524078,0.3537414965986394,0.4214162348877374,0.0054545454545454,0.001937984496124,0.0041972717733473,0.0210526315789473,1.0,0.0006606474344857,0.2969885773624091,0,1,3,0,0,0,0,0,0,1,0,0,0,0,144.0
0.6118980169971671,0.6819727891156462,0.2037996545768566,0.009090909090909,0.001937984496124,0.0031479538300104,0.0078947368421052,0.75,0.0002202158114952,0.1204569055036344,0,1,3,0,0,0,0,0,0,0,0,1,0,0,59.0
0.4532577903682719,0.6122448979591836,0.1036269430051813,0.0127272727272727,0.0,0.0062959076600209,0.0078947368421052,1.0,0.0005505395287381,0.3136033229491173,0,1,3,0,1,0,0,0,0,0,0,0,0,0,152.0
0.9450424929178468,0.7959183673469387,0.079447322970639,0.0072727272727272,0.0,0.0052465897166841,0.0210526315789473,1.0,0.0009909711517286,0.2035306334371754,0,1,3,0,0,0,1,0,0,0,0,0,0,0,99.0
0.5665722379603398,0.4523809523809524,0.0449050086355785,0.0,0.0,0.0010493179433368,0.0,1.0,0.0,0.0602284527518172,0,1,3,0,0,0,0,0,0,1,0,0,0,0,30.0
0.509915014164306,0.5170068027210883,0.7046632124352331,0.0309090909090909,0.001937984496124,0.0220356768100734,0.0157894736842105,0.75,0.0013212948689715,0.7892004153686396,0,1,3,0,0,0,0,0,0,1,0,0,0,0,381.0
0.3308781869688385,0.2312925170068027,0.5561312607944732,0.0145454545454545,0.001937984496124,0.0125918153200419,0.0184210526315789,0.75,0.0016516185862144,0.2866043613707165,0,1,3,0,1,0,0,0,0,0,0,0,0,0,139.0
0.5212464589235127,0.3537414965986394,0.1278065630397236,0.0018181818181818,0.0,0.0010493179433368,0.0026315789473684,1.0,0.0,0.0207684319833852,0,1,3,0,0,0,0,0,1,0,0,0,0,0,11.0
0.4532577903682719,0.4098639455782313,0.0345423143350604,0.0,0.0,0.0020986358866736,0.0,1.0,0.0,0.0643821391484942,0,1,3,0,0,0,1,0,0,0,0,0,0,0,32.0
0.1133144475920679,0.217687074829932,0.1727115716753022,0.0127272727272727,0.0,0.0020986358866736,0.0052631578947368,0.75,0.0004404316229905,0.2326064382139148,0,1,3,0,1,0,0,0,0,0,0,0,0,0,113.0
0.906515580736544,0.7448979591836734,0.0138169257340241,0.0,0.0,0.0010493179433368,0.0,1.0,0.0004954855758643,0.0145379023883696,0,1,3,0,0,0,1,0,0,0,0,0,0,0,8.0
0.5643059490084985,0.5306122448979591,0.697754749568221,0.0163636363636363,0.0,0.0409233997901364,0.031578947368421,1.0,0.0033032371724289,0.4714434060228453,0,1,3,0,0,0,1,0,0,0,0,0,0,0,228.0
0.3399433427762039,0.1836734693877551,0.1243523316062176,0.0018181818181818,0.0,0.0010493179433368,0.0026315789473684,1.0,0.0,0.1287642782969885,0,1,3,0,0,0,0,0,1,0,0,0,0,0,63.0
0.5643059490084985,0.7210884353741496,0.2003454231433506,0.0054545454545454,0.0,0.0041972717733473,0.0026315789473684,1.0,0.0,0.004153686396677,0,1,3,0,0,1,0,0,0,0,0,0,0,0,3.0
0.5643059490084985,0.6802721088435374,1.0,0.0163636363636363,0.0,0.0314795383001049,0.0499999999999999,0.75,0.0023122660207002,0.6105919003115264,0,1,3,0,0,0,1,0,0,0,0,0,0,0,295.0
0.3399433427762039,0.1360544217687075,0.3143350604490501,0.0072727272727272,0.0,0.0041972717733473,0.0026315789473684,1.0,0.0002202158114952,0.1204569055036344,0,1,3,0,1,0,0,0,0,0,0,0,0,0,59.0
0.5665722379603398,0.4999999999999999,0.1070811744386874,0.0036363636363636,0.001937984496124,0.0041972717733473,0.0078947368421052,1.0,0.0002202158114952,0.0851505711318795,0,1,3,0,0,1,0,0,0,0,0,0,0,0,42.0
0.2379603399433427,0.4999999999999999,1.0,0.069090909090909,0.0135658914728682,0.0598111227701993,0.0710526315789473,0.75,0.0044043162299053,1.0,0,1,3,0,0,0,1,0,0,0,0,0,0,0,482.5
0.6118980169971671,0.5578231292517006,1.0,0.0527272727272727,0.003875968992248,0.0167890870933892,0.0289473684210526,0.75,0.0027526976436908,0.7268951194184838,0,1,3,0,0,0,1,0,0,0,0,0,0,0,351.0
0.5665722379603398,0.3673469387755102,0.6666666666666666,0.0072727272727272,0.0,0.0031479538300104,0.0131578947368421,0.75,0.0009909711517286,0.2139148494288681,0,1,3,0,1,0,0,0,0,0,0,0,0,0,104.0
0.2243626062322946,0.2840136054421768,0.0863557858376511,0.0036363636363636,0.0,0.0031479538300104,0.0052631578947368,1.0,0.0002202158114952,0.0560747663551401,0,1,3,0,1,0,0,0,0,0,0,0,0,0,28.0
1.0,0.802721088435374,0.0449050086355785,0.0,0.0,0.0,0.0,1.0,0.0004954855758643,0.0311526479750778,0,1,3,0,0,0,0,0,0,0,1,0,0,0,16.0
0.3399433427762039,0.2312925170068027,0.2625215889464594,0.0054545454545454,0.0,0.0031479538300104,0.0131578947368421,0.75,0.0007707553402334,0.1889927310488058,0,1,3,0,0,0,1,0,0,0,0,0,0,0,92.0
0.3399433427762039,0.2448979591836734,0.1105354058721934,0.0145454545454545,0.0077519379844961,0.0031479538300104,0.0078947368421052,0.75,0.0012111869632239,0.2222222222222222,0,1,3,0,0,0,0,0,0,0,1,0,0,0,108.0
0.5439093484419263,0.3673469387755102,0.0310880829015544,0.0036363636363636,0.0,0.0,0.0,1.0,0.0004954855758643,0.0083073727933541,0,1,3,0,0,0,1,0,0,0,0,0,0,0,5.0
0.3399433427762039,0.3469387755102041,0.1381692573402418,0.0036363636363636,0.0,0.0,0.0,1.0,0.0004954855758643,0.1848390446521287,0,1,3,0,1,0,0,0,0,0,0,0,0,0,90.0
0.3739376770538243,0.3401360544217687,0.1968911917098445,0.0054545454545454,0.0,0.0010493179433368,0.0026315789473684,1.0,0.0002202158114952,0.2699896157840083,0,1,3,0,0,0,0,0,0,0,0,1,0,0,131.0
0.0679886685552407,0.141156462585034,0.1761658031088082,0.0072727272727272,0.001937984496124,0.0073452256033578,0.0078947368421052,1.0,0.0006606474344857,0.5794392523364486,0,1,3,0,0,0,0,0,0,0,0,0,1,0,280.0
0.1541076487252124,0.1224489795918367,0.0103626943005181,0.0018181818181818,0.0,0.0,0.0,1.0,0.0004954855758643,1.0,0,1,3,0,0,0,0,0,0,0,0,0,1,0,482.5
0.9620396600566572,0.5748299319727891,0.0690846286701209,0.0036363636363636,0.0,0.0010493179433368,0.0026315789473684,0.75,0.0001101079057476,0.0976116303219107,0,1,3,0,0,0,1,0,0,0,0,0,0,0,48.0
0.3399433427762039,0.2857142857142857,0.9671848013816924,0.0327272727272727,0.003875968992248,0.0167890870933892,0.0184210526315789,0.75,0.002092050209205,0.4672897196261682,0,1,3,0,0,0,0,0,0,0,0,1,0,0,226.0
1.0,1.0,0.2936096718480138,0.0054545454545454,0.001937984496124,0.0031479538300104,0.0026315789473684,1.0,0.0002202158114952,0.2824506749740395,0,1,3,0,0,0,1,0,0,0,0,0,0,0,137.0
0.4963172804532577,0.5034013605442176,0.3799654576856649,0.0163636363636363,0.0,0.036726128016789,0.0210526315789473,0.75,0.0036335608896718,0.6188992731048806,0,1,3,0,0,0,1,0,0,0,0,0,0,0,299.0
0.906515580736544,0.5714285714285714,0.3005181347150259,0.0054545454545454,0.001937984496124,0.0031479538300104,0.0,1.0,0.0004404316229905,0.1079958463136033,0,1,3,1,0,0,0,0,0,0,0,0,0,0,53.0
0.6572237960339943,0.5442176870748299,0.0379965457685664,0.0,0.0,0.0,0.0,1.0,0.0,0.0103842159916926,0,1,3,0,1,0,0,0,0,0,0,0,0,0,6.0
0.2039660056657223,0.1666666666666666,0.0690846286701209,0.0036363636363636,0.001937984496124,0.0010493179433368,0.0,1.0,0.0,0.1640706126687434,0,1,3,0,0,0,0,1,0,0,0,0,0,0,80.0
0.5665722379603398,0.4625850340136054,0.1796200345423143,0.0018181818181818,0.001937984496124,0.0010493179433368,0.0,0.75,0.0001101079057476,0.0809968847352024,0,1,3,0,0,0,1,0,0,0,0,0,0,0,40.0
0.5212464589235127,0.272108843537415,0.2176165803108808,0.0054545454545454,0.0,0.0041972717733473,0.0026315789473684,0.75,0.0,0.1952232606438213,0,1,3,0,1,0,0,0,0,0,0,0,0,0,95.0
0.2719546742209631,0.1020408163265306,0.1796200345423143,0.0054545454545454,0.0,0.0031479538300104,0.0263157894736842,1.0,0.0013212948689715,0.1495327102803738,0,1,3,0,0,0,0,0,0,0,0,1,0,0,73.0
0.5325779036827195,0.5306122448979591,0.1519861830742659,0.0163636363636363,0.0,0.0073452256033578,0.0184210526315789,0.75,0.0009909711517286,0.170301142263759,0,1,3,0,0,0,1,0,0,0,0,0,0,0,83.0
0.6209631728045325,0.489795918367347,0.9879101899827288,0.0272727272727272,0.001937984496124,0.0010493179433368,0.0052631578947368,0.75,0.000880863245981,0.3904465212876428,0,1,3,0,0,0,0,0,0,0,1,0,0,0,189.0
0.3399433427762039,0.489795918367347,0.0345423143350604,0.0,0.0,0.0,0.0026315789473684,0.0,0.0,0.0290758047767393,0,1,3,0,0,0,0,0,1,0,0,0,0,0,15.0
0.4759206798866855,0.3673469387755102,0.0042521588946459,0.1381818181818181,0.0193798449612403,0.0461699895068205,0.0105263157894736,1.0,0.0004404316229905,0.7933541017653166,0,1,3,0,0,0,0,0,1,0,0,0,0,0,383.0
0.7025495750708215,0.6258503401360543,0.0172711571675302,0.0,0.0,0.0,0.0,1.0,0.0004954855758643,0.0062305295950155,0,1,3,0,0,0,0,0,1,0,0,0,0,0,4.0
0.4532577903682719,0.4761904761904762,0.2107081174438687,0.0054545454545454,0.001937984496124,0.0083945435466946,0.0026315789473684,1.0,0.0003303237172428,0.1370716510903426,0,1,3,0,0,0,1,0,0,0,0,0,0,0,67.0
0.6572237960339943,0.4081632653061224,0.0863557858376511,0.0018181818181818,0.0,0.0010493179433368,0.0,1.0,0.0,0.0539979231568016,0,1,3,0,1,0,0,0,0,0,0,0,0,0,27.0
0.1915014164305948,0.0816326530612245,0.2245250431778929,0.0072727272727272,0.001937984496124,0.0062959076600209,0.0105263157894736,1.0,0.0006606474344857,0.3219106957424714,0,1,3,0,0,0,1,0,0,0,0,0,0,0,156.0
0.498583569405099,0.4047619047619047,0.1830742659758203,0.0072727272727272,0.0,0.0010493179433368,0.0026315789473684,1.0,0.0,0.122533748701973,0,1,3,0,0,0,0,0,0,1,0,0,0,0,60.0
0.7025495750708215,0.4863945578231293,0.2037996545768566,0.0072727272727272,0.0,0.0,0.0,0.75,0.0002202158114952,0.1059190031152648,0,1,3,0,0,0,1,0,0,0,0,0,0,0,52.0
0.4509915014164305,0.4217687074829931,0.5215889464594128,0.0127272727272727,0.0,0.0230849947534102,0.0052631578947368,0.75,0.0024223739264479,0.371754932502596,0,1,3,0,0,0,1,0,0,0,0,0,0,0,180.0
0.6164305949008498,0.2789115646258503,0.1139896373056994,0.009090909090909,0.0,0.0041972717733473,0.0026315789473684,1.0,0.0001101079057476,0.3862928348909657,0,1,3,0,0,0,0,0,0,0,0,0,0,1,187.0
0.3626062322946175,0.5170068027210883,0.6010362694300518,0.02,0.0,0.0031479538300104,0.0052631578947368,1.0,0.0003303237172428,0.3115264797507788,0,1,3,0,0,0,0,0,0,0,0,0,0,1,151.0
0.498583569405099,0.4319727891156462,0.0103626943005181,0.0,0.0,0.0,0.0,1.0,0.0004954855758643,0.0103842159916926,0,1,3,0,0,0,1,0,0,0,0,0,0,0,6.0
0.4305949008498583,0.1938775510204081,0.2279792746113989,0.0127272727272727,0.0,0.0020986358866736,0.0,1.0,0.0002202158114952,0.1910695742471443,0,1,3,0,0,0,1,0,0,0,0,0,0,0,93.0
0.2266288951841359,0.0986394557823129,0.8324697754749568,0.0254545454545454,0.0,0.0125918153200419,0.0052631578947368,1.0,0.0002202158114952,0.8182762201453789,0,1,3,0,0,0,0,0,1,0,0,0,0,0,395.0
1.0,1.0,0.4352331606217616,0.02,0.001937984496124,0.0094438614900314,0.0105263157894736,1.0,0.0013212948689715,0.2741433021806854,0,1,3,0,0,0,0,1,0,0,0,0,0,0,133.0
0.2492917847025495,0.2244897959183673,0.1692573402417962,0.009090909090909,0.001937984496124,0.0020986358866736,0.0026315789473684,1.0,0.0003303237172428,0.3426791277258567,0,1,3,0,0,0,1,0,0,0,0,0,0,0,166.0
0.6798866855524078,0.4761904761904762,0.3212435233160621,0.0109090909090909,0.0,0.0010493179433368,0.0026315789473684,0.75,0.0004404316229905,0.1869158878504672,0,1,3,0,1,0,0,0,0,0,0,0,0,0,91.0
0.7025495750708215,0.4982993197278911,0.3350604490500863,0.0054545454545454,0.0,0.0010493179433368,0.0026315789473684,0.75,0.0005505395287381,0.1329179646936656,0,1,3,0,1,0,0,0,0,0,0,0,0,0,65.0
0.7705382436260623,0.8163265306122448,0.155440414507772,0.0236363636363636,0.001937984496124,0.0094438614900314,0.0105263157894736,1.0,0.0014314027747192,0.2928348909657321,0,1,3,0,0,0,0,0,0,0,0,0,0,1,142.0
0.7365439093484418,0.7891156462585033,0.5906735751295337,0.0472727272727272,0.003875968992248,0.0220356768100734,0.0289473684210526,1.0,0.0027526976436908,0.6895119418483904,0,1,3,0,0,0,1,0,0,0,0,0,0,0,333.0
0.6798866855524078,0.489795918367347,0.8601036269430051,0.0163636363636363,0.001937984496124,0.0115424973767051,0.0105263157894736,1.0,0.0017617264919621,0.4319833852544133,0,1,3,0,1,0,0,0,0,0,0,0,0,0,209.0
0.838526912181303,0.7448979591836734,0.0241796200345423,0.0,0.001937984496124,0.0,0.0,1.0,0.0004954855758643,0.0186915887850467,0,1,3,0,0,0,0,0,0,1,0,0,0,0,10.0
0.6798866855524078,0.7210884353741496,0.4835924006908462,0.0127272727272727,0.001937984496124,0.0052465897166841,0.0026315789473684,1.0,0.0002202158114952,0.1557632398753894,0,1,3,0,0,0,0,0,0,0,0,1,0,0,76.0
0.7932011331444758,0.5850340136054422,0.1105354058721934,0.0036363636363636,0.0,0.0,0.0,1.0,0.0004954855758643,0.083073727933541,0,1,3,0,1,0,0,0,0,0,0,0,0,0,41.0
0.4509915014164305,0.4761904761904762,0.9740932642487046,0.1254545454545454,0.005813953488372,0.074501573976915,0.1368421052631579,0.75,0.0104602510460251,1.0,0,1,3,0,0,0,1,0,0,0,0,0,0,0,482.5
0.5643059490084985,0.5578231292517006,0.8739205526770293,0.0327272727272727,0.001937984496124,0.0335781741867785,0.0447368421052631,1.0,0.0034133450781766,0.5109034267912772,0,1,3,0,0,0,1,0,0,0,0,0,0,0,247.0
0.4509915014164305,0.489795918367347,1.0,0.0309090909090909,0.001937984496124,0.0377754459601259,0.0447368421052631,0.75,0.00418410041841,0.494288681204569,0,1,3,0,0,1,0,0,0,0,0,0,0,0,239.0
0.2946175637393767,0.217687074829932,0.0103626943005181,0.0,0.0,0.0,0.0,1.0,0.0004954855758643,0.1474558670820352,0,1,3,0,0,0,1,0,0,0,0,0,0,0,72.0
0.2220963172804532,0.3333333333333333,0.0310880829015544,0.0,0.0,0.0010493179433368,0.0026315789473684,1.0,0.0001101079057476,0.1640706126687434,0,1,3,0,0,0,1,0,0,0,0,0,0,0,80.0
0.906515580736544,0.5714285714285714,0.2141623488773748,0.0054545454545454,0.0,0.0010493179433368,0.0026315789473684,1.0,0.0002202158114952,0.0602284527518172,0,1,3,0,0,0,0,0,0,0,0,1,0,0,30.0
0.2991501416430595,0.2857142857142857,0.0414507772020725,0.0018181818181818,0.0,0.0020986358866736,0.0,1.0,0.0004954855758643,0.1765316718587746,0,1,3,0,0,0,1,0,0,0,0,0,0,0,86.0
0.4759206798866855,0.4353741496598639,0.0345423143350604,0.0054545454545454,0.0,0.0020986358866736,0.0,1.0,0.0004954855758643,0.9241952232606436,0,1,3,0,0,0,1,0,0,0,0,0,0,0,446.0
0.4963172804532577,0.4761904761904762,1.0,0.2,0.003875968992248,0.1227701993704092,0.1868421052631579,0.75,0.0146443514644351,1.0,0,1,3,0,0,0,1,0,0,0,0,0,0,0,482.5
0.9745042492917846,0.6802721088435374,0.0552677029360967,0.0054545454545454,0.0,0.0010493179433368,0.0,1.0,0.0,0.0726895119418483,0,1,3,0,0,0,1,0,0,0,0,0,0,0,36.0
0.2719546742209631,0.1224489795918367,0.0414507772020725,0.0018181818181818,0.0,0.0010493179433368,0.0,1.0,0.0004954855758643,0.0373831775700934,0,1,3,0,0,0,0,0,0,1,0,0,0,0,19.0
0.2538243626062322,0.1207482993197278,0.0449050086355785,0.0,0.0,0.0010493179433368,0.0,1.0,0.0,0.3821391484942887,0,1,3,0,0,0,1,0,0,0,0,0,0,0,185.0
0.5643059490084985,0.7210884353741496,0.5837651122625216,0.0145454545454545,0.003875968992248,0.0115424973767051,0.0105263157894736,0.75,0.0017617264919621,0.2076843198338525,0,1,3,0,0,0,1,0,0,0,0,0,0,0,101.0
0.2220963172804532,0.1071428571428571,0.0310880829015544,0.009090909090909,0.0,0.0010493179433368,0.0,0.75,0.0002202158114952,0.5295950155763239,0,1,3,0,0,0,1,0,0,0,0,0,0,0,256.0
0.1699716713881019,0.7346938775510203,0.0115060449050086,1.0,0.1531007751937984,1.0,1.0,1.0,0.0745430521911473,1.0,0,1,3,0,0,0,0,0,0,0,0,1,0,0,482.5
0.3852691218130311,0.3741496598639455,0.0172711571675302,0.0,0.0,0.0,0.0,1.0,0.0004954855758643,0.004153686396677,0,1,3,0,0,0,1,0,0,0,0,0,0,0,3.0
0.4872521246458923,0.3401360544217687,0.0690846286701209,0.0054545454545454,0.0,0.0,0.0026315789473684,1.0,0.0001101079057476,0.043613707165109,0,1,3,0,0,0,0,0,0,0,1,0,0,0,22.0
0.6345609065155807,0.7210884353741496,0.1105354058721934,0.0018181818181818,0.001937984496124,0.0020986358866736,0.0,0.75,0.0001101079057476,0.0623052959501557,0,1,3,0,0,0,0,0,0,1,0,0,0,0,31.0
0.509915014164306,0.2993197278911564,0.5768566493955095,0.009090909090909,0.003875968992248,0.0041972717733473,0.0052631578947368,0.75,0.0012111869632239,0.2554517133956386,0,1,3,0,0,0,0,1,0,0,0,0,0,0,124.0
0.1586402266288951,0.0714285714285714,0.0587219343696027,0.0,0.0,0.0,0.0,1.0,0.0004954855758643,0.0394600207684319,0,1,3,0,0,0,0,1,0,0,0,0,0,0,20.0
0.4305949008498583,0.3945578231292517,0.1347150259067357,0.0018181818181818,0.0,0.0,0.0,1.0,0.0,0.1017653167185877,0,1,3,0,0,0,0,0,0,0,0,0,0,1,50.0
0.2311614730878186,0.1904761904761904,0.1830742659758203,0.0145454545454545,0.0,0.0062959076600209,0.0105263157894736,1.0,0.0004404316229905,0.2990654205607477,0,1,3,0,0,0,1,0,0,0,0,0,0,0,145.0
0.0793201133144475,0.0,0.1416234887737478,0.0018181818181818,0.0,0.0031479538300104,0.0,0.75,0.0004404316229905,0.2512980269989616,0,1,0,0,0,0,0,0,0,0,0,0,1,0,122.0
0.1133144475920679,0.1904761904761904,0.0759930915371329,0.0054545454545454,0.0,0.0083945435466946,0.0105263157894736,1.0,0.0007707553402334,0.1578400830737279,0,1,3,0,0,0,0,0,0,0,1,0,0,0,77.0
0.5665722379603398,1.0,1.0,0.0454545454545454,0.0096899224806201,0.0398740818467995,0.0157894736842105,0.75,0.0016516185862144,1.0,0,1,3,0,0,0,1,0,0,0,0,0,0,0,482.5
0.4509915014164305,0.2993197278911564,1.0,0.1927272727272727,0.0155038759689922,0.1385099685204617,0.2473684210526315,0.75,0.0172869412023783,1.0,0,1,3,0,0,0,1,0,0,0,0,0,0,0,482.5
0.2946175637393767,0.2585034013605442,0.006908462867012,0.0,0.0,0.0010493179433368,0.0,1.0,0.0004954855758643,0.0228452751817237,0,1,3,0,0,0,1,0,0,0,0,0,0,0,12.0
0.4759206798866855,0.3945578231292517,0.2452504317789292,0.0054545454545454,0.0,0.0062959076600209,0.0052631578947368,0.75,0.0004404316229905,0.3219106957424714,0,1,3,0,0,0,1,0,0,0,0,0,0,0,156.0
0.3943342776203965,0.4625850340136054,0.6079447322970639,0.0345454545454545,0.001937984496124,0.0325288562434417,0.0157894736842105,1.0,0.0019819423034573,0.4589823468328141,0,1,3,0,0,0,0,0,0,0,0,1,0,0,222.0
0.5439093484419263,0.4217687074829931,1.0,0.0345454545454545,0.003875968992248,0.0178384050367261,0.0026315789473684,1.0,0.0,0.6396677050882658,0,1,3,0,0,0,0,0,1,0,0,0,0,0,309.0
0.7592067988668555,0.6122448979591836,0.155440414507772,0.0109090909090909,0.001937984496124,0.0,0.0026315789473684,1.0,0.0003303237172428,0.1100726895119418,0,1,0,0,0,0,1,0,0,0,0,0,0,0,54.0
0.2764872521246458,0.4200680272108843,0.2590673575129533,0.0181818181818181,0.0,0.0052465897166841,0.0078947368421052,1.0,0.0006606474344857,0.4485981308411215,0,1,3,0,0,0,0,0,0,1,0,0,0,0,217.0
1.0,0.70578231292517,0.2659758203799654,0.009090909090909,0.001937984496124,0.0010493179433368,0.0052631578947368,1.0,0.0001101079057476,0.1121495327102803,0,1,3,1,0,0,0,0,0,0,0,0,0,0,55.0
0.4759206798866855,0.4489795918367347,0.0241796200345423,0.0018181818181818,0.001937984496124,0.0010493179433368,0.0,1.0,0.0004954855758643,0.249221183800623,0,1,3,0,0,0,1,0,0,0,0,0,0,0,121.0
0.5665722379603398,0.4795918367346939,0.2487046632124352,0.0018181818181818,0.0,0.0041972717733473,0.0078947368421052,1.0,0.0002202158114952,0.205607476635514,0,1,3,0,1,0,0,0,0,0,0,0,0,0,100.0
0.5405099150141642,0.5068027210884353,0.0690846286701209,0.0018181818181818,0.001937984496124,0.0,0.0078947368421052,1.0,0.0002202158114952,0.1952232606438213,0,1,3,0,1,0,0,0,0,0,0,0,0,0,95.0
0.3399433427762039,0.3265306122448979,0.0518134715025906,0.0018181818181818,0.0,0.0020986358866736,0.0026315789473684,0.75,0.0003303237172428,0.0415368639667705,0,1,3,0,0,0,1,0,0,0,0,0,0,0,21.0
0.3852691218130311,0.3945578231292517,0.1727115716753022,0.009090909090909,0.0,0.0167890870933892,0.0289473684210526,0.5,0.0018718343977097,0.2741433021806854,0,1,3,0,0,0,1,0,0,0,0,0,0,0,133.0
1.0,0.0816326530612245,0.158894645941278,0.0054545454545454,0.0,0.0,0.0,1.0,0.0004954855758643,0.0186915887850467,0,1,4,0,1,0,0,0,0,0,0,0,0,0,10.0
0.3852691218130311,0.141156462585034,0.079447322970639,0.0018181818181818,0.001937984496124,0.0,0.0,1.0,0.0001101079057476,0.0685358255451713,0,1,3,0,0,0,0,0,0,0,0,0,1,0,34.0
1.0,0.8384353741496597,0.1312607944732297,0.0072727272727272,0.0,0.0,0.0,1.0,0.0004954855758643,0.083073727933541,0,1,3,0,1,0,0,0,0,0,0,0,0,0,41.0
0.8407932011331444,0.6020408163265305,0.0449050086355785,0.0018181818181818,0.0,0.0020986358866736,0.0,0.0,0.0,0.2409138110072689,0,1,3,0,0,0,1,0,0,0,0,0,0,0,117.0
0.4305949008498583,0.2959183673469387,0.3246977547495682,0.0127272727272727,0.0,0.0,0.0026315789473684,1.0,0.0003303237172428,0.3094496365524403,0,1,3,0,0,0,0,0,0,1,0,0,0,0,150.0
0.6798866855524078,0.4625850340136054,0.3143350604490501,0.0145454545454545,0.001937984496124,0.0041972717733473,0.0052631578947368,1.0,0.0003303237172428,0.1889927310488058,0,1,3,0,0,0,1,0,0,0,0,0,0,0,92.0
0.2594900849858356,0.1258503401360544,0.079447322970639,0.0072727272727272,0.0,0.0020986358866736,0.0,1.0,0.0,0.0706126687435098,0,1,3,0,0,0,1,0,0,0,0,0,0,0,35.0
0.4623229461756374,0.4081632653061224,0.0932642487046632,0.0018181818181818,0.0,0.0031479538300104,0.0,1.0,0.0004954855758643,0.1287642782969885,0,1,3,0,0,0,1,0,0,0,0,0,0,0,63.0
0.3852691218130311,0.3537414965986394,0.0172711571675302,0.0036363636363636,0.0,0.0,0.0,1.0,0.0,0.0747663551401869,0,1,3,0,0,0,1,0,0,0,0,0,0,0,37.0
0.2039660056657223,0.0408163265306122,0.0,0.0,0.0,0.0,0.0,1.0,0.0004954855758643,0.0996884735202492,0,1,3,0,0,0,0,0,0,0,0,0,1,0,49.0
1.0,0.5918367346938774,0.1519861830742659,0.0054545454545454,0.0,0.0010493179433368,0.0,0.75,0.0001101079057476,0.0768431983385254,0,1,3,0,0,0,0,0,0,0,0,1,0,0,38.0
0.9042492917847024,0.3656462585034014,0.0241796200345423,0.0036363636363636,0.0,0.0,0.0,1.0,0.0004954855758643,0.1163032191069574,0,1,3,0,0,0,0,0,1,0,0,0,0,0,57.0
0.4747875354107648,0.2619047619047619,0.155440414507772,0.0181818181818181,0.0,0.0031479538300104,0.0026315789473684,1.0,0.0005505395287381,0.1786085150571131,0,1,3,0,0,0,1,0,0,0,0,0,0,0,87.0
0.2946175637393767,0.2448979591836734,0.0932642487046632,0.0036363636363636,0.0,0.0010493179433368,0.0052631578947368,1.0,0.0002202158114952,0.0893042575285566,0,1,3,0,0,0,0,0,1,0,0,0,0,0,44.0
0.509915014164306,0.2312925170068027,0.0967184801381692,0.0036363636363636,0.0,0.0010493179433368,0.0026315789473684,1.0,0.0002202158114952,0.047767393561786,0,1,3,0,0,0,0,0,0,0,0,1,0,0,24.0
0.2220963172804532,0.0680272108843537,0.0310880829015544,0.0,0.0,0.0020986358866736,0.0,0.75,0.0,0.2201453790238836,0,1,3,0,0,0,1,0,0,0,0,0,0,0,107.0
0.2039660056657223,0.2040816326530612,1.0,0.0945454545454545,0.0193798449612403,0.0482686253934942,0.0342105263157894,0.75,0.0034133450781766,1.0,0,1,3,0,0,0,1,0,0,0,0,0,0,0,482.5
0.2946175637393767,0.2108843537414966,0.0379965457685664,0.0,0.0,0.0031479538300104,0.0026315789473684,0.75,0.0001101079057476,0.1474558670820352,0,1,3,0,0,0,1,0,0,0,0,0,0,0,72.0
0.2946175637393767,0.2312925170068027,0.0656303972366148,0.0018181818181818,0.0,0.0031479538300104,0.0052631578947368,1.0,0.0002202158114952,0.0539979231568016,0,1,3,0,0,0,1,0,0,0,0,0,0,0,27.0
0.3399433427762039,0.217687074829932,1.0,0.0636363636363636,0.003875968992248,0.0199370409233997,0.031578947368421,0.75,0.002972913455186,0.9553478712357216,0,1,3,0,0,0,0,1,0,0,0,0,0,0,461.0
0.3286118980169971,0.2448979591836734,0.0483592400690846,0.0,0.0,0.0010493179433368,0.0,1.0,0.0004954855758643,0.7289719626168224,0,1,3,0,0,0,1,0,0,0,0,0,0,0,352.0
0.2266288951841359,0.1768707482993197,0.0276338514680483,0.0,0.0,0.0010493179433368,0.0,1.0,0.0004954855758643,0.1349948078920041,0,1,3,0,0,0,0,0,1,0,0,0,0,0,66.0
0.3626062322946175,0.3061224489795918,0.1416234887737478,0.0036363636363636,0.001937984496124,0.0,0.0,1.0,0.0001101079057476,0.3343717549325026,0,1,3,0,0,0,1,0,0,0,0,0,0,0,162.0
0.4532577903682719,0.3945578231292517,0.2037996545768566,0.0036363636363636,0.0,0.0010493179433368,0.0026315789473684,1.0,0.0004954855758643,0.2949117341640706,0,1,3,0,0,0,0,0,1,0,0,0,0,0,143.0
0.4532577903682719,0.3775510204081632,0.0690846286701209,0.0018181818181818,0.0,0.0,0.0,1.0,0.0,0.494288681204569,0,1,3,0,0,0,1,0,0,0,0,0,0,0,239.0
0.6798866855524078,0.4489795918367347,0.7875647668393781,0.02,0.0,0.0031479538300104,0.0,1.0,0.0003303237172428,0.2471443406022845,0,1,3,0,1,0,0,0,0,0,0,0,0,0,120.0
0.6798866855524078,0.3129251700680272,1.0,0.0254545454545454,0.0096899224806201,0.0146904512067156,0.0263157894736842,1.0,0.0026425897379431,0.7248182762201453,0,1,3,0,0,0,0,0,0,0,0,0,0,1,350.0
1.0,1.0,0.0153540587219343,0.6145454545454545,0.0833333333333333,0.2067156348373557,0.3789473684210526,1.0,0.03534463774499,1.0,0,1,3,0,0,0,0,0,0,0,0,1,0,0,482.5
0.4305949008498583,0.2908163265306122,0.0587219343696027,0.0036363636363636,0.0,0.0,0.0026315789473684,0.75,0.0,0.0685358255451713,0,1,3,0,0,1,0,0,0,0,0,0,0,0,34.0
0.4963172804532577,0.5306122448979591,0.6735751295336787,0.0127272727272727,0.0,0.0482686253934942,0.0421052631578947,0.75,0.0031931292666813,0.5067497403946002,0,1,3,0,0,0,1,0,0,0,0,0,0,0,245.0
0.2220963172804532,0.1309523809523809,0.0241796200345423,0.0036363636363636,0.001937984496124,0.0010493179433368,0.0,1.0,0.0001101079057476,0.3032191069574247,0,1,3,0,0,0,1,0,0,0,0,0,0,0,147.0
0.1563739376770538,0.0238095238095238,0.2279792746113989,0.0036363636363636,0.0,0.0,0.0,1.0,0.0004404316229905,0.2014537902388369,0,1,4,0,1,0,0,0,0,0,0,0,0,0,98.0
1.0,0.9659863945578232,0.2936096718480138,0.0072727272727272,0.001937984496124,0.0041972717733473,0.0052631578947368,0.75,0.0002202158114952,0.1848390446521287,0,1,3,0,0,0,0,0,0,1,0,0,0,0,90.0
0.5665722379603398,0.4217687074829931,0.0483592400690846,0.0018181818181818,0.0,0.0041972717733473,0.0078947368421052,1.0,0.0002202158114952,0.0415368639667705,0,1,3,0,0,0,1,0,0,0,0,0,0,0,21.0
0.2719546742209631,0.0697278911564625,0.0725388601036269,0.0018181818181818,0.0,0.0010493179433368,0.0,1.0,0.0004954855758643,0.0207684319833852,0,1,3,0,0,0,1,0,0,0,0,0,0,0,11.0
0.5439093484419263,0.5170068027210883,0.0345423143350604,0.0054545454545454,0.0,0.0020986358866736,0.0026315789473684,1.0,0.0,0.1287642782969885,0,1,3,0,0,0,1,0,0,0,0,0,0,0,63.0
0.5665722379603398,0.4421768707482993,0.0310880829015544,0.0,0.0,0.0,0.0,1.0,0.0004954855758643,0.0228452751817237,0,1,3,0,0,0,1,0,0,0,0,0,0,0,12.0
0.0226628895184135,0.1496598639455782,0.1312607944732297,0.0127272727272727,0.001937984496124,0.0052465897166841,0.0078947368421052,0.75,0.0006606474344857,0.3343717549325026,0,1,3,0,0,0,1,0,0,0,0,0,0,0,162.0
0.2016997167138809,0.173469387755102,0.0103626943005181,0.0018181818181818,0.0,0.0,0.0,1.0,0.0004954855758643,0.0726895119418483,0,1,3,0,0,0,1,0,0,0,0,0,0,0,36.0
0.4509915014164305,0.3537414965986394,0.1796200345423143,0.0163636363636363,0.001937984496124,0.0146904512067156,0.0131578947368421,0.75,0.0014314027747192,0.1973001038421599,0,1,3,0,0,0,1,0,0,0,0,0,0,0,96.0
0.2266288951841359,0.2312925170068027,0.0207253886010362,0.0,0.0,0.0,0.0,1.0,0.0004954855758643,0.0456905503634475,0,1,3,0,0,0,0,0,0,0,0,0,1,0,23.0
0.3172804532577903,0.2585034013605442,0.006908462867012,0.0018181818181818,0.0,0.0,0.0,1.0,0.0004954855758643,0.0,0,1,3,0,0,0,1,0,0,0,0,0,0,0,1.0
0.5212464589235127,0.5306122448979591,0.1865284974093264,0.0036363636363636,0.001937984496124,0.0010493179433368,0.0026315789473684,0.75,0.0002202158114952,0.1079958463136033,0,1,3,0,0,0,0,0,0,0,0,1,0,0,53.0
0.3399433427762039,0.238095238095238,0.1934369602763385,0.0036363636363636,0.003875968992248,0.0,0.0026315789473684,0.75,0.0002202158114952,0.0934579439252336,0,1,3,0,0,0,0,0,0,0,0,1,0,0,46.0
0.3852691218130311,0.2585034013605442,0.0932642487046632,0.0,0.0,0.0,0.0,1.0,0.0004954855758643,0.0976116303219107,0,1,3,0,1,0,0,0,0,0,0,0,0,0,48.0
0.3852691218130311,0.2993197278911564,0.0079965457685664,0.2709090909090909,0.0232558139534883,0.1584470094438615,0.0894736842105263,0.75,0.0069367980621008,1.0,0,1,3,0,0,0,1,0,0,0,0,0,0,0,482.5
0.2266288951841359,0.1768707482993197,0.6873920552677029,0.0036363636363636,0.0,0.0073452256033578,0.0078947368421052,1.0,0.0006606474344857,0.3883696780893043,0,1,3,0,0,0,0,0,0,0,0,1,0,0,188.0
0.0793201133144475,0.0204081632653061,0.234887737478411,0.0054545454545454,0.001937984496124,0.0094438614900314,0.0157894736842105,1.0,0.0015415106804668,0.3779854620976116,0,1,3,0,0,0,0,0,0,0,0,0,1,0,183.0
0.498583569405099,0.6054421768707482,0.0621761658031088,0.0018181818181818,0.0,0.0010493179433368,0.0,0.5,0.0,0.1121495327102803,0,1,3,0,0,0,0,0,0,0,0,0,1,0,55.0
1.0,1.0,1.0,0.0927272727272727,0.0096899224806201,0.0440713536201469,0.0473684210526315,1.0,0.0040739925126624,1.0,0,1,3,0,0,0,1,0,0,0,0,0,0,0,482.5
0.7478753541076487,0.7482993197278911,0.3005181347150259,0.0145454545454545,0.001937984496124,0.0104931794333683,0.0131578947368421,1.0,0.0009909711517286,0.2533748701973001,0,1,3,0,0,0,1,0,0,0,0,0,0,0,123.0
0.4305949008498583,0.2670068027210884,0.1450777202072538,0.0018181818181818,0.0,0.0010493179433368,0.0,1.0,0.0001101079057476,0.1121495327102803,0,1,3,0,1,0,0,0,0,0,0,0,0,0,55.0
0.1824362606232294,0.1496598639455782,0.003454231433506,0.0,0.0,0.0,0.0026315789473684,1.0,0.0,0.0373831775700934,0,1,3,0,0,0,1,0,0,0,0,0,0,0,19.0
0.5643059490084985,0.5306122448979591,0.5630397236614852,0.0109090909090909,0.0,0.0293809024134312,0.0210526315789473,0.75,0.002972913455186,0.5877466251298027,0,1,3,0,0,0,1,0,0,0,0,0,0,0,284.0
0.1586402266288951,0.3265306122448979,0.0241796200345423,0.0,0.0,0.0031479538300104,0.0052631578947368,0.75,0.0002202158114952,0.0269989615784008,0,1,3,0,0,0,1,0,0,0,0,0,0,0,14.0
1.0,0.91156462585034,0.7599309153713298,0.02,0.005813953488372,0.0020986358866736,0.0157894736842105,1.0,0.0014314027747192,0.4195223260643821,0,1,3,0,1,0,0,0,0,0,0,0,0,0,203.0
0.5643059490084985,0.3129251700680272,0.5319516407599308,0.0454545454545454,0.001937984496124,0.0241343126967471,0.0421052631578947,0.75,0.0036335608896718,1.0,0,1,3,0,1,0,0,0,0,0,0,0,0,0,482.5
0.906515580736544,0.7482993197278911,0.3937823834196891,0.0218181818181818,0.0,0.0094438614900314,0.0157894736842105,1.0,0.0018718343977097,0.4361370716510903,0,1,3,0,0,0,0,0,0,0,0,1,0,0,211.0
