Kitap Adı,Kitabın kategorisi,Kitap Yazarı,Yayınevi,100 Üzerinden Aldığı Puan,Favorilere Ekleyen Kişi Sayısı,Okuyacağım olarak işaretlenmiş sayısı,Okuyorum olarak işaretlenmiş sayısı,Okudum olarak işaretlenmiş sayısı,Liste Fiyatı,Yayın Tarihi,Dil,Sayfa Sayısı,Cilt Tipi,Boyut,Kağıt Cinsi,Toplam Satılma Sayısı,Toplam Yorum Sayısı,Puan_Degeri,Oy_Sayisi,Liste_Fiyati_Numeric,Yayin_Yili,Sayfa_Sayisi_Numeric,Ana_Kategori,Dil_Encoded,Cilt Tipi_Encoded,Kağıt Cinsi_Encoded,Ana_Kategori_Grouped,Ana_Kategori_Bilim & Mühendislik,Ana_Kategori_Diger,Ana_Kategori_Diğer,Ana_Kategori_Edebiyat,Ana_Kategori_Felsefe-Düşünce,Ana_Kategori_Kişisel Gelişim,Ana_Kategori_Siyaset,Ana_Kategori_Sosyoloji,Ana_Kategori_Tarih,Ana_Kategori_Çocuk Kitapları,Ana_Kategori_İslam,Liste_Fiyati_Numeric_Normalized,Sayfa_Sayisi_Numeric_Normalized,Favorilere Ekleyen Kişi Sayısı_Normalized,Okuyacağım olarak işaretlenmiş sayısı_Normalized,Okuyorum olarak işaretlenmiş sayısı_Normalized,Okudum olarak işaretlenmiş sayısı_Normalized,Toplam Yorum Sayısı_Normalized,Puan_Degeri_Normalized,Oy_Sayisi_Normalized,Toplam Satılma Sayısı_Normalized
Macera İçinde Macera,Kitap > Çocuk Kitapları > Diğer,Kolektif,LOTİ KİTAP,5 / 5 (3 oy),8.0,0.0,0,2.0,"150,00",25.01.2024,TÜRKÇE,144,Karton Kapak,13.5 x 19.5 cm,Kitap Kağıdı,339.0,3.0,5.0,3.0,150.0,2024.0,144.0,Çocuk Kitapları,0,1,3,Çocuk Kitapları,0,0,0,0,0,0,0,0,0,1,0,0.22662889518413593,0.20408163265306123,0.027633851468048358,0.0,0.0,0.002098635886673662,0.007894736842105263,1.0,0.00022021581149526536,0.7019730010384215
Zevk Mahkumu,Kitap > Edebiyat > Roman (Çeviri) > Kitap > Orijinal Dil > İngilizce,Kresley Cole,PEGASUS YAYINLARI,5 / 5 (42 oy),113.0,6.0,2,48.0,"299,00",18.02.2015,TÜRKÇE,416,Karton Kapak,13.5 x 21 cm,Kitap Kağıdı,253.0,15.0,5.0,42.0,299.0,2015.0,416.0,Edebiyat,0,1,3,Edebiyat,0,0,0,1,0,0,0,0,0,0,0,0.5643059490084985,0.6666666666666666,0.39032815198618304,0.01090909090909091,0.003875968992248062,0.05036726128016789,0.039473684210526314,1.0,0.00451442413565294,0.5233644859813084
Alman KışıNeo-Liberal Çağın Almanya’sında Irkçılığın Hedefindeki Göçmenler,Kitap > Siyaset > Bölgeler-Ülkeler > Kitap > Siyaset > Araştırma-İnceleme,O. Can Ünver,NİKA YAYINEVİ,5 / 5 (8 oy),24.0,5.0,0,3.0,"270,00",10.12.2015,TÜRKÇE,248,Karton Kapak,14 x 21 cm,Kitap Kağıdı,81.0,5.0,5.0,8.0,270.0,2015.0,248.0,Siyaset,0,1,3,Siyaset,0,0,0,0,0,0,1,0,0,0,0,0.49858356940509907,0.38095238095238093,0.08290155440414507,0.00909090909090909,0.0,0.0031479538300104933,0.013157894736842105,1.0,0.0007707553402334288,0.16614745586708202
Dersim Alexanderplatz,Kitap > Edebiyat > Roman (Çeviri),İmran Ayata,İLETİŞİM YAYINLARI KAMPANYA,5 / 5 (4 oy),36.0,5.0,0,2.0,"174,00",17.07.2020,TÜRKÇE,265,Karton Kapak,13 x 19.5 cm,Kitap Kağıdı,73.0,0.0,5.0,4.0,174.0,2020.0,265.0,Edebiyat,0,1,3,Edebiyat,0,0,0,1,0,0,0,0,0,0,0,0.2810198300283286,0.4098639455782313,0.12435233160621761,0.00909090909090909,0.0,0.002098635886673662,0.0,1.0,0.00033032371724289804,0.14953271028037382
Tehlikeli Temas,Kitap > Edebiyat > Roman (Çeviri) > Kitap > Orijinal Dil > İngilizce,Abbi Glines,PEGASUS YAYINLARI,4 / 5 (33 oy),107.0,13.0,2,52.0,"249,00",17.06.2015,TÜRKÇE,256,Karton Kapak,13.5 x 21 cm,Kitap Kağıdı,189.0,10.0,4.0,33.0,249.0,2015.0,256.0,Edebiyat,0,1,3,Edebiyat,0,0,0,1,0,0,0,0,0,0,0,0.4509915014164305,0.3945578231292517,0.3696027633851468,0.023636363636363636,0.003875968992248062,0.05456453305351522,0.02631578947368421,0.75,0.0035234529839242457,0.3904465212876428
Salyangoz,Kitap > Edebiyat > Roman (Yerli),Hande Acarel,EPONA KİTAP,5 / 5 (1 oy),11.0,1.0,0,1.0,"188,00",28.12.2023,TÜRKÇE,244,Karton Kapak,12.5 x 19.5 cm,Kitap Kağıdı,320.0,1.0,5.0,1.0,188.0,2023.0,244.0,Edebiyat,0,1,3,Edebiyat,0,0,0,1,0,0,0,0,0,0,0,0.31274787535410764,0.37414965986394555,0.037996545768566495,0.0018181818181818182,0.0,0.001049317943336831,0.002631578947368421,1.0,0.0,0.6625129802699895
Kur'an'da Peygamberlik ve Peygamberimiz Hz. Muhammed Mustafa (s.a.v.),Kitap > İslam > Siyer > Kitap > İslam > Kuran İncelemeleri,Ahmet Okutan,RAĞBET YAYINLARI-KAMPANYA,4 / 5 (16 oy),50.0,13.0,0,4.0,"600,00",02.06.2015,TÜRKÇE,544,Karton Kapak,13.5 x 21 cm,Kitap Kağıdı,94.0,5.0,4.0,16.0,491.25,2015.0,544.0,İslam,0,1,3,İslam,0,0,0,0,0,0,0,0,0,0,1,1.0,0.8843537414965985,0.17271157167530224,0.023636363636363636,0.0,0.004197271773347324,0.013157894736842105,0.75,0.0016516185862144902,0.19314641744548286
Kısa Galler Tarihi,Kitap > Siyaset > Siyasal Tarih,Owen Edwards,LİBERUS,5 / 5 (5 oy),120.0,8.0,0,1.0,"160,00",10.07.2023,TÜRKÇE,116,Karton Kapak,13 x 19.5 cm,Kitap Kağıdı,135.0,0.0,5.0,5.0,160.0,2023.0,116.0,Siyaset,0,1,3,Siyaset,0,0,0,0,0,0,1,0,0,0,0,0.24929178470254953,0.1564625850340136,0.41450777202072536,0.014545454545454545,0.0,0.001049317943336831,0.0,1.0,0.00044043162299053066,0.2782969885773624
Aşkın Anatomisi,Kitap > Felsefe-Düşünce > Genel,A. Kirch,SAY YAYIN GRUBU-KAMPANYA,5 / 5 (5 oy),108.0,19.0,0,2.0,"200,00",01.01.2005,TÜRKÇE,264,Karton Kapak,13.5 x 19.5 cm,Kitap Kağıdı,77.0,1.0,5.0,5.0,200.0,2005.0,264.0,Felsefe-Düşünce,0,1,3,Felsefe-Düşünce,0,0,0,0,1,0,0,0,0,0,0,0.3399433427762039,0.40816326530612246,0.37305699481865284,0.034545454545454546,0.0,0.002098635886673662,0.002631578947368421,1.0,0.00044043162299053066,0.15784008307372793
Şu Diktatörler Ne Yer Ne İçer?,Kitap > Tarih > Araştırma-İnceleme,Christian Roudaut,SAY YAYIN GRUBU-KAMPANYA,5 / 5 (7 oy),91.0,4.0,1,7.0,"200,00",17.09.2022,TÜRKÇE,208,Karton Kapak,13.5 x 21 cm,Kitap Kağıdı,50.0,2.0,5.0,7.0,200.0,2022.0,208.0,Tarih,0,1,3,Tarih,0,0,0,0,0,0,0,0,1,0,0,0.3399433427762039,0.3129251700680272,0.3143350604490501,0.007272727272727273,0.001937984496124031,0.007345225603357817,0.005263157894736842,1.0,0.0006606474344857962,0.10176531671858775
Ey Aşk! Bizi Affet,Kitap > Edebiyat > Diğer,Fatih Aydemir,HAYY KİTAP - KAMPANYA,4 / 5 (2 oy),49.0,1.0,0,4.0,"150,00",13.10.2020,TÜRKÇE,216,Karton Kapak,13.5 x 19.5 cm,Kitap Kağıdı,36.0,1.0,4.0,2.0,150.0,2020.0,216.0,Edebiyat,0,1,3,Edebiyat,0,0,0,1,0,0,0,0,0,0,0,0.22662889518413593,0.32653061224489793,0.1692573402417962,0.0018181818181818182,0.0,0.004197271773347324,0.002631578947368421,0.75,0.00011010790574763268,0.07268951194184839
Sabina SpielreinPsikanalizin Unutulmuş Öncüsü,Kitap > Psikoloji > Genel,Kolektif,PİNHAN YAYINCILIK-KAMPANYA,4 / 5 (15 oy),231.0,23.0,2,7.0,"630,00",25.04.2016,TÜRKÇE,416,Karton Kapak,13.5 x 21.5 cm,Kitap Kağıdı,213.0,2.0,4.0,15.0,491.25,2016.0,416.0,Psikoloji,0,1,3,Diger,0,1,0,0,0,0,0,0,0,0,0,1.0,0.6666666666666666,0.7979274611398963,0.04181818181818182,0.003875968992248062,0.007345225603357817,0.005263157894736842,0.75,0.0015415106804668576,0.4402907580477674
La Fanfarlo,Kitap > Edebiyat > Roman (Çeviri),Charles Baudelaire,LAKİN YAYINLARI,5 / 5 (2 oy),79.0,2.0,1,2.0,"175,00",05.03.2024,TÜRKÇE,80,Karton Kapak,13.5 x 21 cm,Kitap Kağıdı,154.0,1.0,5.0,2.0,175.0,2024.0,80.0,Edebiyat,0,1,3,Edebiyat,0,0,0,1,0,0,0,0,0,0,0,0.2832861189801699,0.09523809523809523,0.27288428324697755,0.0036363636363636364,0.001937984496124031,0.002098635886673662,0.002631578947368421,1.0,0.00011010790574763268,0.31775700934579443
Tarihin Kayıp Yüzü,Kitap > Edebiyat > Tarihi Roman,Şafak Tunç,MOTTO,4 / 5 (5 oy),43.0,3.0,0,3.0,"336,00",08.09.2023,TÜRKÇE,208,Karton Kapak,13.5 x 21 cm,Kitap Kağıdı,105.0,2.0,4.0,5.0,336.0,2023.0,208.0,Edebiyat,0,1,3,Edebiyat,0,0,0,1,0,0,0,0,0,0,0,0.6481586402266288,0.3129251700680272,0.1485319516407599,0.005454545454545455,0.0,0.0031479538300104933,0.005263157894736842,0.75,0.00044043162299053066,0.21599169262720663
İngiltere (Birleşik Krallık) Siyaseti,Kitap > Akademik > Siyaset İnceleme,Prof. Dr. Ozan Örmeci,URZENİ,5 / 5 (4 oy),175.0,4.0,1,3.0,"800,00",14.11.2020,TÜRKÇE,620,Karton Kapak,15 x 23 cm,Kitap Kağıdı,99.0,1.0,5.0,4.0,491.25,2020.0,612.0,Akademik,0,1,3,Diger,0,1,0,0,0,0,0,0,0,0,0,1.0,1.0,0.6044905008635578,0.007272727272727273,0.001937984496124031,0.0031479538300104933,0.002631578947368421,1.0,0.00033032371724289804,0.20353063343717548
Alparslan,Kitap > Tarih > Araştırma-İnceleme,Muzaffer Kadiroğlu,YEDİVEREN YAYIN GRUBU - KAMPANYA,,21.0,2.0,0,0.0,"187,00",23.02.2022,TÜRKÇE,224,Karton Kapak,13.5 x 19.5 cm,Kitap Kağıdı,13.0,0.0,5.0,5.5,187.0,2022.0,224.0,Tarih,0,1,3,Tarih,0,0,0,0,0,0,0,0,1,0,0,0.31048158640226625,0.3401360544217687,0.07253886010362694,0.0036363636363636364,0.0,0.0,0.0,1.0,0.000495485575864347,0.024922118380062305
Son Tatar,Kitap > Edebiyat > Roman (Çeviri) > Kitap > Orijinal Dil > Fransızca,Philippe Frey,BİLGE KÜLTÜR SANAT,5 / 5 (14 oy),96.0,7.0,0,9.0,"420,00",24.10.2013,TÜRKÇE,544,Karton Kapak,12.5 x 19.5 cm,Kitap Kağıdı,118.0,9.0,5.0,14.0,420.0,2013.0,544.0,Edebiyat,0,1,3,Edebiyat,0,0,0,1,0,0,0,0,0,0,0,0.838526912181303,0.8843537414965985,0.33160621761658027,0.012727272727272728,0.0,0.00944386149003148,0.02368421052631579,1.0,0.001431402774719225,0.24299065420560745
Gönül Avcısı,Kitap > Edebiyat > Roman (Çeviri),Samantha James,PEGASUS YAYINLARI,4 / 5 (21 oy),202.0,6.0,0,19.0,"299,00",27.03.2013,TÜRKÇE,336,Karton Kapak,13.5 x 21 cm,Kitap Kağıdı,222.0,8.0,4.0,21.0,299.0,2013.0,336.0,Edebiyat,0,1,3,Edebiyat,0,0,0,1,0,0,0,0,0,0,0,0.5643059490084985,0.5306122448979591,0.697754749568221,0.01090909090909091,0.0,0.01993704092339979,0.021052631578947368,0.75,0.002202158114952654,0.45898234683281414
Mahşerde Bir HutbeBir İttihatçının İstibdata Karşı Söylevi,Kitap > Siyaset > Siyasal Tarih,Doktor Cemil,MAVİ GÖK YAYINLARI,5 / 5 (1 oy),51.0,1.0,0,4.0,"216,00",13.03.2024,TÜRKÇE,80,Karton Kapak,13 x 19.5 cm,Kitap Kağıdı,55.0,1.0,5.0,1.0,216.0,2024.0,80.0,Siyaset,0,1,3,Siyaset,0,0,0,0,0,0,1,0,0,0,0,0.3762039660056657,0.09523809523809523,0.17616580310880828,0.0018181818181818182,0.0,0.004197271773347324,0.002631578947368421,1.0,0.0,0.11214953271028037
Tanrı ve Astronot,Kitap > Edebiyat > Roman (Yerli),Çayan Özvaran,ŞULE YAYINLARI - KAMPANYA,4 / 5 (5 oy),32.0,3.0,1,2.0,"280,00",30.10.2015,TÜRKÇE,214,Karton Kapak,12.5 x 21 cm,Kitap Kağıdı,37.0,2.0,4.0,5.0,280.0,2015.0,214.0,Edebiyat,0,1,3,Edebiyat,0,0,0,1,0,0,0,0,0,0,0,0.5212464589235127,0.32312925170068024,0.11053540587219343,0.005454545454545455,0.001937984496124031,0.002098635886673662,0.005263157894736842,0.75,0.00044043162299053066,0.07476635514018692
ÇokkültürlülükGünümüzde Çeşitliliğin Siyasi Teorisi,Kitap > Siyaset > Araştırma-İnceleme,Andrew  Shorten,LEJAND,5 / 5 (2 oy),39.0,3.0,1,0.0,"299,00",15.08.2023,TÜRKÇE,320,Karton Kapak,13 x 19.5 cm,Kitap Kağıdı,231.0,1.0,5.0,2.0,299.0,2023.0,320.0,Siyaset,0,1,3,Siyaset,0,0,0,0,0,0,1,0,0,0,0,0.5643059490084985,0.5034013605442176,0.13471502590673576,0.005454545454545455,0.001937984496124031,0.0,0.002631578947368421,1.0,0.00011010790574763268,0.47767393561786087
Erkekler Hayvan mıdır?,Kitap > Kadın-Erkek > Erkek Kitapları,Matthew Gutmann,DESTEK YAYIN GRUBU-KAMPANYA,5 / 5 (1 oy),4.0,0.0,0,0.0,"280,00",14.09.2021,TÜRKÇE,328,Karton Kapak,13.5 x 21 cm,Kitap Kağıdı,7.0,0.0,5.0,1.0,280.0,2021.0,328.0,Kadın-Erkek,0,1,3,Diger,0,1,0,0,0,0,0,0,0,0,0,0.5212464589235127,0.5170068027210883,0.013816925734024179,0.0,0.0,0.0,0.0,1.0,0.0,0.012461059190031154
Az Düşün Uzun Yaşa,Kitap > Kişisel Gelişim,Dr. Pia Callesen,YAKAMOZ YAYINCILIK,4 / 5 (10 oy),289.5,24.0,7,16.0,"200,00",15.12.2022,TÜRKÇE,176,Karton Kapak,13.5 x 19.5 cm,Kitap Kağıdı,482.5,8.0,4.0,10.0,200.0,2022.0,176.0,Kişisel Gelişim,0,1,3,Kişisel Gelişim,0,0,0,0,0,1,0,0,0,0,0,0.3399433427762039,0.2585034013605442,1.0,0.04363636363636364,0.013565891472868217,0.016789087093389297,0.021052631578947368,0.75,0.000990971151728694,0.9999999999999999
İletişim Çalışmaları,Kitap > Akademik > Eğitim Bilimleri,Serhat Ulağlı,MOTTO,5 / 5 (1 oy),47.0,2.0,0,2.0,"349,00",08.02.2023,TÜRKÇE,222,Karton Kapak,13.5 x 19.5 cm,Kitap Kağıdı,60.0,1.0,5.0,1.0,349.0,2023.0,222.0,Akademik,0,1,3,Diger,0,1,0,0,0,0,0,0,0,0,0,0.6776203966005665,0.336734693877551,0.1623488773747841,0.0036363636363636364,0.0,0.002098635886673662,0.002631578947368421,1.0,0.0,0.122533748701973
Bilim ve Modern Dünya,Kitap > Felsefe-Düşünce > Diğer,Alfred North Whitehead,SAY YAYIN GRUBU-KAMPANYA,4 / 5 (3 oy),175.0,5.0,2,3.0,"300,00",21.10.2022,TÜRKÇE,272,Karton Kapak,13.5 x 21 cm,Kitap Kağıdı,148.0,0.0,4.0,3.0,300.0,2022.0,272.0,Felsefe-Düşünce,0,1,3,Felsefe-Düşünce,0,0,0,0,1,0,0,0,0,0,0,0.5665722379603398,0.42176870748299317,0.6044905008635578,0.00909090909090909,0.003875968992248062,0.0031479538300104933,0.0,0.75,0.00022021581149526536,0.3052959501557633
Altın Çan,Kitap > Edebiyat > Polisiye,Orhan T. Özdemir,URZENİ,5 / 5 (2 oy),20.0,2.0,1,1.0,"220,00",11.04.2019,TÜRKÇE,274,Karton Kapak,13.5 x 21 cm,Kitap Kağıdı,17.0,1.0,5.0,2.0,220.0,2019.0,274.0,Edebiyat,0,1,3,Edebiyat,0,0,0,1,0,0,0,0,0,0,0,0.38526912181303113,0.42517006802721086,0.0690846286701209,0.0036363636363636364,0.001937984496124031,0.001049317943336831,0.002631578947368421,1.0,0.00011010790574763268,0.033229491173416406
Eğlenceli Eğitimin Başucu Kitabı,Kitap > Eğitim > Çocuk Eğitimi,Nur Eda Kasap Süslü,HAYY KİTAP - KAMPANYA,5 / 5 (5 oy),52.0,3.0,2,4.0,"150,00",25.01.2021,TÜRKÇE,144,Karton Kapak,15.5 x 23 cm,Kitap Kağıdı,99.0,2.0,5.0,5.0,150.0,2021.0,144.0,Eğitim,0,1,3,Diger,0,1,0,0,0,0,0,0,0,0,0,0.22662889518413593,0.20408163265306123,0.17962003454231432,0.005454545454545455,0.003875968992248062,0.004197271773347324,0.005263157894736842,1.0,0.00044043162299053066,0.20353063343717548
Aşk Kokulu Baharatlar,Kitap > Hobi > Yeme-İçme,Maria Ekmekçioğlu,İNKILAP KİTABEVİ-KAMPANYA,5 / 5 (1 oy),17.0,0.0,0,0.0,"640,00",16.01.2019,TÜRKÇE,160,Karton Kapak,21 x 22 cm,Kuşe Kağıt,32.0,0.0,5.0,1.0,491.25,2019.0,160.0,Hobi,0,1,4,Diger,0,1,0,0,0,0,0,0,0,0,0,1.0,0.2312925170068027,0.05872193436960276,0.0,0.0,0.0,0.0,1.0,0.0,0.06438213914849429
Huysuz ve Tatlı,Kitap > Edebiyat > Roman (Çeviri) > Kitap > Orijinal Dil > İngilizce,Lauren Conrad,PEGASUS YAYINLARI,4 / 5 (5 oy),60.0,4.0,0,4.0,"269,00",11.09.2015,TÜRKÇE,288,Karton Kapak,13.5 x 21 cm,Kitap Kağıdı,48.0,2.0,4.0,5.0,269.0,2015.0,288.0,Edebiyat,0,1,3,Edebiyat,0,0,0,1,0,0,0,0,0,0,0,0.49631728045325774,0.4489795918367347,0.20725388601036268,0.007272727272727273,0.0,0.004197271773347324,0.005263157894736842,0.75,0.00044043162299053066,0.0976116303219107
Oscar Pill 3 - Ölümsüzlerin Sırrı,Kitap > Edebiyat > Bilimkurgu-Fantazya > Kitap > Diğer > Gençlik Kitapları > Edebiyat > Kitap > Orijinal Dil > Fransızca,Eli Anderson,PEGASUS  ÇOCUK YAYINLARI,5 / 5 (8 oy),40.0,2.0,1,3.0,"295,00",06.03.2014,TÜRKÇE,608,Karton Kapak,13.5 x 21 cm,Kitap Kağıdı,39.0,4.0,5.0,8.0,295.0,2014.0,608.0,Edebiyat,0,1,3,Edebiyat,0,0,0,1,0,0,0,0,0,0,0,0.5552407932011331,0.9931972789115646,0.1381692573402418,0.0036363636363636364,0.001937984496124031,0.0031479538300104933,0.010526315789473684,1.0,0.0007707553402334288,0.07892004153686397
"FuzuliHayatı, Eserleri, Şiiri",Kitap > Edebiyat > İnceleme,Mahmut Kaplan,LEJAND,5 / 5 (3 oy),75.0,5.0,0,2.0,"130,00",25.02.2021,TÜRKÇE,120,Karton Kapak,13 x 19.5 cm,Kitap Kağıdı,211.0,2.0,5.0,3.0,130.0,2021.0,120.0,Edebiyat,0,1,3,Edebiyat,0,0,0,1,0,0,0,0,0,0,0,0.18130311614730876,0.163265306122449,0.25906735751295334,0.00909090909090909,0.0,0.002098635886673662,0.005263157894736842,1.0,0.00022021581149526536,0.43613707165109034
Alfred Kropp’un Olağanüstü Maceraları,Kitap > Edebiyat > Roman (Çeviri),Rick Yancey,PEGASUS  ÇOCUK YAYINLARI,4 / 5 (18 oy),223.0,18.0,1,9.0,"250,00",18.07.2017,TÜRKÇE,336,Karton Kapak,13.5 x 21 cm,Kitap Kağıdı,122.0,8.0,4.0,18.0,250.0,2017.0,336.0,Edebiyat,0,1,3,Edebiyat,0,0,0,1,0,0,0,0,0,0,0,0.45325779036827196,0.5306122448979591,0.770293609671848,0.03272727272727273,0.001937984496124031,0.00944386149003148,0.021052631578947368,0.75,0.0018718343977097555,0.2512980269989616
Mars Tanrıları / John Carter II,Kitap > Edebiyat > Bilimkurgu-Fantazya,Edgar Rice Burroughs,FİHRİST KİTAP,5 / 5 (9 oy),102.0,20.0,1,10.0,"379,50",11.01.2023,TÜRKÇE,280,Karton Kapak,13 x 19.5 cm,Kitap Kağıdı,163.0,4.0,5.0,9.0,379.5,2023.0,280.0,Edebiyat,0,1,3,Edebiyat,0,0,0,1,0,0,0,0,0,0,0,0.746742209631728,0.43537414965986393,0.35233160621761656,0.03636363636363636,0.001937984496124031,0.010493179433368312,0.010526315789473684,1.0,0.0008808632459810614,0.3364485981308411
Algoritmaların Kara Kutusu Üzerine Düşünmekİletişim Çalışmaları Perspektifinden Kavramsal Tartışmalar,Kitap > Bilim & Mühendislik > Diğer,Elif Karakoç Keskin,SARMAL KİTABEVİ,,17.0,1.0,0,1.0,"240,00",15.02.2024,TÜRKÇE,271,Karton Kapak,13.5 x 19.5 cm,Kitap Kağıdı,38.0,0.0,5.0,5.5,240.0,2024.0,271.0,Bilim & Mühendislik,0,1,3,Bilim & Mühendislik,1,0,0,0,0,0,0,0,0,0,0,0.4305949008498583,0.4200680272108843,0.05872193436960276,0.0018181818181818182,0.0,0.001049317943336831,0.0,1.0,0.000495485575864347,0.07684319833852545
Osmanlı ve Kapitalizm,Kitap > Başvuru Kitapları > Diğer,Süleyman Eryiğit,Mİ YAYINLARI,,16.0,0.0,0,0.0,"790,00",23.01.2024,TÜRKÇE,524,Karton Kapak,13 x 20 cm,Kitap Kağıdı,31.0,0.0,5.0,5.5,491.25,2024.0,524.0,Başvuru Kitapları,0,1,3,Diger,0,1,0,0,0,0,0,0,0,0,0,1.0,0.8503401360544217,0.055267702936096716,0.0,0.0,0.0,0.0,1.0,0.000495485575864347,0.06230529595015576
Babanzade Ahmed Naim Ailesi ve İlmi Kişiliği (Ciltli),Kitap > İslam > Tarih,Abdullah Çelik,DİVAN KİTAP,,25.0,0.0,0,0.0,"800,00",14.01.2023,TÜRKÇE,484,Ciltli,16 x 24 cm,Kitap Kağıdı,9.0,0.0,5.0,5.5,491.25,2023.0,484.0,İslam,0,0,3,İslam,0,0,0,0,0,0,0,0,0,0,1,1.0,0.7823129251700679,0.08635578583765112,0.0,0.0,0.0,0.0,1.0,0.000495485575864347,0.016614745586708203
Mutlu EmpatHassas İnsanlar İçin Hayatta Kalma Rehberi,Kitap > Kişisel Gelişim,Christine Rose Elle,SAY YAYIN GRUBU-KAMPANYA,,36.0,2.0,0,1.0,"275,00",25.10.2023,TÜRKÇE,120,Karton Kapak,13.5 x 21 cm,Kitap Kağıdı,36.0,0.0,5.0,5.5,275.0,2023.0,120.0,Kişisel Gelişim,0,1,3,Kişisel Gelişim,0,0,0,0,0,1,0,0,0,0,0,0.509915014164306,0.163265306122449,0.12435233160621761,0.0036363636363636364,0.0,0.001049317943336831,0.0,1.0,0.000495485575864347,0.07268951194184839
Hain / İhanet Üçlemesi 2,Kitap > Edebiyat > Roman (Çeviri),Ursula Poznanski,PEGASUS YAYINLARI,5 / 5 (13 oy),81.0,9.0,0,17.0,"299,00",17.04.2017,TÜRKÇE,408,Karton Kapak,13.5 x 21 cm,Kitap Kağıdı,146.0,6.0,5.0,13.0,299.0,2017.0,408.0,Edebiyat,0,1,3,Edebiyat,0,0,0,1,0,0,0,0,0,0,0,0.5643059490084985,0.6530612244897959,0.27979274611398963,0.016363636363636365,0.0,0.017838405036726127,0.015789473684210527,1.0,0.0013212948689715921,0.3011422637590862
Layemut,Kitap > Edebiyat > Roman (Yerli),Gökhan Yılmaz,MOTTO,1 / 5 (1 oy),15.0,3.0,0,1.0,"349,00",06.08.2020,TÜRKÇE,220,Karton Kapak,13.5 x 21 cm,Kitap Kağıdı,29.0,1.0,1.0,1.0,349.0,2020.0,220.0,Edebiyat,0,1,3,Edebiyat,0,0,0,1,0,0,0,0,0,0,0,0.6776203966005665,0.3333333333333333,0.05181347150259067,0.005454545454545455,0.0,0.001049317943336831,0.002631578947368421,0.0,0.0,0.05815160955347871
Güneş,Kitap > Edebiyat > Roman (Çeviri) > Kitap > Orijinal Dil > İngilizce,Catherine Fisher,PEGASUS  ÇOCUK YAYINLARI,4 / 5 (9 oy),116.0,7.0,1,14.0,"299,00",15.05.2014,TÜRKÇE,400,Karton Kapak,13.5 x 21 cm,Kitap Kağıdı,92.0,2.0,4.0,9.0,299.0,2014.0,400.0,Edebiyat,0,1,3,Edebiyat,0,0,0,1,0,0,0,0,0,0,0,0.5643059490084985,0.6394557823129251,0.4006908462867012,0.012727272727272728,0.001937984496124031,0.014690451206715634,0.005263157894736842,0.75,0.0008808632459810614,0.1889927310488058
Normalleşme SancısıAçılım’dan Çözüm Sürecine Kürt Meselesi (2008 – 2015),Kitap > Siyaset > Aktüel Siyaset > Kitap > Siyaset > Etnik Sorunlar > Kitap > Siyaset > Araştırma-İnceleme,Taha Özhan,ÖZGÜR YAYINLARI KAMPANYA,4 / 5 (3 oy),29.0,2.0,0,3.0,"50,00",19.06.2015,TÜRKÇE,272,Karton Kapak,13.5 x 21 cm,Kitap Kağıdı,59.0,0.0,4.0,3.0,50.0,2015.0,272.0,Siyaset,0,1,3,Siyaset,0,0,0,0,0,0,1,0,0,0,0,0.0,0.42176870748299317,0.1001727115716753,0.0036363636363636364,0.0,0.0031479538300104933,0.0,0.75,0.00022021581149526536,0.12045690550363447
Kayıp Ağaçlar Adası,Kitap > Edebiyat > Roman (Yerli),Elif Şafak,DOĞAN KİTAP,5 / 5 (203 oy),3.787,276.0,45,476.0,"440,00",21.07.2023,TÜRKÇE,408,Karton Kapak,13.5 x 19.5 cm,Kitap Kağıdı,482.5,141.0,5.0,203.0,440.0,2023.0,408.0,Edebiyat,0,1,3,Edebiyat,0,0,0,1,0,0,0,0,0,0,0,0.8838526912181303,0.6530612244897959,0.013081174438687391,0.5018181818181818,0.0872093023255814,0.4994753410283316,0.37105263157894736,1.0,0.0222417969610218,0.9999999999999999
Sazlar ve Çamur,Kitap > Edebiyat > Roman (Çeviri),Vicente Blasco Ibanez,DEDALUS KİTAP,5 / 5 (9 oy),125.0,11.0,0,8.0,"260,00",20.02.2023,TÜRKÇE,252,Karton Kapak,13 x 20 cm,Kitap Kağıdı,301.0,4.0,5.0,9.0,260.0,2023.0,252.0,Edebiyat,0,1,3,Edebiyat,0,0,0,1,0,0,0,0,0,0,0,0.4759206798866855,0.3877551020408163,0.4317789291882556,0.02,0.0,0.008394543546694649,0.010526315789473684,1.0,0.0008808632459810614,0.6230529595015576
Bu Topraklarda Biyoloji Eğitiminin ve Biliminin Öyküsü,Kitap > Bilim & Mühendislik > Diğer,Ali Demirsoy,SARMAL KİTABEVİ,,57.0,2.0,0,2.0,"250,00",18.04.2023,TÜRKÇE,160,Karton Kapak,13.5 x 21 cm,Kitap Kağıdı,43.0,0.0,5.0,5.5,250.0,2023.0,160.0,Bilim & Mühendislik,0,1,3,Bilim & Mühendislik,1,0,0,0,0,0,0,0,0,0,0,0.45325779036827196,0.2312925170068027,0.19689119170984454,0.0036363636363636364,0.0,0.002098635886673662,0.0,1.0,0.000495485575864347,0.08722741433021806
Kırık Kalpler Atölyesi,Kitap > Edebiyat > Deneme (Yerli),Bilal Civelek,YEDİVEREN YAYIN GRUBU - KAMPANYA,5 / 5 (2 oy),33.0,4.0,0,1.0,"195,00",11.11.2022,TÜRKÇE,240,Karton Kapak,13.5 x 19.5 cm,Kitap Kağıdı,34.0,0.0,5.0,2.0,195.0,2022.0,240.0,Edebiyat,0,1,3,Edebiyat,0,0,0,1,0,0,0,0,0,0,0,0.32861189801699714,0.3673469387755102,0.11398963730569947,0.007272727272727273,0.0,0.001049317943336831,0.0,1.0,0.00011010790574763268,0.06853582554517135
Tarladan Turneye,Kitap > Edebiyat > Biyografi-Otobiyografi,İbrahim Koç,YEDİVEREN YAYIN GRUBU - KAMPANYA,,2.0,1.0,0,1.0,"233,00",26.10.2023,TÜRKÇE,264,Karton Kapak,13.5 x 19.5 cm,Kitap Kağıdı,15.0,0.0,5.0,5.5,233.0,2023.0,264.0,Edebiyat,0,1,3,Edebiyat,0,0,0,1,0,0,0,0,0,0,0,0.41473087818696885,0.40816326530612246,0.0069084628670120895,0.0018181818181818182,0.0,0.001049317943336831,0.0,1.0,0.000495485575864347,0.029075804776739357
Başlangıçta Eğitim Vardı !,Kitap > Eğitim > Rehber Kitaplar,Alice Miller,ARİON YAYINLARI,5 / 5 (34 oy),1.111,41.0,7,23.0,"480,00",09.08.2025,TÜRKÇE,326,Karton Kapak,13.5 x 19.5 cm,Kitap Kağıdı,482.5,18.0,5.0,34.0,480.0,2025.0,326.0,Eğitim,0,1,3,Diger,0,1,0,0,0,0,0,0,0,0,0,0.9745042492917846,0.5136054421768707,0.0038376511226252156,0.07454545454545454,0.013565891472868217,0.024134312696747116,0.04736842105263158,1.0,0.0036335608896718784,0.9999999999999999
Kısaca Paris,Kitap > Tarih > Araştırma-İnceleme,Eric Hazan,SAY YAYIN GRUBU-KAMPANYA,5 / 5 (2 oy),93.0,9.0,0,3.0,"500,00",16.12.2022,TÜRKÇE,488,Karton Kapak,13.5 x 21 cm,Kitap Kağıdı,77.0,2.0,5.0,2.0,491.25,2022.0,488.0,Tarih,0,1,3,Tarih,0,0,0,0,0,0,0,0,1,0,0,1.0,0.7891156462585033,0.32124352331606215,0.016363636363636365,0.0,0.0031479538300104933,0.005263157894736842,1.0,0.00011010790574763268,0.15784008307372793
Pandora'nın Reçetesi,Kitap > Edebiyat > Roman (Çeviri) > Kitap > Orijinal Dil > İngilizce,James Sheridan,PİNHAN YAYINCILIK-KAMPANYA,5 / 5 (26 oy),175.0,10.0,1,19.0,"670,00",24.04.2014,TÜRKÇE,480,Karton Kapak,13.5 x 21.5 cm,Kitap Kağıdı,188.0,14.0,5.0,26.0,491.25,2014.0,480.0,Edebiyat,0,1,3,Edebiyat,0,0,0,1,0,0,0,0,0,0,0,1.0,0.7755102040816326,0.6044905008635578,0.01818181818181818,0.001937984496124031,0.01993704092339979,0.03684210526315789,1.0,0.002752697643690817,0.3883696780893043
Aşka Teslim,Kitap > Edebiyat > Roman (Çeviri) > Kitap > Orijinal Dil > İngilizce,Sophie Jordan,PEGASUS YAYINLARI,4 / 5 (46 oy),274.0,15.0,0,44.0,"269,00",12.02.2014,TÜRKÇE,304,Karton Kapak,13.5 x 21 cm,Kitap Kağıdı,369.0,14.0,4.0,46.0,269.0,2014.0,304.0,Edebiyat,0,1,3,Edebiyat,0,0,0,1,0,0,0,0,0,0,0,0.49631728045325774,0.4761904761904762,0.9464594127806563,0.02727272727272727,0.0,0.046169989506820566,0.03684210526315789,0.75,0.00495485575864347,0.7642782969885773
Küresel Yer Markalaşması ve Türkiye,Kitap > Akademik > Siyaset İnceleme,Gözde Şahin,NET KİTAPLIK YAYINCILIK,5 / 5 (1 oy),12.0,0.0,0,0.0,"490,00",10.06.2022,TÜRKÇE,308,Karton Kapak,13 x 20 cm,Kitap Kağıdı,70.0,1.0,5.0,1.0,490.0,2022.0,308.0,Akademik,0,1,3,Diger,0,1,0,0,0,0,0,0,0,0,0,0.9971671388101981,0.4829931972789116,0.04145077720207253,0.0,0.0,0.0,0.002631578947368421,1.0,0.0,0.14330218068535824
Hukuk Sosyolojisi,Kitap > Hukuk > Diğer > Kitap > Sosyoloji > Bilim,Max Weber,YARIN YAYINCILIK,4 / 5 (15 oy),289.5,17.0,1,5.0,"250,00",19.02.2016,TÜRKÇE,416,Karton Kapak,13.5 x 21 cm,Kitap Kağıdı,357.0,2.0,4.0,15.0,250.0,2016.0,416.0,Hukuk,0,1,3,Diger,0,1,0,0,0,0,0,0,0,0,0,0.45325779036827196,0.6666666666666666,1.0,0.03090909090909091,0.001937984496124031,0.005246589716684156,0.005263157894736842,0.75,0.0015415106804668576,0.739356178608515
Her Dem Yeşil,Kitap > Edebiyat > Roman (Çeviri),Şim  Hun,FİHRİST KİTAP,5 / 5 (4 oy),100.0,6.0,0,2.0,"309,50",24.11.2022,TÜRKÇE,224,Karton Kapak,13 x 19.5 cm,Kitap Kağıdı,66.0,2.0,5.0,4.0,309.5,2022.0,224.0,Edebiyat,0,1,3,Edebiyat,0,0,0,1,0,0,0,0,0,0,0,0.5881019830028328,0.3401360544217687,0.3454231433506045,0.01090909090909091,0.0,0.002098635886673662,0.005263157894736842,1.0,0.00033032371724289804,0.13499480789200413
Hatırlasana,Kitap > Edebiyat > Roman (Yerli),Süleyman  Kurt,HAYY KİTAP - KAMPANYA,4 / 5 (51 oy),278.0,22.0,3,38.0,"150,00",02.04.2019,TÜRKÇE,136,Karton Kapak,13.5 x 21 cm,Kitap Kağıdı,482.5,17.0,4.0,51.0,150.0,2019.0,136.0,Edebiyat,0,1,3,Edebiyat,0,0,0,1,0,0,0,0,0,0,0,0.22662889518413593,0.19047619047619047,0.9602763385146804,0.04,0.005813953488372093,0.03987408184679958,0.04473684210526316,0.75,0.005505395287381634,0.9999999999999999
Alevler,Kitap > Bilim & Mühendislik > Diğer,Olaf Stapledon,DEDALUS KİTAP,4 / 5 (4 oy),51.0,6.0,0,4.0,"140,00",23.06.2023,TÜRKÇE,94,Karton Kapak,13 x 20 cm,Kitap Kağıdı,166.0,1.0,4.0,4.0,140.0,2023.0,94.0,Bilim & Mühendislik,0,1,3,Bilim & Mühendislik,1,0,0,0,0,0,0,0,0,0,0,0.20396600566572237,0.11904761904761904,0.17616580310880828,0.01090909090909091,0.0,0.004197271773347324,0.002631578947368421,0.75,0.00033032371724289804,0.3426791277258567
Aforizmalar,Kitap > Edebiyat > Şiir (Çeviri),Oscar Wilde,SARMAL KİTABEVİ,,24.0,0.0,0,0.0,"190,00",28.03.2023,TÜRKÇE,168,Karton Kapak,13.5 x 21 cm,Kitap Kağıdı,22.0,0.0,5.0,5.5,190.0,2023.0,168.0,Edebiyat,0,1,3,Edebiyat,0,0,0,1,0,0,0,0,0,0,0,0.31728045325779036,0.24489795918367346,0.08290155440414507,0.0,0.0,0.0,0.0,1.0,0.000495485575864347,0.04361370716510903
Kadınlar Dünyayı Çalıyor SöylüyorKuramsal Yaklaşımlar ve Deneyimler Üzerine-2,Kitap > Akademik,Kolektif,DOĞU KİTABEVİ,,5.0,0.0,0,0.0,"507,00",18.01.2024,TÜRKÇE,184,Karton Kapak,16 x 23 cm,Kitap Kağıdı,98.0,0.0,5.0,5.5,491.25,2024.0,184.0,Akademik,0,1,3,Diger,0,1,0,0,0,0,0,0,0,0,0,1.0,0.272108843537415,0.017271157167530225,0.0,0.0,0.0,0.0,1.0,0.000495485575864347,0.20145379023883694
Tanrıyla Monologlar,Kitap > İslam > Araştırma-İnceleme,Mustafa Akça,LEJAND,5 / 5 (2 oy),10.0,2.0,0,3.0,"98,00",18.11.2021,TÜRKÇE,70,Karton Kapak,13 x 19.5 cm,Kitap Kağıdı,166.0,1.0,5.0,2.0,98.0,2021.0,70.0,İslam,0,1,3,İslam,0,0,0,0,0,0,0,0,0,0,1,0.10878186968838525,0.0782312925170068,0.03454231433506045,0.0036363636363636364,0.0,0.0031479538300104933,0.002631578947368421,1.0,0.00011010790574763268,0.3426791277258567
Yürek Yüreğe,Kitap > Edebiyat > Şiir (Yerli),Fulya Uludağ,KUTLU YAYINEVİ,,1.0,0.0,0,0.0,"120,00",12.07.2017,TÜRKÇE,86,Karton Kapak,13.5 x 19.5 cm,Kitap Kağıdı,45.0,0.0,5.0,5.5,120.0,2017.0,86.0,Edebiyat,0,1,3,Edebiyat,0,0,0,1,0,0,0,0,0,0,0,0.15864022662889515,0.1054421768707483,0.0034542314335060447,0.0,0.0,0.0,0.0,1.0,0.000495485575864347,0.09138110072689512
Kaçak Aşık,Kitap > Edebiyat > Roman (Çeviri),Elizabeth Hoyt,PEGASUS YAYINLARI,5 / 5 (23 oy),131.0,19.0,0,31.0,"299,00",14.01.2020,TÜRKÇE,352,Karton Kapak,13.5 x 21 cm,Kitap Kağıdı,391.0,14.0,5.0,23.0,299.0,2020.0,352.0,Edebiyat,0,1,3,Edebiyat,0,0,0,1,0,0,0,0,0,0,0,0.5643059490084985,0.5578231292517006,0.45250431778929184,0.034545454545454546,0.0,0.03252885624344176,0.03684210526315789,1.0,0.002422373926447919,0.8099688473520249
Titreşimsel Ses Terapisi ile Şifa,Kitap > Kişisel Gelişim,Eileen Day McKusick,SAY YAYIN GRUBU-KAMPANYA,5 / 5 (1 oy),103.0,3.0,1,0.0,"400,00",13.02.2019,TÜRKÇE,288,Karton Kapak,13.5 x 21 cm,Kitap Kağıdı,95.0,1.0,5.0,1.0,400.0,2019.0,288.0,Kişisel Gelişim,0,1,3,Kişisel Gelişim,0,0,0,0,0,1,0,0,0,0,0,0.7932011331444758,0.4489795918367347,0.3557858376511226,0.005454545454545455,0.001937984496124031,0.0,0.002631578947368421,1.0,0.0,0.19522326064382137
Harika Başlangıç,Kitap > Edebiyat > Roman (Çeviri),Christina Lauren,PEGASUS YAYINLARI,4 / 5 (9 oy),139.0,8.0,1,24.0,"249,00",25.08.2021,TÜRKÇE,208,Karton Kapak,13.5 x 21 cm,Kitap Kağıdı,243.0,4.0,4.0,9.0,249.0,2021.0,208.0,Edebiyat,0,1,3,Edebiyat,0,0,0,1,0,0,0,0,0,0,0,0.4509915014164305,0.3129251700680272,0.4801381692573402,0.014545454545454545,0.001937984496124031,0.025183630640083946,0.010526315789473684,0.75,0.0008808632459810614,0.5025960539979231
Suskun Kadın,Kitap > Edebiyat > Roman (Yerli),Ayşe Sökücü,TRUVA YAYINLARI,,5.0,0.0,0,3.0,"140,00",02.11.2021,TÜRKÇE,144,Karton Kapak,13.5 x 21 cm,Kitap Kağıdı,181.0,0.0,5.0,5.5,140.0,2021.0,144.0,Edebiyat,0,1,3,Edebiyat,0,0,0,1,0,0,0,0,0,0,0,0.20396600566572237,0.20408163265306123,0.017271157167530225,0.0,0.0,0.0031479538300104933,0.0,1.0,0.000495485575864347,0.37383177570093457
Resimdeki SözBalkan Naci İslimyeli'nin Yapıtına Bir Bakış,Kitap > Sanat > Resim,Nedret Öztokat Kılıçeri,SANAT KRİTİK YAYINCILIK,5 / 5 (2 oy),3.0,2.0,0,0.0,"1.550,00",29.04.2024,TÜRKÇE,192,Karton Kapak,16 x 24 cm,Kitap Kağıdı,95.0,0.0,5.0,2.0,250.0,2024.0,192.0,Sanat,0,1,3,Diger,0,1,0,0,0,0,0,0,0,0,0,0.45325779036827196,0.2857142857142857,0.010362694300518133,0.0036363636363636364,0.0,0.0,0.0,1.0,0.00011010790574763268,0.19522326064382137
Buyruğu Çiğnemek,Kitap > Edebiyat > Roman (Çeviri),Toson Şimazaki,FİHRİST KİTAP,5 / 5 (13 oy),76.0,11.0,1,9.0,"369,50",27.07.2022,TÜRKÇE,272,Karton Kapak,13 x 19.5 cm,Kitap Kağıdı,64.0,8.0,5.0,13.0,369.5,2022.0,272.0,Edebiyat,0,1,3,Edebiyat,0,0,0,1,0,0,0,0,0,0,0,0.7240793201133144,0.42176870748299317,0.2625215889464594,0.02,0.001937984496124031,0.00944386149003148,0.021052631578947368,1.0,0.0013212948689715921,0.1308411214953271
Karga Kız,Kitap > Edebiyat > Roman (Çeviri),Erik Axl Sund,PEGASUS YAYINLARI,4 / 5 (42 oy),289.5,37.0,4,48.0,"299,00",10.07.2018,TÜRKÇE,432,Karton Kapak,13.5 x 21 cm,Kitap Kağıdı,347.0,16.0,4.0,42.0,299.0,2018.0,432.0,Edebiyat,0,1,3,Edebiyat,0,0,0,1,0,0,0,0,0,0,0,0.5643059490084985,0.693877551020408,1.0,0.06727272727272728,0.007751937984496124,0.05036726128016789,0.042105263157894736,0.75,0.00451442413565294,0.7185877466251297
Belgesel Sinema Yazıları,Kitap > Sinema-Tiyatro > Senaryo (Yerli),Beril Ekşioğlu Sarılar,URZENİ,5 / 5 (1 oy),27.0,3.0,0,0.0,"270,00",16.11.2021,TÜRKÇE,257,Karton Kapak,13.5 x 21 cm,Kitap Kağıdı,29.0,0.0,5.0,1.0,270.0,2021.0,257.0,Sinema-Tiyatro,0,1,3,Diger,0,1,0,0,0,0,0,0,0,0,0,0.49858356940509907,0.39625850340136054,0.09326424870466321,0.005454545454545455,0.0,0.0,0.0,1.0,0.0,0.05815160955347871
Adım Adım Yaratıcı Yazarlık,Kitap > Başvuru Kitapları > Diğer,Can Akkiriş,DOĞU KİTABEVİ,4 / 5 (3 oy),68.0,4.0,1,1.0,"760,00",11.01.2023,TÜRKÇE,296,Karton Kapak,20 x 28 cm,Kitap Kağıdı,179.0,1.0,4.0,3.0,491.25,2023.0,296.0,Başvuru Kitapları,0,1,3,Diger,0,1,0,0,0,0,0,0,0,0,0,1.0,0.46258503401360546,0.23488773747841105,0.007272727272727273,0.001937984496124031,0.001049317943336831,0.002631578947368421,0.75,0.00022021581149526536,0.36967808930425755
Hükümdar,Kitap > Edebiyat > Roman (Çeviri),Jean Gavr,TRUVA YAYINLARI,4 / 5 (7 oy),20.0,4.0,0,4.0,"460,00",14.09.2021,TÜRKÇE,592,Karton Kapak,13.5 x 21 cm,Kitap Kağıdı,29.0,1.0,4.0,7.0,460.0,2021.0,592.0,Edebiyat,0,1,3,Edebiyat,0,0,0,1,0,0,0,0,0,0,0,0.9291784702549575,0.9659863945578231,0.0690846286701209,0.007272727272727273,0.0,0.004197271773347324,0.002631578947368421,0.75,0.0006606474344857962,0.05815160955347871
Yeniden Büyük Amerika,Kitap > Siyaset > Bölgeler-Ülkeler,Donald J. Trump,PEGASUS YAYINLARI,4 / 5 (165 oy),289.5,106.0,12,80.0,"269,00",23.01.2017,TÜRKÇE,224,Karton Kapak,13.5 x 21 cm,Kitap Kağıdı,482.5,69.0,4.0,165.0,269.0,2017.0,224.0,Siyaset,0,1,3,Siyaset,0,0,0,0,0,0,1,0,0,0,0,0.49631728045325774,0.3401360544217687,1.0,0.19272727272727272,0.023255813953488372,0.0839454354669465,0.18157894736842106,0.75,0.01805769654261176,0.9999999999999999
Yalnız Kitap,Kitap > Edebiyat > Roman (Yerli),Orhan Tüleylioğlu,DESTEK YAYIN GRUBU-KAMPANYA,,1.0,0.0,0,0.0,"200,00",20.06.2023,TÜRKÇE,240,Karton Kapak,13.5 x 19.5 cm,Kitap Kağıdı,2.0,0.0,5.0,5.5,200.0,2023.0,240.0,Edebiyat,0,1,3,Edebiyat,0,0,0,1,0,0,0,0,0,0,0,0.3399433427762039,0.3673469387755102,0.0034542314335060447,0.0,0.0,0.0,0.0,1.0,0.000495485575864347,0.0020768431983385254
SymzonyaBir Keşif Yolculuğu,Kitap > Edebiyat > Bilimkurgu-Fantazya,Adam  Seaborn,FİHRİST KİTAP,5 / 5 (6 oy),34.0,7.0,2,7.0,"229,50",09.03.2022,TÜRKÇE,152,Karton Kapak,13 x 19.5 cm,Kitap Kağıdı,31.0,3.0,5.0,6.0,229.5,2022.0,152.0,Edebiyat,0,1,3,Edebiyat,0,0,0,1,0,0,0,0,0,0,0,0.406798866855524,0.217687074829932,0.11744386873920552,0.012727272727272728,0.003875968992248062,0.007345225603357817,0.007894736842105263,1.0,0.0005505395287381633,0.06230529595015576
Basra'nın Şiîleşmesi,Kitap > Tarih > Araştırma-İnceleme,Ali Rıza Işın,LEJAND,,31.0,6.0,0,0.0,"230,00",11.10.2021,TÜRKÇE,228,Karton Kapak,13 x 19.5 cm,Kitap Kağıdı,148.0,0.0,5.0,5.5,230.0,2021.0,228.0,Tarih,0,1,3,Tarih,0,0,0,0,0,0,0,0,1,0,0,0.40793201133144474,0.3469387755102041,0.1070811744386874,0.01090909090909091,0.0,0.0,0.0,1.0,0.000495485575864347,0.3052959501557633
Şarap Barı Teorisi,Kitap > Kişisel Gelişim,David Gilbertson,PEGASUS YAYINLARI,4 / 5 (62 oy),289.5,56.0,2,44.0,"249,00",07.11.2016,TÜRKÇE,128,Karton Kapak,12 x 17.8 cm,Kitap Kağıdı,482.5,24.0,4.0,62.0,249.0,2016.0,128.0,Kişisel Gelişim,0,1,3,Kişisel Gelişim,0,0,0,0,0,1,0,0,0,0,0,0.4509915014164305,0.17687074829931973,1.0,0.10181818181818182,0.003875968992248062,0.046169989506820566,0.06315789473684211,0.75,0.006716582250605593,0.9999999999999999
Diriliş / Amnezi Serisi 3,Kitap > Edebiyat > Roman (Çeviri) > Kitap > Edebiyat > Bilimkurgu-Fantazya,Jennifer Rush,PEGASUS YAYINLARI,5 / 5 (28 oy),186.0,29.0,0,46.0,"269,00",01.02.2017,TÜRKÇE,336,Karton Kapak,13.5 x 21 cm,Kitap Kağıdı,239.0,9.0,5.0,28.0,269.0,2017.0,336.0,Edebiyat,0,1,3,Edebiyat,0,0,0,1,0,0,0,0,0,0,0,0.49631728045325774,0.5306122448979591,0.6424870466321243,0.05272727272727273,0.0,0.04826862539349423,0.02368421052631579,1.0,0.0029729134551860826,0.49428868120456904
Ölüm UykusuSarıkamış Harekatı,Kitap > Tarih > Araştırma-İnceleme,Mehmet Işık,YEDİVEREN YAYIN GRUBU - KAMPANYA,5 / 5 (9 oy),52.0,0.0,0,8.0,"219,00",23.02.2021,TÜRKÇE,218,Karton Kapak,13.5 x 21 cm,Kitap Kağıdı,71.0,3.0,5.0,9.0,219.0,2021.0,218.0,Tarih,0,1,3,Tarih,0,0,0,0,0,0,0,0,1,0,0,0.38300283286118975,0.3299319727891156,0.17962003454231432,0.0,0.0,0.008394543546694649,0.007894736842105263,1.0,0.0008808632459810614,0.14537902388369678
Yenilmiş Asilere Çiçek Verelim,Kitap > Edebiyat > Deneme (Yerli),Ahmet Özcan,YARIN YAYINCILIK,5 / 5 (3 oy),33.0,1.0,0,4.0,"210,50",17.12.2021,TÜRKÇE,229,Karton Kapak,13.5 x 21 cm,Kitap Kağıdı,53.0,1.0,5.0,3.0,210.5,2021.0,229.0,Edebiyat,0,1,3,Edebiyat,0,0,0,1,0,0,0,0,0,0,0,0.3637393767705382,0.3486394557823129,0.11398963730569947,0.0018181818181818182,0.0,0.004197271773347324,0.002631578947368421,1.0,0.00022021581149526536,0.10799584631360333
Ben Çocukken,Kitap > Çocuk Kitapları > Hikaye,Müjdat Gezen,BİLGE KÜLTÜR SANAT,4 / 5 (19 oy),44.0,8.0,3,9.0,"120,00",01.01.2010,TÜRKÇE,72,Karton Kapak,13.5 x 19.5 cm,Kitap Kağıdı,200.0,3.0,4.0,19.0,120.0,2010.0,72.0,Çocuk Kitapları,0,1,3,Çocuk Kitapları,0,0,0,0,0,0,0,0,0,1,0,0.15864022662889515,0.0816326530612245,0.15198618307426598,0.014545454545454545,0.005813953488372093,0.00944386149003148,0.007894736842105263,0.75,0.001981942303457388,0.4132917964693666
Harika Piç,Kitap > Edebiyat > Roman (Çeviri) > Kitap > Orijinal Dil > İngilizce,Christina Lauren,PEGASUS YAYINLARI,4 / 5 (144 oy),289.5,39.0,3,192.0,"299,00",25.08.2014,TÜRKÇE,320,Karton Kapak,13.5 x 21 cm,Kitap Kağıdı,482.5,38.0,4.0,144.0,299.0,2014.0,320.0,Edebiyat,0,1,3,Edebiyat,0,0,0,1,0,0,0,0,0,0,0,0.5643059490084985,0.5034013605442176,1.0,0.07090909090909091,0.005813953488372093,0.20146904512067157,0.09999999999999999,0.75,0.015745430521911474,0.9999999999999999
Atatürk Milliyetçiliği,Kitap > Siyaset > Mustafa Kemal Atatürk > Kitap > Siyaset > Araştırma-İnceleme,Eriş Ülger,SARMAL KİTABEVİ,,34.0,0.0,0,0.0,"220,00",15.12.2023,TÜRKÇE,208,Karton Kapak,13.5 x 19.5 cm,Kitap Kağıdı,41.0,0.0,5.0,5.5,220.0,2023.0,208.0,Siyaset,0,1,3,Siyaset,0,0,0,0,0,0,1,0,0,0,0,0.38526912181303113,0.3129251700680272,0.11744386873920552,0.0,0.0,0.0,0.0,1.0,0.000495485575864347,0.08307372793354102
Şeytan'ın Kitabı,Kitap > Edebiyat > Roman (Çeviri),Michael Cordy,BİLGE KÜLTÜR SANAT,5 / 5 (20 oy),146.0,10.0,2,26.0,"320,00",18.11.2011,TÜRKÇE,368,Karton Kapak,13.5 x 21.5 cm,Kitap Kağıdı,245.0,10.0,5.0,20.0,320.0,2011.0,368.0,Edebiyat,0,1,3,Edebiyat,0,0,0,1,0,0,0,0,0,0,0,0.6118980169971671,0.5850340136054422,0.5043177892918825,0.01818181818181818,0.003875968992248062,0.02728226652675761,0.02631578947368421,1.0,0.0020920502092050207,0.5067497403946002
Basının Gözünden İstanbul Teknik Üniversite’ne Dair Kısa Notlar (1944-1955),Kitap > Başvuru Kitapları > Diğer,Cüneyd Okay,DOĞU KİTABEVİ,,7.0,0.0,0,0.0,"351,00",10.05.2023,TÜRKÇE,110,Karton Kapak,19 x 28 cm,Kitap Kağıdı,14.0,0.0,5.0,5.5,351.0,2023.0,110.0,Başvuru Kitapları,0,1,3,Diger,0,1,0,0,0,0,0,0,0,0,0,0.6821529745042493,0.14625850340136054,0.024179620034542312,0.0,0.0,0.0,0.0,1.0,0.000495485575864347,0.026998961578400833
İletişim KuramlarıGüç ve Etki Dinamiklerini Çözmek,Kitap > Kişisel Gelişim,Aybike Serttaş Ertike,URZENİ,5 / 5 (1 oy),20.0,1.0,2,0.0,"420,00",31.08.2023,TÜRKÇE,466,Karton Kapak,13.5 x 19.5 cm,Kitap Kağıdı,30.0,0.0,5.0,1.0,420.0,2023.0,466.0,Kişisel Gelişim,0,1,3,Kişisel Gelişim,0,0,0,0,0,1,0,0,0,0,0,0.838526912181303,0.7517006802721088,0.0690846286701209,0.0018181818181818182,0.003875968992248062,0.0,0.0,1.0,0.0,0.060228452751817235
Dominant,Kitap > Edebiyat > Roman (Çeviri),Tara Sue Me,PEGASUS YAYINLARI,4 / 5 (43 oy),204.0,16.0,1,47.0,"299,00",22.08.2016,TÜRKÇE,488,Karton Kapak,12 x 19 cm,Kitap Kağıdı,362.0,5.0,4.0,43.0,299.0,2016.0,488.0,Edebiyat,0,1,3,Edebiyat,0,0,0,1,0,0,0,0,0,0,0,0.5643059490084985,0.7891156462585033,0.7046632124352331,0.02909090909090909,0.001937984496124031,0.04931794333683106,0.013157894736842105,0.75,0.004624532041400572,0.7497403946002076
Bu Öyküler Bitmedi,Kitap > Edebiyat > Hikaye (Yerli),Duygu Değirmenci,BANLİYÖ KİTAP,5 / 5 (3 oy),9.0,1.0,0,2.0,"166,00",10.06.2022,TÜRKÇE,160,Karton Kapak,13.5 x 19.5 cm,Kitap Kağıdı,199.0,2.0,5.0,3.0,166.0,2022.0,160.0,Edebiyat,0,1,3,Edebiyat,0,0,0,1,0,0,0,0,0,0,0,0.2628895184135977,0.2312925170068027,0.031088082901554404,0.0018181818181818182,0.0,0.002098635886673662,0.005263157894736842,1.0,0.00022021581149526536,0.411214953271028
Göçler ve Efsaneler / Kibele öyküleri 2,Kitap > Diğer > Mitoloji,Önder Kayhan,URZENİ,5 / 5 (3 oy),57.0,4.0,0,2.0,"240,00",22.01.2024,TÜRKÇE,210,Karton Kapak,13.5 x 21 cm,Kitap Kağıdı,21.0,1.0,5.0,3.0,240.0,2024.0,210.0,Diğer,0,1,3,Diğer,0,0,1,0,0,0,0,0,0,0,0,0.4305949008498583,0.3163265306122449,0.19689119170984454,0.007272727272727273,0.0,0.002098635886673662,0.002631578947368421,1.0,0.00022021581149526536,0.041536863966770504
ToscaOpera Klasikleri: 04,Kitap > Sanat > Diğer,Giacomo Puccini,FİHRİST KİTAP,5 / 5 (4 oy),30.0,4.0,1,2.0,"209,50",05.02.2024,TÜRKÇE,134,Karton Kapak,13 x 19.5 cm,Kitap Kağıdı,93.0,2.0,5.0,4.0,209.5,2024.0,134.0,Sanat,0,1,3,Diger,0,1,0,0,0,0,0,0,0,0,0,0.36147308781869686,0.1870748299319728,0.10362694300518134,0.007272727272727273,0.001937984496124031,0.002098635886673662,0.005263157894736842,1.0,0.00033032371724289804,0.19106957424714432
Mola,Kitap > Edebiyat > Roman (Yerli),Yaman Koray,DEDALUS KİTAP,5 / 5 (3 oy),30.0,2.0,0,4.0,"300,00",12.08.2022,TÜRKÇE,296,Karton Kapak,13 x 20 cm,Kitap Kağıdı,316.0,1.0,5.0,3.0,300.0,2022.0,296.0,Edebiyat,0,1,3,Edebiyat,0,0,0,1,0,0,0,0,0,0,0,0.5665722379603398,0.46258503401360546,0.10362694300518134,0.0036363636363636364,0.0,0.004197271773347324,0.002631578947368421,1.0,0.00022021581149526536,0.6542056074766355
Evanjelizm ve Yeni Dünya Düzeni,Kitap > Felsefe-Düşünce > Diğer,Elif Arat Yıldız,URZENİ,4 / 5 (4 oy),63.0,5.0,0,4.0,"240,00",05.02.2019,TÜRKÇE,180,Karton Kapak,13.5 x 21 cm,Kitap Kağıdı,95.0,1.0,4.0,4.0,240.0,2019.0,180.0,Felsefe-Düşünce,0,1,3,Felsefe-Düşünce,0,0,0,0,1,0,0,0,0,0,0,0.4305949008498583,0.2653061224489796,0.21761658031088082,0.00909090909090909,0.0,0.004197271773347324,0.002631578947368421,0.75,0.00033032371724289804,0.19522326064382137
Bedenim,Kitap > Edebiyat > Biyografi-Otobiyografi,Emily Ratajkowski,DESTEK YAYIN GRUBU-KAMPANYA,,8.0,0.0,0,0.0,"230,00",17.11.2022,TÜRKÇE,216,Karton Kapak,13.5 x 21 cm,Kitap Kağıdı,5.0,0.0,5.0,5.5,230.0,2022.0,216.0,Edebiyat,0,1,3,Edebiyat,0,0,0,1,0,0,0,0,0,0,0,0.40793201133144474,0.32653061224489793,0.027633851468048358,0.0,0.0,0.0,0.0,1.0,0.000495485575864347,0.008307372793354102
Axolotl,Kitap > Edebiyat > Roman (Çeviri),Helena Hegemann,PEGASUS YAYINLARI,3 / 5 (54 oy),289.5,53.0,5,49.0,"249,00",17.10.2012,TÜRKÇE,208,Karton Kapak,13.5 x 21 cm,Kitap Kağıdı,482.5,27.0,3.0,54.0,249.0,2012.0,208.0,Edebiyat,0,1,3,Edebiyat,0,0,0,1,0,0,0,0,0,0,0,0.4509915014164305,0.3129251700680272,1.0,0.09636363636363636,0.009689922480620155,0.051416579223504726,0.07105263157894737,0.5,0.005835719004624531,0.9999999999999999
Gaspıralı İsmail Bey,Kitap > Siyaset > Biyografi-Otobiyografi,Cafer Seydahmed Kırımer,BİYOGRAFİ.NET,5 / 5 (1 oy),73.0,1.0,0,0.0,"300,00",06.12.2021,TÜRKÇE,272,Karton Kapak,13 x 19.5 cm,Kitap Kağıdı,98.0,1.0,5.0,1.0,300.0,2021.0,272.0,Siyaset,0,1,3,Siyaset,0,0,0,0,0,0,1,0,0,0,0,0.5665722379603398,0.42176870748299317,0.25215889464594127,0.0018181818181818182,0.0,0.0,0.002631578947368421,1.0,0.0,0.20145379023883694
Türkiye’de Halk Ağzından Derleme Sözlüğünün Ters Dizimi,Kitap > Başvuru Kitapları > Sözlük & İmla Kılavuzu,Dr. Ali Cin,ŞULE YAYINLARI - KAMPANYA,5 / 5 (1 oy),21.0,2.0,0,0.0,"840,00",05.10.2017,TÜRKÇE,711,Karton Kapak,16 x 24 cm,Kitap Kağıdı,19.0,0.0,5.0,1.0,491.25,2017.0,612.0,Başvuru Kitapları,0,1,3,Diger,0,1,0,0,0,0,0,0,0,0,0,1.0,1.0,0.07253886010362694,0.0036363636363636364,0.0,0.0,0.0,1.0,0.0,0.037383177570093455
Çocukluğumun Ak Saçları12 Eylül 1980’e  Yan Bakanlar,Kitap > Edebiyat > Anı (Hatırat),Billur C. Yılmazyiğit,URZENİ,5 / 5 (1 oy),14.0,3.0,0,1.0,"220,00",22.05.2019,TÜRKÇE,202,Karton Kapak,13.5 x 21 cm,Kitap Kağıdı,9.0,1.0,5.0,1.0,220.0,2019.0,202.0,Edebiyat,0,1,3,Edebiyat,0,0,0,1,0,0,0,0,0,0,0,0.38526912181303113,0.30272108843537415,0.048359240069084625,0.005454545454545455,0.0,0.001049317943336831,0.002631578947368421,1.0,0.0,0.016614745586708203
Kurt ve Kız,Kitap > Edebiyat > Roman (Yerli),Burçin Ergin,YEDİVEREN YAYIN GRUBU - KAMPANYA,,9.0,2.0,0,0.0,"150,00",16.10.2023,TÜRKÇE,160,Karton Kapak,13.5 x 19.5 cm,Kitap Kağıdı,10.0,0.0,5.0,5.5,150.0,2023.0,160.0,Edebiyat,0,1,3,Edebiyat,0,0,0,1,0,0,0,0,0,0,0,0.22662889518413593,0.2312925170068027,0.031088082901554404,0.0036363636363636364,0.0,0.0,0.0,1.0,0.000495485575864347,0.018691588785046728
Teorilerle SineanalizSosyolojik Psikanalitik Felsefe Sinema Çalışmaları,Kitap > Sinema-Tiyatro > Senaryo (Yerli),F. Neşe Kaplan,URZENİ,5 / 5 (1 oy),42.0,1.0,0,0.0,"440,00",07.12.2022,TÜRKÇE,427,Karton Kapak,13 x 20 cm,Kitap Kağıdı,39.0,0.0,5.0,1.0,440.0,2022.0,427.0,Sinema-Tiyatro,0,1,3,Diger,0,1,0,0,0,0,0,0,0,0,0,0.8838526912181303,0.6853741496598639,0.14507772020725387,0.0018181818181818182,0.0,0.0,0.0,1.0,0.0,0.07892004153686397
Kapitalizm Nedir?Politik ve Toplumsal Bilginin ABC’si,Kitap > Ekonomi > Araştırma-İnceleme,Vladimir Buzuev,SARMAL KİTABEVİ,3 / 5 (1 oy),18.0,1.0,0,1.0,"220,00",20.05.2024,TÜRKÇE,199,Karton Kapak,13.5 x 19.5 cm,Kitap Kağıdı,27.0,1.0,3.0,1.0,220.0,2024.0,199.0,Ekonomi,0,1,3,Diger,0,1,0,0,0,0,0,0,0,0,0,0.38526912181303113,0.2976190476190476,0.06217616580310881,0.0018181818181818182,0.0,0.001049317943336831,0.002631578947368421,0.5,0.0,0.05399792315680166
Yeni Başlayanlar İçin Psikoloji,Kitap > Psikoloji > İnceleme,G. Neil Martin,SAY YAYIN GRUBU-KAMPANYA,4 / 5 (3 oy),120.0,5.0,1,3.0,"350,00",26.02.2020,TÜRKÇE,280,Karton Kapak,13.5 x 21 cm,Kitap Kağıdı,75.0,3.0,4.0,3.0,350.0,2020.0,280.0,Psikoloji,0,1,3,Diger,0,1,0,0,0,0,0,0,0,0,0,0.6798866855524078,0.43537414965986393,0.41450777202072536,0.00909090909090909,0.001937984496124031,0.0031479538300104933,0.007894736842105263,0.75,0.00022021581149526536,0.15368639667705086
Sil Baştan,Kitap > Edebiyat > Roman (Çeviri) > Kitap > Diğer > Gençlik Kitapları > Edebiyat,Chelsea Fine,PEGASUS YAYINLARI,5 / 5 (13 oy),175.0,12.0,2,16.0,"299,00",20.08.2014,TÜRKÇE,352,Karton Kapak,13.5 x 21 cm,Kitap Kağıdı,140.0,3.0,5.0,13.0,299.0,2014.0,352.0,Edebiyat,0,1,3,Edebiyat,0,0,0,1,0,0,0,0,0,0,0,0.5643059490084985,0.5578231292517006,0.6044905008635578,0.02181818181818182,0.003875968992248062,0.016789087093389297,0.007894736842105263,1.0,0.0013212948689715921,0.28868120456905505
Anlaşma,Kitap > Edebiyat > Roman (Çeviri),T.L.  Swan,MARTI YAYINLARI,5 / 5 (24 oy),271.0,24.0,0,58.0,"350,00",22.01.2024,TÜRKÇE,464,Karton Kapak,13.5 x 21 cm,Kitap Kağıdı,482.5,10.0,5.0,24.0,350.0,2024.0,464.0,Edebiyat,0,1,3,Edebiyat,0,0,0,1,0,0,0,0,0,0,0,0.6798866855524078,0.7482993197278911,0.9360967184801381,0.04363636363636364,0.0,0.060860440713536204,0.02631578947368421,1.0,0.0025324818321955517,0.9999999999999999
Akışkan Benlikler,Kitap > Akademik > Bilim,İrfan Cirit,NET KİTAPLIK YAYINCILIK,5 / 5 (3 oy),29.0,0.0,2,1.0,"605,00",03.08.2022,TÜRKÇE,392,Karton Kapak,13 x 20 cm,Kitap Kağıdı,112.0,2.0,5.0,3.0,491.25,2022.0,392.0,Akademik,0,1,3,Diger,0,1,0,0,0,0,0,0,0,0,0,1.0,0.6258503401360543,0.1001727115716753,0.0,0.003875968992248062,0.001049317943336831,0.005263157894736842,1.0,0.00022021581149526536,0.23052959501557632
Hayaletli Kasaba - Hayalet Dedektifleri Serisi,Kitap > Edebiyat > Hikaye (Yerli),Umut Çalışan,KENT KARDEŞ,5 / 5 (1 oy),20.0,1.0,1,10.0,"154,00",11.04.2025,TÜRKÇE,123,Karton Kapak,13.5 x 19.5 cm,Kitap Kağıdı,131.0,0.0,5.0,1.0,154.0,2025.0,123.0,Edebiyat,0,1,3,Edebiyat,0,0,0,1,0,0,0,0,0,0,0,0.23569405099150137,0.1683673469387755,0.0690846286701209,0.0018181818181818182,0.001937984496124031,0.010493179433368312,0.0,1.0,0.0,0.2699896157840083
Büyülü Eşyalar Koleksiyoncusu,Kitap > Edebiyat > Bilimkurgu-Fantazya,Peren Ercan,KENT KİTAP,5 / 5 (12 oy),94.0,4.0,0,8.0,"254,00",24.01.2024,TÜRKÇE,243,Karton Kapak,13.5 x 19.5 cm,Kitap Kağıdı,195.0,4.0,5.0,12.0,254.0,2024.0,243.0,Edebiyat,0,1,3,Edebiyat,0,0,0,1,0,0,0,0,0,0,0,0.4623229461756374,0.3724489795918367,0.3246977547495682,0.007272727272727273,0.0,0.008394543546694649,0.010526315789473684,1.0,0.0012111869632239595,0.40290758047767394
İnsanlık Değişebilir mi?,Kitap > Kişisel Gelişim,Jiddu Krishnamurti,SAY YAYIN GRUBU-KAMPANYA,5 / 5 (2 oy),144.0,7.0,1,2.0,"350,00",03.07.2015,TÜRKÇE,240,Karton Kapak,13.5 x 21 cm,Kitap Kağıdı,104.0,1.0,5.0,2.0,350.0,2015.0,240.0,Kişisel Gelişim,0,1,3,Kişisel Gelişim,0,0,0,0,0,1,0,0,0,0,0,0.6798866855524078,0.3673469387755102,0.49740932642487046,0.012727272727272728,0.001937984496124031,0.002098635886673662,0.002631578947368421,1.0,0.00011010790574763268,0.2139148494288681
Zor Zamanlar İçin Dharma,Kitap > Kişisel Gelişim,Stephen Cope,DESTEK YAYIN GRUBU-KAMPANYA,5 / 5 (1 oy),16.0,1.0,0,0.0,"280,00",06.09.2022,TÜRKÇE,304,Karton Kapak,13.5 x 21 cm,Kitap Kağıdı,16.0,1.0,5.0,1.0,280.0,2022.0,304.0,Kişisel Gelişim,0,1,3,Kişisel Gelişim,0,0,0,0,0,1,0,0,0,0,0,0.5212464589235127,0.4761904761904762,0.055267702936096716,0.0018181818181818182,0.0,0.0,0.002631578947368421,1.0,0.0,0.03115264797507788
Babama Anarşizmi Anlatıyorum,Kitap > Felsefe-Düşünce > Diğer,Thomas Déri,SAY YAYIN GRUBU-KAMPANYA,4 / 5 (1 oy),29.0,1.0,1,1.0,"300,00",07.12.2023,TÜRKÇE,200,Karton Kapak,13.5 x 21 cm,Kitap Kağıdı,21.0,0.0,4.0,1.0,300.0,2023.0,200.0,Felsefe-Düşünce,0,1,3,Felsefe-Düşünce,0,0,0,0,1,0,0,0,0,0,0,0.5665722379603398,0.29931972789115646,0.1001727115716753,0.0018181818181818182,0.001937984496124031,0.001049317943336831,0.0,0.75,0.0,0.041536863966770504
Erkeğin Karanlık Yüzü,Kitap > Kültür > Antropoloji > Kitap > Psikoloji > İnceleme,Michael P. Ghiglieri,SİYASAL YAYIN GRUBU - KAMPANYA,5 / 5 (3 oy),147.0,7.0,0,1.0,"480,00",05.02.2003,TÜRKÇE,495,Karton Kapak,14 x 23.5 cm,3. Hm. Kağıt,101.0,2.0,5.0,3.0,480.0,2003.0,495.0,Kültür,0,1,2,Diger,0,1,0,0,0,0,0,0,0,0,0,0.9745042492917846,0.8010204081632653,0.5077720207253886,0.012727272727272728,0.0,0.001049317943336831,0.005263157894736842,1.0,0.00022021581149526536,0.20768431983385252
Sefiller,Kitap > Edebiyat > Roman (Çeviri) > Kitap > Edebiyat > 100 Temel Eser,Victor Hugo,İSKELE YAYINCILIK,5 / 5 (205 oy),289.5,112.0,21,409.0,"235,00",01.11.2022,TÜRKÇE,400,Karton Kapak,13.5 x 19.5 cm,Kitap Kağıdı,482.5,109.0,5.0,205.0,235.0,2022.0,400.0,Edebiyat,0,1,3,Edebiyat,0,0,0,1,0,0,0,0,0,0,0,0.4192634560906515,0.6394557823129251,1.0,0.20363636363636364,0.040697674418604654,0.42917103882476393,0.2868421052631579,1.0,0.022462012772517068,0.9999999999999999
Katalonya’ya Selam,Kitap > Edebiyat > Roman (Çeviri),George Orwell,SARMAL KİTABEVİ,5 / 5 (2 oy),25.0,1.0,0,2.0,"270,00",28.03.2023,TÜRKÇE,254,Karton Kapak,13.5 x 21 cm,Kitap Kağıdı,29.0,0.0,5.0,2.0,270.0,2023.0,254.0,Edebiyat,0,1,3,Edebiyat,0,0,0,1,0,0,0,0,0,0,0,0.49858356940509907,0.391156462585034,0.08635578583765112,0.0018181818181818182,0.0,0.002098635886673662,0.0,1.0,0.00011010790574763268,0.05815160955347871
Beni Öldürmeyen Şey,Kitap > Edebiyat > Şiir (Yerli),Gizem Bilkay,EPONA KİTAP,4 / 5 (4 oy),17.0,3.0,0,4.0,"158,00",03.05.2024,TÜRKÇE,58,Karton Kapak,12.5 x 19.5 cm,Kitap Kağıdı,303.0,3.0,4.0,4.0,158.0,2024.0,58.0,Edebiyat,0,1,3,Edebiyat,0,0,0,1,0,0,0,0,0,0,0,0.2447592067988668,0.05782312925170068,0.05872193436960276,0.005454545454545455,0.0,0.004197271773347324,0.007894736842105263,0.75,0.00033032371724289804,0.6272066458982346
Annemin Çocukluğunu Kim Yedi ?,Kitap > Eğitim > Annelik-Babalık-Aile,Oya Akbaş,YEDİVEREN YAYIN GRUBU - KAMPANYA,,42.0,0.0,0,0.0,"194,00",19.11.2020,TÜRKÇE,232,Karton Kapak,13.5 x 19.5 cm,Kitap Kağıdı,30.0,0.0,5.0,5.5,194.0,2020.0,232.0,Eğitim,0,1,3,Diger,0,1,0,0,0,0,0,0,0,0,0,0.32634560906515575,0.35374149659863946,0.14507772020725387,0.0,0.0,0.0,0.0,1.0,0.000495485575864347,0.060228452751817235
Kısa Büyü ve Gizem Tarihi,Kitap > Edebiyat > Roman (Çeviri),Alfred Thompson,LİBERUS,5 / 5 (4 oy),151.0,5.0,0,0.0,"200,00",29.03.2023,TÜRKÇE,150,Karton Kapak,13 x 19.5 cm,Kitap Kağıdı,219.0,0.0,5.0,4.0,200.0,2023.0,150.0,Edebiyat,0,1,3,Edebiyat,0,0,0,1,0,0,0,0,0,0,0,0.3399433427762039,0.2142857142857143,0.5215889464594128,0.00909090909090909,0.0,0.0,0.0,1.0,0.00033032371724289804,0.45275181723779856
Türk Dünyasının Bayramı Yeni Gün (Nevruz),Kitap > Kültür > Genel > Kitap > Kültür > Kültür Tarihi,Ramazan Karaman,BİLGE KÜLTÜR SANAT,4 / 5 (3 oy),45.0,2.0,1,1.0,"185,00",21.03.2014,TÜRKÇE,256,Karton Kapak,12.5 x 19.5 cm,Kitap Kağıdı,41.0,0.0,4.0,3.0,185.0,2014.0,256.0,Kültür,0,1,3,Diger,0,1,0,0,0,0,0,0,0,0,0,0.30594900849858353,0.3945578231292517,0.15544041450777202,0.0036363636363636364,0.001937984496124031,0.001049317943336831,0.0,0.75,0.00022021581149526536,0.08307372793354102
İnkar / Avalon'un Okçuları 3,Kitap > Edebiyat > Roman (Çeviri) > Kitap > Orijinal Dil > İngilizce,Chelsea Fine,PEGASUS YAYINLARI,5 / 5 (6 oy),51.0,7.0,0,5.0,"249,00",09.10.2015,TÜRKÇE,384,Karton Kapak,13.5 x 21 cm,Kitap Kağıdı,45.0,1.0,5.0,6.0,249.0,2015.0,384.0,Edebiyat,0,1,3,Edebiyat,0,0,0,1,0,0,0,0,0,0,0,0.4509915014164305,0.6122448979591836,0.17616580310880828,0.012727272727272728,0.0,0.005246589716684156,0.002631578947368421,1.0,0.0005505395287381633,0.09138110072689512
Kafka'nın BöceğiTersine Metamorfozun Mitolojik Öyküsü,Kitap > Edebiyat > Roman (Yerli),Selçuk Alkan,KENT KİTAP,5 / 5 (2 oy),9.0,0.0,0,2.0,"129,00",11.05.2023,TÜRKÇE,154,Karton Kapak,13.5 x 19.5 cm,Kitap Kağıdı,73.0,0.0,5.0,2.0,129.0,2023.0,154.0,Edebiyat,0,1,3,Edebiyat,0,0,0,1,0,0,0,0,0,0,0,0.17903682719546737,0.22108843537414968,0.031088082901554404,0.0,0.0,0.002098635886673662,0.0,1.0,0.00011010790574763268,0.14953271028037382
Tıp ve Din,Kitap > İslam > Araştırma-İnceleme,Ümit  Özdemir,HAYY KİTAP - KAMPANYA,4 / 5 (7 oy),96.0,5.0,1,5.0,"150,00",25.01.2021,TÜRKÇE,104,Karton Kapak,13.5 x 21 cm,Kitap Kağıdı,144.0,4.0,4.0,7.0,150.0,2021.0,104.0,İslam,0,1,3,İslam,0,0,0,0,0,0,0,0,0,0,1,0.22662889518413593,0.1360544217687075,0.33160621761658027,0.00909090909090909,0.001937984496124031,0.005246589716684156,0.010526315789473684,0.75,0.0006606474344857962,0.29698857736240913
Bizden Masallar,Kitap > Edebiyat > Diğer,Veysel Dinler,ALAN YAYINCILIK,,3.0,0.0,0,0.0,"364,00",10.03.2023,TÜRKÇE,285,Karton Kapak,13.5 x 19.5 cm,Kitap Kağıdı,143.0,0.0,5.0,5.5,364.0,2023.0,285.0,Edebiyat,0,1,3,Edebiyat,0,0,0,1,0,0,0,0,0,0,0,0.7116147308781869,0.44387755102040816,0.010362694300518133,0.0,0.0,0.0,0.0,1.0,0.000495485575864347,0.2949117341640706
Aforizmalar,Kitap > Felsefe-Düşünce > Felsefe Metinleri,Franz Kafka,İSKELE YAYINCILIK,5 / 5 (17 oy),289.5,14.0,3,44.0,"110,00",07.06.2023,TÜRKÇE,144,Karton Kapak,13.5 x 19.5 cm,Kitap Kağıdı,482.5,8.0,5.0,17.0,110.0,2023.0,144.0,Felsefe-Düşünce,0,1,3,Felsefe-Düşünce,0,0,0,0,1,0,0,0,0,0,0,0.1359773371104816,0.20408163265306123,1.0,0.025454545454545455,0.005813953488372093,0.046169989506820566,0.021052631578947368,1.0,0.0017617264919621229,0.9999999999999999
Sahte Nişanlı,Kitap > Edebiyat > Roman (Çeviri) > Kitap > Orijinal Dil > İngilizce,Cara Elliott,PEGASUS YAYINLARI,4 / 5 (20 oy),118.0,9.0,0,22.0,"299,00",20.10.2015,TÜRKÇE,336,Karton Kapak,13.5 x 21 cm,Kitap Kağıdı,164.0,6.0,4.0,20.0,299.0,2015.0,336.0,Edebiyat,0,1,3,Edebiyat,0,0,0,1,0,0,0,0,0,0,0,0.5643059490084985,0.5306122448979591,0.4075993091537133,0.016363636363636365,0.0,0.023084994753410283,0.015789473684210527,0.75,0.0020920502092050207,0.33852544132917967
Issızlığın Ortasında,Kitap > Edebiyat > Roman (Çeviri),Stef Penney,BİLGE KÜLTÜR SANAT,4 / 5 (13 oy),72.0,9.0,1,10.0,"350,00",01.04.2010,TÜRKÇE,448,Karton Kapak,13.5 x 21.5 cm,Kitap Kağıdı,108.0,6.0,4.0,13.0,350.0,2010.0,448.0,Edebiyat,0,1,3,Edebiyat,0,0,0,1,0,0,0,0,0,0,0,0.6798866855524078,0.7210884353741496,0.24870466321243523,0.016363636363636365,0.001937984496124031,0.010493179433368312,0.015789473684210527,0.75,0.0013212948689715921,0.2222222222222222
Kum Şehri,Kitap > Edebiyat > Roman (Çeviri) > Kitap > Orijinal Dil > İngilizce,Anna Carey,PEGASUS YAYINLARI,5 / 5 (12 oy),137.0,8.0,0,12.0,"269,00",10.03.2015,TÜRKÇE,320,Karton Kapak,13.5 x 21 cm,Kitap Kağıdı,77.0,1.0,5.0,12.0,269.0,2015.0,320.0,Edebiyat,0,1,3,Edebiyat,0,0,0,1,0,0,0,0,0,0,0,0.49631728045325774,0.5034013605442176,0.47322970639032813,0.014545454545454545,0.0,0.012591815320041973,0.002631578947368421,1.0,0.0012111869632239595,0.15784008307372793
İki Aynalı Ev,Kitap > Edebiyat > Roman (Yerli),Yasemin Talaz Bayraktaroğlu,BANLİYÖ KİTAP,5 / 5 (2 oy),8.0,1.0,1,3.0,"98,00",20.01.2023,TÜRKÇE,72,Karton Kapak,12 x 19.5 cm,Kitap Kağıdı,249.0,0.0,5.0,2.0,98.0,2023.0,72.0,Edebiyat,0,1,3,Edebiyat,0,0,0,1,0,0,0,0,0,0,0,0.10878186968838525,0.0816326530612245,0.027633851468048358,0.0018181818181818182,0.001937984496124031,0.0031479538300104933,0.0,1.0,0.00011010790574763268,0.5150571131879542
Şirince Meydan Muharebelerinin Mufassal Tarihçesi,Kitap > Edebiyat > Anı (Hatırat),Sevan Nişanyan,LİBERUS,5 / 5 (2 oy),53.0,3.0,0,3.0,"360,00",28.11.2023,TÜRKÇE,292,Karton Kapak,13 x 19.5 cm,Kitap Kağıdı,205.0,1.0,5.0,2.0,360.0,2023.0,292.0,Edebiyat,0,1,3,Edebiyat,0,0,0,1,0,0,0,0,0,0,0,0.7025495750708215,0.4557823129251701,0.18307426597582038,0.005454545454545455,0.0,0.0031479538300104933,0.002631578947368421,1.0,0.00011010790574763268,0.4236760124610592
Güzel,Kitap > Edebiyat > Roman (Yerli),Ömer  Alkan,FİHRİST KİTAP,5 / 5 (5 oy),44.0,2.0,0,10.0,"139,50",19.03.2021,TÜRKÇE,76,Karton Kapak,13 x 19.5 cm,Kitap Kağıdı,188.0,5.0,5.0,5.0,139.5,2021.0,76.0,Edebiyat,0,1,3,Edebiyat,0,0,0,1,0,0,0,0,0,0,0,0.20283286118980165,0.08843537414965988,0.15198618307426598,0.0036363636363636364,0.0,0.010493179433368312,0.013157894736842105,1.0,0.00044043162299053066,0.3883696780893043
Çağdaş Türkiye Tarihi,Kitap > Tarih > Türkiye,Antonello Biagini,SİYASAL YAYIN GRUBU - KAMPANYA,5 / 5 (16 oy),236.0,12.0,2,6.0,"210,00",25.09.2007,TÜRKÇE,148,Karton Kapak,14 x 21.5 cm,Kitap Kağıdı,196.0,5.0,5.0,16.0,210.0,2007.0,148.0,Tarih,0,1,3,Tarih,0,0,0,0,0,0,0,0,1,0,0,0.3626062322946175,0.2108843537414966,0.8151986183074266,0.02181818181818182,0.003875968992248062,0.0062959076600209865,0.013157894736842105,1.0,0.0016516185862144902,0.40498442367601245
Turtanın En Tatlı Yeri,Kitap > Edebiyat > Polisiye,Alan Bradley,PEGASUS YAYINLARI,4 / 5 (238 oy),289.5,188.0,20,189.0,"299,00",23.08.2016,TÜRKÇE,352,Karton Kapak,13.5 x 21 cm,Kitap Kağıdı,482.5,126.0,4.0,238.0,299.0,2016.0,352.0,Edebiyat,0,1,3,Edebiyat,0,0,0,1,0,0,0,0,0,0,0,0.5643059490084985,0.5578231292517006,1.0,0.3418181818181818,0.03875968992248062,0.19832109129066108,0.33157894736842103,0.75,0.026095573662188946,0.9999999999999999
Peggy Sue ve Hayaletler -4 / Büyülü Hayvanat Bahçesi,Kitap > Çocuk Kitapları > Roman > Kitap > Orijinal Dil > Fransızca,Serge Brussolo,PEGASUS  ÇOCUK YAYINLARI,4 / 5 (2 oy),14.0,3.0,0,5.0,"249,00",08.03.2014,TÜRKÇE,288,Karton Kapak,13.5 x 21 cm,Kitap Kağıdı,44.0,0.0,4.0,2.0,249.0,2014.0,288.0,Çocuk Kitapları,0,1,3,Çocuk Kitapları,0,0,0,0,0,0,0,0,0,1,0,0.4509915014164305,0.4489795918367347,0.048359240069084625,0.005454545454545455,0.0,0.005246589716684156,0.0,0.75,0.00011010790574763268,0.0893042575285566
Aklımın Seyir Defteri,Kitap > Edebiyat > Roman (Yerli),D. Ali Gültekin,BİZİM KİTAPLAR YAYINEVİ,5 / 5 (1 oy),3.0,0.0,0,0.0,"175,00",18.11.2021,TÜRKÇE,148,Karton Kapak,13.5 x 21 cm,Kitap Kağıdı,3.0,1.0,5.0,1.0,175.0,2021.0,148.0,Edebiyat,0,1,3,Edebiyat,0,0,0,1,0,0,0,0,0,0,0,0.2832861189801699,0.2108843537414966,0.010362694300518133,0.0,0.0,0.0,0.002631578947368421,1.0,0.0,0.004153686396677051
Mülteci Chipo,Kitap > Edebiyat > Roman (Yerli),Erbil Erbige,KEDİDEDİ YAYINCILIK,5 / 5 (1 oy),7.0,0.0,0,1.0,"385,00",21.10.2024,TÜRKÇE,360,Karton Kapak,13.5 x 21 cm,Kitap Kağıdı,99.0,1.0,5.0,1.0,385.0,2024.0,360.0,Edebiyat,0,1,3,Edebiyat,0,0,0,1,0,0,0,0,0,0,0,0.7592067988668555,0.5714285714285714,0.024179620034542312,0.0,0.0,0.001049317943336831,0.002631578947368421,1.0,0.0,0.20353063343717548
Aşk Yolculuğu,Kitap > Edebiyat > Roman (Yerli),Erol Kasırga,TRUVA YAYINLARI,5 / 5 (1 oy),32.0,0.0,0,0.0,"260,00",08.12.2021,TÜRKÇE,344,Karton Kapak,13.5 x 21 cm,Kitap Kağıdı,31.0,0.0,5.0,1.0,260.0,2021.0,344.0,Edebiyat,0,1,3,Edebiyat,0,0,0,1,0,0,0,0,0,0,0,0.4759206798866855,0.5442176870748299,0.11053540587219343,0.0,0.0,0.0,0.0,1.0,0.0,0.06230529595015576
Erkekliğin DuruşmasıErkeklik ve Faşizm,Kitap > Sosyoloji > Araştırma-İnceleme,Salim Koçak,ALAN YAYINCILIK,5 / 5 (1 oy),11.0,1.0,0,0.0,"194,00",18.01.2024,TÜRKÇE,120,Karton Kapak,12.5 x 19.5 cm,Kitap Kağıdı,59.0,1.0,5.0,1.0,194.0,2024.0,120.0,Sosyoloji,0,1,3,Sosyoloji,0,0,0,0,0,0,0,1,0,0,0,0.32634560906515575,0.163265306122449,0.037996545768566495,0.0018181818181818182,0.0,0.0,0.002631578947368421,1.0,0.0,0.12045690550363447
Mevlana’dan Masallar,Kitap > Çocuk Kitapları > Okul Öncesi > Masal,Bilgenur Çorlu,YEDİVEREN YAYIN GRUBU - KAMPANYA,5 / 5 (2 oy),34.0,0.0,0,1.0,"255,00",20.09.2019,TÜRKÇE,392,Karton Kapak,11.5 x 16 cm,Kitap Kağıdı,63.0,0.0,5.0,2.0,255.0,2019.0,392.0,Çocuk Kitapları,0,1,3,Çocuk Kitapları,0,0,0,0,0,0,0,0,0,1,0,0.46458923512747874,0.6258503401360543,0.11744386873920552,0.0,0.0,0.001049317943336831,0.0,1.0,0.00011010790574763268,0.12876427829698855
İletişim ve Kent,Kitap > Sosyoloji > Araştırma-İnceleme,Prof. Dr. Mukadder Çakır,URZENİ,,11.0,0.0,0,0.0,"180,00",02.09.2021,TÜRKÇE,119,Karton Kapak,13.5 x 21 cm,Kitap Kağıdı,12.0,0.0,5.0,5.5,180.0,2021.0,119.0,Sosyoloji,0,1,3,Sosyoloji,0,0,0,0,0,0,0,1,0,0,0,0.29461756373937675,0.16156462585034015,0.037996545768566495,0.0,0.0,0.0,0.0,1.0,0.000495485575864347,0.02284527518172378
Gargantua,Kitap > Edebiyat > Roman (Çeviri) > Kitap > Orijinal Dil > Fransızca,François Rabelais,SAY YAYIN GRUBU-KAMPANYA,4 / 5 (10 oy),130.0,6.0,0,9.0,"200,00",15.02.2010,TÜRKÇE,256,Karton Kapak,13.5 x 19.5 cm,Kitap Kağıdı,104.0,4.0,4.0,10.0,200.0,2010.0,256.0,Edebiyat,0,1,3,Edebiyat,0,0,0,1,0,0,0,0,0,0,0,0.3399433427762039,0.3945578231292517,0.4490500863557858,0.01090909090909091,0.0,0.00944386149003148,0.010526315789473684,0.75,0.000990971151728694,0.2139148494288681
Köylülük ve KentlilikÖteki ve Ötekileştirme Bağlamında,Kitap > Sosyoloji > Araştırma-İnceleme,Zeynep Elif Tunç,URZENİ,5 / 5 (1 oy),32.0,2.0,0,0.0,"240,00",06.11.2020,TÜRKÇE,190,Karton Kapak,13 x 20 cm,Kitap Kağıdı,37.0,0.0,5.0,1.0,240.0,2020.0,190.0,Sosyoloji,0,1,3,Sosyoloji,0,0,0,0,0,0,0,1,0,0,0,0.4305949008498583,0.282312925170068,0.11053540587219343,0.0036363636363636364,0.0,0.0,0.0,1.0,0.0,0.07476635514018692
Güzergahın Gizemi,Kitap > Edebiyat > Roman (Yerli),Selçuk Alkan,KENT KİTAP,4 / 5 (69 oy),28.0,42.0,2,41.0,"359,00",11.05.2023,TÜRKÇE,383,Karton Kapak,13.5 x 19.5 cm,Kitap Kağıdı,456.0,32.0,4.0,69.0,359.0,2023.0,383.0,Edebiyat,0,1,3,Edebiyat,0,0,0,1,0,0,0,0,0,0,0,0.7002832861189802,0.6105442176870748,0.09671848013816925,0.07636363636363637,0.003875968992248062,0.04302203567681007,0.08421052631578947,0.75,0.007487337590839022,0.944963655244029
Siyah MeşaleKapalı Kapının Ardı,Kitap > Edebiyat > Roman (Yerli),Dursun Kuveloğlu,Mİ YAYINLARI,5 / 5 (20 oy),8.0,3.0,3,4.0,"410,00",05.06.2023,TÜRKÇE,256,Karton Kapak,13 x 20 cm,Kitap Kağıdı,82.0,19.0,5.0,20.0,410.0,2023.0,256.0,Edebiyat,0,1,3,Edebiyat,0,0,0,1,0,0,0,0,0,0,0,0.8158640226628895,0.3945578231292517,0.027633851468048358,0.005454545454545455,0.005813953488372093,0.004197271773347324,0.049999999999999996,1.0,0.0020920502092050207,0.16822429906542055
Enkaz,Kitap > Edebiyat > Roman (Yerli),Kahraman Tazeoğlu,YEDİVEREN YAYIN GRUBU - KAMPANYA,5 / 5 (9 oy),235.0,24.0,1,28.0,"195,00",08.11.2023,TÜRKÇE,208,Karton Kapak,13.5 x 19.5 cm,Kitap Kağıdı,482.5,10.0,5.0,9.0,195.0,2023.0,208.0,Edebiyat,0,1,3,Edebiyat,0,0,0,1,0,0,0,0,0,0,0,0.32861189801699714,0.3129251700680272,0.8117443868739205,0.04363636363636364,0.001937984496124031,0.02938090241343127,0.02631578947368421,1.0,0.0008808632459810614,0.9999999999999999
Emanet Hikayeler,Kitap > Edebiyat > Hikaye (Yerli),Necip Tosun,DEDALUS KİTAP,5 / 5 (56 oy),186.0,37.0,4,46.0,"200,00",05.04.2023,TÜRKÇE,172,Karton Kapak,13 x 20 cm,Kitap Kağıdı,482.5,19.0,5.0,56.0,200.0,2023.0,172.0,Edebiyat,0,1,3,Edebiyat,0,0,0,1,0,0,0,0,0,0,0,0.3399433427762039,0.25170068027210885,0.6424870466321243,0.06727272727272728,0.007751937984496124,0.04826862539349423,0.049999999999999996,1.0,0.006055934816119797,0.9999999999999999
Piku Nedir Bu?,Kitap > Çocuk Kitapları > Diğer,Didem Yıldız,MOTTO,,0.0,0.0,0,0.0,"276,00",01.04.2022,TÜRKÇE,48,Karton Kapak,14 x 21 cm,Kitap Kağıdı,34.0,0.0,5.0,5.5,276.0,2022.0,48.0,Çocuk Kitapları,0,1,3,Çocuk Kitapları,0,0,0,0,0,0,0,0,0,1,0,0.5121813031161473,0.04081632653061224,0.0,0.0,0.0,0.0,0.0,1.0,0.000495485575864347,0.06853582554517135
Arka Kapının Şifreleri,Kitap > Spor > Genel,Ercan Taner,KRONOLOJİ YAYINLARI,5 / 5 (5 oy),27.0,4.0,0,3.0,"200,00",15.11.2022,TÜRKÇE,168,Karton Kapak,13.5 x 21 cm,Kitap Kağıdı,148.0,3.0,5.0,5.0,200.0,2022.0,168.0,Spor,0,1,3,Diger,0,1,0,0,0,0,0,0,0,0,0,0.3399433427762039,0.24489795918367346,0.09326424870466321,0.007272727272727273,0.0,0.0031479538300104933,0.007894736842105263,1.0,0.00044043162299053066,0.3052959501557633
Tehlikeli Yemin,Kitap > Edebiyat > Roman (Çeviri),Abbi Glines,PEGASUS YAYINLARI,4 / 5 (23 oy),71.0,10.0,0,34.0,"249,00",14.06.2016,TÜRKÇE,272,Karton Kapak,13.5 x 21 cm,Kitap Kağıdı,124.0,9.0,4.0,23.0,249.0,2016.0,272.0,Edebiyat,0,1,3,Edebiyat,0,0,0,1,0,0,0,0,0,0,0,0.4509915014164305,0.42176870748299317,0.2452504317789292,0.01818181818181818,0.0,0.035676810073452254,0.02368421052631579,0.75,0.002422373926447919,0.25545171339563866
Likit Ruh,Kitap > Edebiyat > Roman (Yerli),Saruhan Doğan,HAYY KİTAP - KAMPANYA,3 / 5 (2 oy),21.0,1.0,0,0.0,"150,00",26.06.2020,TÜRKÇE,256,Karton Kapak,13.5 x 21 cm,Kitap Kağıdı,34.0,2.0,3.0,2.0,150.0,2020.0,256.0,Edebiyat,0,1,3,Edebiyat,0,0,0,1,0,0,0,0,0,0,0,0.22662889518413593,0.3945578231292517,0.07253886010362694,0.0018181818181818182,0.0,0.0,0.005263157894736842,0.5,0.00011010790574763268,0.06853582554517135
Bütünsel Güzellik,Kitap > Kadın-Erkek > Güzellik-Bakım,Seda Sakacı,HAYY KİTAP - KAMPANYA,4 / 5 (15 oy),173.0,13.0,2,10.0,"175,00",22.01.2018,TÜRKÇE,144,Karton Kapak,15.5 x 23 cm,Kitap Kağıdı,255.0,7.0,4.0,15.0,175.0,2018.0,144.0,Kadın-Erkek,0,1,3,Diger,0,1,0,0,0,0,0,0,0,0,0,0.2832861189801699,0.20408163265306123,0.5975820379965457,0.023636363636363636,0.003875968992248062,0.010493179433368312,0.018421052631578946,0.75,0.0015415106804668576,0.5275181723779854
Yüreğime Aşk Düştü,Kitap > Edebiyat > Roman (Çeviri) > Kitap > Orijinal Dil > İngilizce,Eloisa James,PEGASUS YAYINLARI,4 / 5 (41 oy),289.5,13.0,1,45.0,"299,00",02.04.2010,TÜRKÇE,480,Karton Kapak,13.5 x 21 cm,Kitap Kağıdı,482.5,31.0,4.0,41.0,299.0,2010.0,480.0,Edebiyat,0,1,3,Edebiyat,0,0,0,1,0,0,0,0,0,0,0,0.5643059490084985,0.7755102040816326,1.0,0.023636363636363636,0.001937984496124031,0.0472193074501574,0.08157894736842106,0.75,0.004404316229905307,0.9999999999999999
Kazan Şarkiyatçılığı'nın Kaderi ( XX. Yüzyıl),Kitap > Tarih > Araştırma-İnceleme > Kitap > Kültür > Kültür Tarihi,Mirkasım Usmanov,YEDİTEPE YAYINEVİ-KAMPANYA,5 / 5 (33 oy),90.0,16.0,1,15.0,"120,00",15.05.2013,TÜRKÇE,120,Karton Kapak,13.5 x 21 cm,Kitap Kağıdı,318.0,13.0,5.0,33.0,120.0,2013.0,120.0,Tarih,0,1,3,Tarih,0,0,0,0,0,0,0,0,1,0,0,0.15864022662889515,0.163265306122449,0.31088082901554404,0.02909090909090909,0.001937984496124031,0.015739769150052468,0.034210526315789476,1.0,0.0035234529839242457,0.6583592938733125
Dolunay,Kitap > Edebiyat > Roman (Çeviri) > Kitap > Orijinal Dil > İngilizce,Andrea Cremer,PEGASUS YAYINLARI,5 / 5 (14 oy),156.0,7.0,0,9.0,"299,00",17.09.2013,TÜRKÇE,416,Karton Kapak,13.5 x 21 cm,Kitap Kağıdı,87.0,5.0,5.0,14.0,299.0,2013.0,416.0,Edebiyat,0,1,3,Edebiyat,0,0,0,1,0,0,0,0,0,0,0,0.5643059490084985,0.6666666666666666,0.538860103626943,0.012727272727272728,0.0,0.00944386149003148,0.013157894736842105,1.0,0.001431402774719225,0.17860851505711317
Sonbahar Tılsımı,Kitap > Diğer > Gençlik Kitapları > Edebiyat,Bella Thorne,PEGASUS YAYINLARI,4 / 5 (78 oy),240.0,58.0,1,67.0,"249,00",04.05.2016,TÜRKÇE,232,Karton Kapak,13.5 x 21 cm,Kitap Kağıdı,482.5,34.0,4.0,78.0,249.0,2016.0,232.0,Diğer,0,1,3,Diğer,0,0,1,0,0,0,0,0,0,0,0,0.4509915014164305,0.35374149659863946,0.8290155440414507,0.10545454545454545,0.001937984496124031,0.07030430220356769,0.08947368421052632,0.75,0.008478308742567716,0.9999999999999999
Seni Özlüyorum,Kitap > Edebiyat > Roman (Çeviri),Louise Douglas,PEGASUS YAYINLARI,5 / 5 (4 oy),70.0,9.0,0,13.0,"299,00",11.05.2016,TÜRKÇE,344,Karton Kapak,13.5 x 21 cm,Kitap Kağıdı,62.0,0.0,5.0,4.0,299.0,2016.0,344.0,Edebiyat,0,1,3,Edebiyat,0,0,0,1,0,0,0,0,0,0,0,0.5643059490084985,0.5442176870748299,0.24179620034542312,0.016363636363636365,0.0,0.013641133263378805,0.0,1.0,0.00033032371724289804,0.12668743509865005
Zoraki RahibeSezarların Yönettiği Roma’dan Bir Hikaye,Kitap > Edebiyat > Roman (Çeviri),Edward Lucas White,DEDALUS KİTAP,5 / 5 (3 oy),69.0,3.0,0,2.0,"320,00",16.02.2021,TÜRKÇE,322,Karton Kapak,13 x 20 cm,Kitap Kağıdı,183.0,1.0,5.0,3.0,320.0,2021.0,322.0,Edebiyat,0,1,3,Edebiyat,0,0,0,1,0,0,0,0,0,0,0,0.6118980169971671,0.5068027210884353,0.23834196891191708,0.005454545454545455,0.0,0.002098635886673662,0.002631578947368421,1.0,0.00022021581149526536,0.37798546209761164
Erkeklerin İç Sesi,Kitap > Edebiyat > Deneme (Yerli),Çağrı Taner,HAYY KİTAP - KAMPANYA,2 / 5 (155 oy),266.0,54.0,5,43.0,"150,00",23.01.2019,TÜRKÇE,136,Karton Kapak,13.5 x 21 cm,Kitap Kağıdı,482.5,13.0,2.0,155.0,150.0,2019.0,136.0,Edebiyat,0,1,3,Edebiyat,0,0,0,1,0,0,0,0,0,0,0,0.22662889518413593,0.19047619047619047,0.918825561312608,0.09818181818181818,0.009689922480620155,0.04512067156348374,0.034210526315789476,0.25,0.016956617485135436,0.9999999999999999
Beklenmeyen Misafir,Kitap > Edebiyat > Roman (Yerli),İsmet Gülseçgin,URZENİ,,12.0,1.0,0,0.0,"320,00",09.12.2020,TÜRKÇE,420,Karton Kapak,14 x 22 cm,Kitap Kağıdı,69.0,0.0,5.0,5.5,320.0,2020.0,420.0,Edebiyat,0,1,3,Edebiyat,0,0,0,1,0,0,0,0,0,0,0,0.6118980169971671,0.673469387755102,0.04145077720207253,0.0018181818181818182,0.0,0.0,0.0,1.0,0.000495485575864347,0.1412253374870197
Oyunların Dijital Hali 2,Kitap > Hobi > Oyunlar > Kitap > Akademik > Bilim,Özge Uğurlu Akbaş,URZENİ,,15.0,0.0,0,1.0,"270,00",21.06.2023,TÜRKÇE,360,Karton Kapak,13.5 x 19.5 cm,Kitap Kağıdı,52.0,0.0,5.0,5.5,270.0,2023.0,360.0,Hobi,0,1,3,Diger,0,1,0,0,0,0,0,0,0,0,0,0.49858356940509907,0.5714285714285714,0.05181347150259067,0.0,0.0,0.001049317943336831,0.0,1.0,0.000495485575864347,0.1059190031152648
Osmanlı'nın Kanlı Tarihi,Kitap > Tarih > Araştırma-İnceleme,İsmail Metin,SARMAL KİTABEVİ,4 / 5 (6 oy),60.0,5.0,0,2.0,"400,00",04.07.2022,TÜRKÇE,422,Karton Kapak,13 x 20 cm,Kitap Kağıdı,69.0,2.0,4.0,6.0,400.0,2022.0,422.0,Tarih,0,1,3,Tarih,0,0,0,0,0,0,0,0,1,0,0,0.7932011331444758,0.6768707482993197,0.20725388601036268,0.00909090909090909,0.0,0.002098635886673662,0.005263157894736842,0.75,0.0005505395287381633,0.1412253374870197
Teoride ve Uygulamada Yerel Yönetim 4.0,Kitap > Akademik > Siyaset İnceleme,Oktay Saral,HAYY KİTAP - KAMPANYA,5 / 5 (1 oy),25.0,3.0,0,1.0,"100,00",19.03.2020,TÜRKÇE,144,Karton Kapak,15.5 x 23 cm,Kitap Kağıdı,48.0,1.0,5.0,1.0,100.0,2020.0,144.0,Akademik,0,1,3,Diger,0,1,0,0,0,0,0,0,0,0,0,0.11331444759206798,0.20408163265306123,0.08635578583765112,0.005454545454545455,0.0,0.001049317943336831,0.002631578947368421,1.0,0.0,0.0976116303219107
Doğmadan Ölenler,Kitap > Edebiyat > Roman (Yerli),Halit Yazıcı,KURMACA AKADEMİ,,10.0,2.0,0,0.0,"206,50",22.02.2021,TÜRKÇE,360,Karton Kapak,12.5 x 19.5 cm,Kitap Kağıdı,133.0,0.0,5.0,5.5,206.5,2021.0,360.0,Edebiyat,0,1,3,Edebiyat,0,0,0,1,0,0,0,0,0,0,0,0.35467422096317275,0.5714285714285714,0.03454231433506045,0.0036363636363636364,0.0,0.0,0.0,1.0,0.000495485575864347,0.2741433021806854
Kongo Blues,Kitap > Edebiyat > Roman (Çeviri),Jonathan Robijn,EPONA KİTAP,4 / 5 (2 oy),36.0,1.0,0,2.0,"256,00",05.10.2022,TÜRKÇE,200,Karton Kapak,12 x 19.5 cm,Kitap Kağıdı,84.0,1.0,4.0,2.0,256.0,2022.0,200.0,Edebiyat,0,1,3,Edebiyat,0,0,0,1,0,0,0,0,0,0,0,0.46685552407932007,0.29931972789115646,0.12435233160621761,0.0018181818181818182,0.0,0.002098635886673662,0.002631578947368421,0.75,0.00011010790574763268,0.1723779854620976
Punk DüşünYaratıcı Düşüncenin Yeni Şekli,Kitap > Felsefe-Düşünce > Diğer,Ecequıel Barricart,DESTEK YAYIN GRUBU-KAMPANYA,5 / 5 (1 oy),53.0,0.0,0,1.0,"160,00",18.04.2020,TÜRKÇE,136,Karton Kapak,13.5 x 21 cm,Kitap Kağıdı,6.0,0.0,5.0,1.0,160.0,2020.0,136.0,Felsefe-Düşünce,0,1,3,Felsefe-Düşünce,0,0,0,0,1,0,0,0,0,0,0,0.24929178470254953,0.19047619047619047,0.18307426597582038,0.0,0.0,0.001049317943336831,0.0,1.0,0.0,0.010384215991692626
Türk Sinemasında Ölüm,Kitap > Sinema-Tiyatro > Senaryo (Yerli),Cangül Akdaş,URZENİ,5 / 5 (1 oy),50.0,4.0,0,1.0,"350,00",24.06.2022,TÜRKÇE,289,Karton Kapak,13.5 x 21 cm,Kitap Kağıdı,46.0,0.0,5.0,1.0,350.0,2022.0,289.0,Sinema-Tiyatro,0,1,3,Diger,0,1,0,0,0,0,0,0,0,0,0,0.6798866855524078,0.45068027210884354,0.17271157167530224,0.007272727272727273,0.0,0.001049317943336831,0.0,1.0,0.0,0.09345794392523364
PythagorasBüyük Düşünürlerden Yaşam Bilgeliği,Kitap > Felsefe-Düşünce > Diğer,Turgut Özgüney,DESTEK YAYIN GRUBU-KAMPANYA,,17.0,1.0,0,0.0,"210,00",12.01.2023,TÜRKÇE,208,Karton Kapak,13.5 x 21 cm,Kitap Kağıdı,3.0,0.0,5.0,5.5,210.0,2023.0,208.0,Felsefe-Düşünce,0,1,3,Felsefe-Düşünce,0,0,0,0,1,0,0,0,0,0,0,0.3626062322946175,0.3129251700680272,0.05872193436960276,0.0018181818181818182,0.0,0.0,0.0,1.0,0.000495485575864347,0.004153686396677051
O'nun Yolunda Biz,Kitap > İslam > Tasavvuf,Tufan Gündüz,YEDİTEPE YAYINEVİ-KAMPANYA,4 / 5 (82 oy),289.5,49.0,6,60.0,"150,00",05.04.2019,TÜRKÇE,144,Karton Kapak,13.5 x 21 cm,Kitap Kağıdı,482.5,30.0,4.0,82.0,150.0,2019.0,144.0,İslam,0,1,3,İslam,0,0,0,0,0,0,0,0,0,0,1,0.22662889518413593,0.20408163265306123,1.0,0.0890909090909091,0.011627906976744186,0.06295907660020987,0.07894736842105263,0.75,0.008918740365558247,0.9999999999999999
İncir Tadında İyilik Öyküleri,Kitap > Edebiyat > Antoloji-Derleme,Kolektif,TİMAŞ YAYINLARI,4 / 5 (57 oy),92.0,15.0,6,46.0,"155,00",15.04.2022,TÜRKÇE,312,Karton Kapak,13.5 x 21 cm,Kitap Kağıdı,391.0,25.0,4.0,57.0,155.0,2022.0,312.0,Edebiyat,0,1,3,Edebiyat,0,0,0,1,0,0,0,0,0,0,0,0.23796033994334276,0.489795918367347,0.3177892918825561,0.02727272727272727,0.011627906976744186,0.04826862539349423,0.06578947368421052,0.75,0.00616604272186743,0.8099688473520249
Zamanın Tekerleği,Kitap > Edebiyat > Roman (Çeviri),Aleksandr İvanoviç Kuprin,DEDALUS KİTAP,5 / 5 (6 oy),83.0,5.0,1,5.0,"140,00",05.11.2021,TÜRKÇE,100,Karton Kapak,13 x 20 cm,Kitap Kağıdı,236.0,4.0,5.0,6.0,140.0,2021.0,100.0,Edebiyat,0,1,3,Edebiyat,0,0,0,1,0,0,0,0,0,0,0,0.20396600566572237,0.1292517006802721,0.2867012089810017,0.00909090909090909,0.001937984496124031,0.005246589716684156,0.010526315789473684,1.0,0.0005505395287381633,0.48805815160955346
Güzel Ölüler Serisi Takım Set (3 Kitap),Kitap > Edebiyat > Roman (Çeviri),Eden Maguire,PEGASUS YAYINLARI,5 / 5 (8 oy),289.5,10.0,2,8.0,"747,00",31.01.2020,TÜRKÇE,824,Karton Kapak,13.5 x 21 cm,Kitap Kağıdı,155.0,5.0,5.0,8.0,491.25,2020.0,612.0,Edebiyat,0,1,3,Edebiyat,0,0,0,1,0,0,0,0,0,0,0,1.0,1.0,1.0,0.01818181818181818,0.003875968992248062,0.008394543546694649,0.013157894736842105,1.0,0.0007707553402334288,0.31983385254413293
Aşkın Kırk Hali,Kitap > Edebiyat > Deneme (Yerli),40'lar Kulübü,40'LAR KULÜBÜ,5 / 5 (2 oy),20.0,2.0,0,2.0,"99,00",23.05.2022,TÜRKÇE,128,Karton Kapak,13.5 x 21 cm,Kitap Kağıdı,9.0,1.0,5.0,2.0,99.0,2022.0,128.0,Edebiyat,0,1,3,Edebiyat,0,0,0,1,0,0,0,0,0,0,0,0.11104815864022662,0.17687074829931973,0.0690846286701209,0.0036363636363636364,0.0,0.002098635886673662,0.002631578947368421,1.0,0.00011010790574763268,0.016614745586708203
Kehribar Dumanı / Firar (Birinci Kitap),Kitap > Edebiyat > Bilimkurgu-Fantazya,Kristin Cast,PEGASUS YAYINLARI,4 / 5 (28 oy),236.0,20.0,0,20.0,"249,00",12.10.2017,TÜRKÇE,272,Karton Kapak,13.5 x 2 cm,Kitap Kağıdı,204.0,6.0,4.0,28.0,249.0,2017.0,272.0,Edebiyat,0,1,3,Edebiyat,0,0,0,1,0,0,0,0,0,0,0,0.4509915014164305,0.42176870748299317,0.8151986183074266,0.03636363636363636,0.0,0.020986358866736624,0.015789473684210527,0.75,0.0029729134551860826,0.4215991692627207
Öksüz VatanKeşke Hiç Böyle Olmasaydı!,Kitap > Siyaset > Araştırma-İnceleme,Prof. Dr. Doğan Aydal,MOTTO,4 / 5 (2 oy),14.0,5.0,0,1.0,"334,00",25.09.2023,TÜRKÇE,228,Karton Kapak,13.5 x 21 cm,Kitap Kağıdı,97.0,1.0,4.0,2.0,334.0,2023.0,228.0,Siyaset,0,1,3,Siyaset,0,0,0,0,0,0,1,0,0,0,0,0.6436260623229462,0.3469387755102041,0.048359240069084625,0.00909090909090909,0.0,0.001049317943336831,0.002631578947368421,0.75,0.00011010790574763268,0.19937694704049844
Yabancılar ve Ötekiler,Kitap > Edebiyat > Hikaye (Yerli),Demet Eker,EPONA KİTAP,5 / 5 (2 oy),19.0,4.0,0,6.0,"165,00",28.11.2024,TÜRKÇE,104,Karton Kapak,12.5 x 19.5 cm,Kitap Kağıdı,482.5,3.0,5.0,2.0,165.0,2024.0,104.0,Edebiyat,0,1,3,Edebiyat,0,0,0,1,0,0,0,0,0,0,0,0.26062322946175637,0.1360544217687075,0.06563039723661485,0.007272727272727273,0.0,0.0062959076600209865,0.007894736842105263,1.0,0.00011010790574763268,0.9999999999999999
Acı Gülüş,Kitap > Edebiyat > Roman (Yerli),Hüseyin Rahmi Gürpınar,KAPRA YAYINCILIK,5 / 5 (67 oy),289.5,62.0,7,61.0,"70,00",13.01.2021,TÜRKÇE,390,Karton Kapak,12.5 x 19.5 cm,Kitap Kağıdı,482.5,25.0,5.0,67.0,70.0,2021.0,390.0,Edebiyat,0,1,3,Edebiyat,0,0,0,1,0,0,0,0,0,0,0,0.045325779036827205,0.6224489795918366,1.0,0.11272727272727273,0.013565891472868217,0.06400839454354669,0.06578947368421052,1.0,0.007267121779343757,0.9999999999999999
Zehra Güneş / Geçilmeyen Duvar,Kitap > Spor > Biyografi,Can Eren,PETA KİTAP YAYINCILIK,,23.0,3.0,0,4.0,"135,00",22.07.2024,TÜRKÇE,120,Karton Kapak,13.5 x 19.5 cm,Kitap Kağıdı,89.0,1.0,5.0,5.5,135.0,2024.0,120.0,Spor,0,1,3,Diger,0,1,0,0,0,0,0,0,0,0,0,0.19263456090651554,0.163265306122449,0.07944732297063903,0.005454545454545455,0.0,0.004197271773347324,0.002631578947368421,1.0,0.000495485575864347,0.1827622014537902
Annem Bir Şizofren,Kitap > Psikoloji > İnceleme,Claire Phillips,SAY YAYIN GRUBU-KAMPANYA,5 / 5 (1 oy),74.0,6.0,0,1.0,"250,00",02.01.2024,TÜRKÇE,224,Karton Kapak,13.5 x 21 cm,Kitap Kağıdı,47.0,0.0,5.0,1.0,250.0,2024.0,224.0,Psikoloji,0,1,3,Diger,0,1,0,0,0,0,0,0,0,0,0,0.45325779036827196,0.3401360544217687,0.2556131260794473,0.01090909090909091,0.0,0.001049317943336831,0.0,1.0,0.0,0.09553478712357218
Skinny Bitch Mutfakta,Kitap > Hobi > Yeme-İçme,Rory Freedman,PEGASUS YAYINLARI,3 / 5 (25 oy),270.0,23.0,8,24.0,"249,00",15.08.2008,TÜRKÇE,176,Karton Kapak,13.54 x 21 cm,Kitap Kağıdı,482.5,14.0,3.0,25.0,249.0,2008.0,176.0,Hobi,0,1,3,Diger,0,1,0,0,0,0,0,0,0,0,0,0.4509915014164305,0.2585034013605442,0.9326424870466321,0.04181818181818182,0.015503875968992248,0.025183630640083946,0.03684210526315789,0.5,0.0026425897379431843,0.9999999999999999
Gerginlik Toplumu,Kitap > Akademik > Psikoloji,İhsan Kurt,NET KİTAPLIK YAYINCILIK,,27.0,0.0,1,2.0,"340,00",03.01.2023,TÜRKÇE,200,Karton Kapak,13 x 20 cm,Kitap Kağıdı,10.0,0.0,5.0,5.5,340.0,2023.0,200.0,Akademik,0,1,3,Diger,0,1,0,0,0,0,0,0,0,0,0,0.6572237960339943,0.29931972789115646,0.09326424870466321,0.0,0.001937984496124031,0.002098635886673662,0.0,1.0,0.000495485575864347,0.018691588785046728
Greklerde Eğitim Düşüncesi,Kitap > Eğitim > Diğer > Kitap > Felsefe-Düşünce > Genel,Thomas Davidson,SAY YAYIN GRUBU-KAMPANYA,5 / 5 (1 oy),83.0,4.0,0,0.0,"300,00",29.08.2008,TÜRKÇE,255,Karton Kapak,13.5 x 19.5 cm,Kitap Kağıdı,52.0,1.0,5.0,1.0,300.0,2008.0,255.0,Eğitim,0,1,3,Diger,0,1,0,0,0,0,0,0,0,0,0,0.5665722379603398,0.39285714285714285,0.2867012089810017,0.007272727272727273,0.0,0.0,0.002631578947368421,1.0,0.0,0.1059190031152648
"Güneş, Ay ve Yıldızlardan Öyküler",Kitap > Edebiyat > Hikaye (Çeviri),Richard Erdoes,URZENİ,5 / 5 (1 oy),11.0,2.0,0,1.0,"170,00",17.10.2022,TÜRKÇE,114,Karton Kapak,13.5 x 19.5 cm,Kitap Kağıdı,11.0,0.0,5.0,1.0,170.0,2022.0,114.0,Edebiyat,0,1,3,Edebiyat,0,0,0,1,0,0,0,0,0,0,0,0.27195467422096314,0.15306122448979592,0.037996545768566495,0.0036363636363636364,0.0,0.001049317943336831,0.0,1.0,0.0,0.020768431983385256
Paşa'nın SofracısıPembe Köşk'te Üç Yıl,Kitap > Tarih > Araştırma-İnceleme,İhsan Aydın,USÛL YAYINLARI,5 / 5 (5 oy),42.0,2.0,0,4.0,"180,00",06.01.2023,TÜRKÇE,128,Karton Kapak,13.5 x 21 cm,Kitap Kağıdı,127.0,4.0,5.0,5.0,180.0,2023.0,128.0,Tarih,0,1,3,Tarih,0,0,0,0,0,0,0,0,1,0,0,0.29461756373937675,0.17687074829931973,0.14507772020725387,0.0036363636363636364,0.0,0.004197271773347324,0.010526315789473684,1.0,0.00044043162299053066,0.26168224299065423
Günahkar,Kitap > Edebiyat > Roman (Çeviri),Maggie Stiefvater,PEGASUS YAYINLARI,4 / 5 (13 oy),109.0,11.0,0,9.0,"299,00",07.04.2017,TÜRKÇE,384,Karton Kapak,13.5 x 21 cm,Kitap Kağıdı,74.0,7.0,4.0,13.0,299.0,2017.0,384.0,Edebiyat,0,1,3,Edebiyat,0,0,0,1,0,0,0,0,0,0,0,0.5643059490084985,0.6122448979591836,0.3765112262521589,0.02,0.0,0.00944386149003148,0.018421052631578946,0.75,0.0013212948689715921,0.15160955347871236
Mesaj / Novus II,Kitap > Edebiyat > Diğer,Erhan Kolbaşı,DESTEK YAYIN GRUBU-KAMPANYA,5 / 5 (3 oy),65.0,3.0,1,6.0,"250,00",22.08.2023,TÜRKÇE,288,Karton Kapak,13.5 x 21 cm,Kitap Kağıdı,274.0,3.0,5.0,3.0,250.0,2023.0,288.0,Edebiyat,0,1,3,Edebiyat,0,0,0,1,0,0,0,0,0,0,0,0.45325779036827196,0.4489795918367347,0.2245250431778929,0.005454545454545455,0.001937984496124031,0.0062959076600209865,0.007894736842105263,1.0,0.00022021581149526536,0.5669781931464174
Turgut ÖzalTürk Siyasal Hayatında Teknokrat Olarak,Kitap > Siyaset,Hazerfen Gültekin,URZENİ,5 / 5 (1 oy),18.0,1.0,0,1.0,"370,00",18.09.2023,TÜRKÇE,339,Karton Kapak,13.5 x 19.5 cm,Kitap Kağıdı,34.0,0.0,5.0,1.0,370.0,2023.0,339.0,Siyaset,0,1,3,Siyaset,0,0,0,0,0,0,1,0,0,0,0,0.725212464589235,0.5357142857142857,0.06217616580310881,0.0018181818181818182,0.0,0.001049317943336831,0.0,1.0,0.0,0.06853582554517135
Hazretler SinemasıYeşilçam'ın Hazretli Filmleri,Kitap > Sinema-Tiyatro > Sinema-Genel,Bilal Yorulmaz,URZENİ,5 / 5 (2 oy),31.0,1.0,0,2.0,"350,00",02.02.2021,TÜRKÇE,386,Karton Kapak,13 x 20 cm,Kitap Kağıdı,35.0,0.0,5.0,2.0,350.0,2021.0,386.0,Sinema-Tiyatro,0,1,3,Diger,0,1,0,0,0,0,0,0,0,0,0,0.6798866855524078,0.6156462585034013,0.1070811744386874,0.0018181818181818182,0.0,0.002098635886673662,0.0,1.0,0.00011010790574763268,0.07061266874350987
Sığınamayanlar,Kitap > Edebiyat > Roman (Yerli),Aytekin Yılmaz,VADİ YAYINLARI,5 / 5 (2 oy),30.0,1.0,0,2.0,"330,00",06.04.2022,TÜRKÇE,256,Karton Kapak,13.5 x 21 cm,Kitap Kağıdı,97.0,1.0,5.0,2.0,330.0,2022.0,256.0,Edebiyat,0,1,3,Edebiyat,0,0,0,1,0,0,0,0,0,0,0,0.6345609065155807,0.3945578231292517,0.10362694300518134,0.0018181818181818182,0.0,0.002098635886673662,0.002631578947368421,1.0,0.00011010790574763268,0.19937694704049844
Mozaik: Toplu Öyküler,Kitap > Edebiyat > Hikaye (Çeviri),Prosper Merimee,FİHRİST KİTAP,5 / 5 (1 oy),37.0,4.0,0,1.0,"174,50",10.05.2023,TÜRKÇE,108,Karton Kapak,13 x 19.5 cm,Kitap Kağıdı,153.0,0.0,5.0,1.0,174.5,2023.0,108.0,Edebiyat,0,1,3,Edebiyat,0,0,0,1,0,0,0,0,0,0,0,0.28215297450424925,0.14285714285714285,0.12780656303972365,0.007272727272727273,0.0,0.001049317943336831,0.0,1.0,0.0,0.31568016614745587
İslam Öncesi Ortadoğu’da Eko-Politik Akıl,Kitap > Ekonomi > Tarih,Sedat Namdar,LEJAND,4 / 5 (3 oy),27.0,2.0,0,1.0,"250,00",27.03.2024,TÜRKÇE,298,Karton Kapak,13 x 19.5 cm,Kitap Kağıdı,104.0,2.0,4.0,3.0,250.0,2024.0,298.0,Ekonomi,0,1,3,Diger,0,1,0,0,0,0,0,0,0,0,0,0.45325779036827196,0.46598639455782315,0.09326424870466321,0.0036363636363636364,0.0,0.001049317943336831,0.005263157894736842,0.75,0.00022021581149526536,0.2139148494288681
Yanlış Yer Yanlış Zaman,Kitap > Edebiyat > Korku-Gerilim,Gillian Mcallister,OLİMPOS YAYINLARI,5 / 5 (92 oy),1.739,98.0,6,140.0,"320,00",15.03.2023,TÜRKÇE,384,Karton Kapak,13.5 x 21 cm,Kitap Kağıdı,482.5,62.0,5.0,92.0,320.0,2023.0,384.0,Edebiyat,0,1,3,Edebiyat,0,0,0,1,0,0,0,0,0,0,0,0.6118980169971671,0.6122448979591836,0.006006908462867012,0.1781818181818182,0.011627906976744186,0.14690451206715635,0.1631578947368421,1.0,0.010019819423034574,0.9999999999999999
BIM-Yapı Bilgi Modellemesi (Building Information Modelling),Kitap > Bilgisayar > Diğer,Doç. Dr. Beliz Özorhon,ABAKÜS KİTAP - KAMPANYA,4 / 5 (6 oy),39.0,4.0,1,3.0,"200,00",02.05.2018,TÜRKÇE,152,Karton Kapak,16.5 x 24 cm,1. Hm. Kağıt,139.0,3.0,4.0,6.0,200.0,2018.0,152.0,Bilgisayar,0,1,0,Diger,0,1,0,0,0,0,0,0,0,0,0,0.3399433427762039,0.217687074829932,0.13471502590673576,0.007272727272727273,0.001937984496124031,0.0031479538300104933,0.007894736842105263,0.75,0.0005505395287381633,0.28660436137071654
Komünizm ve Sol KorkusuAmerika Jusmat Kontrgerilla,Kitap > Siyaset > Kitap > Siyaset > Devlet,Süleyman Yağız,URZENİ,4 / 5 (2 oy),30.0,4.0,0,2.0,"400,00",19.07.2019,TÜRKÇE,354,Karton Kapak,14 x 22 cm,Kitap Kağıdı,78.0,0.0,4.0,2.0,400.0,2019.0,354.0,Siyaset,0,1,3,Siyaset,0,0,0,0,0,0,1,0,0,0,0,0.7932011331444758,0.5612244897959183,0.10362694300518134,0.007272727272727273,0.0,0.002098635886673662,0.0,0.75,0.00011010790574763268,0.15991692627206644
Giyotin Takımı,Kitap > Edebiyat > Roman (Çeviri),Guillermo Arriaga,SİYASAL YAYIN GRUBU - KAMPANYA,,20.0,1.0,0,0.0,"230,00",05.11.2008,TÜRKÇE,164,Karton Kapak,13.5 x 19.5 cm,Kitap Kağıdı,15.0,1.0,5.0,5.5,230.0,2008.0,164.0,Edebiyat,0,1,3,Edebiyat,0,0,0,1,0,0,0,0,0,0,0,0.40793201133144474,0.23809523809523808,0.0690846286701209,0.0018181818181818182,0.0,0.0,0.002631578947368421,1.0,0.000495485575864347,0.029075804776739357
Miyav! Yarın Yeni Bir Hayata Başlıyorum + Miyav! Kafayı mı Yediniz Siz? (2 Kitap Takım Set),Kitap > Çocuk Kitapları > Diğer,Gilles Legardinier,PEGASUS YAYINLARI,5 / 5 (28 oy),199.0,24.0,3,17.0,"598,00",31.01.2020,TÜRKÇE,720,Karton Kapak,13.5 x 21 cm,Kitap Kağıdı,334.0,12.0,5.0,28.0,491.25,2020.0,612.0,Çocuk Kitapları,0,1,3,Çocuk Kitapları,0,0,0,0,0,0,0,0,0,1,0,1.0,1.0,0.6873920552677029,0.04363636363636364,0.005813953488372093,0.017838405036726127,0.031578947368421054,1.0,0.0029729134551860826,0.6915887850467289
Ölümsüz Cümleler,Kitap > Edebiyat > Polisiye,Polat Onat,FİHRİST KİTAP,5 / 5 (4 oy),41.0,0.0,0,10.0,"474,50",25.06.2021,TÜRKÇE,364,Karton Kapak,13 x 19.5 cm,Kitap Kağıdı,104.0,3.0,5.0,4.0,474.5,2021.0,364.0,Edebiyat,0,1,3,Edebiyat,0,0,0,1,0,0,0,0,0,0,0,0.9620396600566572,0.5782312925170068,0.14162348877374784,0.0,0.0,0.010493179433368312,0.007894736842105263,1.0,0.00033032371724289804,0.2139148494288681
Şeffaf Toplum,Kitap > Felsefe-Düşünce > Felsefe Tarihi,Gianni Vattimo,SAY YAYIN GRUBU-KAMPANYA,5 / 5 (10 oy),120.0,5.0,2,6.0,"200,00",03.09.2012,TÜRKÇE,144,Karton Kapak,13.5 x 21 cm,Kitap Kağıdı,89.0,1.0,5.0,10.0,200.0,2012.0,144.0,Felsefe-Düşünce,0,1,3,Felsefe-Düşünce,0,0,0,0,1,0,0,0,0,0,0,0.3399433427762039,0.20408163265306123,0.41450777202072536,0.00909090909090909,0.003875968992248062,0.0062959076600209865,0.002631578947368421,1.0,0.000990971151728694,0.1827622014537902
Hiçliğin Kıyısında,Kitap > Edebiyat > Roman (Yerli),Bahadır İçel,KANON KİTAP,,15.0,1.0,0,1.0,"175,00",29.07.2021,TÜRKÇE,179,Karton Kapak,12.5 x 19.5 cm,Kitap Kağıdı,12.0,0.0,5.0,5.5,175.0,2021.0,179.0,Edebiyat,0,1,3,Edebiyat,0,0,0,1,0,0,0,0,0,0,0,0.2832861189801699,0.26360544217687076,0.05181347150259067,0.0018181818181818182,0.0,0.001049317943336831,0.0,1.0,0.000495485575864347,0.02284527518172378
Alev Alev,Kitap > Edebiyat > Roman (Çeviri),Kasey Michaels,PEGASUS YAYINLARI,4 / 5 (20 oy),213.0,3.0,0,20.0,"299,00",25.05.2012,TÜRKÇE,336,Karton Kapak,13.5 x 21 cm,Kitap Kağıdı,204.0,6.0,4.0,20.0,299.0,2012.0,336.0,Edebiyat,0,1,3,Edebiyat,0,0,0,1,0,0,0,0,0,0,0,0.5643059490084985,0.5306122448979591,0.7357512953367875,0.005454545454545455,0.0,0.020986358866736624,0.015789473684210527,0.75,0.0020920502092050207,0.4215991692627207
İslam'a Kırk Hayat,Kitap > İslam > Kişiler,40'lar Kulübü,40'LAR KULÜBÜ,4 / 5 (3 oy),23.0,3.0,0,2.0,"149,00",23.05.2022,TÜRKÇE,181,Karton Kapak,13.5 x 21 cm,Kitap Kağıdı,39.0,1.0,4.0,3.0,149.0,2022.0,181.0,İslam,0,1,3,İslam,0,0,0,0,0,0,0,0,0,0,1,0.2243626062322946,0.26700680272108845,0.07944732297063903,0.005454545454545455,0.0,0.002098635886673662,0.002631578947368421,0.75,0.00022021581149526536,0.07892004153686397
Sen Kim Olduğunu Zannediyorsun,Kitap > Kişisel Gelişim,Suat Güzey,YEDİVEREN YAYIN GRUBU - KAMPANYA,,4.0,0.0,0,0.0,"163,00",26.10.2023,TÜRKÇE,176,Karton Kapak,13.5 x 19.5 cm,Kitap Kağıdı,6.0,0.0,5.0,5.5,163.0,2023.0,176.0,Kişisel Gelişim,0,1,3,Kişisel Gelişim,0,0,0,0,0,1,0,0,0,0,0,0.25609065155807365,0.2585034013605442,0.013816925734024179,0.0,0.0,0.0,0.0,1.0,0.000495485575864347,0.010384215991692626
Türk-Amerikan İlişkileri,Kitap > Siyaset > Araştırma-İnceleme,Prof. Dr. Ozan Örmeci,URZENİ,5 / 5 (4 oy),37.0,3.0,1,2.0,"370,00",25.02.2021,TÜRKÇE,455,Karton Kapak,13.5 x 21 cm,Kitap Kağıdı,53.0,2.0,5.0,4.0,370.0,2021.0,455.0,Siyaset,0,1,3,Siyaset,0,0,0,0,0,0,1,0,0,0,0,0.725212464589235,0.7329931972789115,0.12780656303972365,0.005454545454545455,0.001937984496124031,0.002098635886673662,0.005263157894736842,1.0,0.00033032371724289804,0.10799584631360333
Evrim Yaşamı Nasıl Açıklar?,Kitap > Bilim & Mühendislik > Popüler Bilim,New Scientist,SAY YAYIN GRUBU-KAMPANYA,5 / 5 (1 oy),130.0,9.0,1,4.0,"400,00",14.10.2020,TÜRKÇE,296,Karton Kapak,13.5 x 21 cm,Kitap Kağıdı,75.0,0.0,5.0,1.0,400.0,2020.0,296.0,Bilim & Mühendislik,0,1,3,Bilim & Mühendislik,1,0,0,0,0,0,0,0,0,0,0,0.7932011331444758,0.46258503401360546,0.4490500863557858,0.016363636363636365,0.001937984496124031,0.004197271773347324,0.0,1.0,0.0,0.15368639667705086
Alfred Kropp: On Üçüncü Kafatası,Kitap > Edebiyat > Bilimkurgu-Fantazya,Rick Yancey,PEGASUS  ÇOCUK YAYINLARI,4 / 5 (15 oy),161.0,11.0,1,4.0,"250,00",05.01.2019,TÜRKÇE,320,Karton Kapak,13.5 x 21 cm,Kitap Kağıdı,85.0,3.0,4.0,15.0,250.0,2019.0,320.0,Edebiyat,0,1,3,Edebiyat,0,0,0,1,0,0,0,0,0,0,0,0.45325779036827196,0.5034013605442176,0.5561312607944732,0.02,0.001937984496124031,0.004197271773347324,0.007894736842105263,0.75,0.0015415106804668576,0.17445482866043613
50 Maddede Siyasi Cinayetler,Kitap > Tarih > Araştırma-İnceleme,Orhan Tüleylioğlu,DESTEK YAYIN GRUBU-KAMPANYA,5 / 5 (5 oy),78.0,7.0,1,4.0,"240,00",27.01.2020,TÜRKÇE,296,Karton Kapak,11.5 x 17.5 cm,Kitap Kağıdı,77.0,1.0,5.0,5.0,240.0,2020.0,296.0,Tarih,0,1,3,Tarih,0,0,0,0,0,0,0,0,1,0,0,0.4305949008498583,0.46258503401360546,0.2694300518134715,0.012727272727272728,0.001937984496124031,0.004197271773347324,0.002631578947368421,1.0,0.00044043162299053066,0.15784008307372793
FemeiKadınlar,Kitap > Edebiyat > Roman (Çeviri),Mihail Sebastian,FİHRİST KİTAP,5 / 5 (2 oy),22.0,5.0,0,1.0,"219,50",01.07.2024,TÜRKÇE,144,Karton Kapak,13 x 19.5 cm,Kitap Kağıdı,30.0,0.0,5.0,2.0,219.5,2024.0,144.0,Edebiyat,0,1,3,Edebiyat,0,0,0,1,0,0,0,0,0,0,0,0.38413597733711047,0.20408163265306123,0.07599309153713299,0.00909090909090909,0.0,0.001049317943336831,0.0,1.0,0.00011010790574763268,0.060228452751817235
Sözde AdamErkek Kılığındaki Bir Yılım,Kitap > Sosyoloji > Araştırma-İnceleme,Norah Vincent,FİHRİST KİTAP,5 / 5 (12 oy),204.0,23.0,2,13.0,"379,50",06.09.2023,TÜRKÇE,284,Karton Kapak,13 x 19.5 cm,Kitap Kağıdı,371.0,7.0,5.0,12.0,379.5,2023.0,284.0,Sosyoloji,0,1,3,Sosyoloji,0,0,0,0,0,0,0,1,0,0,0,0.746742209631728,0.4421768707482993,0.7046632124352331,0.04181818181818182,0.003875968992248062,0.013641133263378805,0.018421052631578946,1.0,0.0012111869632239595,0.7684319833852543
Aşk mısın Yağmur mu?,Kitap > Edebiyat > Şiir (Yerli),Serpil Yalçın,TRUVA YAYINLARI,,3.0,0.0,0,0.0,"165,00",09.03.2022,TÜRKÇE,168,Karton Kapak,13.5 x 21 cm,Kitap Kağıdı,138.0,0.0,5.0,5.5,165.0,2022.0,168.0,Edebiyat,0,1,3,Edebiyat,0,0,0,1,0,0,0,0,0,0,0,0.26062322946175637,0.24489795918367346,0.010362694300518133,0.0,0.0,0.0,0.0,1.0,0.000495485575864347,0.284527518172378
Kısa İspanya TarihiAntik İberya’dan 20. Yüzyıla,Kitap > Tarih > Bölgeler-Ülkeler,Mary Platt Parmele,LİBERUS,3 / 5 (9 oy),289.5,22.0,1,9.0,"180,00",08.03.2023,TÜRKÇE,120,Karton Kapak,13 x 19.5 cm,Kitap Kağıdı,461.0,2.0,3.0,9.0,180.0,2023.0,120.0,Tarih,0,1,3,Tarih,0,0,0,0,0,0,0,0,1,0,0,0.29461756373937675,0.163265306122449,1.0,0.04,0.001937984496124031,0.00944386149003148,0.005263157894736842,0.5,0.0008808632459810614,0.9553478712357216
Kedi Bakımı / Çocuklar İçin,Kitap > Hobi > Hayvanlar,Katherine Starke,İLETİŞİM YAYINLARI KAMPANYA,5 / 5 (7 oy),78.0,4.0,0,2.0,"119,00",01.12.2015,TÜRKÇE,38,Karton Kapak,13 x 19.5 cm,Kuşe Kağıt,130.0,1.0,5.0,7.0,119.0,2015.0,38.0,Hobi,0,1,4,Diger,0,1,0,0,0,0,0,0,0,0,0,0.15637393767705382,0.023809523809523815,0.2694300518134715,0.007272727272727273,0.0,0.002098635886673662,0.002631578947368421,1.0,0.0006606474344857962,0.2679127725856698
Larus,Kitap > Edebiyat > Roman (Yerli),Kaan Mumcuoğlu,MOTTO,3 / 5 (1 oy),9.0,1.0,1,1.0,"296,00",30.03.2022,TÜRKÇE,136,Karton Kapak,13.5 x 19.5 cm,Kitap Kağıdı,228.0,0.0,3.0,1.0,296.0,2022.0,136.0,Edebiyat,0,1,3,Edebiyat,0,0,0,1,0,0,0,0,0,0,0,0.5575070821529745,0.19047619047619047,0.031088082901554404,0.0018181818181818182,0.001937984496124031,0.001049317943336831,0.0,0.5,0.0,0.4714434060228453
Sıradan Bir Katilin İtirafları,Kitap > Edebiyat > Roman (Yerli) > Kitap > Edebiyat > Polisiye,Polat Onat,KENT KİTAP,5 / 5 (4 oy),48.0,3.0,0,11.0,"158,50",02.05.2024,TÜRKÇE,137,Karton Kapak,13.5 x 19.5 cm,Kitap Kağıdı,96.0,3.0,5.0,4.0,158.5,2024.0,137.0,Edebiyat,0,1,3,Edebiyat,0,0,0,1,0,0,0,0,0,0,0,0.24589235127478754,0.1921768707482993,0.16580310880829013,0.005454545454545455,0.0,0.011542497376705142,0.007894736842105263,1.0,0.00033032371724289804,0.1973001038421599
Sürgün,Kitap > Edebiyat > Roman (Çeviri) > Kitap > Diğer > Gençlik Kitapları > Edebiyat > Kitap > Orijinal Dil > İngilizce,Lisa M. Stasse,PEGASUS YAYINLARI,4 / 5 (12 oy),216.0,25.0,0,22.0,"299,00",03.07.2015,TÜRKÇE,384,Karton Kapak,13.5 x 21 cm,Kitap Kağıdı,166.0,4.0,4.0,12.0,299.0,2015.0,384.0,Edebiyat,0,1,3,Edebiyat,0,0,0,1,0,0,0,0,0,0,0,0.5643059490084985,0.6122448979591836,0.7461139896373057,0.045454545454545456,0.0,0.023084994753410283,0.010526315789473684,0.75,0.0012111869632239595,0.3426791277258567
Uzaktan Eğitim Şart,Kitap > Başvuru Kitapları > Diğer,Burcu Aybat,ABAKÜS KİTAP - KAMPANYA,4 / 5 (7 oy),53.0,2.0,0,7.0,"165,00",12.06.2020,TÜRKÇE,128,Karton Kapak,13.5 x 19.5 cm,Kitap Kağıdı,223.0,5.0,4.0,7.0,165.0,2020.0,128.0,Başvuru Kitapları,0,1,3,Diger,0,1,0,0,0,0,0,0,0,0,0,0.26062322946175637,0.17687074829931973,0.18307426597582038,0.0036363636363636364,0.0,0.007345225603357817,0.013157894736842105,0.75,0.0006606474344857962,0.46105919003115264
Ya Biz  Ya Hiç,Kitap > Edebiyat > Diğer,Muhammet Recep Arar,HAYY KİTAP - KAMPANYA,4 / 5 (24 oy),169.0,22.0,2,20.0,"150,00",24.09.2018,TÜRKÇE,128,Karton Kapak,13.5 x 21 cm,Kitap Kağıdı,482.5,8.0,4.0,24.0,150.0,2018.0,128.0,Edebiyat,0,1,3,Edebiyat,0,0,0,1,0,0,0,0,0,0,0,0.22662889518413593,0.17687074829931973,0.5837651122625216,0.04,0.003875968992248062,0.020986358866736624,0.021052631578947368,0.75,0.0025324818321955517,0.9999999999999999
Toprak ve AteşRumi ve Şems,Kitap > Edebiyat > Roman (Yerli),Hüseyin Bal,KENT KİTAP,5 / 5 (1 oy),5.0,1.0,0,0.0,"251,00",13.12.2023,TÜRKÇE,366,Karton Kapak,13.5 x 19.5 cm,Kitap Kağıdı,73.0,0.0,5.0,1.0,251.0,2023.0,366.0,Edebiyat,0,1,3,Edebiyat,0,0,0,1,0,0,0,0,0,0,0,0.4555240793201133,0.5816326530612245,0.017271157167530225,0.0018181818181818182,0.0,0.0,0.0,1.0,0.0,0.14953271028037382
Şiirlerin 40’ı Çıktı,Kitap > Edebiyat > Şiir (Yerli),Ahmet Şahin,ARİON YAYINLARI,,2.0,0.0,0,0.0,"200,00",27.01.2023,TÜRKÇE,60,Karton Kapak,13.5 x 21 cm,Kitap Kağıdı,23.0,0.0,5.0,5.5,200.0,2023.0,60.0,Edebiyat,0,1,3,Edebiyat,0,0,0,1,0,0,0,0,0,0,0,0.3399433427762039,0.06122448979591837,0.0069084628670120895,0.0,0.0,0.0,0.0,1.0,0.000495485575864347,0.04569055036344755
Çöpe Giden YazılarEkonomi Yazıları,Kitap > Edebiyat > Diğer,Dr. Rüşdü Saraçoğlu,SİYAH KUĞU KAMPANYA,4 / 5 (5 oy),48.0,8.0,2,4.0,"150,00",11.01.2021,TÜRKÇE,364,Karton Kapak,13.5 x 21 cm,Kitap Kağıdı,216.0,3.0,4.0,5.0,150.0,2021.0,364.0,Edebiyat,0,1,3,Edebiyat,0,0,0,1,0,0,0,0,0,0,0,0.22662889518413593,0.5782312925170068,0.16580310880829013,0.014545454545454545,0.003875968992248062,0.004197271773347324,0.007894736842105263,0.75,0.00044043162299053066,0.446521287642783
Sur İçindeki Muhteşem Yaşamıyla İstanbul,Kitap > Başvuru Kitapları > Diğer > Kitap > İstanbul Kitapları > İnceleme,N. İlham Seyyale,BİZİM KİTAPLAR YAYINEVİ,5 / 5 (1 oy),49.0,3.0,0,3.0,"165,00",01.11.2021,TÜRKÇE,140,Karton Kapak,13.5 x 21 cm,Kitap Kağıdı,44.0,0.0,5.0,1.0,165.0,2021.0,140.0,Başvuru Kitapları,0,1,3,Diger,0,1,0,0,0,0,0,0,0,0,0,0.26062322946175637,0.19727891156462585,0.1692573402417962,0.005454545454545455,0.0,0.0031479538300104933,0.0,1.0,0.0,0.0893042575285566
Keşif Uzayı,Kitap > Edebiyat > Roman (Çeviri),Alastair Reynolds,DEDALUS KİTAP,4 / 5 (1 oy),44.0,2.0,0,2.0,"600,00",20.02.2023,TÜRKÇE,632,Karton Kapak,13 x 20 cm,Kitap Kağıdı,152.0,0.0,4.0,1.0,491.25,2023.0,612.0,Edebiyat,0,1,3,Edebiyat,0,0,0,1,0,0,0,0,0,0,0,1.0,1.0,0.15198618307426598,0.0036363636363636364,0.0,0.002098635886673662,0.0,0.75,0.0,0.31360332294911736
Altın Küpü,Kitap > Edebiyat > Roman (Çeviri),James Stephens,DEDALUS KİTAP,5 / 5 (4 oy),64.0,8.0,1,3.0,"200,00",12.02.2021,TÜRKÇE,196,Karton Kapak,13 x 20 cm,Kitap Kağıdı,142.0,0.0,5.0,4.0,200.0,2021.0,196.0,Edebiyat,0,1,3,Edebiyat,0,0,0,1,0,0,0,0,0,0,0,0.3399433427762039,0.2925170068027211,0.22107081174438686,0.014545454545454545,0.001937984496124031,0.0031479538300104933,0.0,1.0,0.00033032371724289804,0.2928348909657321
"Soytarılar, Dolandırıcılar, YaygaracılarYeni Sol Düşünürleri",Kitap > Felsefe-Düşünce > Diğer,Roger Scruton,FİHRİST KİTAP,5 / 5 (41 oy),289.5,62.0,9,28.0,"464,50",07.09.2023,TÜRKÇE,354,Karton Kapak,13 x 19.5 cm,Kitap Kağıdı,482.5,20.0,5.0,41.0,464.5,2023.0,354.0,Felsefe-Düşünce,0,1,3,Felsefe-Düşünce,0,0,0,0,1,0,0,0,0,0,0,0.9393767705382436,0.5612244897959183,1.0,0.11272727272727273,0.01744186046511628,0.02938090241343127,0.05263157894736842,1.0,0.004404316229905307,0.9999999999999999
İyi Ki Varsın Allah’ım,Kitap > İslam > Araştırma-İnceleme,Adnan  Ünal,YEDİVEREN YAYIN GRUBU - KAMPANYA,5 / 5 (1 oy),19.0,0.0,0,0.0,"181,00",10.01.2024,TÜRKÇE,248,Karton Kapak,13.5 x 19.5 cm,Kitap Kağıdı,38.0,0.0,5.0,1.0,181.0,2024.0,248.0,İslam,0,1,3,İslam,0,0,0,0,0,0,0,0,0,0,1,0.2968838526912181,0.38095238095238093,0.06563039723661485,0.0,0.0,0.0,0.0,1.0,0.0,0.07684319833852545
Avrupa Birliği’nin Batı Balkanlar Politikası,Kitap > Siyaset > Araştırma-İnceleme,Nergiz Başeğmez Bolaman,URZENİ,5 / 5 (1 oy),12.0,1.0,1,0.0,"320,00",09.11.2023,TÜRKÇE,376,Karton Kapak,13.5 x 19.5 cm,Kitap Kağıdı,19.0,0.0,5.0,1.0,320.0,2023.0,376.0,Siyaset,0,1,3,Siyaset,0,0,0,0,0,0,1,0,0,0,0,0.6118980169971671,0.5986394557823128,0.04145077720207253,0.0018181818181818182,0.001937984496124031,0.0,0.0,1.0,0.0,0.037383177570093455
Genç RönesansDijital Yaratıcıların Hayatta Kalma Rehberi,Kitap > Bilim & Mühendislik > Popüler Bilim,Mu Tunç,DESTEK YAYIN GRUBU-KAMPANYA,,1.0,0.0,0,0.0,"180,00",16.11.2021,TÜRKÇE,240,Karton Kapak,13.5 x 19.5 cm,Kitap Kağıdı,2.0,0.0,5.0,5.5,180.0,2021.0,240.0,Bilim & Mühendislik,0,1,3,Bilim & Mühendislik,1,0,0,0,0,0,0,0,0,0,0,0.29461756373937675,0.3673469387755102,0.0034542314335060447,0.0,0.0,0.0,0.0,1.0,0.000495485575864347,0.0020768431983385254
Yaşamın Kökeni,Kitap > Bilim & Mühendislik > Popüler Bilim,Peter M. Hoffmann,SAY YAYIN GRUBU-KAMPANYA,5 / 5 (13 oy),238.0,27.0,5,10.0,"400,00",12.03.2016,TÜRKÇE,352,Karton Kapak,13.5 x 21 cm,Kitap Kağıdı,255.0,6.0,5.0,13.0,400.0,2016.0,352.0,Bilim & Mühendislik,0,1,3,Bilim & Mühendislik,1,0,0,0,0,0,0,0,0,0,0,0.7932011331444758,0.5578231292517006,0.8221070811744386,0.04909090909090909,0.009689922480620155,0.010493179433368312,0.015789473684210527,1.0,0.0013212948689715921,0.5275181723779854
Don Kişot,Kitap > Edebiyat > Hikaye (Çeviri),Miguel de Cervantes Saavedra,PETA KİTAP YAYINCILIK,5 / 5 (2 oy),47.0,8.0,0,6.0,"129,00",10.06.2023,TÜRKÇE,88,Karton Kapak,12.5 x 19.5 cm,Kitap Kağıdı,166.0,2.0,5.0,2.0,129.0,2023.0,88.0,Edebiyat,0,1,3,Edebiyat,0,0,0,1,0,0,0,0,0,0,0,0.17903682719546737,0.108843537414966,0.1623488773747841,0.014545454545454545,0.0,0.0062959076600209865,0.005263157894736842,1.0,0.00011010790574763268,0.3426791277258567
Madama ButterflyOpera Klasikleri: 09,Kitap > Sanat > Diğer,Giacomo Puccini,FİHRİST KİTAP,4 / 5 (1 oy),27.0,4.0,0,1.0,"194,50",03.04.2024,TÜRKÇE,124,Karton Kapak,13 x 19.5 cm,Kitap Kağıdı,42.0,0.0,4.0,1.0,194.5,2024.0,124.0,Sanat,0,1,3,Diger,0,1,0,0,0,0,0,0,0,0,0,0.3274787535410765,0.17006802721088435,0.09326424870466321,0.007272727272727273,0.0,0.001049317943336831,0.0,0.75,0.0,0.08515057113187954
Kriz Üçgeninde Türkiye Cilt 2,Kitap > Siyaset > Araştırma-İnceleme,Mehmet Hasgüler,URZENİ,5 / 5 (2 oy),14.0,3.0,0,1.0,"300,00",02.07.2020,TÜRKÇE,284,Karton Kapak,13.5 x 21 cm,Kitap Kağıdı,11.0,1.0,5.0,2.0,300.0,2020.0,284.0,Siyaset,0,1,3,Siyaset,0,0,0,0,0,0,1,0,0,0,0,0.5665722379603398,0.4421768707482993,0.048359240069084625,0.005454545454545455,0.0,0.001049317943336831,0.002631578947368421,1.0,0.00011010790574763268,0.020768431983385256
Barışa Övgü,Kitap > Edebiyat > Aforizma,Kolektif,FİHRİST KİTAP,5 / 5 (2 oy),51.0,2.0,0,1.0,"164,50",11.01.2023,TÜRKÇE,96,Karton Kapak,13 x 19.5 cm,Kitap Kağıdı,18.0,0.0,5.0,2.0,164.5,2023.0,96.0,Edebiyat,0,1,3,Edebiyat,0,0,0,1,0,0,0,0,0,0,0,0.25949008498583565,0.12244897959183673,0.17616580310880828,0.0036363636363636364,0.0,0.001049317943336831,0.0,1.0,0.00011010790574763268,0.03530633437175493
Faizsiz Bankacılıkta Mudarabe ve Kar,Kitap > İslam > Araştırma-İnceleme,Cemal Kalkan,İNSAN YAYINLARI,5 / 5 (3 oy),42.0,0.0,0,3.0,"285,00",09.02.2022,TÜRKÇE,294,Karton Kapak,13.5 x 21 cm,Kitap Kağıdı,80.0,3.0,5.0,3.0,285.0,2022.0,294.0,İslam,0,1,3,İslam,0,0,0,0,0,0,0,0,0,0,1,0.5325779036827195,0.45918367346938777,0.14507772020725387,0.0,0.0,0.0031479538300104933,0.007894736842105263,1.0,0.00022021581149526536,0.16407061266874348
Terör ve İstihbarat Seti (16 Kitap),Kitap > Siyaset > Araştırma-İnceleme,Kolektif,YENİYÜZYIL YAYINLARI,3 / 5 (2 oy),53.0,3.0,2,2.0,"3.920,00",03.12.2019,TÜRKÇE,4758,Karton Kapak,13.5 x 21 cm,Kitap Kağıdı,22.0,1.0,3.0,2.0,250.0,2019.0,612.0,Siyaset,0,1,3,Siyaset,0,0,0,0,0,0,1,0,0,0,0,0.45325779036827196,1.0,0.18307426597582038,0.005454545454545455,0.003875968992248062,0.002098635886673662,0.002631578947368421,0.5,0.00011010790574763268,0.04361370716510903
Aşkı Kalem Yazmaz ki Kitapta Bulasın,Kitap > İslam > Tasavvuf,Ferhat Atik,DESTEK YAYIN GRUBU-KAMPANYA,5 / 5 (1 oy),6.0,2.0,0,0.0,"280,00",29.08.2023,TÜRKÇE,296,Karton Kapak,13.5 x 21 cm,Kitap Kağıdı,14.0,0.0,5.0,1.0,280.0,2023.0,296.0,İslam,0,1,3,İslam,0,0,0,0,0,0,0,0,0,0,1,0.5212464589235127,0.46258503401360546,0.020725388601036267,0.0036363636363636364,0.0,0.0,0.0,1.0,0.0,0.026998961578400833
Rosemary Sahili Serisi Takım Set (3 Kitap),Kitap > Edebiyat > Roman (Çeviri),Abbi Glines,PEGASUS YAYINLARI,5 / 5 (12 oy),221.0,14.0,2,10.0,"747,00",31.01.2020,TÜRKÇE,1248,Karton Kapak,13.5 x 21 cm,Kitap Kağıdı,268.0,7.0,5.0,12.0,491.25,2020.0,612.0,Edebiyat,0,1,3,Edebiyat,0,0,0,1,0,0,0,0,0,0,0,1.0,1.0,0.7633851468048359,0.025454545454545455,0.003875968992248062,0.010493179433368312,0.018421052631578946,1.0,0.0012111869632239595,0.5545171339563862
Devrimi Kadınlar YaparAtatürk’ün Öncü Kadınları,Kitap > Tarih > Araştırma-İnceleme,Yaşar Gürsoy,DESTEK YAYIN GRUBU-KAMPANYA,5 / 5 (1 oy),13.0,2.0,0,0.0,"360,00",15.09.2022,TÜRKÇE,400,Karton Kapak,13.5 x 21 cm,Kitap Kağıdı,13.0,0.0,5.0,1.0,360.0,2022.0,400.0,Tarih,0,1,3,Tarih,0,0,0,0,0,0,0,0,1,0,0,0.7025495750708215,0.6394557823129251,0.04490500863557858,0.0036363636363636364,0.0,0.0,0.0,1.0,0.0,0.024922118380062305
Bilgisayar Boti,Kitap > Çocuk Kitapları > Okul Öncesi > Masal,Yeşim Özen Açıl,ABAKÜS KİTAP - KAMPANYA,4 / 5 (4 oy),29.0,0.0,0,2.0,"85,00",15.05.2019,TÜRKÇE,24,Karton Kapak,22 x 22 cm,Kitap Kağıdı,83.0,1.0,4.0,4.0,85.0,2019.0,24.0,Çocuk Kitapları,0,1,3,Çocuk Kitapları,0,0,0,0,0,0,0,0,0,1,0,0.07932011331444759,0.0,0.1001727115716753,0.0,0.0,0.002098635886673662,0.002631578947368421,0.75,0.00033032371724289804,0.17030114226375906
İtaatkar,Kitap > Edebiyat > Roman (Çeviri),Tara Sue Me,PEGASUS YAYINLARI,4 / 5 (46 oy),150.0,23.0,2,73.0,"299,00",20.05.2016,TÜRKÇE,360,Karton Kapak,12 x 19 cm,Kitap Kağıdı,434.0,9.0,4.0,46.0,299.0,2016.0,360.0,Edebiyat,0,1,3,Edebiyat,0,0,0,1,0,0,0,0,0,0,0,0.5643059490084985,0.5714285714285714,0.5181347150259067,0.04181818181818182,0.003875968992248062,0.07660020986358868,0.02368421052631579,0.75,0.00495485575864347,0.8992731048805814
Vecihi HürkuşHayatı ve Havacılık Faaliyetleri,Kitap > Tarih > Araştırma-İnceleme,Hızır Türkkan Demirkazık,LEJAND,5 / 5 (6 oy),185.0,10.0,1,8.0,"210,00",08.05.2024,TÜRKÇE,238,Karton Kapak,13 x 19.5 cm,Kitap Kağıdı,482.5,4.0,5.0,6.0,210.0,2024.0,238.0,Tarih,0,1,3,Tarih,0,0,0,0,0,0,0,0,1,0,0,0.3626062322946175,0.36394557823129253,0.6390328151986183,0.01818181818181818,0.001937984496124031,0.008394543546694649,0.010526315789473684,1.0,0.0005505395287381633,0.9999999999999999
"Modernlik Kehanetleri: Felsefe, Siyaset ve EstetikMarx, Baudelaire ve Dostoyevski’den Weber ve Benjamin’e",Kitap > Felsefe-Düşünce > Diğer,Fırat Mollaer,LEJAND,5 / 5 (7 oy),227.0,10.0,0,3.0,"299,00",13.07.2023,TÜRKÇE,352,Karton Kapak,13 x 19.5 cm,Kitap Kağıdı,324.0,1.0,5.0,7.0,299.0,2023.0,352.0,Felsefe-Düşünce,0,1,3,Felsefe-Düşünce,0,0,0,0,1,0,0,0,0,0,0,0.5643059490084985,0.5578231292517006,0.7841105354058722,0.01818181818181818,0.0,0.0031479538300104933,0.002631578947368421,1.0,0.0006606474344857962,0.6708203530633436
Hürriyet KahramanıOhrili Eyüp Sabri Akgöl,Kitap > Siyaset > Siyaset Bilimi,Yavuz Selim Kaya,MAVİ GÖK YAYINLARI,5 / 5 (12 oy),83.0,4.0,0,15.0,"320,00",31.01.2024,TÜRKÇE,280,Karton Kapak,13.5 x 19.5 cm,Kitap Kağıdı,322.0,9.0,5.0,12.0,320.0,2024.0,280.0,Siyaset,0,1,3,Siyaset,0,0,0,0,0,0,1,0,0,0,0,0.6118980169971671,0.43537414965986393,0.2867012089810017,0.007272727272727273,0.0,0.015739769150052468,0.02368421052631579,1.0,0.0012111869632239595,0.6666666666666666
Sembolik Etkileşim,Kitap > Sosyoloji > Bilim,Dolunay Şenol,NET KİTAPLIK YAYINCILIK,5 / 5 (3 oy),28.0,4.0,0,5.0,"280,00",27.01.2023,TÜRKÇE,164,Karton Kapak,13.5 x 21 cm,Kitap Kağıdı,89.0,1.0,5.0,3.0,280.0,2023.0,164.0,Sosyoloji,0,1,3,Sosyoloji,0,0,0,0,0,0,0,1,0,0,0,0.5212464589235127,0.23809523809523808,0.09671848013816925,0.007272727272727273,0.0,0.005246589716684156,0.002631578947368421,1.0,0.00022021581149526536,0.1827622014537902
Dördüncü Kattaki Lunapark,Kitap > Edebiyat > Hikaye (Yerli),Erdem İçel,KANON KİTAP,4 / 5 (1 oy),8.0,0.0,1,2.0,"125,00",29.07.2021,TÜRKÇE,142,Karton Kapak,12.5 x 19.5 cm,Kitap Kağıdı,43.0,1.0,4.0,1.0,125.0,2021.0,142.0,Edebiyat,0,1,3,Edebiyat,0,0,0,1,0,0,0,0,0,0,0,0.16997167138810199,0.20068027210884354,0.027633851468048358,0.0,0.001937984496124031,0.002098635886673662,0.002631578947368421,0.75,0.0,0.08722741433021806
Firavun'dan Mata Hari'ye Entrikacılar ve Casuslar,Kitap > Siyaset > Kurumlar-Örgütler > Kitap > Siyaset > Siyasal Hayat (Dünya),Manfred Reitz,SİYASAL YAYIN GRUBU - KAMPANYA,5 / 5 (18 oy),186.0,13.0,1,7.0,"310,00",11.09.2009,TÜRKÇE,247,Karton Kapak,13.5 x 19.5 cm,Kitap Kağıdı,136.0,4.0,5.0,18.0,310.0,2009.0,247.0,Siyaset,0,1,3,Siyaset,0,0,0,0,0,0,1,0,0,0,0,0.5892351274787535,0.3792517006802721,0.6424870466321243,0.023636363636363636,0.001937984496124031,0.007345225603357817,0.010526315789473684,1.0,0.0018718343977097555,0.28037383177570097
Küçük Tatlı Yalanlar,Kitap > Edebiyat > Roman (Çeviri) > Kitap > Orijinal Dil > İngilizce,Lauren Conrad,PEGASUS YAYINLARI,5 / 5 (4 oy),93.0,8.0,0,3.0,"269,00",27.02.2015,TÜRKÇE,320,Karton Kapak,13.5 x 21 cm,Kitap Kağıdı,47.0,1.0,5.0,4.0,269.0,2015.0,320.0,Edebiyat,0,1,3,Edebiyat,0,0,0,1,0,0,0,0,0,0,0,0.49631728045325774,0.5034013605442176,0.32124352331606215,0.014545454545454545,0.0,0.0031479538300104933,0.002631578947368421,1.0,0.00033032371724289804,0.09553478712357218
Gizemli Mesajın Sırrı,Kitap > İslam > Araştırma-İnceleme,Uğur Bostan,MOTTO,,7.0,0.0,0,0.0,"294,00",04.10.2022,TÜRKÇE,98,Karton Kapak,13.5 x 19.5 cm,Kitap Kağıdı,66.0,0.0,5.0,5.5,294.0,2022.0,98.0,İslam,0,1,3,İslam,0,0,0,0,0,0,0,0,0,0,1,0.5529745042492917,0.12585034013605442,0.024179620034542312,0.0,0.0,0.0,0.0,1.0,0.000495485575864347,0.13499480789200413
80 Gün Serisi Takım Set (3 Kitap),Kitap > Edebiyat > Roman (Çeviri),Vina Jackson,PEGASUS YAYINLARI,4 / 5 (13 oy),289.5,24.0,1,8.0,"897,00",31.01.2020,TÜRKÇE,1024,Karton Kapak,13.5 x 21 cm,Kitap Kağıdı,464.0,6.0,4.0,13.0,491.25,2020.0,612.0,Edebiyat,0,1,3,Edebiyat,0,0,0,1,0,0,0,0,0,0,0,1.0,1.0,1.0,0.04363636363636364,0.001937984496124031,0.008394543546694649,0.015789473684210527,0.75,0.0013212948689715921,0.9615784008307372
"Tekrarlayan ÇatışmalarTürk[iye]-Yunan[istan] ve Türk[iye]-Ermeni[stan] İlişkilerinde Algı, Söylem, Siyasa",Kitap > Siyaset > Araştırma-İnceleme,Ayşe Küçük,OTORİTE YAYINLARI,5 / 5 (1 oy),26.0,2.0,0,0.0,"499,00",10.10.2023,TÜRKÇE,445,Karton Kapak,15 x 23 cm,Kitap Kağıdı,82.0,0.0,5.0,1.0,491.25,2023.0,445.0,Siyaset,0,1,3,Siyaset,0,0,0,0,0,0,1,0,0,0,0,1.0,0.7159863945578231,0.08981001727115716,0.0036363636363636364,0.0,0.0,0.0,1.0,0.0,0.16822429906542055
Maria ile Yunanistan,Kitap > Turizm-Gezi > Ülkeler,Maria Ekmekçioğlu,İNKILAP KİTABEVİ-KAMPANYA,5 / 5 (4 oy),49.0,3.0,0,6.0,"770,00",07.09.2017,TÜRKÇE,344,Karton Kapak,13.7 x 21.5 cm,Kuşe Kağıt,67.0,2.0,5.0,4.0,491.25,2017.0,344.0,Turizm-Gezi,0,1,4,Diger,0,1,0,0,0,0,0,0,0,0,0,1.0,0.5442176870748299,0.1692573402417962,0.005454545454545455,0.0,0.0062959076600209865,0.005263157894736842,1.0,0.00033032371724289804,0.13707165109034267
Dışarıda,Kitap > Edebiyat > Roman (Yerli),M. Safa Karataş,EPONA KİTAP,,10.0,1.0,0,3.0,"156,00",29.11.2021,TÜRKÇE,155,Karton Kapak,12.5 x 19.5 cm,Kitap Kağıdı,270.0,0.0,5.0,5.5,156.0,2021.0,155.0,Edebiyat,0,1,3,Edebiyat,0,0,0,1,0,0,0,0,0,0,0,0.2402266288951841,0.22278911564625853,0.03454231433506045,0.0018181818181818182,0.0,0.0031479538300104933,0.0,1.0,0.000495485575864347,0.5586708203530633
Pia Fraus,Kitap > Edebiyat > Şiir (Yerli),Veli Koçak,FİHRİST KİTAP,,14.0,5.0,0,4.0,"104,50",15.08.2023,TÜRKÇE,48,Karton Kapak,13 x 19.5 cm,Kitap Kağıdı,16.0,0.0,5.0,5.5,104.5,2023.0,48.0,Edebiyat,0,1,3,Edebiyat,0,0,0,1,0,0,0,0,0,0,0,0.12351274787535411,0.04081632653061224,0.048359240069084625,0.00909090909090909,0.0,0.004197271773347324,0.0,1.0,0.000495485575864347,0.03115264797507788
Altın Çiçeğin Sırrı,Kitap > Felsefe-Düşünce,Sevda Beytaş,SARMAL KİTABEVİ,5 / 5 (6 oy),25.0,5.0,0,2.0,"120,00",13.05.2022,TÜRKÇE,76,Karton Kapak,13.5 x 21 cm,Kitap Kağıdı,88.0,2.0,5.0,6.0,120.0,2022.0,76.0,Felsefe-Düşünce,0,1,3,Felsefe-Düşünce,0,0,0,0,1,0,0,0,0,0,0,0.15864022662889515,0.08843537414965988,0.08635578583765112,0.00909090909090909,0.0,0.002098635886673662,0.005263157894736842,1.0,0.0005505395287381633,0.1806853582554517
Kosova ve Makedonya Sinemasında Kadın Temsili,Kitap > Sinema-Tiyatro > Sinema-Genel,Sezer Salihi,URZENİ,,5.0,0.0,0,0.0,"220,00",02.01.2023,TÜRKÇE,185,Karton Kapak,13 x 20 cm,Kitap Kağıdı,8.0,0.0,5.0,5.5,220.0,2023.0,185.0,Sinema-Tiyatro,0,1,3,Diger,0,1,0,0,0,0,0,0,0,0,0,0.38526912181303113,0.2738095238095238,0.017271157167530225,0.0,0.0,0.0,0.0,1.0,0.000495485575864347,0.014537902388369679
Oyunların Dijital Hali,Kitap > Akademik > Bilim,Özge Uğurlu Akbaş,URZENİ,,43.0,3.0,0,2.0,"270,00",09.08.2021,TÜRKÇE,294,Karton Kapak,13.5 x 21 cm,Kitap Kağıdı,75.0,0.0,5.0,5.5,270.0,2021.0,294.0,Akademik,0,1,3,Diger,0,1,0,0,0,0,0,0,0,0,0,0.49858356940509907,0.45918367346938777,0.1485319516407599,0.005454545454545455,0.0,0.002098635886673662,0.0,1.0,0.000495485575864347,0.15368639667705086
Ressam Hasan Gürpınar’ın Anıları,Kitap > Edebiyat > Anı (Hatırat),Ziya Şahin,BİYOGRAFİ.NET,,7.0,0.0,0,0.0,"263,50",07.01.2022,TÜRKÇE,272,Karton Kapak,13.5 x 19.5 cm,1. Hm. Kağıt,3.0,0.0,5.0,5.5,263.5,2022.0,272.0,Edebiyat,0,1,0,Edebiyat,0,0,0,1,0,0,0,0,0,0,0,0.48385269121813024,0.42176870748299317,0.024179620034542312,0.0,0.0,0.0,0.0,1.0,0.000495485575864347,0.004153686396677051
Eski Yunan'da BilimThales’ten Hıristiyanlığın Doğuşuna,Kitap > Bilim & Mühendislik > Popüler Bilim,G.E.R. Lloyd,SAY YAYIN GRUBU-KAMPANYA,5 / 5 (7 oy),269.0,13.0,0,4.0,"450,00",11.04.2022,TÜRKÇE,432,Karton Kapak,13.5 x 21 cm,Kitap Kağıdı,127.0,1.0,5.0,7.0,450.0,2022.0,432.0,Bilim & Mühendislik,0,1,3,Bilim & Mühendislik,1,0,0,0,0,0,0,0,0,0,0,0.9065155807365439,0.693877551020408,0.929188255613126,0.023636363636363636,0.0,0.004197271773347324,0.002631578947368421,1.0,0.0006606474344857962,0.26168224299065423
TacizKadınlar Azınca,Kitap > Edebiyat > Roman (Yerli),Ali Süha Uyar,SARMAL KİTABEVİ,5 / 5 (1 oy),18.0,2.0,0,2.0,"170,00",07.05.2021,TÜRKÇE,145,Karton Kapak,13.5 x 21 cm,Kitap Kağıdı,19.0,0.0,5.0,1.0,170.0,2021.0,145.0,Edebiyat,0,1,3,Edebiyat,0,0,0,1,0,0,0,0,0,0,0,0.27195467422096314,0.20578231292517007,0.06217616580310881,0.0036363636363636364,0.0,0.002098635886673662,0.0,1.0,0.0,0.037383177570093455
Bazı Tipler,Kitap > Eğlence-Mizah > Karikatür,Emirhan Perker,DESTEK YAYIN GRUBU-KAMPANYA,,13.0,0.0,0,1.0,"180,00",23.05.2020,TÜRKÇE,64,Karton Kapak,15 x 21 cm,Kitap Kağıdı,3.0,0.0,5.0,5.5,180.0,2020.0,64.0,Eğlence-Mizah,0,1,3,Diger,0,1,0,0,0,0,0,0,0,0,0,0.29461756373937675,0.06802721088435373,0.04490500863557858,0.0,0.0,0.001049317943336831,0.0,1.0,0.000495485575864347,0.004153686396677051
John Carter XI / Marslı John Carter,Kitap > Edebiyat > Bilimkurgu-Fantazya,Edgar Rice Burroughs,FİHRİST KİTAP,5 / 5 (9 oy),38.0,16.0,0,3.0,"239,50",27.10.2023,TÜRKÇE,160,Karton Kapak,13 x 19.5 cm,Kitap Kağıdı,223.0,3.0,5.0,9.0,239.5,2023.0,160.0,Edebiyat,0,1,3,Edebiyat,0,0,0,1,0,0,0,0,0,0,0,0.4294617563739377,0.2312925170068027,0.1312607944732297,0.02909090909090909,0.0,0.0031479538300104933,0.007894736842105263,1.0,0.0008808632459810614,0.46105919003115264
Çatalhöyük Günleri / Kibele Öyküleri 1,Kitap > Diğer > Mitoloji,Önder Kayhan,URZENİ,5 / 5 (7 oy),77.0,3.0,1,7.0,"220,00",03.12.2020,TÜRKÇE,230,Karton Kapak,13 x 20 cm,Kitap Kağıdı,84.0,2.0,5.0,7.0,220.0,2020.0,230.0,Diğer,0,1,3,Diğer,0,0,1,0,0,0,0,0,0,0,0,0.38526912181303113,0.35034013605442177,0.2659758203799654,0.005454545454545455,0.001937984496124031,0.007345225603357817,0.005263157894736842,1.0,0.0006606474344857962,0.1723779854620976
The Godfather Mitosu,Kitap > Sinema-Tiyatro > Sinema-Genel,Hakan Bilge,ŞULE YAYINLARI - KAMPANYA,5 / 5 (30 oy),135.0,27.0,4,28.0,"300,00",16.11.2015,TÜRKÇE,422,Karton Kapak,13.5 x 21 cm,Kitap Kağıdı,174.0,15.0,5.0,30.0,300.0,2015.0,422.0,Sinema-Tiyatro,0,1,3,Diger,0,1,0,0,0,0,0,0,0,0,0,0.5665722379603398,0.6768707482993197,0.46632124352331605,0.04909090909090909,0.007751937984496124,0.02938090241343127,0.039473684210526314,1.0,0.003193129266681348,0.3592938733125649
Kanlı Hesaplaşma,Kitap > Edebiyat > Roman (Çeviri) > Kitap > Edebiyat > Polisiye,David Lawrence,BİLGE KÜLTÜR SANAT,4 / 5 (16 oy),80.0,3.0,1,15.0,"285,00",07.08.2009,TÜRKÇE,336,Karton Kapak,13.5 x 21.5 cm,Kitap Kağıdı,138.0,8.0,4.0,16.0,285.0,2009.0,336.0,Edebiyat,0,1,3,Edebiyat,0,0,0,1,0,0,0,0,0,0,0,0.5325779036827195,0.5306122448979591,0.2763385146804836,0.005454545454545455,0.001937984496124031,0.015739769150052468,0.021052631578947368,0.75,0.0016516185862144902,0.284527518172378
Erkek HaklarıYa da Bir Kadının Rüyası,Kitap > Edebiyat > Bilimkurgu-Fantazya,Annie Denton Cridge,FİHRİST KİTAP,5 / 5 (8 oy),103.0,9.0,2,8.0,"194,50",09.08.2021,TÜRKÇE,124,Karton Kapak,13 x 19.5 cm,Kitap Kağıdı,230.0,6.0,5.0,8.0,194.5,2021.0,124.0,Edebiyat,0,1,3,Edebiyat,0,0,0,1,0,0,0,0,0,0,0,0.3274787535410765,0.17006802721088435,0.3557858376511226,0.016363636363636365,0.003875968992248062,0.008394543546694649,0.015789473684210527,1.0,0.0007707553402334288,0.4755970924195223
Hayaller Gerçek Olunca,Kitap > Edebiyat > Roman (Çeviri) > Kitap > Orijinal Dil > İngilizce,Cathy Maxwell,PEGASUS YAYINLARI,4 / 5 (29 oy),161.0,12.0,0,40.0,"249,00",10.07.2015,TÜRKÇE,336,Karton Kapak,13.5 x 21 cm,Kitap Kağıdı,299.0,7.0,4.0,29.0,249.0,2015.0,336.0,Edebiyat,0,1,3,Edebiyat,0,0,0,1,0,0,0,0,0,0,0,0.4509915014164305,0.5306122448979591,0.5561312607944732,0.02181818181818182,0.0,0.04197271773347325,0.018421052631578946,0.75,0.0030830213609337152,0.6188992731048806
Tarzan’ın Dönüşü / Tarzan II,Kitap > Edebiyat > Bilimkurgu-Fantazya,Edgar Rice Burroughs,FİHRİST KİTAP,5 / 5 (3 oy),47.0,6.0,1,3.0,"404,50",13.01.2023,TÜRKÇE,302,Karton Kapak,13 x 19.5 cm,Kitap Kağıdı,103.0,2.0,5.0,3.0,404.5,2023.0,302.0,Edebiyat,0,1,3,Edebiyat,0,0,0,1,0,0,0,0,0,0,0,0.803399433427762,0.47278911564625853,0.1623488773747841,0.01090909090909091,0.001937984496124031,0.0031479538300104933,0.005263157894736842,1.0,0.00022021581149526536,0.2118380062305296
Osmanlı Kimdir?Osmanlı Devleti'nde Tabiiyet Sorunu,Kitap > Tarih > Türk-Osmanlı,İbrahim Serbestoğlu,YEDİTEPE YAYINEVİ-KAMPANYA,5 / 5 (7 oy),132.0,6.0,0,4.0,"350,00",06.03.2014,TÜRKÇE,408,Karton Kapak,13.5 x 21 cm,Kitap Kağıdı,137.0,2.0,5.0,7.0,350.0,2014.0,408.0,Tarih,0,1,3,Tarih,0,0,0,0,0,0,0,0,1,0,0,0.6798866855524078,0.6530612244897959,0.4559585492227979,0.01090909090909091,0.0,0.004197271773347324,0.005263157894736842,1.0,0.0006606474344857962,0.2824506749740395
Şiir Defterinden Kırk Şair,Kitap > Edebiyat > Biyografi-Otobiyografi,40'lar Kulübü,40'LAR KULÜBÜ,5 / 5 (7 oy),65.0,6.0,0,5.0,"149,00",12.08.2016,TÜRKÇE,208,Karton Kapak,13.5 x 21 cm,Kitap Kağıdı,148.0,2.0,5.0,7.0,149.0,2016.0,208.0,Edebiyat,0,1,3,Edebiyat,0,0,0,1,0,0,0,0,0,0,0,0.2243626062322946,0.3129251700680272,0.2245250431778929,0.01090909090909091,0.0,0.005246589716684156,0.005263157894736842,1.0,0.0006606474344857962,0.3052959501557633
Radyo İçin Üç Oyun,Kitap > Sinema-Tiyatro > Oyun (Yerli),Mahmut Çetin,BİYOGRAFİ.NET,4 / 5 (3 oy),14.0,2.0,0,1.0,"100,00",20.02.2023,TÜRKÇE,110,Karton Kapak,13.5 x 19 cm,3. Hm. Kağıt,46.0,1.0,4.0,3.0,100.0,2023.0,110.0,Sinema-Tiyatro,0,1,2,Diger,0,1,0,0,0,0,0,0,0,0,0,0.11331444759206798,0.14625850340136054,0.048359240069084625,0.0036363636363636364,0.0,0.001049317943336831,0.002631578947368421,0.75,0.00022021581149526536,0.09345794392523364
Sarhoş Martı,Kitap > Edebiyat > Roman (Yerli),Defne Morgül,KANON KİTAP,5 / 5 (2 oy),15.0,0.0,0,1.0,"125,00",29.07.2021,TÜRKÇE,127,Karton Kapak,12.5 x 19.5 cm,Kitap Kağıdı,61.0,0.0,5.0,2.0,125.0,2021.0,127.0,Edebiyat,0,1,3,Edebiyat,0,0,0,1,0,0,0,0,0,0,0,0.16997167138810199,0.17517006802721088,0.05181347150259067,0.0,0.0,0.001049317943336831,0.0,1.0,0.00011010790574763268,0.12461059190031153
SolidWorks 2018  (Eğitim Videolu),Kitap > Bilgisayar > Program Eğitimi,Arif Gök,ABAKÜS KİTAP - KAMPANYA,4 / 5 (4 oy),53.0,5.0,0,0.0,"275,00",04.07.2018,TÜRKÇE,203,Karton Kapak,16.5 x 24 cm,1. Hm. Kağıt,70.0,3.0,4.0,4.0,275.0,2018.0,203.0,Bilgisayar,0,1,0,Diger,0,1,0,0,0,0,0,0,0,0,0,0.509915014164306,0.304421768707483,0.18307426597582038,0.00909090909090909,0.0,0.0,0.007894736842105263,0.75,0.00033032371724289804,0.14330218068535824
İnsan BirikimdirBir Genel Yayın Yönetmeninin Gözünden Yazma ve Okuma Deneyimi,Kitap > Edebiyat > İnceleme,Ertürk Akşun,DESTEK YAYIN GRUBU-KAMPANYA,4 / 5 (1 oy),8.0,1.0,0,0.0,"220,00",02.06.2022,TÜRKÇE,240,Karton Kapak,13.5 x 21 cm,Kitap Kağıdı,13.0,0.0,4.0,1.0,220.0,2022.0,240.0,Edebiyat,0,1,3,Edebiyat,0,0,0,1,0,0,0,0,0,0,0,0.38526912181303113,0.3673469387755102,0.027633851468048358,0.0018181818181818182,0.0,0.0,0.0,0.75,0.0,0.024922118380062305
Şeytan Sinagog’u ve KabalaKutsal Sırrın Mistik Muhafızları,Kitap > Siyaset > Araştırma-İnceleme,Burak Çebi,SARMAL KİTABEVİ,5 / 5 (1 oy),50.0,5.0,0,0.0,"420,00",20.08.2024,TÜRKÇE,425,Karton Kapak,13.5 x 19.5 cm,Kitap Kağıdı,40.0,1.0,5.0,1.0,420.0,2024.0,425.0,Siyaset,0,1,3,Siyaset,0,0,0,0,0,0,1,0,0,0,0,0.838526912181303,0.6819727891156462,0.17271157167530224,0.00909090909090909,0.0,0.0,0.002631578947368421,1.0,0.0,0.08099688473520249
Satanizmle Mücadele El Kitabı,Kitap > İslam > Araştırma-İnceleme,Hakan Yılmaz Çebi,HAYY KİTAP - KAMPANYA,5 / 5 (14 oy),128.0,10.0,0,13.0,"150,00",13.02.2019,TÜRKÇE,136,Karton Kapak,13.5 x 21 cm,Kitap Kağıdı,241.0,7.0,5.0,14.0,150.0,2019.0,136.0,İslam,0,1,3,İslam,0,0,0,0,0,0,0,0,0,0,1,0.22662889518413593,0.19047619047619047,0.4421416234887737,0.01818181818181818,0.0,0.013641133263378805,0.018421052631578946,1.0,0.001431402774719225,0.4984423676012461
İkilem,Kitap > Edebiyat > Roman (Çeviri) > Kitap > Orijinal Dil > İngilizce,Chelsea Fine,PEGASUS YAYINLARI,5 / 5 (9 oy),57.0,7.0,0,12.0,"299,00",20.02.2015,TÜRKÇE,472,Karton Kapak,13.5 x 21 cm,Kitap Kağıdı,71.0,2.0,5.0,9.0,299.0,2015.0,472.0,Edebiyat,0,1,3,Edebiyat,0,0,0,1,0,0,0,0,0,0,0,0.5643059490084985,0.7619047619047619,0.19689119170984454,0.012727272727272728,0.0,0.012591815320041973,0.005263157894736842,1.0,0.0008808632459810614,0.14537902388369678
Osmanlı Sırtında Kırk HançerErmeni Mezalimi,Kitap > Tarih > Araştırma-İnceleme > Kitap > Siyaset > Araştırma-İnceleme,40'lar Kulübü,40'LAR KULÜBÜ,5 / 5 (5 oy),45.0,4.0,0,3.0,"149,00",06.07.2022,TÜRKÇE,199,Karton Kapak,13.5 x 21 cm,Kitap Kağıdı,29.0,3.0,5.0,5.0,149.0,2022.0,199.0,Tarih,0,1,3,Tarih,0,0,0,0,0,0,0,0,1,0,0,0.2243626062322946,0.2976190476190476,0.15544041450777202,0.007272727272727273,0.0,0.0031479538300104933,0.007894736842105263,1.0,0.00044043162299053066,0.05815160955347871
Spinoza’da Felsefi SağaltımFelsefi Danışmanlık,Kitap > Felsefe-Düşünce > Diğer,Ceylan Akcan,SARMAL KİTABEVİ,,20.0,0.0,0,4.0,"200,00",06.06.2024,TÜRKÇE,136,Karton Kapak,13.5 x 19.5 cm,Kitap Kağıdı,21.0,0.0,5.0,5.5,200.0,2024.0,136.0,Felsefe-Düşünce,0,1,3,Felsefe-Düşünce,0,0,0,0,1,0,0,0,0,0,0,0.3399433427762039,0.19047619047619047,0.0690846286701209,0.0,0.0,0.004197271773347324,0.0,1.0,0.000495485575864347,0.041536863966770504
100 Temel Eser (Orta öğretim) 22 Kitap (Kutulu),Kitap > Çocuk Kitapları > Hikaye,Kolektif,İSKELE YAYINCILIK,,67.0,1.0,3,2.0,"3.970,00",,TÜRKÇE,,Karton Kapak,13.5 x 19.5 cm,Kitap Kağıdı,65.0,0.0,5.0,5.5,250.0,2021.0,236.5,Çocuk Kitapları,0,1,3,Çocuk Kitapları,0,0,0,0,0,0,0,0,0,1,0,0.45325779036827196,0.36139455782312924,0.231433506044905,0.0018181818181818182,0.005813953488372093,0.002098635886673662,0.0,1.0,0.000495485575864347,0.13291796469366562
"Marksizim,Holografik Evren ve Yokoluş",Kitap > Felsefe-Düşünce > Diğer,Jakop  Roberts,NERKA GRUP,4 / 5 (4 oy),33.0,3.0,0,1.0,"250,00",29.03.2024,TÜRKÇE,158,Karton Kapak,13.5 x 19.5 cm,Kitap Kağıdı,20.0,1.0,4.0,4.0,250.0,2024.0,158.0,Felsefe-Düşünce,0,1,3,Felsefe-Düşünce,0,0,0,0,1,0,0,0,0,0,0,0.45325779036827196,0.227891156462585,0.11398963730569947,0.005454545454545455,0.0,0.001049317943336831,0.002631578947368421,0.75,0.00033032371724289804,0.039460020768431976
Tehlikeli İçgüdü / Rosemary Sahili 2,Kitap > Edebiyat > Roman (Çeviri) > Kitap > Orijinal Dil > İngilizce,Abbi Glines,PEGASUS YAYINLARI,4 / 5 (27 oy),81.0,10.0,1,45.0,"249,00",20.10.2015,TÜRKÇE,272,Karton Kapak,13.5 x 21 cm,Kitap Kağıdı,130.0,9.0,4.0,27.0,249.0,2015.0,272.0,Edebiyat,0,1,3,Edebiyat,0,0,0,1,0,0,0,0,0,0,0,0.4509915014164305,0.42176870748299317,0.27979274611398963,0.01818181818181818,0.001937984496124031,0.0472193074501574,0.02368421052631579,0.75,0.0028628055494384495,0.2679127725856698
Tarih Yazıları,Kitap > Tarih > Diğer > Kitap > Edebiyat > Anlatı,Veli Şirin,BİYOGRAFİ.NET,,8.0,2.0,0,0.0,"300,00",03.03.2021,TÜRKÇE,508,Karton Kapak,13.5 x 19.5 cm,1. Hm. Kağıt,11.0,0.0,5.0,5.5,300.0,2021.0,508.0,Tarih,0,1,0,Tarih,0,0,0,0,0,0,0,0,1,0,0,0.5665722379603398,0.8231292517006802,0.027633851468048358,0.0036363636363636364,0.0,0.0,0.0,1.0,0.000495485575864347,0.020768431983385256
Her Kalbe Bahar Gelir Ama Bazıları Çiçek Açar,Kitap > Edebiyat > Diğer,Ezgin Kılıç,DESTEK YAYIN GRUBU-KAMPANYA,5 / 5 (5 oy),289.5,28.0,1,14.0,"180,00",14.09.2020,TÜRKÇE,168,Karton Kapak,13.5 x 19.5 cm,Kitap Kağıdı,53.0,4.0,5.0,5.0,180.0,2020.0,168.0,Edebiyat,0,1,3,Edebiyat,0,0,0,1,0,0,0,0,0,0,0,0.29461756373937675,0.24489795918367346,1.0,0.05090909090909091,0.001937984496124031,0.014690451206715634,0.010526315789473684,1.0,0.00044043162299053066,0.10799584631360333
Modern Zamanlarda Aşk,Kitap > Edebiyat > Bilimkurgu-Fantazya,Aziz Ansari,PEGASUS YAYINLARI,4 / 5 (83 oy),203.0,64.0,4,58.0,"299,00",29.11.2016,TÜRKÇE,320,Karton Kapak,13.5 x 21 cm,Kitap Kağıdı,482.5,36.0,4.0,83.0,299.0,2016.0,320.0,Edebiyat,0,1,3,Edebiyat,0,0,0,1,0,0,0,0,0,0,0,0.5643059490084985,0.5034013605442176,0.7012089810017271,0.11636363636363636,0.007751937984496124,0.060860440713536204,0.09473684210526316,0.75,0.00902884827130588,0.9999999999999999
Anarşizm,Kitap > Siyaset > Araştırma-İnceleme,Carissa Honeywell,LİBERUS,5 / 5 (7 oy),107.0,8.0,1,1.0,"240,00",02.05.2023,TÜRKÇE,202,Karton Kapak,13 x 19.5 cm,Kitap Kağıdı,197.0,1.0,5.0,7.0,240.0,2023.0,202.0,Siyaset,0,1,3,Siyaset,0,0,0,0,0,0,1,0,0,0,0,0.4305949008498583,0.30272108843537415,0.3696027633851468,0.014545454545454545,0.001937984496124031,0.001049317943336831,0.002631578947368421,1.0,0.0006606474344857962,0.407061266874351
Bir Eğitim Ülküsü Olarak Ruh Yüceliği,Kitap > Felsefe-Düşünce > Genel,Ahmet Aydoğan,SAY YAYIN GRUBU-KAMPANYA,5 / 5 (4 oy),84.0,4.0,0,1.0,"250,00",01.09.2010,TÜRKÇE,152,Karton Kapak,13.5 x 21 cm,Kitap Kağıdı,86.0,1.0,5.0,4.0,250.0,2010.0,152.0,Felsefe-Düşünce,0,1,3,Felsefe-Düşünce,0,0,0,0,1,0,0,0,0,0,0,0.45325779036827196,0.217687074829932,0.29015544041450775,0.007272727272727273,0.0,0.001049317943336831,0.002631578947368421,1.0,0.00033032371724289804,0.17653167185877464
Eski Yunan ve Roma'da Yaşam,Kitap > Tarih > Sosyal Tarih > Kitap > Kültür > Arkeoloji,Horst Blanck,ARİON YAYINLARI,5 / 5 (6 oy),289.5,14.0,1,5.0,"400,00",14.08.2023,TÜRKÇE,254,Karton Kapak,13.5 x 19.5 cm,1. Hm. Kağıt,209.0,3.0,5.0,6.0,400.0,2023.0,254.0,Tarih,0,1,0,Tarih,0,0,0,0,0,0,0,0,1,0,0,0.7932011331444758,0.391156462585034,1.0,0.025454545454545455,0.001937984496124031,0.005246589716684156,0.007894736842105263,1.0,0.0005505395287381633,0.4319833852544133
Birbirimize Her Şeyi Söyleyebilirdik,Kitap > Edebiyat > Anı (Hatırat),Judith Hermann,SİA KİTAP,4 / 5 (40 oy),2.207,103.0,8,51.0,"200,00",07.01.2025,TÜRKÇE,160,Karton Kapak,13.5 x 19.5 cm,Kitap Kağıdı,482.5,19.0,4.0,40.0,200.0,2025.0,160.0,Edebiyat,0,1,3,Edebiyat,0,0,0,1,0,0,0,0,0,0,0,0.3399433427762039,0.2312925170068027,0.00762348877374784,0.18727272727272729,0.015503875968992248,0.053515215110178385,0.049999999999999996,0.75,0.004294208324157674,0.9999999999999999
Sihir Ateşi Serisi Takım Set (2 Kitap),Kitap > Edebiyat > Roman (Çeviri),Cate Tiernan,PEGASUS YAYINLARI,4 / 5 (22 oy),289.5,15.0,6,22.0,"598,00",31.01.2020,TÜRKÇE,896,Karton Kapak,13.5 x 21 cm,Kitap Kağıdı,460.0,11.0,4.0,22.0,491.25,2020.0,612.0,Edebiyat,0,1,3,Edebiyat,0,0,0,1,0,0,0,0,0,0,0,1.0,1.0,1.0,0.02727272727272727,0.011627906976744186,0.023084994753410283,0.02894736842105263,0.75,0.0023122660207002864,0.9532710280373831
Vegan Diyeti,Kitap > Sağlık-Tıp > Sağlıklı Beslenme-Diyet,Gamze Kaçar,URZENİ,,12.0,0.0,0,0.0,"220,00",19.09.2022,TÜRKÇE,210,Karton Kapak,11 x 17 cm,Kitap Kağıdı,34.0,0.0,5.0,5.5,220.0,2022.0,210.0,Sağlık-Tıp,0,1,3,Diger,0,1,0,0,0,0,0,0,0,0,0,0.38526912181303113,0.3163265306122449,0.04145077720207253,0.0,0.0,0.0,0.0,1.0,0.000495485575864347,0.06853582554517135
Karanlık Tutkular,Kitap > Edebiyat > Bilimkurgu-Fantazya > Kitap > Orijinal Dil > İngilizce,Sherrilyn Kenyon,PEGASUS YAYINLARI,5 / 5 (31 oy),164.0,10.0,0,43.0,"299,00",22.11.2013,TÜRKÇE,480,Karton Kapak,13.5 x 21 cm,Kitap Kağıdı,205.0,12.0,5.0,31.0,299.0,2013.0,480.0,Edebiyat,0,1,3,Edebiyat,0,0,0,1,0,0,0,0,0,0,0,0.5643059490084985,0.7755102040816326,0.5664939550949913,0.01818181818181818,0.0,0.04512067156348374,0.031578947368421054,1.0,0.0033032371724289805,0.4236760124610592
Afrikalı Beş Müslüman Kölenin Hatıraları,Kitap > Tarih > Hatıralar,Muhammad A. Al-Ahari,PINAR YAYINLARI,5 / 5 (16 oy),158.0,13.0,0,10.0,"340,00",14.02.2019,TÜRKÇE,200,Karton Kapak,13.5 x 21 cm,Kitap Kağıdı,210.0,7.0,5.0,16.0,340.0,2019.0,200.0,Tarih,0,1,3,Tarih,0,0,0,0,0,0,0,0,1,0,0,0.6572237960339943,0.29931972789115646,0.5457685664939551,0.023636363636363636,0.0,0.010493179433368312,0.018421052631578946,1.0,0.0016516185862144902,0.43406022845275183
Korsakov,Kitap > Edebiyat > Roman (Çeviri),Eric Fottorino,PİNHAN YAYINCILIK-KAMPANYA,4 / 5 (11 oy),72.0,14.0,1,8.0,"380,00",12.03.2012,TÜRKÇE,232,Karton Kapak,13.5 x 21.5 cm,Kitap Kağıdı,91.0,3.0,4.0,11.0,380.0,2012.0,232.0,Edebiyat,0,1,3,Edebiyat,0,0,0,1,0,0,0,0,0,0,0,0.7478753541076487,0.35374149659863946,0.24870466321243523,0.025454545454545455,0.001937984496124031,0.008394543546694649,0.007894736842105263,0.75,0.001101079057476327,0.18691588785046728
Pastel Yalnızlıklar,Kitap > Edebiyat > Şiir (Yerli),İrem Turhan,FİHRİST KİTAP,,15.0,1.0,0,0.0,"139,50",21.09.2022,TÜRKÇE,76,Karton Kapak,13 x 19.5 cm,Kitap Kağıdı,21.0,0.0,5.0,5.5,139.5,2022.0,76.0,Edebiyat,0,1,3,Edebiyat,0,0,0,1,0,0,0,0,0,0,0,0.20283286118980165,0.08843537414965988,0.05181347150259067,0.0018181818181818182,0.0,0.0,0.0,1.0,0.000495485575864347,0.041536863966770504
Evernight Akademisi - Yıldız Avcısı,Kitap > Diğer > Gençlik Kitapları > Edebiyat > Kitap > Orijinal Dil > İngilizce,Claudia Gray,PEGASUS YAYINLARI,4 / 5 (7 oy),87.0,8.0,0,13.0,"269,00",11.12.2014,TÜRKÇE,312,Karton Kapak,13.5 x 21 cm,Kitap Kağıdı,58.0,0.0,4.0,7.0,269.0,2014.0,312.0,Diğer,0,1,3,Diğer,0,0,1,0,0,0,0,0,0,0,0,0.49631728045325774,0.489795918367347,0.3005181347150259,0.014545454545454545,0.0,0.013641133263378805,0.0,0.75,0.0006606474344857962,0.11838006230529595
Gülşen-i Raz Şerhi,Kitap > İslam > Tasavvuf,Hüseyin Bey,ATAÇ YAYINLARI - KAMPANYA,5 / 5 (3 oy),28.0,3.0,0,1.0,"140,00",31.12.2006,TÜRKÇE,179,Karton Kapak,13.5 x 21 cm,Kitap Kağıdı,70.0,1.0,5.0,3.0,140.0,2006.0,179.0,İslam,0,1,3,İslam,0,0,0,0,0,0,0,0,0,0,1,0.20396600566572237,0.26360544217687076,0.09671848013816925,0.005454545454545455,0.0,0.001049317943336831,0.002631578947368421,1.0,0.00022021581149526536,0.14330218068535824
Dünyanın Türkiye’ye İhtiyacı Var,Kitap > Siyaset > Diğer,Hasan Yıldırım,TRUVA YAYINLARI,5 / 5 (2 oy),12.0,1.0,0,1.0,"230,00",18.07.2023,TÜRKÇE,240,Karton Kapak,13.5 x 21 cm,Kitap Kağıdı,12.0,0.0,5.0,2.0,230.0,2023.0,240.0,Siyaset,0,1,3,Siyaset,0,0,0,0,0,0,1,0,0,0,0,0.40793201133144474,0.3673469387755102,0.04145077720207253,0.0018181818181818182,0.0,0.001049317943336831,0.0,1.0,0.00011010790574763268,0.02284527518172378
Sımsıcak,Kitap > Edebiyat > Roman (Çeviri),Kasey Michaels,PEGASUS YAYINLARI,4 / 5 (21 oy),247.0,3.0,0,24.0,"299,00",13.02.2012,TÜRKÇE,320,Karton Kapak,13.5 x 21 cm,Kitap Kağıdı,206.0,11.0,4.0,21.0,299.0,2012.0,320.0,Edebiyat,0,1,3,Edebiyat,0,0,0,1,0,0,0,0,0,0,0,0.5643059490084985,0.5034013605442176,0.853195164075993,0.005454545454545455,0.0,0.025183630640083946,0.02894736842105263,0.75,0.002202158114952654,0.42575285565939774
KokoroJapon İç Dünyasının İpuçları ve Yankıları,Kitap > Kişisel Gelişim,Lafcadio Hearn,SARMAL KİTABEVİ,,23.0,1.0,1,0.0,"270,00",20.08.2024,TÜRKÇE,255,Karton Kapak,13.5 x 19.5 cm,Kitap Kağıdı,16.0,0.0,5.0,5.5,270.0,2024.0,255.0,Kişisel Gelişim,0,1,3,Kişisel Gelişim,0,0,0,0,0,1,0,0,0,0,0,0.49858356940509907,0.39285714285714285,0.07944732297063903,0.0018181818181818182,0.001937984496124031,0.0,0.0,1.0,0.000495485575864347,0.03115264797507788
Uygarlığın Seyir DefteriUygarlık Tarihi: Başlangıçtan 20. Yüzyıla,Kitap > Tarih > Araştırma-İnceleme,Çağlar Tuncay,SARMAL KİTABEVİ,,38.0,0.0,0,0.0,"270,00",08.07.2024,TÜRKÇE,,Karton Kapak,13.5 x 19.5 cm,Kitap Kağıdı,48.0,0.0,5.0,5.5,270.0,2024.0,236.5,Tarih,0,1,3,Tarih,0,0,0,0,0,0,0,0,1,0,0,0.49858356940509907,0.36139455782312924,0.1312607944732297,0.0,0.0,0.0,0.0,1.0,0.000495485575864347,0.0976116303219107
Kıyamet Hiçbir ZamanÇevreci Evhamcılık Neden Hepimize Zarar Veriyor?,Kitap > Siyaset > Araştırma-İnceleme,Michael  Shellenberger,FİHRİST KİTAP,5 / 5 (7 oy),103.0,16.0,2,1.0,"499,50",04.04.2024,TÜRKÇE,402,Karton Kapak,13 x 19.5 cm,Kitap Kağıdı,116.0,2.0,5.0,7.0,491.25,2024.0,402.0,Siyaset,0,1,3,Siyaset,0,0,0,0,0,0,1,0,0,0,0,1.0,0.6428571428571428,0.3557858376511226,0.02909090909090909,0.003875968992248062,0.001049317943336831,0.005263157894736842,1.0,0.0006606474344857962,0.2388369678089304
Gözetim Toplumunda Teşhir,Kitap > Kültür > Popüler Kültür,Necip Doruk Akbakın,URZENİ,4 / 5 (2 oy),50.0,0.0,2,1.0,"220,00",30.10.2020,TÜRKÇE,208,Karton Kapak,13 x 20 cm,Kitap Kağıdı,50.0,2.0,4.0,2.0,220.0,2020.0,208.0,Kültür,0,1,3,Diger,0,1,0,0,0,0,0,0,0,0,0,0.38526912181303113,0.3129251700680272,0.17271157167530224,0.0,0.003875968992248062,0.001049317943336831,0.005263157894736842,0.75,0.00011010790574763268,0.10176531671858775
Hep Seni Bekledim,Kitap > Edebiyat > Roman (Çeviri),Suzanne Enoch,PEGASUS YAYINLARI,4 / 5 (33 oy),289.5,11.0,0,37.0,"249,00",06.10.2010,TÜRKÇE,416,Karton Kapak,13.5 x 21 cm,Kitap Kağıdı,382.0,20.0,4.0,33.0,249.0,2010.0,416.0,Edebiyat,0,1,3,Edebiyat,0,0,0,1,0,0,0,0,0,0,0,0.4509915014164305,0.6666666666666666,1.0,0.02,0.0,0.03882476390346275,0.05263157894736842,0.75,0.0035234529839242457,0.7912772585669782
Manevi Sosyal Hizmetler,Kitap > Eğitim > Kuramsal Kitaplar,,RAĞBET YAYINLARI-KAMPANYA,4 / 5 (13 oy),91.0,8.0,1,9.0,"600,00",04.02.2015,TÜRKÇE,541,Karton Kapak,13.5 x 21 cm,Kitap Kağıdı,327.0,7.0,4.0,13.0,491.25,2015.0,541.0,Eğitim,0,1,3,Diger,0,1,0,0,0,0,0,0,0,0,0,1.0,0.879251700680272,0.3143350604490501,0.014545454545454545,0.001937984496124031,0.00944386149003148,0.018421052631578946,0.75,0.0013212948689715921,0.6770508826583592
Ufo Dosyası,Kitap > Diğer > Parapsikoloji-Gizem,Kürşad Berkkan,YEDİVEREN YAYIN GRUBU - KAMPANYA,4 / 5 (22 oy),158.0,12.0,2,20.0,"234,00",07.10.2021,TÜRKÇE,288,Karton Kapak,13.5 x 21 cm,Kitap Kağıdı,232.0,6.0,4.0,22.0,234.0,2021.0,288.0,Diğer,0,1,3,Diğer,0,0,1,0,0,0,0,0,0,0,0,0.4169971671388102,0.4489795918367347,0.5457685664939551,0.02181818181818182,0.003875968992248062,0.020986358866736624,0.015789473684210527,0.75,0.0023122660207002864,0.4797507788161994
İslam Felsefesinde Mistik Bilginin Yeri,Kitap > İslam > Felsefe > Kitap > İslam > Tasavvuf > Kitap > Felsefe-Düşünce > Genel,Prof. Dr. Şahin Filiz,SAY YAYIN GRUBU-KAMPANYA,5 / 5 (16 oy),161.0,12.0,1,4.0,"350,00",06.12.2013,TÜRKÇE,384,Karton Kapak,13.5 x 19.5 cm,Kitap Kağıdı,205.0,5.0,5.0,16.0,350.0,2013.0,384.0,İslam,0,1,3,İslam,0,0,0,0,0,0,0,0,0,0,1,0.6798866855524078,0.6122448979591836,0.5561312607944732,0.02181818181818182,0.001937984496124031,0.004197271773347324,0.013157894736842105,1.0,0.0016516185862144902,0.4236760124610592
Türk Modernleşmesi,Kitap > Sosyoloji > Araştırma-İnceleme,,YEDİTEPE YAYINEVİ-KAMPANYA,4 / 5 (8 oy),172.0,9.0,1,1.0,"290,00",29.04.2013,TÜRKÇE,,Karton Kapak,13.5 x 21 cm,Kitap Kağıdı,129.0,1.0,4.0,8.0,290.0,2013.0,236.5,Sosyoloji,0,1,3,Sosyoloji,0,0,0,0,0,0,0,1,0,0,0,0.5439093484419263,0.36139455782312924,0.5941278065630397,0.016363636363636365,0.001937984496124031,0.001049317943336831,0.002631578947368421,0.75,0.0007707553402334288,0.26583592938733125
Kendine Yabancılaşan İnsan,Kitap > Edebiyat > Diğer,Fikret Yıldırım,DESTEK YAYIN GRUBU-KAMPANYA,,10.0,1.0,0,0.0,"250,00",25.02.2021,TÜRKÇE,288,Karton Kapak,13.5 x 19.5 cm,Kitap Kağıdı,6.0,0.0,5.0,5.5,250.0,2021.0,288.0,Edebiyat,0,1,3,Edebiyat,0,0,0,1,0,0,0,0,0,0,0,0.45325779036827196,0.4489795918367347,0.03454231433506045,0.0018181818181818182,0.0,0.0,0.0,1.0,0.000495485575864347,0.010384215991692626
Kutbüddîn Ravendî ve Fıkhu’l-Kur’anAhkam Tefsiri Geleneğinde Şiî Çizgi,Kitap > İslam > Tefsir-Meal > Kitap > İslam > Araştırma-İnceleme,Seyfullah Efe,OTORİTE YAYINLARI,,8.0,0.0,0,0.0,"223,50",23.01.2024,TÜRKÇE,169,Karton Kapak,14 x 21 cm,Kitap Kağıdı,80.0,0.0,5.0,5.5,223.5,2024.0,169.0,İslam,0,1,3,İslam,0,0,0,0,0,0,0,0,0,0,1,0.3932011331444759,0.2465986394557823,0.027633851468048358,0.0,0.0,0.0,0.0,1.0,0.000495485575864347,0.16407061266874348
Maya’s HochzeitMaya’nın Düğünü,Kitap > Edebiyat > Deneme (Yerli),Bilen Güneş,HAYY KİTAP - KAMPANYA,5 / 5 (1 oy),6.0,2.0,0,1.0,"150,00",21.04.2021,TÜRKÇE,64,Ciltli,22 x 22 cm,Kitap Kağıdı,5.0,1.0,5.0,1.0,150.0,2021.0,64.0,Edebiyat,0,0,3,Edebiyat,0,0,0,1,0,0,0,0,0,0,0,0.22662889518413593,0.06802721088435373,0.020725388601036267,0.0036363636363636364,0.0,0.001049317943336831,0.002631578947368421,1.0,0.0,0.008307372793354102
Jantsen'in Hediyesi,Kitap > Edebiyat > Roman (Çeviri),Aimee Molloy,BİLGE KÜLTÜR SANAT,5 / 5 (8 oy),67.0,7.0,1,9.0,"250,00",01.07.2011,TÜRKÇE,304,Karton Kapak,14 x 20 cm,Kitap Kağıdı,102.0,6.0,5.0,8.0,250.0,2011.0,304.0,Edebiyat,0,1,3,Edebiyat,0,0,0,1,0,0,0,0,0,0,0,0.45325779036827196,0.4761904761904762,0.231433506044905,0.012727272727272728,0.001937984496124031,0.00944386149003148,0.015789473684210527,1.0,0.0007707553402334288,0.20976116303219106
5 Celse 575 Gün,Kitap > Siyaset > Araştırma-İnceleme,Halit Güleç,SARMAL KİTABEVİ,,3.0,1.0,0,0.0,"220,00",23.02.2023,TÜRKÇE,242,Karton Kapak,13.5 x 19.5 cm,Kitap Kağıdı,6.0,0.0,5.0,5.5,220.0,2023.0,242.0,Siyaset,0,1,3,Siyaset,0,0,0,0,0,0,1,0,0,0,0,0.38526912181303113,0.37074829931972786,0.010362694300518133,0.0018181818181818182,0.0,0.0,0.0,1.0,0.000495485575864347,0.010384215991692626
"BozdoğanÖmrünü Türk Dünyasına Adamış, Enver Paşa’nın Kardeşi: Nuri Killigil Paşa’nın Hikayesi...",Kitap > Edebiyat > Biyografi-Otobiyografi,Fatih Özcan,DESTEK YAYIN GRUBU-KAMPANYA,5 / 5 (12 oy),202.0,16.0,2,6.0,"340,00",05.11.2019,TÜRKÇE,434,Karton Kapak,13.5 x 21 cm,Kitap Kağıdı,61.0,4.0,5.0,12.0,340.0,2019.0,434.0,Edebiyat,0,1,3,Edebiyat,0,0,0,1,0,0,0,0,0,0,0,0.6572237960339943,0.6972789115646257,0.697754749568221,0.02909090909090909,0.003875968992248062,0.0062959076600209865,0.010526315789473684,1.0,0.0012111869632239595,0.12461059190031153
Zamanın Gerisinde Kalanlarİslam Dünyası Neden Başarısız? Batı Neden Başarılı?,Kitap > Siyaset > Araştırma-İnceleme,Esedullah Oğuz,TRUVA YAYINLARI,4 / 5 (4 oy),46.0,4.0,0,3.0,"220,00",04.10.2021,TÜRKÇE,248,Karton Kapak,13.5 x 21 cm,Kitap Kağıdı,232.0,1.0,4.0,4.0,220.0,2021.0,248.0,Siyaset,0,1,3,Siyaset,0,0,0,0,0,0,1,0,0,0,0,0.38526912181303113,0.38095238095238093,0.15889464594127806,0.007272727272727273,0.0,0.0031479538300104933,0.002631578947368421,0.75,0.00033032371724289804,0.4797507788161994
İşkodra'da Savaş,Kitap > Tarih > Hatıralar > Kitap > Edebiyat > Günlük,Jerome Tharaud,BİLGE KÜLTÜR SANAT,5 / 5 (20 oy),159.0,10.0,0,15.0,"140,00",15.11.2013,TÜRKÇE,136,Karton Kapak,12.5 x 19.5 cm,Kitap Kağıdı,256.0,10.0,5.0,20.0,140.0,2013.0,136.0,Tarih,0,1,3,Tarih,0,0,0,0,0,0,0,0,1,0,0,0.20396600566572237,0.19047619047619047,0.5492227979274611,0.01818181818181818,0.0,0.015739769150052468,0.02631578947368421,1.0,0.0020920502092050207,0.5295950155763239
Sen Benimsin,Kitap > Edebiyat > Roman (Yerli),Dilek Taygun,YEDİVEREN YAYIN GRUBU - KAMPANYA,,25.0,2.0,0,4.0,"182,00",29.11.2022,TÜRKÇE,200,Karton Kapak,13.5 x 19.5 cm,Kitap Kağıdı,75.0,0.0,5.0,5.5,182.0,2022.0,200.0,Edebiyat,0,1,3,Edebiyat,0,0,0,1,0,0,0,0,0,0,0,0.2991501416430595,0.29931972789115646,0.08635578583765112,0.0036363636363636364,0.0,0.004197271773347324,0.0,1.0,0.000495485575864347,0.15368639667705086
Küçük Burjuva İdeolojisi,Kitap > Felsefe-Düşünce,Maksim Gorki,SAY YAYIN GRUBU-KAMPANYA,3 / 5 (6 oy),49.0,4.0,3,3.0,"200,00",15.07.2016,TÜRKÇE,192,Karton Kapak,13 x 19.5 cm,Kitap Kağıdı,31.0,3.0,3.0,6.0,200.0,2016.0,192.0,Felsefe-Düşünce,0,1,3,Felsefe-Düşünce,0,0,0,0,1,0,0,0,0,0,0,0.3399433427762039,0.2857142857142857,0.1692573402417962,0.007272727272727273,0.005813953488372093,0.0031479538300104933,0.007894736842105263,0.5,0.0005505395287381633,0.06230529595015576
Baca Kasabası’nın Çöpadam’ı,Kitap > Çocuk Kitapları > Hikaye,Akihiro Nishino,YEDİVEREN YAYIN GRUBU - KAMPANYA,5 / 5 (24 oy),78.0,7.0,1,21.0,"273,00",12.11.2018,TÜRKÇE,88,Karton Kapak,21 x 21 cm,Kitap Kağıdı,133.0,18.0,5.0,24.0,273.0,2018.0,88.0,Çocuk Kitapları,0,1,3,Çocuk Kitapları,0,0,0,0,0,0,0,0,0,1,0,0.5053824362606232,0.108843537414966,0.2694300518134715,0.012727272727272728,0.001937984496124031,0.022035676810073453,0.04736842105263158,1.0,0.0025324818321955517,0.2741433021806854
Geçmişin ve Geleceğin Hükümdarı Selahaddin Eyyubi,Kitap > Tarih > Kişiler > Kitap > Tarih > Araştırma-İnceleme,John Man,SAY YAYIN GRUBU-KAMPANYA,5 / 5 (24 oy),248.0,16.0,1,17.0,"350,00",06.11.2017,TÜRKÇE,288,Karton Kapak,14 x 22 cm,Kitap Kağıdı,272.0,13.0,5.0,24.0,350.0,2017.0,288.0,Tarih,0,1,3,Tarih,0,0,0,0,0,0,0,0,1,0,0,0.6798866855524078,0.4489795918367347,0.8566493955094991,0.02909090909090909,0.001937984496124031,0.017838405036726127,0.034210526315789476,1.0,0.0025324818321955517,0.5628245067497404
Galileo / Fikir Mimarları Dizisi,Kitap > Bilim & Mühendislik > Bilim İnsanları,Hüseyin Gazi Topdemir,SAY YAYIN GRUBU-KAMPANYA,5 / 5 (12 oy),289.5,16.0,3,6.0,"350,00",22.11.2013,TÜRKÇE,232,Karton Kapak,13.5 x 21 cm,Kitap Kağıdı,192.0,7.0,5.0,12.0,350.0,2013.0,232.0,Bilim & Mühendislik,0,1,3,Bilim & Mühendislik,1,0,0,0,0,0,0,0,0,0,0,0.6798866855524078,0.35374149659863946,1.0,0.02909090909090909,0.005813953488372093,0.0062959076600209865,0.018421052631578946,1.0,0.0012111869632239595,0.39667705088265837
Sana Bir Çift Sözüm Var,Kitap > Edebiyat > Şiir (Yerli),D. Ali Gültekin,ANEMON YAYINLARI,,4.0,1.0,0,0.0,"250,00",26.06.2024,TÜRKÇE,224,Karton Kapak,13.5 x 21 cm,Kitap Kağıdı,1.0,0.0,5.0,5.5,250.0,2024.0,224.0,Edebiyat,0,1,3,Edebiyat,0,0,0,1,0,0,0,0,0,0,0,0.45325779036827196,0.3401360544217687,0.013816925734024179,0.0018181818181818182,0.0,0.0,0.0,1.0,0.000495485575864347,0.0
Türkiye’de Yeni İktidar Yeni DirenişSermaye-Ulus-Devlet Karşısında  Yerelötesi Müşterekler,Kitap > Siyaset > Aktüel Siyaset > Kitap > Siyaset > Siyasal Hayat (Türkiye) > Kitap > Siyaset > Araştırma-İnceleme,,METİS YAYINLARI,4 / 5 (6 oy),57.0,5.0,1,2.0,"184,00",18.09.2015,TÜRKÇE,144,Karton Kapak,13 x 19.5 cm,Kitap Kağıdı,73.0,2.0,4.0,6.0,184.0,2015.0,144.0,Siyaset,0,1,3,Siyaset,0,0,0,0,0,0,1,0,0,0,0,0.3036827195467422,0.20408163265306123,0.19689119170984454,0.00909090909090909,0.001937984496124031,0.002098635886673662,0.005263157894736842,0.75,0.0005505395287381633,0.14953271028037382
İsmim Güzel Olsun!En Güzel Çocuk İsimleri,Kitap > Diğer > Muhtelif,Nil Peri Gökçe,SİS YAYINCILIK,,11.0,0.0,0,0.0,"300,00",07.07.2025,TÜRKÇE,320,Karton Kapak,13.5 x 19.5 cm,Kitap Kağıdı,52.0,2.0,5.0,5.5,300.0,2025.0,320.0,Diğer,0,1,3,Diğer,0,0,1,0,0,0,0,0,0,0,0,0.5665722379603398,0.5034013605442176,0.037996545768566495,0.0,0.0,0.0,0.005263157894736842,1.0,0.000495485575864347,0.1059190031152648
İslam Ülkelerinde Bilimin Gerileyişi,Kitap > Bilim & Mühendislik > Diğer > Kitap > İslam > Araştırma-İnceleme,Prof. Dr. Timur Karaçay,ABAKÜS KİTAP - KAMPANYA,3 / 5 (11 oy),65.0,5.0,0,5.0,"120,00",02.05.2018,TÜRKÇE,168,Karton Kapak,13.5 x 19.5 cm,Kitap Kağıdı,126.0,2.0,3.0,11.0,120.0,2018.0,168.0,Bilim & Mühendislik,0,1,3,Bilim & Mühendislik,1,0,0,0,0,0,0,0,0,0,0,0.15864022662889515,0.24489795918367346,0.2245250431778929,0.00909090909090909,0.0,0.005246589716684156,0.005263157894736842,0.5,0.001101079057476327,0.25960539979231567
7. Kadın,Kitap > Edebiyat > Roman (Çeviri),Frederique Molay,BİLGE KÜLTÜR SANAT,4 / 5 (27 oy),144.0,8.0,0,29.0,"220,00",10.03.2011,TÜRKÇE,256,Karton Kapak,13.5 x 21.5 cm,Kitap Kağıdı,241.0,14.0,4.0,27.0,220.0,2011.0,256.0,Edebiyat,0,1,3,Edebiyat,0,0,0,1,0,0,0,0,0,0,0,0.38526912181303113,0.3945578231292517,0.49740932642487046,0.014545454545454545,0.0,0.030430220356768102,0.03684210526315789,0.75,0.0028628055494384495,0.4984423676012461
Evlilik Dersi,Kitap > Edebiyat > Roman (Çeviri),Victoria Alexander,PEGASUS YAYINLARI,4 / 5 (19 oy),155.0,13.0,0,31.0,"299,00",09.07.2019,TÜRKÇE,352,Karton Kapak,13.5 x 21 cm,Kitap Kağıdı,281.0,4.0,4.0,19.0,299.0,2019.0,352.0,Edebiyat,0,1,3,Edebiyat,0,0,0,1,0,0,0,0,0,0,0,0.5643059490084985,0.5578231292517006,0.5354058721934369,0.023636363636363636,0.0,0.03252885624344176,0.010526315789473684,0.75,0.001981942303457388,0.5815160955347871
Diyaloglar / Dünya Edebiyatı Üzerine,Kitap > Edebiyat > Deneme (Yerli),Murat Gülsoy,CAN YAYINLARI,5 / 5 (23 oy),289.5,55.0,6,14.0,"380,00",21.09.2022,TÜRKÇE,272,Karton Kapak,12.5 x 19.5 cm,Kitap Kağıdı,482.5,14.0,5.0,23.0,380.0,2022.0,272.0,Edebiyat,0,1,3,Edebiyat,0,0,0,1,0,0,0,0,0,0,0,0.7478753541076487,0.42176870748299317,1.0,0.1,0.011627906976744186,0.014690451206715634,0.03684210526315789,1.0,0.002422373926447919,0.9999999999999999
Pitsim Garı,Kitap > Edebiyat > Bilimkurgu-Fantazya,Gürkan Kadıoğlu,FİHRİST KİTAP,5 / 5 (4 oy),38.0,6.0,0,4.0,"414,40",25.06.2021,TÜRKÇE,314,Karton Kapak,13 x 19.5 cm,Kitap Kağıdı,150.0,1.0,5.0,4.0,414.4,2021.0,314.0,Edebiyat,0,1,3,Edebiyat,0,0,0,1,0,0,0,0,0,0,0,0.8258356940509913,0.49319727891156456,0.1312607944732297,0.01090909090909091,0.0,0.004197271773347324,0.002631578947368421,1.0,0.00033032371724289804,0.3094496365524403
Değişen Karadeniz'i Anlamak,Kitap > Turizm-Gezi > Şehirler-Bölgeler > Kitap > Sosyoloji > Araştırma-İnceleme,,SİYASAL YAYIN GRUBU - KAMPANYA,5 / 5 (2 oy),33.0,5.0,0,0.0,"510,00",30.04.2016,TÜRKÇE,560,Karton Kapak,13.5 x 19.5 cm,Kitap Kağıdı,40.0,0.0,5.0,2.0,491.25,2016.0,560.0,Turizm-Gezi,0,1,3,Diger,0,1,0,0,0,0,0,0,0,0,0,1.0,0.91156462585034,0.11398963730569947,0.00909090909090909,0.0,0.0,0.0,1.0,0.00011010790574763268,0.08099688473520249
Mars Komutanı / John Carter III,Kitap > Edebiyat > Bilimkurgu-Fantazya,Edgar Rice Burroughs,FİHRİST KİTAP,5 / 5 (7 oy),95.0,14.0,1,10.0,"269,50",11.01.2023,TÜRKÇE,188,Karton Kapak,13 x 19.5 cm,Kitap Kağıdı,103.0,2.0,5.0,7.0,269.5,2023.0,188.0,Edebiyat,0,1,3,Edebiyat,0,0,0,1,0,0,0,0,0,0,0,0.49745042492917846,0.2789115646258503,0.32815198618307423,0.025454545454545455,0.001937984496124031,0.010493179433368312,0.005263157894736842,1.0,0.0006606474344857962,0.2118380062305296
Bozkırın Bacaları,Kitap > Edebiyat > Anı (Hatırat),Osman Bozkurt,BİYOGRAFİ.NET,,2.0,0.0,0,0.0,"242,50",07.01.2022,TÜRKÇE,248,Karton Kapak,13 x 19.5 cm,Kitap Kağıdı,7.0,0.0,5.0,5.5,242.5,2022.0,248.0,Edebiyat,0,1,3,Edebiyat,0,0,0,1,0,0,0,0,0,0,0,0.4362606232294617,0.38095238095238093,0.0069084628670120895,0.0,0.0,0.0,0.0,1.0,0.000495485575864347,0.012461059190031154
Pellucidar VTaş Devrine Dönüş,Kitap > Edebiyat > Bilimkurgu-Fantazya,Edgar Rice Burroughs,FİHRİST KİTAP,5 / 5 (4 oy),41.0,11.0,0,2.0,"314,50",08.03.2024,TÜRKÇE,228,Karton Kapak,13 x 19.5 cm,Kitap Kağıdı,65.0,0.0,5.0,4.0,314.5,2024.0,228.0,Edebiyat,0,1,3,Edebiyat,0,0,0,1,0,0,0,0,0,0,0,0.5994334277620396,0.3469387755102041,0.14162348877374784,0.02,0.0,0.002098635886673662,0.0,1.0,0.00033032371724289804,0.13291796469366562
Çarpık Nefret / Twisted Serisi Üçüncü Kitap,Kitap > Edebiyat > Roman (Çeviri),Ana Huang,MARTI YAYINLARI,4 / 5 (22 oy),1.199,66.0,9,77.0,"395,00",06.06.2023,TÜRKÇE,544,Karton Kapak,13.5 x 21 cm,Kitap Kağıdı,482.5,10.0,4.0,22.0,395.0,2023.0,544.0,Edebiyat,0,1,3,Edebiyat,0,0,0,1,0,0,0,0,0,0,0,0.781869688385269,0.8843537414965985,0.004141623488773748,0.12,0.01744186046511628,0.080797481636936,0.02631578947368421,0.75,0.0023122660207002864,0.9999999999999999
Beyoğlu'nda bir Levanten Giovanni Scognamillo,Kitap > Edebiyat > Biyografi-Otobiyografi,Gülşah Nezaket Maraşlı Göç,BİYOGRAFİ.NET,4 / 5 (3 oy),33.0,2.0,0,0.0,"400,00",03.03.2021,TÜRKÇE,184,Karton Kapak,13 x 20 cm,Kitap Kağıdı,80.0,2.0,4.0,3.0,400.0,2021.0,184.0,Edebiyat,0,1,3,Edebiyat,0,0,0,1,0,0,0,0,0,0,0,0.7932011331444758,0.272108843537415,0.11398963730569947,0.0036363636363636364,0.0,0.0,0.005263157894736842,0.75,0.00022021581149526536,0.16407061266874348
Tarihi Başka OkumakOsmanlı'nın Sonu Cumhuriyet'in İlk 40 Yılı,Kitap > Tarih > Türk-Osmanlı > Kitap > Tarih > Araştırma-İnceleme,Turhan Utku,ATAÇ YAYINLARI - KAMPANYA,4 / 5 (10 oy),50.0,3.0,2,3.0,"350,00",10.02.2015,TÜRKÇE,492,Karton Kapak,16 x 23.5 cm,Kitap Kağıdı,75.0,5.0,4.0,10.0,350.0,2015.0,492.0,Tarih,0,1,3,Tarih,0,0,0,0,0,0,0,0,1,0,0,0.6798866855524078,0.7959183673469387,0.17271157167530224,0.005454545454545455,0.003875968992248062,0.0031479538300104933,0.013157894736842105,0.75,0.000990971151728694,0.15368639667705086
Politik Ekonomi Nedir?,Kitap > Siyaset > Kuram,Sergei İlyin,SARMAL KİTABEVİ,,38.0,2.0,0,2.0,"220,00",18.12.2020,TÜRKÇE,232,Karton Kapak,13 x 20 cm,Kitap Kağıdı,41.0,0.0,5.0,5.5,220.0,2020.0,232.0,Siyaset,0,1,3,Siyaset,0,0,0,0,0,0,1,0,0,0,0,0.38526912181303113,0.35374149659863946,0.1312607944732297,0.0036363636363636364,0.0,0.002098635886673662,0.0,1.0,0.000495485575864347,0.08307372793354102
AstrobiyolojiEvrende Yaşam Arayışı,Kitap > Bilim & Mühendislik > Popüler Bilim,Yazgı Evrim Denizci,SAY YAYIN GRUBU-KAMPANYA,4 / 5 (5 oy),286.0,13.0,2,5.0,"250,00",20.06.2022,TÜRKÇE,160,Karton Kapak,13.5 x 21 cm,Kitap Kağıdı,129.0,2.0,4.0,5.0,250.0,2022.0,160.0,Bilim & Mühendislik,0,1,3,Bilim & Mühendislik,1,0,0,0,0,0,0,0,0,0,0,0.45325779036827196,0.2312925170068027,0.9879101899827288,0.023636363636363636,0.003875968992248062,0.005246589716684156,0.005263157894736842,0.75,0.00044043162299053066,0.26583592938733125
Kahve Arası Sanat Konuşmaları,Kitap > Sanat > Diğer,Ömer  Alkan,FİHRİST KİTAP,4 / 5 (4 oy),54.0,4.0,0,4.0,"199,50",09.03.2022,TÜRKÇE,128,Karton Kapak,13.5 x 19.5 cm,Kitap Kağıdı,51.0,3.0,4.0,4.0,199.5,2022.0,128.0,Sanat,0,1,3,Diger,0,1,0,0,0,0,0,0,0,0,0,0.33881019830028325,0.17687074829931973,0.18652849740932642,0.007272727272727273,0.0,0.004197271773347324,0.007894736842105263,0.75,0.00033032371724289804,0.10384215991692627
"5 Seconds Of Summer Hey, Haydi Bir Grup Kuralım!",Kitap > Müzik > Müzisyenler > Kitap > Orijinal Dil > İngilizce,5 Second of Summer,PEGASUS YAYINLARI,4 / 5 (40 oy),138.0,25.0,5,22.0,"299,00",11.11.2015,TÜRKÇE,288,Karton Kapak,15 x 20 cm,Kitap Kağıdı,482.5,16.0,4.0,40.0,299.0,2015.0,288.0,Müzik,0,1,3,Diger,0,1,0,0,0,0,0,0,0,0,0,0.5643059490084985,0.4489795918367347,0.47668393782383417,0.045454545454545456,0.009689922480620155,0.023084994753410283,0.042105263157894736,0.75,0.004294208324157674,0.9999999999999999
Pierre ve Luce,Kitap > Edebiyat > Roman (Çeviri),Romain Rolland,FİHRİST KİTAP,4 / 5 (14 oy),137.0,9.0,1,13.0,"144,50",19.12.2023,TÜRKÇE,80,Karton Kapak,13 x 19.5 cm,Kitap Kağıdı,207.0,7.0,4.0,14.0,144.5,2023.0,80.0,Edebiyat,0,1,3,Edebiyat,0,0,0,1,0,0,0,0,0,0,0,0.21416430594900848,0.09523809523809523,0.47322970639032813,0.016363636363636365,0.001937984496124031,0.013641133263378805,0.018421052631578946,0.75,0.001431402774719225,0.42782969885773625
SakalToplu Öyküler,Kitap > Edebiyat > Hikaye (Çeviri),Janko Polic  Kamov,FİHRİST KİTAP,5 / 5 (9 oy),47.0,9.0,0,5.0,"254,50",29.06.2022,TÜRKÇE,176,Karton Kapak,13 x 19.5 cm,Kitap Kağıdı,56.0,5.0,5.0,9.0,254.5,2022.0,176.0,Edebiyat,0,1,3,Edebiyat,0,0,0,1,0,0,0,0,0,0,0,0.463456090651558,0.2585034013605442,0.1623488773747841,0.016363636363636365,0.0,0.005246589716684156,0.013157894736842105,1.0,0.0008808632459810614,0.11422637590861891
Kadınlar GezegeniSirius-B Yıl:3016,Kitap > Edebiyat > Roman (Yerli),Ersin Özdil,SARMAL KİTABEVİ,,14.0,2.0,0,0.0,"270,00",19.11.2020,TÜRKÇE,275,Karton Kapak,13 x 20 cm,Kitap Kağıdı,24.0,0.0,5.0,5.5,270.0,2020.0,275.0,Edebiyat,0,1,3,Edebiyat,0,0,0,1,0,0,0,0,0,0,0,0.49858356940509907,0.4268707482993197,0.048359240069084625,0.0036363636363636364,0.0,0.0,0.0,1.0,0.000495485575864347,0.04776739356178608
Kıyıya Vuran Kırk Dalga,Kitap > Edebiyat > Deneme (Yerli),40'lar Kulübü,40'LAR KULÜBÜ,5 / 5 (2 oy),14.0,0.0,0,1.0,"149,00",20.07.2022,TÜRKÇE,160,Karton Kapak,13.5 x 21 cm,Kitap Kağıdı,9.0,0.0,5.0,2.0,149.0,2022.0,160.0,Edebiyat,0,1,3,Edebiyat,0,0,0,1,0,0,0,0,0,0,0,0.2243626062322946,0.2312925170068027,0.048359240069084625,0.0,0.0,0.001049317943336831,0.0,1.0,0.00011010790574763268,0.016614745586708203
Allah Bize Ne Diyor Biz Ne Yapıyoruz?,Kitap > Din > Diğer,Osman Oktay,NET KİTAPLIK YAYINCILIK,,23.0,1.0,0,1.0,"215,00",27.01.2023,TÜRKÇE,112,Karton Kapak,13 x 20 cm,Kitap Kağıdı,20.0,0.0,5.0,5.5,215.0,2023.0,112.0,Din,0,1,3,Diger,0,1,0,0,0,0,0,0,0,0,0,0.3739376770538243,0.14965986394557823,0.07944732297063903,0.0018181818181818182,0.0,0.001049317943336831,0.0,1.0,0.000495485575864347,0.039460020768431976
1972 Yılının Önemli Bir Gününde Önemsiz Bir Adam,Kitap > Edebiyat > Roman (Yerli),Sezer Bağcan,SARMAL KİTABEVİ,,6.0,0.0,0,1.0,"200,00",31.07.2024,TÜRKÇE,134,Karton Kapak,,Kitap Kağıdı,16.0,0.0,5.0,5.5,200.0,2024.0,134.0,Edebiyat,0,1,3,Edebiyat,0,0,0,1,0,0,0,0,0,0,0,0.3399433427762039,0.1870748299319728,0.020725388601036267,0.0,0.0,0.001049317943336831,0.0,1.0,0.000495485575864347,0.03115264797507788
Gözcü,Kitap > Edebiyat > Roman (Çeviri) > Kitap > Edebiyat > Polisiye,Robert Crais,BİLGE KÜLTÜR SANAT,5 / 5 (37 oy),260.0,15.0,2,51.0,"300,00",16.10.2007,TÜRKÇE,352,Karton Kapak,13.5 x 21.5 cm,Kitap Kağıdı,482.5,15.0,5.0,37.0,300.0,2007.0,352.0,Edebiyat,0,1,3,Edebiyat,0,0,0,1,0,0,0,0,0,0,0,0.5665722379603398,0.5578231292517006,0.8981001727115716,0.02727272727272727,0.003875968992248062,0.053515215110178385,0.039473684210526314,1.0,0.003963884606914776,0.9999999999999999
Gel Dersen Her Şeyi Bırakıp Gelirim... Yeter ki Gel de,Kitap > Edebiyat > Roman (Çeviri) > Kitap > Orijinal Dil > İspanyolca,Albert Espinosa,PEGASUS YAYINLARI,4 / 5 (42 oy),289.5,12.0,1,39.0,"249,00",27.05.2014,TÜRKÇE,240,Karton Kapak,13.5 x 21 cm,Kitap Kağıdı,311.0,19.0,4.0,42.0,249.0,2014.0,240.0,Edebiyat,0,1,3,Edebiyat,0,0,0,1,0,0,0,0,0,0,0,0.4509915014164305,0.3673469387755102,1.0,0.02181818181818182,0.001937984496124031,0.040923399790136414,0.049999999999999996,0.75,0.00451442413565294,0.6438213914849429
Sımmel’in Gözüyle Modernitenin Sosyolojisi,Kitap > Sosyoloji > Araştırma-İnceleme,Gözde Özelce,URZENİ,,25.0,1.0,0,0.0,"250,00",10.04.2021,TÜRKÇE,184,Karton Kapak,13 x 20 cm,Kitap Kağıdı,29.0,0.0,5.0,5.5,250.0,2021.0,184.0,Sosyoloji,0,1,3,Sosyoloji,0,0,0,0,0,0,0,1,0,0,0,0.45325779036827196,0.272108843537415,0.08635578583765112,0.0018181818181818182,0.0,0.0,0.0,1.0,0.000495485575864347,0.05815160955347871
Medeniyet Sineması,Kitap > Sinema-Tiyatro > Senaryo (Yerli),Abdurrahman  Çapar,BİYOGRAFİ.NET,5 / 5 (3 oy),13.0,2.0,0,0.0,"150,00",19.08.2021,TÜRKÇE,120,Karton Kapak,13 x 19.5 cm,Kitap Kağıdı,65.0,2.0,5.0,3.0,150.0,2021.0,120.0,Sinema-Tiyatro,0,1,3,Diger,0,1,0,0,0,0,0,0,0,0,0,0.22662889518413593,0.163265306122449,0.04490500863557858,0.0036363636363636364,0.0,0.0,0.005263157894736842,1.0,0.00022021581149526536,0.13291796469366562
Kaderin ŞifresiParanormal Aktiviteler,Kitap > Kişisel Gelişim,Penelope Everwood,SARMAL KİTABEVİ,5 / 5 (1 oy),21.0,1.0,0,0.0,"420,00",24.08.2023,TÜRKÇE,362,Karton Kapak,13.5 x 19.5 cm,Kitap Kağıdı,39.0,1.0,5.0,1.0,420.0,2023.0,362.0,Kişisel Gelişim,0,1,3,Kişisel Gelişim,0,0,0,0,0,1,0,0,0,0,0,0.838526912181303,0.5748299319727891,0.07253886010362694,0.0018181818181818182,0.0,0.0,0.002631578947368421,1.0,0.0,0.07892004153686397
Ey Sevgili,Kitap > Edebiyat > Şiir (Yerli),Mümtaz Alp,KUTLU YAYINEVİ,,1.0,0.0,0,0.0,"225,00",08.04.2022,TÜRKÇE,206,Karton Kapak,13 x 19.5 cm,Kitap Kağıdı,107.0,0.0,5.0,5.5,225.0,2022.0,206.0,Edebiyat,0,1,3,Edebiyat,0,0,0,1,0,0,0,0,0,0,0,0.39660056657223797,0.30952380952380953,0.0034542314335060447,0.0,0.0,0.0,0.0,1.0,0.000495485575864347,0.22014537902388367
Kod Adı Çiçeroİkinci Dünya Savaşı’nın En İlginç Casusluk Vakası,Kitap > Tarih > Araştırma-İnceleme,Richard Wiles,SAY YAYIN GRUBU-KAMPANYA,4 / 5 (5 oy),146.0,8.0,0,5.0,"300,00",11.03.2020,TÜRKÇE,376,Karton Kapak,13.5 x 21 cm,Kitap Kağıdı,71.0,2.0,4.0,5.0,300.0,2020.0,376.0,Tarih,0,1,3,Tarih,0,0,0,0,0,0,0,0,1,0,0,0.5665722379603398,0.5986394557823128,0.5043177892918825,0.014545454545454545,0.0,0.005246589716684156,0.005263157894736842,0.75,0.00044043162299053066,0.14537902388369678
Nietzsche ve Schopenhauer ile Küçük bir Söyleşi,Kitap > Felsefe-Düşünce > Diğer,Prof .Dr. Oğuz İnel,FİHRİST KİTAP,4 / 5 (7 oy),126.0,7.0,0,7.0,"129,50",17.04.2023,TÜRKÇE,68,Karton Kapak,13 x 19.5 cm,Kitap Kağıdı,138.0,4.0,4.0,7.0,129.5,2023.0,68.0,Felsefe-Düşünce,0,1,3,Felsefe-Düşünce,0,0,0,0,1,0,0,0,0,0,0,0.1801699716713881,0.07482993197278912,0.43523316062176165,0.012727272727272728,0.0,0.007345225603357817,0.010526315789473684,0.75,0.0006606474344857962,0.284527518172378
Ezik,Kitap > Diğer > Gençlik Kitapları > Edebiyat,Andrew Smith,PEGASUS YAYINLARI,4 / 5 (26 oy),211.0,22.0,1,30.0,"299,00",23.02.2016,TÜRKÇE,432,Karton Kapak,13.5 x 21 cm,Kitap Kağıdı,226.0,10.0,4.0,26.0,299.0,2016.0,432.0,Diğer,0,1,3,Diğer,0,0,1,0,0,0,0,0,0,0,0,0.5643059490084985,0.693877551020408,0.7288428324697754,0.04,0.001937984496124031,0.031479538300104935,0.02631578947368421,0.75,0.002752697643690817,0.4672897196261682
Yanlış Adamın Maceraları,Kitap > Edebiyat > Roman (Yerli),Mehmet Engin Ayatar,TRUVA YAYINLARI,5 / 5 (5 oy),12.0,3.0,0,4.0,"495,00",03.10.2022,TÜRKÇE,608,Karton Kapak,13.5 x 21 cm,Kitap Kağıdı,296.0,3.0,5.0,5.0,491.25,2022.0,608.0,Edebiyat,0,1,3,Edebiyat,0,0,0,1,0,0,0,0,0,0,0,1.0,0.9931972789115646,0.04145077720207253,0.005454545454545455,0.0,0.004197271773347324,0.007894736842105263,1.0,0.00044043162299053066,0.612668743509865
Ekonomik Bunalımdan Ulusal Bunalıma,Kitap > Siyaset > Aktüel Siyaset > Kitap > Ekonomi > Türkiye Ekonomisi,Metin Aydoğan,SAY YAYIN GRUBU-KAMPANYA,5 / 5 (29 oy),219.0,17.0,1,21.0,"350,00",01.07.2010,TÜRKÇE,310,Karton Kapak,13.5 x 21 cm,3. Hm. Kağıt,338.0,22.0,5.0,29.0,350.0,2010.0,310.0,Siyaset,0,1,2,Siyaset,0,0,0,0,0,0,1,0,0,0,0,0.6798866855524078,0.4863945578231293,0.7564766839378237,0.03090909090909091,0.001937984496124031,0.022035676810073453,0.05789473684210526,1.0,0.0030830213609337152,0.699896157840083
"Kim Korkar Tarihten?SBS,YGS,LYS ve KPSS Sınavlarına Hazırlık Kitabı",Kitap > Eğitim > Eğitime Yardımcı Kitaplar,Özlem Durmaz,YEDİTEPE YAYINEVİ-KAMPANYA,4 / 5 (38 oy),188.0,12.0,3,24.0,"200,00",12.08.2017,TÜRKÇE,159,Karton Kapak,16.5 x 24 cm,Kitap Kağıdı,482.5,14.0,4.0,38.0,200.0,2017.0,159.0,Eğitim,0,1,3,Diger,0,1,0,0,0,0,0,0,0,0,0,0.3399433427762039,0.22959183673469385,0.6493955094991364,0.02181818181818182,0.005813953488372093,0.025183630640083946,0.03684210526315789,0.75,0.004073992512662408,0.9999999999999999
Koluaçık Hacımsultan Velayetnamesi,Kitap > İslam > Tasavvuf,İsmail Özmen,SARMAL KİTABEVİ,5 / 5 (1 oy),20.0,3.0,0,0.0,"500,00",19.04.2022,TÜRKÇE,510,Karton Kapak,13.5 x 21 cm,Kitap Kağıdı,29.0,0.0,5.0,1.0,491.25,2022.0,510.0,İslam,0,1,3,İslam,0,0,0,0,0,0,0,0,0,0,1,1.0,0.8265306122448979,0.0690846286701209,0.005454545454545455,0.0,0.0,0.0,1.0,0.0,0.05815160955347871
Osmanlı'nın Wikileaks RaporlarıI. Dünya Savaşı Yıllarında İngiliz İstihbarat Raporlarında Fişlenen Türkiye,Kitap > Tarih > Araştırma-İnceleme,Bülent Özdemir,YEDİTEPE YAYINEVİ-KAMPANYA,4 / 5 (114 oy),289.5,80.0,3,71.0,"120,00",08.05.2012,TÜRKÇE,272,Karton Kapak,10.5 x 16.5 cm,Kitap Kağıdı,482.5,53.0,4.0,114.0,120.0,2012.0,272.0,Tarih,0,1,3,Tarih,0,0,0,0,0,0,0,0,1,0,0,0.15864022662889515,0.42176870748299317,1.0,0.14545454545454545,0.005813953488372093,0.07450157397691501,0.1394736842105263,0.75,0.012442193349482492,0.9999999999999999
Çılgınlar Kulübü,Kitap > Edebiyat > Roman (Yerli),İskender Fahrettin Sertelli,SANAT KRİTİK YAYINCILIK,5 / 5 (1 oy),17.0,0.0,0,1.0,"300,00",12.09.2023,TÜRKÇE,328,Karton Kapak,13.5 x 19.5 cm,Kitap Kağıdı,72.0,0.0,5.0,1.0,300.0,2023.0,328.0,Edebiyat,0,1,3,Edebiyat,0,0,0,1,0,0,0,0,0,0,0,0.5665722379603398,0.5170068027210883,0.05872193436960276,0.0,0.0,0.001049317943336831,0.0,1.0,0.0,0.14745586708203529
Pembe Hayat,Kitap > Kişisel Gelişim,Belemir Toman,MERGEN YAYINLARI,,7.0,0.0,0,1.0,"170,00",02.05.2023,TÜRKÇE,124,Karton Kapak,13 x 19.5 cm,Kitap Kağıdı,3.0,0.0,5.0,5.5,170.0,2023.0,124.0,Kişisel Gelişim,0,1,3,Kişisel Gelişim,0,0,0,0,0,1,0,0,0,0,0,0.27195467422096314,0.17006802721088435,0.024179620034542312,0.0,0.0,0.001049317943336831,0.0,1.0,0.000495485575864347,0.004153686396677051
Tarihin İlkeleri ve Tarih Felsefesi Üstüne Başka Yazılar,Kitap > Felsefe-Düşünce > Diğer,R. G. Collingwood,SAY YAYIN GRUBU-KAMPANYA,3 / 5 (1 oy),93.0,1.0,0,0.0,"550,00",11.10.2023,TÜRKÇE,456,Karton Kapak,13.5 x 21 cm,Kitap Kağıdı,45.0,0.0,3.0,1.0,491.25,2023.0,456.0,Felsefe-Düşünce,0,1,3,Felsefe-Düşünce,0,0,0,0,1,0,0,0,0,0,0,1.0,0.7346938775510203,0.32124352331606215,0.0018181818181818182,0.0,0.0,0.0,0.5,0.0,0.09138110072689512
Maya,Kitap > Edebiyat > Polisiye,Deha Soner,URZENİ,3 / 5 (1 oy),5.0,0.0,0,1.0,"150,00",16.06.2023,TÜRKÇE,113,Karton Kapak,13.5 x 19.5 cm,Kitap Kağıdı,28.0,1.0,3.0,1.0,150.0,2023.0,113.0,Edebiyat,0,1,3,Edebiyat,0,0,0,1,0,0,0,0,0,0,0,0.22662889518413593,0.15136054421768708,0.017271157167530225,0.0,0.0,0.001049317943336831,0.002631578947368421,0.5,0.0,0.056074766355140186
Kısa Dinler Tarihi,Kitap > Tarih > Araştırma-İnceleme,Gordon Kerr,SAY YAYIN GRUBU-KAMPANYA,4 / 5 (1 oy),170.0,10.0,0,3.0,"300,00",11.04.2023,TÜRKÇE,232,Karton Kapak,13.5 x 21 cm,Kitap Kağıdı,65.0,1.0,4.0,1.0,300.0,2023.0,232.0,Tarih,0,1,3,Tarih,0,0,0,0,0,0,0,0,1,0,0,0.5665722379603398,0.35374149659863946,0.5872193436960276,0.01818181818181818,0.0,0.0031479538300104933,0.002631578947368421,0.75,0.0,0.13291796469366562
Gestumblindi,Kitap > Edebiyat > Bilimkurgu-Fantazya,Arda Keskinkılıç,FİHRİST KİTAP,5 / 5 (20 oy),81.0,18.0,3,18.0,"399,50",27.05.2022,TÜRKÇE,300,Karton Kapak,13 x 19.5 cm,Kitap Kağıdı,145.0,13.0,5.0,20.0,399.5,2022.0,300.0,Edebiyat,0,1,3,Edebiyat,0,0,0,1,0,0,0,0,0,0,0,0.7920679886685552,0.46938775510204084,0.27979274611398963,0.03272727272727273,0.005813953488372093,0.01888772298006296,0.034210526315789476,1.0,0.0020920502092050207,0.2990654205607477
Tarihi ve Siyasi Tefrika Birinci Millet Meclisi,Kitap > Tarih > Türkiye,Taner Lüleci,YEDİTEPE YAYINEVİ-KAMPANYA,4 / 5 (39 oy),169.0,27.0,0,15.0,"300,00",01.08.2011,TÜRKÇE,312,Karton Kapak,14 x 21 cm,Kitap Kağıdı,354.0,17.0,4.0,39.0,300.0,2011.0,312.0,Tarih,0,1,3,Tarih,0,0,0,0,0,0,0,0,1,0,0,0.5665722379603398,0.489795918367347,0.5837651122625216,0.04909090909090909,0.0,0.015739769150052468,0.04473684210526316,0.75,0.0041841004184100415,0.7331256490134994
"Oyun, Dijital Oyun, Bağımlılık ve Motivasyon Kavramları Arasındaki İlişkiler",Kitap > Eğitim > Çocuk Eğitimi,Özgün Arda Kuş,URZENİ,,35.0,0.0,0,1.0,"220,00",27.07.2023,TÜRKÇE,216,Karton Kapak,13.5 x 19.5 cm,Kitap Kağıdı,48.0,0.0,5.0,5.5,220.0,2023.0,216.0,Eğitim,0,1,3,Diger,0,1,0,0,0,0,0,0,0,0,0,0.38526912181303113,0.32653061224489793,0.12089810017271156,0.0,0.0,0.001049317943336831,0.0,1.0,0.000495485575864347,0.0976116303219107
Rusya - Ukrayna  Savaşı Ve Medya,Kitap > Siyaset > Araştırma-İnceleme,Şenol Çarık,URZENİ,,33.0,2.0,0,0.0,"240,00",24.06.2022,TÜRKÇE,160,Karton Kapak,13.5 x 21 cm,Kitap Kağıdı,57.0,0.0,5.0,5.5,240.0,2022.0,160.0,Siyaset,0,1,3,Siyaset,0,0,0,0,0,0,1,0,0,0,0,0.4305949008498583,0.2312925170068027,0.11398963730569947,0.0036363636363636364,0.0,0.0,0.0,1.0,0.000495485575864347,0.11630321910695743
Merlin'in Arpı,Kitap > Edebiyat > Roman (Çeviri),Anne A. Crampton,KARA KEDİ YAYINLARI,4 / 5 (4 oy),52.0,3.0,1,2.0,"240,00",14.09.2010,TÜRKÇE,256,Karton Kapak,13.5 x 21 cm,Kitap Kağıdı,56.0,5.0,4.0,4.0,240.0,2010.0,256.0,Edebiyat,0,1,3,Edebiyat,0,0,0,1,0,0,0,0,0,0,0,0.4305949008498583,0.3945578231292517,0.17962003454231432,0.005454545454545455,0.001937984496124031,0.002098635886673662,0.013157894736842105,0.75,0.00033032371724289804,0.11422637590861891
Siberfeminizm,Kitap > Diğer > İletişim-Medya,Duygu Aydemir,URZENİ,5 / 5 (3 oy),16.0,1.0,0,2.0,"320,00",10.04.2021,TÜRKÇE,300,Karton Kapak,13 x 20 cm,Kitap Kağıdı,45.0,2.0,5.0,3.0,320.0,2021.0,300.0,Diğer,0,1,3,Diğer,0,0,1,0,0,0,0,0,0,0,0,0.6118980169971671,0.46938775510204084,0.055267702936096716,0.0018181818181818182,0.0,0.002098635886673662,0.005263157894736842,1.0,0.00022021581149526536,0.09138110072689512
Jürgen Habermas ile Avrupa'yı Onarmak,Kitap > Siyaset > Araştırma-İnceleme,Yves Charles Zarka,PİNHAN YAYINCILIK-KAMPANYA,5 / 5 (15 oy),193.0,13.0,2,7.0,"410,00",10.09.2014,TÜRKÇE,324,Karton Kapak,13.5 x 21.5 cm,Kitap Kağıdı,166.0,5.0,5.0,15.0,410.0,2014.0,324.0,Siyaset,0,1,3,Siyaset,0,0,0,0,0,0,1,0,0,0,0,0.8158640226628895,0.510204081632653,0.6666666666666666,0.023636363636363636,0.003875968992248062,0.007345225603357817,0.013157894736842105,1.0,0.0015415106804668576,0.3426791277258567
Çot,Kitap > Edebiyat > Şiir (Yerli),Ramazan Parladar,EPONA KİTAP,5 / 5 (1 oy),6.0,1.0,0,4.0,"149,00",20.06.2023,TÜRKÇE,64,Karton Kapak,12.5 x 19.5 cm,Kitap Kağıdı,111.0,0.0,5.0,1.0,149.0,2023.0,64.0,Edebiyat,0,1,3,Edebiyat,0,0,0,1,0,0,0,0,0,0,0,0.2243626062322946,0.06802721088435373,0.020725388601036267,0.0018181818181818182,0.0,0.004197271773347324,0.0,1.0,0.0,0.2284527518172378
Tarzan’ın Oğlu / Tarzan IV,Kitap > Edebiyat > Bilimkurgu-Fantazya,Edgar Rice Burroughs,FİHRİST KİTAP,4 / 5 (8 oy),38.0,9.0,1,3.0,"344,50",17.04.2023,TÜRKÇE,250,Karton Kapak,13 x 19.5 cm,Kitap Kağıdı,152.0,1.0,4.0,8.0,344.5,2023.0,250.0,Edebiyat,0,1,3,Edebiyat,0,0,0,1,0,0,0,0,0,0,0,0.6674220963172804,0.3843537414965986,0.1312607944732297,0.016363636363636365,0.001937984496124031,0.0031479538300104933,0.002631578947368421,0.75,0.0007707553402334288,0.31360332294911736
Karışık Odalar,Kitap > Edebiyat > Hikaye (Yerli),Tuna Yukay,EPONA KİTAP,5 / 5 (2 oy),13.0,4.0,0,1.0,"179,00",26.02.2024,TÜRKÇE,135,Karton Kapak,12.5 x 19.5 cm,Kitap Kağıdı,157.0,1.0,5.0,2.0,179.0,2024.0,135.0,Edebiyat,0,1,3,Edebiyat,0,0,0,1,0,0,0,0,0,0,0,0.29235127478753536,0.18877551020408165,0.04490500863557858,0.007272727272727273,0.0,0.001049317943336831,0.002631578947368421,1.0,0.00011010790574763268,0.32398753894081
Narsizm ve LiderlikToksik Liderlik Örnekleri: Hitler ve Stalin,Kitap > Tarih > Araştırma-İnceleme,Aykan Uncu,URZENİ,4 / 5 (6 oy),123.0,6.0,1,1.0,"250,00",09.12.2021,TÜRKÇE,216,Karton Kapak,13.5 x 21 cm,Kitap Kağıdı,116.0,0.0,4.0,6.0,250.0,2021.0,216.0,Tarih,0,1,3,Tarih,0,0,0,0,0,0,0,0,1,0,0,0.45325779036827196,0.32653061224489793,0.4248704663212435,0.01090909090909091,0.001937984496124031,0.001049317943336831,0.0,0.75,0.0005505395287381633,0.2388369678089304
Tarihte Anlam,Kitap > Tarih > Araştırma-İnceleme,Karl Löwith,SAY YAYIN GRUBU-KAMPANYA,5 / 5 (9 oy),188.0,9.0,1,5.0,"350,00",20.02.2012,TÜRKÇE,344,Karton Kapak,13.5 x 21 cm,Kitap Kağıdı,88.0,4.0,5.0,9.0,350.0,2012.0,344.0,Tarih,0,1,3,Tarih,0,0,0,0,0,0,0,0,1,0,0,0.6798866855524078,0.5442176870748299,0.6493955094991364,0.016363636363636365,0.001937984496124031,0.005246589716684156,0.010526315789473684,1.0,0.0008808632459810614,0.1806853582554517
80 Gün Arzunun Rengi,Kitap > Edebiyat > Roman (Çeviri) > Kitap > Orijinal Dil > İngilizce,Vina Jackson,PEGASUS YAYINLARI,3 / 5 (37 oy),266.0,10.0,0,44.0,"299,00",06.02.2013,TÜRKÇE,352,Karton Kapak,13.5 x 21 cm,Kitap Kağıdı,482.5,21.0,3.0,37.0,299.0,2013.0,352.0,Edebiyat,0,1,3,Edebiyat,0,0,0,1,0,0,0,0,0,0,0,0.5643059490084985,0.5578231292517006,0.918825561312608,0.01818181818181818,0.0,0.046169989506820566,0.05526315789473684,0.5,0.003963884606914776,0.9999999999999999
Gönülden CanaAhmet İnam’ın Felsefi Görüşleri,Kitap > Akademik > Felsefe,Oya Pedük,NET KİTAPLIK YAYINCILIK,5 / 5 (1 oy),13.0,2.0,1,0.0,"280,00",04.11.2021,TÜRKÇE,160,Karton Kapak,13 x 20 cm,Kitap Kağıdı,79.0,0.0,5.0,1.0,280.0,2021.0,160.0,Akademik,0,1,3,Diger,0,1,0,0,0,0,0,0,0,0,0,0.5212464589235127,0.2312925170068027,0.04490500863557858,0.0036363636363636364,0.001937984496124031,0.0,0.0,1.0,0.0,0.16199376947040497
Gurur / Dönüşüm Serisi -3,Kitap > Edebiyat > Roman (Çeviri) > Kitap > Orijinal Dil > İngilizce,Rachel Vincent,PEGASUS YAYINLARI,5 / 5 (33 oy),289.5,12.0,0,48.0,"299,00",10.01.2012,TÜRKÇE,488,Karton Kapak,13.5 x 21 cm,Kitap Kağıdı,273.0,17.0,5.0,33.0,299.0,2012.0,488.0,Edebiyat,0,1,3,Edebiyat,0,0,0,1,0,0,0,0,0,0,0,0.5643059490084985,0.7891156462585033,1.0,0.02181818181818182,0.0,0.05036726128016789,0.04473684210526316,1.0,0.0035234529839242457,0.5649013499480788
İslam'ın Kutsal Değerleri,Kitap > İslam > Araştırma-İnceleme,Eriş Ülger,SARMAL KİTABEVİ,5 / 5 (1 oy),1.0,1.0,0,0.0,"400,00",07.07.2023,TÜRKÇE,311,Karton Kapak,13.5 x 19.5 cm,Kitap Kağıdı,14.0,1.0,5.0,1.0,400.0,2023.0,311.0,İslam,0,1,3,İslam,0,0,0,0,0,0,0,0,0,0,1,0.7932011331444758,0.4880952380952381,0.0034542314335060447,0.0018181818181818182,0.0,0.0,0.002631578947368421,1.0,0.0,0.026998961578400833
Enis Batur ile Türk Denemesi Üzerine,Kitap > Edebiyat > Hitabet-Söyleşi,Mustafa Aplay,EPONA KİTAP,5 / 5 (4 oy),33.0,5.0,0,3.0,"159,00",03.05.2024,TÜRKÇE,68,Karton Kapak,12.5 x 19.5 cm,Kitap Kağıdı,332.0,1.0,5.0,4.0,159.0,2024.0,68.0,Edebiyat,0,1,3,Edebiyat,0,0,0,1,0,0,0,0,0,0,0,0.2470254957507082,0.07482993197278912,0.11398963730569947,0.00909090909090909,0.0,0.0031479538300104933,0.002631578947368421,1.0,0.00033032371724289804,0.6874350986500518
Devlet Adamlarının Vasıf ve Sorumlulukları,Kitap > Siyaset > Araştırma-İnceleme,Muammer Yılmaz,SARMAL KİTABEVİ,,17.0,1.0,0,0.0,"170,00",19.04.2022,TÜRKÇE,117,Karton Kapak,13.5 x 21 cm,Kitap Kağıdı,10.0,0.0,5.0,5.5,170.0,2022.0,117.0,Siyaset,0,1,3,Siyaset,0,0,0,0,0,0,1,0,0,0,0,0.27195467422096314,0.15816326530612246,0.05872193436960276,0.0018181818181818182,0.0,0.0,0.0,1.0,0.000495485575864347,0.018691588785046728
Geçmişin Kehaneti Ayasofya İstanbul’un Antik Gizemi,Kitap > İslam > Araştırma-İnceleme,Şafak Tunç,MOTTO,5 / 5 (16 oy),127.0,10.0,2,13.0,"336,00",11.02.2022,TÜRKÇE,202,Karton Kapak,13.5 x 21 cm,Kitap Kağıdı,191.0,7.0,5.0,16.0,336.0,2022.0,202.0,İslam,0,1,3,İslam,0,0,0,0,0,0,0,0,0,0,1,0.6481586402266288,0.30272108843537415,0.4386873920552677,0.01818181818181818,0.003875968992248062,0.013641133263378805,0.018421052631578946,1.0,0.0016516185862144902,0.39460020768431986
Alem-i Misal,Kitap > Edebiyat > Roman (Yerli),Burcu Güven,ŞULE YAYINLARI - KAMPANYA,5 / 5 (10 oy),67.0,8.0,0,6.0,"150,00",08.11.2019,TÜRKÇE,139,Karton Kapak,13.5 x 21 cm,Kitap Kağıdı,108.0,5.0,5.0,10.0,150.0,2019.0,139.0,Edebiyat,0,1,3,Edebiyat,0,0,0,1,0,0,0,0,0,0,0,0.22662889518413593,0.195578231292517,0.231433506044905,0.014545454545454545,0.0,0.0062959076600209865,0.013157894736842105,1.0,0.000990971151728694,0.2222222222222222
Simgeler ve Rıza Kenti: Alevilik-Bektaşilik Cilt 2,Kitap > İslam > Tasavvuf,İsmail Özmen,URZENİ,5 / 5 (1 oy),25.0,1.0,0,0.0,"800,00",01.09.2023,TÜRKÇE,683,Karton Kapak,14 x 21 cm,Kitap Kağıdı,40.0,1.0,5.0,1.0,491.25,2023.0,612.0,İslam,0,1,3,İslam,0,0,0,0,0,0,0,0,0,0,1,1.0,1.0,0.08635578583765112,0.0018181818181818182,0.0,0.0,0.002631578947368421,1.0,0.0,0.08099688473520249
Türkiye'nin İlk Komünistlerinden Zileli Halil Yalçınkaya,Kitap > Siyaset > Siyasal Düşünce > Kitap > Siyaset > Biyografi-Otobiyografi,Orhan Yılmaz,BİLGE KÜLTÜR SANAT,3 / 5 (1 oy),42.0,1.0,1,2.0,"160,00",03.11.2008,TÜRKÇE,192,Karton Kapak,13.5 x 21.5 cm,Kitap Kağıdı,64.0,1.0,3.0,1.0,160.0,2008.0,192.0,Siyaset,0,1,3,Siyaset,0,0,0,0,0,0,1,0,0,0,0,0.24929178470254953,0.2857142857142857,0.14507772020725387,0.0018181818181818182,0.001937984496124031,0.002098635886673662,0.002631578947368421,0.5,0.0,0.1308411214953271
Ahşap ÇağıEn Kullanışlı Malzememiz ve Uygarlığın İnşası,Kitap > Tarih > Araştırma-İnceleme,Roland Ennos,SAY YAYIN GRUBU-KAMPANYA,5 / 5 (3 oy),112.0,9.0,1,3.0,"350,00",20.01.2023,TÜRKÇE,344,Karton Kapak,13.5 x 21 cm,Kitap Kağıdı,90.0,0.0,5.0,3.0,350.0,2023.0,344.0,Tarih,0,1,3,Tarih,0,0,0,0,0,0,0,0,1,0,0,0.6798866855524078,0.5442176870748299,0.386873920552677,0.016363636363636365,0.001937984496124031,0.0031479538300104933,0.0,1.0,0.00022021581149526536,0.18483904465212875
Bilim Nedir Nasıl Yapılır?,Kitap > Bilim & Mühendislik > Popüler Bilim,Gregory N. Derry,SAY YAYIN GRUBU-KAMPANYA,4 / 5 (3 oy),159.0,9.0,1,6.0,"450,00",12.02.2021,TÜRKÇE,440,Karton Kapak,13.5 x 21 cm,Kitap Kağıdı,94.0,2.0,4.0,3.0,450.0,2021.0,440.0,Bilim & Mühendislik,0,1,3,Bilim & Mühendislik,1,0,0,0,0,0,0,0,0,0,0,0.9065155807365439,0.7074829931972788,0.5492227979274611,0.016363636363636365,0.001937984496124031,0.0062959076600209865,0.005263157894736842,0.75,0.00022021581149526536,0.19314641744548286
Unutulmaz,Kitap > Edebiyat > Roman (Yerli),Nurhan İncir,HAYY KİTAP - KAMPANYA,,17.0,2.0,0,0.0,"150,00",22.03.2021,TÜRKÇE,192,Karton Kapak,13.5 x 19.5 cm,Kitap Kağıdı,14.0,0.0,5.0,5.5,150.0,2021.0,192.0,Edebiyat,0,1,3,Edebiyat,0,0,0,1,0,0,0,0,0,0,0,0.22662889518413593,0.2857142857142857,0.05872193436960276,0.0036363636363636364,0.0,0.0,0.0,1.0,0.000495485575864347,0.026998961578400833
Kayıtsız Trenlerin Ölümü,Kitap > Edebiyat > Roman (Yerli),Murat Orçan,KENT KİTAP,5 / 5 (6 oy),50.0,3.0,1,7.0,"212,00",29.01.2024,TÜRKÇE,203,Karton Kapak,13.5 x 19.5 cm,Kitap Kağıdı,393.0,6.0,5.0,6.0,212.0,2024.0,203.0,Edebiyat,0,1,3,Edebiyat,0,0,0,1,0,0,0,0,0,0,0,0.36713881019830025,0.304421768707483,0.17271157167530224,0.005454545454545455,0.001937984496124031,0.007345225603357817,0.015789473684210527,1.0,0.0005505395287381633,0.8141225337487019
Yasemin Kokusu,Kitap > Edebiyat > Roman (Çeviri),Jude Deveraux,PEGASUS YAYINLARI,5 / 5 (24 oy),166.0,17.0,1,41.0,"299,00",09.05.2016,TÜRKÇE,320,Karton Kapak,13.5 x 21 cm,Kitap Kağıdı,285.0,6.0,5.0,24.0,299.0,2016.0,320.0,Edebiyat,0,1,3,Edebiyat,0,0,0,1,0,0,0,0,0,0,0,0.5643059490084985,0.5034013605442176,0.5734024179620034,0.03090909090909091,0.001937984496124031,0.04302203567681007,0.015789473684210527,1.0,0.0025324818321955517,0.5898234683281411
Dinle Lisa,Kitap > Edebiyat > Roman (Yerli),Haluk İnanıcı,İLETİŞİM YAYINLARI KAMPANYA,5 / 5 (2 oy),25.0,4.0,0,3.0,"320,00",09.05.2013,TÜRKÇE,336,Karton Kapak,13 x 19.5 cm,Kitap Kağıdı,57.0,0.0,5.0,2.0,320.0,2013.0,336.0,Edebiyat,0,1,3,Edebiyat,0,0,0,1,0,0,0,0,0,0,0,0.6118980169971671,0.5306122448979591,0.08635578583765112,0.007272727272727273,0.0,0.0031479538300104933,0.0,1.0,0.00011010790574763268,0.11630321910695743
Sana Benzemek,Kitap > Edebiyat > Deneme (Yerli),Mustafa Ekici,YARIN YAYINCILIK,5 / 5 (2 oy),12.0,1.0,0,2.0,"310,50",17.12.2021,TÜRKÇE,136,Karton Kapak,13.5 x 21 cm,Kitap Kağıdı,26.0,1.0,5.0,2.0,310.5,2021.0,136.0,Edebiyat,0,1,3,Edebiyat,0,0,0,1,0,0,0,0,0,0,0,0.5903682719546741,0.19047619047619047,0.04145077720207253,0.0018181818181818182,0.0,0.002098635886673662,0.002631578947368421,1.0,0.00011010790574763268,0.05192107995846313
Evernight Akademisi 5: Balthazar,Kitap > Diğer > Gençlik Kitapları > Edebiyat,Claudia Gray,PEGASUS YAYINLARI,4 / 5 (3 oy),43.0,5.0,0,6.0,"269,00",06.10.2017,TÜRKÇE,352,Karton Kapak,13.5 x 21 cm,Kitap Kağıdı,29.0,1.0,4.0,3.0,269.0,2017.0,352.0,Diğer,0,1,3,Diğer,0,0,1,0,0,0,0,0,0,0,0,0.49631728045325774,0.5578231292517006,0.1485319516407599,0.00909090909090909,0.0,0.0062959076600209865,0.002631578947368421,0.75,0.00022021581149526536,0.05815160955347871
Zamanın Sabrı,Kitap > Siyaset > Araştırma-İnceleme,Cansel Poyraz Akyol,DESTEK YAYIN GRUBU-KAMPANYA,,16.0,0.0,0,1.0,"200,00",08.02.2022,TÜRKÇE,192,Karton Kapak,13.5 x 21 cm,Kitap Kağıdı,31.0,0.0,5.0,5.5,200.0,2022.0,192.0,Siyaset,0,1,3,Siyaset,0,0,0,0,0,0,1,0,0,0,0,0.3399433427762039,0.2857142857142857,0.055267702936096716,0.0,0.0,0.001049317943336831,0.0,1.0,0.000495485575864347,0.06230529595015576
Galatasaray Liseli Gazeteciler23 Gazeteci Üzerine İnceleme,Kitap > Siyaset > Araştırma-İnceleme,Göksel Basmacı,URZENİ,5 / 5 (1 oy),27.0,1.0,1,1.0,"220,00",14.10.2019,TÜRKÇE,160,Karton Kapak,13.5 x 21 cm,Kitap Kağıdı,25.0,0.0,5.0,1.0,220.0,2019.0,160.0,Siyaset,0,1,3,Siyaset,0,0,0,0,0,0,1,0,0,0,0,0.38526912181303113,0.2312925170068027,0.09326424870466321,0.0018181818181818182,0.001937984496124031,0.001049317943336831,0.0,1.0,0.0,0.04984423676012461
Herşey Herşeyin İçinde,Kitap > Sinema-Tiyatro > Oyun (Yerli),Gözde Özelce,SARMAL KİTABEVİ,5 / 5 (1 oy),5.0,1.0,0,0.0,"150,00",15.03.2021,TÜRKÇE,64,Karton Kapak,13 x 20 cm,Kitap Kağıdı,36.0,1.0,5.0,1.0,150.0,2021.0,64.0,Sinema-Tiyatro,0,1,3,Diger,0,1,0,0,0,0,0,0,0,0,0,0.22662889518413593,0.06802721088435373,0.017271157167530225,0.0018181818181818182,0.0,0.0,0.002631578947368421,1.0,0.0,0.07268951194184839
Babamın Çocukları,Kitap > Edebiyat > Roman (Yerli),Selçuk Özyurt,BİYOGRAFİ.NET,5 / 5 (9 oy),25.0,6.0,2,7.0,"120,00",16.06.2022,TÜRKÇE,160,Karton Kapak,13.5 x 19.5 cm,Kitap Kağıdı,435.0,7.0,5.0,9.0,120.0,2022.0,160.0,Edebiyat,0,1,3,Edebiyat,0,0,0,1,0,0,0,0,0,0,0,0.15864022662889515,0.2312925170068027,0.08635578583765112,0.01090909090909091,0.003875968992248062,0.007345225603357817,0.018421052631578946,1.0,0.0008808632459810614,0.90134994807892
"SAP (Silik, Aksi, Paspal)",Kitap > Edebiyat > Roman (Çeviri) > Kitap > Orijinal Dil > İngilizce,Kody Keplinger,PEGASUS YAYINLARI,4 / 5 (36 oy),177.0,31.0,0,29.0,"249,00",20.07.2015,TÜRKÇE,288,Karton Kapak,13.5 x 21 cm,Kitap Kağıdı,155.0,15.0,4.0,36.0,249.0,2015.0,288.0,Edebiyat,0,1,3,Edebiyat,0,0,0,1,0,0,0,0,0,0,0,0.4509915014164305,0.4489795918367347,0.6113989637305699,0.056363636363636366,0.0,0.030430220356768102,0.039473684210526314,0.75,0.0038537767011671436,0.31983385254413293
İyimserlikOptimizm,Kitap > Kişisel Gelişim,Helen Keller,SARMAL KİTABEVİ,5 / 5 (1 oy),60.0,4.0,0,1.0,"140,00",08.11.2022,TÜRKÇE,52,Karton Kapak,13 x 20 cm,Kitap Kağıdı,61.0,0.0,5.0,1.0,140.0,2022.0,52.0,Kişisel Gelişim,0,1,3,Kişisel Gelişim,0,0,0,0,0,1,0,0,0,0,0,0.20396600566572237,0.04761904761904762,0.20725388601036268,0.007272727272727273,0.0,0.001049317943336831,0.0,1.0,0.0,0.12461059190031153
Sakin Beyaz Tuna,Kitap > Edebiyat > Roman (Yerli),Edil Giray,SARMAL KİTABEVİ,,4.0,0.0,0,0.0,"170,00",15.03.2022,TÜRKÇE,93,Karton Kapak,13.5 x 21 cm,Kitap Kağıdı,14.0,0.0,5.0,5.5,170.0,2022.0,93.0,Edebiyat,0,1,3,Edebiyat,0,0,0,1,0,0,0,0,0,0,0,0.27195467422096314,0.1173469387755102,0.013816925734024179,0.0,0.0,0.0,0.0,1.0,0.000495485575864347,0.026998961578400833
İngilizce YDS ve YÖKDİL Sınavları İçin Temel Hazırlık ve Pratik Test Kavrama ve Çözme Teknikleri,Kitap > Sınav > Kitap > Sınav > Yabancı Dil Sınavları > YDS > Kitap > Sınav > Yabancı Dil Sınavları > YÖKDİL,Kenan Ören,RAĞBET YAYINLARI-KAMPANYA,4 / 5 (19 oy),244.0,18.0,2,8.0,"1.164,00",14.07.2017,"İNGİLİZCE,TÜRKÇE",776,Karton Kapak,16.5 x 23.5 cm,Kitap Kağıdı,471.0,9.0,4.0,19.0,250.0,2017.0,612.0,Sınav,2,1,3,Diger,0,1,0,0,0,0,0,0,0,0,0,0.45325779036827196,1.0,0.8428324697754749,0.03272727272727273,0.003875968992248062,0.008394543546694649,0.02368421052631579,0.75,0.001981942303457388,0.9761163032191069
Öncü Şahşiyetler,Kitap > İslam > Araştırma-İnceleme,Hasan el-Benna,BURUC YAYINLARI,5 / 5 (3 oy),140.0,4.0,0,6.0,"180,00",23.12.2020,TÜRKÇE,224,Karton Kapak,13.5 x 21 cm,Kitap Kağıdı,110.0,1.0,5.0,3.0,180.0,2020.0,224.0,İslam,0,1,3,İslam,0,0,0,0,0,0,0,0,0,0,1,0.29461756373937675,0.3401360544217687,0.48359240069084625,0.007272727272727273,0.0,0.0062959076600209865,0.002631578947368421,1.0,0.00022021581149526536,0.22637590861889925
Osmanlı’dan Cumhuriyet’e Ekonomik Yaşamdan İki Sektörel Kesit: Kauçuk ve Soda,Kitap > Tarih > Türk-Osmanlı,Burcu Kurt,DOĞU KİTABEVİ,,18.0,0.0,0,0.0,"228,00",07.08.2024,TÜRKÇE,150,Karton Kapak,13.5 x 19.5 cm,Kitap Kağıdı,16.0,0.0,5.0,5.5,228.0,2024.0,150.0,Tarih,0,1,3,Tarih,0,0,0,0,0,0,0,0,1,0,0,0.40339943342776197,0.2142857142857143,0.06217616580310881,0.0,0.0,0.0,0.0,1.0,0.000495485575864347,0.03115264797507788
Hiçbir Yerin Ortasında,Kitap > Edebiyat > Hikaye (Yerli),Ebubekir Karakaya,FİHRİST KİTAP,5 / 5 (5 oy),25.0,4.0,0,7.0,"139,50",27.05.2022,TÜRKÇE,78,Karton Kapak,13 x 19.5 cm,Kitap Kağıdı,132.0,5.0,5.0,5.0,139.5,2022.0,78.0,Edebiyat,0,1,3,Edebiyat,0,0,0,1,0,0,0,0,0,0,0,0.20283286118980165,0.09183673469387757,0.08635578583765112,0.007272727272727273,0.0,0.007345225603357817,0.013157894736842105,1.0,0.00044043162299053066,0.2720664589823468
Tragedya,Kitap > Edebiyat > Şiir (Yerli),Ömer  Alkan,FİHRİST KİTAP,5 / 5 (4 oy),22.0,1.0,0,3.0,"304,50",09.03.2022,TÜRKÇE,216,Karton Kapak,13 x 19.5 cm,Kitap Kağıdı,35.0,2.0,5.0,4.0,304.5,2022.0,216.0,Edebiyat,0,1,3,Edebiyat,0,0,0,1,0,0,0,0,0,0,0,0.576770538243626,0.32653061224489793,0.07599309153713299,0.0018181818181818182,0.0,0.0031479538300104933,0.005263157894736842,1.0,0.00033032371724289804,0.07061266874350987
Can Yücel Sokakta Aşk,Kitap > Edebiyat > Roman (Yerli),Şeyma Asal,EFTALYA KİTAP,4 / 5 (12 oy),130.0,10.0,0,8.0,"175,00",21.12.2021,TÜRKÇE,208,Karton Kapak,13.5 x 21 cm,Kitap Kağıdı,207.0,3.0,4.0,12.0,175.0,2021.0,208.0,Edebiyat,0,1,3,Edebiyat,0,0,0,1,0,0,0,0,0,0,0,0.2832861189801699,0.3129251700680272,0.4490500863557858,0.01818181818181818,0.0,0.008394543546694649,0.007894736842105263,0.75,0.0012111869632239595,0.42782969885773625
Ali'nin Hikayesi,Kitap > Edebiyat > Roman (Yerli),Füsun Çınarlı,ALAN YAYINCILIK,,5.0,1.0,0,0.0,"338,00",23.03.2023,TÜRKÇE,272,Karton Kapak,13.5 x 19 cm,Kitap Kağıdı,18.0,0.0,5.0,5.5,338.0,2023.0,272.0,Edebiyat,0,1,3,Edebiyat,0,0,0,1,0,0,0,0,0,0,0,0.6526912181303116,0.42176870748299317,0.017271157167530225,0.0018181818181818182,0.0,0.0,0.0,1.0,0.000495485575864347,0.03530633437175493
Güllerin Yıkımı,Kitap > Edebiyat > Roman (Çeviri),K. F. Breene,OLİMPOS YAYINLARI,4 / 5 (28 oy),289.5,28.0,4,42.0,"279,00",23.02.2023,TÜRKÇE,320,Karton Kapak,13.5 x 2 cm,Kitap Kağıdı,482.5,16.0,4.0,28.0,279.0,2023.0,320.0,Edebiyat,0,1,3,Edebiyat,0,0,0,1,0,0,0,0,0,0,0,0.5189801699716713,0.5034013605442176,1.0,0.05090909090909091,0.007751937984496124,0.04407135362014691,0.042105263157894736,0.75,0.0029729134551860826,0.9999999999999999
Aç Kalbini,Kitap > Edebiyat > Roman (Çeviri),Katarina Mazetti,PEGASUS YAYINLARI,4 / 5 (24 oy),289.5,4.0,0,19.0,"269,00",26.02.2013,TÜRKÇE,232,Karton Kapak,13.5 x 21 cm,Kitap Kağıdı,280.0,16.0,4.0,24.0,269.0,2013.0,232.0,Edebiyat,0,1,3,Edebiyat,0,0,0,1,0,0,0,0,0,0,0,0.49631728045325774,0.35374149659863946,1.0,0.007272727272727273,0.0,0.01993704092339979,0.042105263157894736,0.75,0.0025324818321955517,0.5794392523364486
Gök Tanrı İnancı,Kitap > Edebiyat > Roman (Yerli),Arif Cengiz Erman,SARMAL KİTABEVİ,5 / 5 (15 oy),289.5,32.0,4,19.0,"250,00",13.02.2023,TÜRKÇE,214,Karton Kapak,13.5 x 21 cm,Kitap Kağıdı,482.5,4.0,5.0,15.0,250.0,2023.0,214.0,Edebiyat,0,1,3,Edebiyat,0,0,0,1,0,0,0,0,0,0,0,0.45325779036827196,0.32312925170068024,1.0,0.05818181818181818,0.007751937984496124,0.01993704092339979,0.010526315789473684,1.0,0.0015415106804668576,0.9999999999999999
İnternet Ortamında Serbest Gazetecilik,Kitap > Diğer > İletişim-Medya,Abdulkadir Büyükbingöl,URZENİ,,18.0,1.0,1,1.0,"170,00",07.05.2021,TÜRKÇE,156,Karton Kapak,13.5 x 21 cm,Kitap Kağıdı,45.0,0.0,5.0,5.5,170.0,2021.0,156.0,Diğer,0,1,3,Diğer,0,0,1,0,0,0,0,0,0,0,0,0.27195467422096314,0.22448979591836737,0.06217616580310881,0.0018181818181818182,0.001937984496124031,0.001049317943336831,0.0,1.0,0.000495485575864347,0.09138110072689512
Gölgelerin Ardından,Kitap > Edebiyat > Şiir (Yerli),D. Ali Gültekin,ANEMON YAYINLARI,,0.0,0.0,0,0.0,"250,00",26.06.2024,TÜRKÇE,196,Karton Kapak,13.5 x 21 cm,Kitap Kağıdı,1.0,0.0,5.0,5.5,250.0,2024.0,196.0,Edebiyat,0,1,3,Edebiyat,0,0,0,1,0,0,0,0,0,0,0,0.45325779036827196,0.2925170068027211,0.0,0.0,0.0,0.0,0.0,1.0,0.000495485575864347,0.0
Pozitif Ayrımcılık,Kitap > Siyaset > Araştırma-İnceleme > Kitap > Felsefe-Düşünce > Diğer,Thomas Sowell,FİHRİST KİTAP,5 / 5 (8 oy),145.0,7.0,0,9.0,"319,50",07.06.2022,TÜRKÇE,232,Karton Kapak,13 x 19.5 cm,Kitap Kağıdı,108.0,6.0,5.0,8.0,319.5,2022.0,232.0,Siyaset,0,1,3,Siyaset,0,0,0,0,0,0,1,0,0,0,0,0.6107648725212464,0.35374149659863946,0.5008635578583764,0.012727272727272728,0.0,0.00944386149003148,0.015789473684210527,1.0,0.0007707553402334288,0.2222222222222222
Korona GünlüğüKarantina Günlerinden Geçmişin Türkiye’sine: Bir Memleket Hikayesi,Kitap > Edebiyat > Anı (Hatırat),Fikret Toksöz,LEJAND,1 / 5 (1 oy),22.0,4.0,0,0.0,"399,00",26.07.2021,TÜRKÇE,452,Karton Kapak,13 x 19.5 cm,Kitap Kağıdı,97.0,1.0,1.0,1.0,399.0,2021.0,452.0,Edebiyat,0,1,3,Edebiyat,0,0,0,1,0,0,0,0,0,0,0,0.7909348441926345,0.727891156462585,0.07599309153713299,0.007272727272727273,0.0,0.0,0.002631578947368421,0.0,0.0,0.19937694704049844
Alfred Kropp: Süleyman’ın Mührü,Kitap > Edebiyat > Roman (Çeviri),Rick Yancey,PEGASUS  ÇOCUK YAYINLARI,4 / 5 (21 oy),208.0,18.0,0,10.0,"250,00",27.04.2018,TÜRKÇE,368,Karton Kapak,13.5 x 21 cm,Kitap Kağıdı,143.0,6.0,4.0,21.0,250.0,2018.0,368.0,Edebiyat,0,1,3,Edebiyat,0,0,0,1,0,0,0,0,0,0,0,0.45325779036827196,0.5850340136054422,0.7184801381692573,0.03272727272727273,0.0,0.010493179433368312,0.015789473684210527,0.75,0.002202158114952654,0.2949117341640706
Hachiko (Karton Kapak),Kitap > Edebiyat > Roman (Çeviri),Leslea Newman,YAKAMOZ YAYINCILIK,5 / 5 (76 oy),289.5,67.0,13,165.0,"150,00",14.01.2022,TÜRKÇE,160,Karton Kapak,13.5 x 19.5 cm,Kitap Kağıdı,482.5,37.0,5.0,76.0,150.0,2022.0,160.0,Edebiyat,0,1,3,Edebiyat,0,0,0,1,0,0,0,0,0,0,0,0.22662889518413593,0.2312925170068027,1.0,0.12181818181818181,0.025193798449612403,0.17313746065057714,0.09736842105263158,1.0,0.00825809293107245,0.9999999999999999
100 Soruda Obezite,Kitap > Sağlık-Tıp > Diğer,Aslıhan Topyay Özfidan,SANAT KRİTİK YAYINCILIK,5 / 5 (1 oy),8.0,1.0,0,1.0,"300,00",23.01.2025,TÜRKÇE,200,Karton Kapak,13.5 x 19.5 cm,Kitap Kağıdı,16.0,0.0,5.0,1.0,300.0,2025.0,200.0,Sağlık-Tıp,0,1,3,Diger,0,1,0,0,0,0,0,0,0,0,0,0.5665722379603398,0.29931972789115646,0.027633851468048358,0.0018181818181818182,0.0,0.001049317943336831,0.0,1.0,0.0,0.03115264797507788
"Tüfek, Mikrop ve Çelik (Karton Kapak)",Kitap > Bilim & Mühendislik > Popüler Bilim,Jared Diamond,PEGASUS YAYINLARI,5 / 5 (3517 oy),26.625,3.392,516,2.54,"799,98",28.09.2018,TÜRKÇE,664,Karton Kapak,13.5 x 21 cm,Kitap Kağıdı,482.5,1.601,5.0,3517.0,491.25,2018.0,612.0,Bilim & Mühendislik,0,1,3,Bilim & Mühendislik,1,0,0,0,0,0,0,0,0,0,0,1.0,1.0,0.09196891191709844,0.006167272727272727,1.0,0.0026652675760755512,0.004213157894736842,1.0,0.3871393966086765,0.9999999999999999
Marge,Kitap > Edebiyat > Roman (Yerli),Özlem Gezgin,YEDİVEREN YAYIN GRUBU - KAMPANYA,,5.0,1.0,1,0.0,"202,00",07.12.2022,TÜRKÇE,240,Karton Kapak,12 x 19.5 cm,Kitap Kağıdı,34.0,0.0,5.0,5.5,202.0,2022.0,240.0,Edebiyat,0,1,3,Edebiyat,0,0,0,1,0,0,0,0,0,0,0,0.34447592067988664,0.3673469387755102,0.017271157167530225,0.0018181818181818182,0.001937984496124031,0.0,0.0,1.0,0.000495485575864347,0.06853582554517135
İkaria'ya Yolculuk,Kitap > Edebiyat > Roman (Çeviri),Etienne Cabet,SAY YAYIN GRUBU-KAMPANYA,5 / 5 (5 oy),132.0,3.0,0,6.0,"450,00",17.04.2012,TÜRKÇE,600,Karton Kapak,13.5 x 21 cm,Kitap Kağıdı,46.0,3.0,5.0,5.0,450.0,2012.0,600.0,Edebiyat,0,1,3,Edebiyat,0,0,0,1,0,0,0,0,0,0,0,0.9065155807365439,0.9795918367346939,0.4559585492227979,0.005454545454545455,0.0,0.0062959076600209865,0.007894736842105263,1.0,0.00044043162299053066,0.09345794392523364
Bunca Şingayı Kim Yedi?,Kitap > Edebiyat > Hikaye (Çeviri),Park Wansuh,FİHRİST KİTAP,5 / 5 (6 oy),64.0,8.0,0,4.0,"329,50",04.04.2022,TÜRKÇE,234,Karton Kapak,13 x 19.5 cm,Kitap Kağıdı,60.0,1.0,5.0,6.0,329.5,2022.0,234.0,Edebiyat,0,1,3,Edebiyat,0,0,0,1,0,0,0,0,0,0,0,0.63342776203966,0.35714285714285715,0.22107081174438686,0.014545454545454545,0.0,0.004197271773347324,0.002631578947368421,1.0,0.0005505395287381633,0.122533748701973
Cecelia Ahern Romantik Kitaplar Takım Set (3 Kitap),Kitap > Edebiyat > Roman (Çeviri),Cecelia Ahern,PEGASUS YAYINLARI,5 / 5 (31 oy),289.5,23.0,1,20.0,"897,00",31.01.2020,TÜRKÇE,1323,Karton Kapak,13.5 x 21 cm,Kitap Kağıdı,379.0,18.0,5.0,31.0,491.25,2020.0,612.0,Edebiyat,0,1,3,Edebiyat,0,0,0,1,0,0,0,0,0,0,0,1.0,1.0,1.0,0.04181818181818182,0.001937984496124031,0.020986358866736624,0.04736842105263158,1.0,0.0033032371724289805,0.7850467289719626
Brenda Joyce Romantik Kitaplar Koleksiyonu Takım Set (4 Kitap),Kitap > Edebiyat > Roman (Çeviri),Brenda Joyce,PEGASUS YAYINLARI,5 / 5 (3 oy),172.0,5.0,0,6.0,"1.196,00",24.05.2022,TÜRKÇE,1912,Karton Kapak,13.5 x 21 cm,Kitap Kağıdı,140.0,3.0,5.0,3.0,250.0,2022.0,612.0,Edebiyat,0,1,3,Edebiyat,0,0,0,1,0,0,0,0,0,0,0,0.45325779036827196,1.0,0.5941278065630397,0.00909090909090909,0.0,0.0062959076600209865,0.007894736842105263,1.0,0.00022021581149526536,0.28868120456905505
Kıta İdealizmiLeibniz'den Nietzsche'ye,Kitap > Felsefe-Düşünce,Paul Redding,SAY YAYIN GRUBU-KAMPANYA,5 / 5 (5 oy),115.0,4.0,1,1.0,"450,00",22.12.2021,TÜRKÇE,376,Karton Kapak,13.5 x 21 cm,Kitap Kağıdı,99.0,0.0,5.0,5.0,450.0,2021.0,376.0,Felsefe-Düşünce,0,1,3,Felsefe-Düşünce,0,0,0,0,1,0,0,0,0,0,0,0.9065155807365439,0.5986394557823128,0.39723661485319517,0.007272727272727273,0.001937984496124031,0.001049317943336831,0.0,1.0,0.00044043162299053066,0.20353063343717548
Kutsal Bahçe,Kitap > Edebiyat > Şiir (Yerli),Kerem Nadir Özcan,FİHRİST KİTAP,,14.0,1.0,0,1.0,"119,50",07.02.2022,TÜRKÇE,58,Karton Kapak,13 x 19.5 cm,Kitap Kağıdı,108.0,0.0,5.0,5.5,119.5,2022.0,58.0,Edebiyat,0,1,3,Edebiyat,0,0,0,1,0,0,0,0,0,0,0,0.1575070821529745,0.05782312925170068,0.048359240069084625,0.0018181818181818182,0.0,0.001049317943336831,0.0,1.0,0.000495485575864347,0.2222222222222222
"PerslerParthlar, Sasaniler",Kitap > Tarih > Araştırma-İnceleme,William Sandys,SAY YAYIN GRUBU-KAMPANYA,3 / 5 (7 oy),174.0,3.0,2,7.0,"200,00",28.03.2022,TÜRKÇE,168,Karton Kapak,13.5 x 21 cm,Kitap Kağıdı,152.0,3.0,3.0,7.0,200.0,2022.0,168.0,Tarih,0,1,3,Tarih,0,0,0,0,0,0,0,0,1,0,0,0.3399433427762039,0.24489795918367346,0.6010362694300518,0.005454545454545455,0.003875968992248062,0.007345225603357817,0.007894736842105263,0.5,0.0006606474344857962,0.31360332294911736
Sultanlara İmparatorlara Diz Çöktüren Kadınlar,Kitap > Edebiyat > Biyografi-Otobiyografi,Muammer Yılmaz,SARMAL KİTABEVİ,,20.0,1.0,0,0.0,"220,00",28.03.2023,TÜRKÇE,140,Karton Kapak,13.5 x 21 cm,Kitap Kağıdı,7.0,0.0,5.0,5.5,220.0,2023.0,140.0,Edebiyat,0,1,3,Edebiyat,0,0,0,1,0,0,0,0,0,0,0,0.38526912181303113,0.19727891156462585,0.0690846286701209,0.0018181818181818182,0.0,0.0,0.0,1.0,0.000495485575864347,0.012461059190031154
İnternet Çağında Kurumsal İletişim,Kitap > Diğer > İletişim-Medya,Ebru Uzunoğlu,SAY YAYIN GRUBU-KAMPANYA,4 / 5 (9 oy),59.0,2.0,1,4.0,"200,00",02.11.2009,TÜRKÇE,192,Karton Kapak,13.5 x 21 cm,Kitap Kağıdı,115.0,4.0,4.0,9.0,200.0,2009.0,192.0,Diğer,0,1,3,Diğer,0,0,1,0,0,0,0,0,0,0,0,0.3399433427762039,0.2857142857142857,0.20379965457685664,0.0036363636363636364,0.001937984496124031,0.004197271773347324,0.010526315789473684,0.75,0.0008808632459810614,0.23676012461059187
En Karanlık Sır / Karanlığın Efendileri 7. Kitap,Kitap > Edebiyat > Roman (Çeviri),Gena Showalter,PEGASUS YAYINLARI,5 / 5 (56 oy),167.0,18.0,1,70.0,"299,00",01.03.2017,TÜRKÇE,448,Karton Kapak,13.5 x 21 cm,Kitap Kağıdı,317.0,27.0,5.0,56.0,299.0,2017.0,448.0,Edebiyat,0,1,3,Edebiyat,0,0,0,1,0,0,0,0,0,0,0,0.5643059490084985,0.7210884353741496,0.5768566493955095,0.03272727272727273,0.001937984496124031,0.07345225603357818,0.07105263157894737,1.0,0.006055934816119797,0.656282450674974
Orhan Pamuk’a Satmak İstediğim Roman,Kitap > Edebiyat > Roman (Yerli),Tugay Kaban,EPONA KİTAP,5 / 5 (18 oy),27.0,7.0,1,14.0,"162,00",10.05.2022,TÜRKÇE,72,Karton Kapak,12.5 x 19.5 cm,Kitap Kağıdı,353.0,12.0,5.0,18.0,162.0,2022.0,72.0,Edebiyat,0,1,3,Edebiyat,0,0,0,1,0,0,0,0,0,0,0,0.25382436260623226,0.0816326530612245,0.09326424870466321,0.012727272727272728,0.001937984496124031,0.014690451206715634,0.031578947368421054,1.0,0.0018718343977097555,0.7310488058151609
Sokaklar Çocuk Doğurmaz,Kitap > Edebiyat > Hikaye (Yerli),Şevki Dinçal,TRUVA YAYINLARI,,5.0,0.0,0,1.0,"290,00",01.03.2023,TÜRKÇE,328,Karton Kapak,13.5 x 21 cm,Kitap Kağıdı,97.0,0.0,5.0,5.5,290.0,2023.0,328.0,Edebiyat,0,1,3,Edebiyat,0,0,0,1,0,0,0,0,0,0,0,0.5439093484419263,0.5170068027210883,0.017271157167530225,0.0,0.0,0.001049317943336831,0.0,1.0,0.000495485575864347,0.19937694704049844
Barışın İdeolojisiLiberal Perspektiften Uluslararası İlişkiler,Kitap > Siyaset > Araştırma-İnceleme,Kolektif,LİBERUS,5 / 5 (2 oy),117.0,7.0,1,1.0,"360,00",13.01.2023,TÜRKÇE,322,Karton Kapak,13 x 19.5 cm,Kitap Kağıdı,131.0,0.0,5.0,2.0,360.0,2023.0,322.0,Siyaset,0,1,3,Siyaset,0,0,0,0,0,0,1,0,0,0,0,0.7025495750708215,0.5068027210884353,0.40414507772020725,0.012727272727272728,0.001937984496124031,0.001049317943336831,0.0,1.0,0.00011010790574763268,0.2699896157840083
İnsancıl Kıyım,Kitap > Edebiyat > Roman (Yerli),İlker Kılıç,FİHRİST KİTAP,5 / 5 (7 oy),29.0,2.0,0,4.0,"274,50",18.11.2021,TÜRKÇE,192,Karton Kapak,13 x 19.5 cm,Kitap Kağıdı,340.0,6.0,5.0,7.0,274.5,2021.0,192.0,Edebiyat,0,1,3,Edebiyat,0,0,0,1,0,0,0,0,0,0,0,0.5087818696883852,0.2857142857142857,0.1001727115716753,0.0036363636363636364,0.0,0.004197271773347324,0.015789473684210527,1.0,0.0006606474344857962,0.7040498442367601
Atatürk Üzerine Kısa Notlar,Kitap > Edebiyat > Biyografi-Otobiyografi,Cüneyd Okay,DOĞU KİTABEVİ,5 / 5 (1 oy),22.0,1.0,0,2.0,"650,00",04.12.2023,TÜRKÇE,440,Karton Kapak,13.5 x 19.5 cm,Kitap Kağıdı,29.0,1.0,5.0,1.0,491.25,2023.0,440.0,Edebiyat,0,1,3,Edebiyat,0,0,0,1,0,0,0,0,0,0,0,1.0,0.7074829931972788,0.07599309153713299,0.0018181818181818182,0.0,0.002098635886673662,0.002631578947368421,1.0,0.0,0.05815160955347871
"Manik-Depresif El KitabıHastalar, Yakınları ve Tanıdıkları İçin",Kitap > Psikoloji > İnceleme,Uzm. Psikolog Metin Yetim,SARMAL KİTABEVİ,5 / 5 (1 oy),27.0,0.0,0,0.0,"140,00",12.03.2024,TÜRKÇE,64,Karton Kapak,13.5 x 19.5 cm,Kitap Kağıdı,48.0,0.0,5.0,1.0,140.0,2024.0,64.0,Psikoloji,0,1,3,Diger,0,1,0,0,0,0,0,0,0,0,0,0.20396600566572237,0.06802721088435373,0.09326424870466321,0.0,0.0,0.0,0.0,1.0,0.0,0.0976116303219107
Kuantum Boyutunda İstihbarat,Kitap > Bilim & Mühendislik > Diğer,Prof. Dr. Ramazan Biçer,HAYY KİTAP,5 / 5 (24 oy),289.5,47.0,5,25.0,"280,00",09.01.2024,TÜRKÇE,280,Karton Kapak,15.5 x 23 cm,Kitap Kağıdı,482.5,10.0,5.0,24.0,280.0,2024.0,280.0,Bilim & Mühendislik,0,1,3,Bilim & Mühendislik,1,0,0,0,0,0,0,0,0,0,0,0.5212464589235127,0.43537414965986393,1.0,0.08545454545454545,0.009689922480620155,0.026232948583420776,0.02631578947368421,1.0,0.0025324818321955517,0.9999999999999999
Prensin Gelini,Kitap > Edebiyat > Roman (Çeviri),Victoria Alexander,PEGASUS YAYINLARI,4 / 5 (7 oy),90.0,10.0,1,12.0,"299,00",17.09.2021,TÜRKÇE,376,Karton Kapak,13.5 x 21 cm,Kitap Kağıdı,186.0,4.0,4.0,7.0,299.0,2021.0,376.0,Edebiyat,0,1,3,Edebiyat,0,0,0,1,0,0,0,0,0,0,0,0.5643059490084985,0.5986394557823128,0.31088082901554404,0.01818181818181818,0.001937984496124031,0.012591815320041973,0.010526315789473684,0.75,0.0006606474344857962,0.3842159916926272
20. Yüzyılda  Savaş ve Kadın,Kitap > Tarih > Araştırma-İnceleme,Kolektif,BİLGE KÜLTÜR SANAT,5 / 5 (19 oy),138.0,13.0,1,7.0,"190,00",25.10.2016,TÜRKÇE,232,Karton Kapak,13.5 x 21 cm,Kitap Kağıdı,241.0,7.0,5.0,19.0,190.0,2016.0,232.0,Tarih,0,1,3,Tarih,0,0,0,0,0,0,0,0,1,0,0,0.31728045325779036,0.35374149659863946,0.47668393782383417,0.023636363636363636,0.001937984496124031,0.007345225603357817,0.018421052631578946,1.0,0.001981942303457388,0.4984423676012461
Annem Şimdi Bana Kızacak! / Damla Büyüdü,Kitap > Edebiyat > Hikaye (Yerli),Mustafa Şimşek,MOTTO,,4.0,1.0,1,0.0,"340,00",30.09.2021,TÜRKÇE,228,Karton Kapak,13.5 x 21 cm,Kitap Kağıdı,482.5,0.0,5.0,5.5,340.0,2021.0,228.0,Edebiyat,0,1,3,Edebiyat,0,0,0,1,0,0,0,0,0,0,0,0.6572237960339943,0.3469387755102041,0.013816925734024179,0.0018181818181818182,0.001937984496124031,0.0,0.0,1.0,0.000495485575864347,0.9999999999999999
Tarzan ve Opar'ın Mücevherleri / Tarzan V,Kitap > Edebiyat > Bilimkurgu-Fantazya,Edgar Rice Burroughs,FİHRİST KİTAP,5 / 5 (9 oy),38.0,16.0,0,3.0,"269,50",03.07.2023,TÜRKÇE,186,Karton Kapak,13 x 19.5 cm,Kitap Kağıdı,75.0,3.0,5.0,9.0,269.5,2023.0,186.0,Edebiyat,0,1,3,Edebiyat,0,0,0,1,0,0,0,0,0,0,0,0.49745042492917846,0.2755102040816326,0.1312607944732297,0.02909090909090909,0.0,0.0031479538300104933,0.007894736842105263,1.0,0.0008808632459810614,0.15368639667705086
Sarışın Vampir No.5 / Kutsal Sır,Kitap > Edebiyat > Roman (Çeviri) > Kitap > Orijinal Dil > İngilizce,Christopher Pike,PEGASUS YAYINLARI,5 / 5 (9 oy),160.0,12.0,1,15.0,"299,00",04.04.2014,TÜRKÇE,384,Karton Kapak,13.5 x 21 cm,Kitap Kağıdı,115.0,4.0,5.0,9.0,299.0,2014.0,384.0,Edebiyat,0,1,3,Edebiyat,0,0,0,1,0,0,0,0,0,0,0,0.5643059490084985,0.6122448979591836,0.5526770293609672,0.02181818181818182,0.001937984496124031,0.015739769150052468,0.010526315789473684,1.0,0.0008808632459810614,0.23676012461059187
50 Maddede Polisiye Edebiyat,Kitap > Edebiyat > Diğer,Alper Kaya,DESTEK YAYIN GRUBU-KAMPANYA,5 / 5 (5 oy),25.0,6.0,1,0.0,"220,00",07.04.2023,TÜRKÇE,248,Karton Kapak,11.5 x 17.5 cm,Kitap Kağıdı,38.0,3.0,5.0,5.0,220.0,2023.0,248.0,Edebiyat,0,1,3,Edebiyat,0,0,0,1,0,0,0,0,0,0,0,0.38526912181303113,0.38095238095238093,0.08635578583765112,0.01090909090909091,0.001937984496124031,0.0,0.007894736842105263,1.0,0.00044043162299053066,0.07684319833852545
İki Devrim Üzerine,Kitap > Siyaset > Siyasal Hareketler-Eylemler-Topluluklar,Lord Acton,LİBERUS,5 / 5 (10 oy),191.0,16.0,1,6.0,"160,00",21.08.2024,TÜRKÇE,128,Karton Kapak,13 x 19.5 cm,Kitap Kağıdı,239.0,5.0,5.0,10.0,160.0,2024.0,128.0,Siyaset,0,1,3,Siyaset,0,0,0,0,0,0,1,0,0,0,0,0.24929178470254953,0.17687074829931973,0.6597582037996546,0.02909090909090909,0.001937984496124031,0.0062959076600209865,0.013157894736842105,1.0,0.000990971151728694,0.49428868120456904
Gökkuşağı Operası / Rüya Avcısı 1. Kitap,Kitap > Diğer > Gençlik Kitapları > Edebiyat,Elizabeth Knox,PEGASUS YAYINLARI,5 / 5 (5 oy),95.0,2.0,1,5.0,"299,00",20.03.2014,TÜRKÇE,432,Karton Kapak,13.5 x 21 cm,Kitap Kağıdı,15.0,2.0,5.0,5.0,299.0,2014.0,432.0,Diğer,0,1,3,Diğer,0,0,1,0,0,0,0,0,0,0,0,0.5643059490084985,0.693877551020408,0.32815198618307423,0.0036363636363636364,0.001937984496124031,0.005246589716684156,0.005263157894736842,1.0,0.00044043162299053066,0.029075804776739357
Asi ve Güzel,Kitap > Edebiyat > Roman (Çeviri) > Kitap > Orijinal Dil > İngilizce,Candace Camp,PEGASUS YAYINLARI,4 / 5 (34 oy),154.0,13.0,2,42.0,"299,00",10.07.2015,TÜRKÇE,448,Karton Kapak,13.5 x 21 cm,Kitap Kağıdı,340.0,8.0,4.0,34.0,299.0,2015.0,448.0,Edebiyat,0,1,3,Edebiyat,0,0,0,1,0,0,0,0,0,0,0,0.5643059490084985,0.7210884353741496,0.5319516407599308,0.023636363636363636,0.003875968992248062,0.04407135362014691,0.021052631578947368,0.75,0.0036335608896718784,0.7040498442367601
Jül Sezar'ın Ölümü,Kitap > Tarih > Çağlar-Dönemler > Kitap > Tarih > Kişiler > Kitap > Tarih > Araştırma-İnceleme > Kitap > Orijinal Dil > İngilizce,Barry Strauss,SAY YAYIN GRUBU-KAMPANYA,5 / 5 (12 oy),274.0,26.0,1,7.0,"400,00",21.10.2015,TÜRKÇE,376,Karton Kapak,13.5 x 21 cm,Kitap Kağıdı,156.0,4.0,5.0,12.0,400.0,2015.0,376.0,Tarih,0,1,3,Tarih,0,0,0,0,0,0,0,0,1,0,0,0.7932011331444758,0.5986394557823128,0.9464594127806563,0.04727272727272727,0.001937984496124031,0.007345225603357817,0.010526315789473684,1.0,0.0012111869632239595,0.32191069574247144
One DirectionSahne Arkası,Kitap > Müzik > Müzisyenler > Kitap > Orijinal Dil > İngilizce,One Direction,PEGASUS YAYINLARI,4 / 5 (33 oy),217.0,20.0,2,27.0,"299,00",29.08.2013,TÜRKÇE,64,Karton Kapak,22 x 28 cm,Kitap Kağıdı,482.5,9.0,4.0,33.0,299.0,2013.0,64.0,Müzik,0,1,3,Diger,0,1,0,0,0,0,0,0,0,0,0,0.5643059490084985,0.06802721088435373,0.7495682210708117,0.03636363636363636,0.003875968992248062,0.02833158447009444,0.02368421052631579,0.75,0.0035234529839242457,0.9999999999999999
Hayalperest Kelebekler,Kitap > Çocuk Kitapları > Hikaye,Selin Batı Oran,ABAKÜS KİTAP - KAMPANYA,5 / 5 (4 oy),19.0,1.0,0,8.0,"58,00",11.03.2020,TÜRKÇE,24,Karton Kapak,22 x 22 cm,Kitap Kağıdı,177.0,3.0,5.0,4.0,58.0,2020.0,24.0,Çocuk Kitapları,0,1,3,Çocuk Kitapları,0,0,0,0,0,0,0,0,0,1,0,0.018130311614730873,0.0,0.06563039723661485,0.0018181818181818182,0.0,0.008394543546694649,0.007894736842105263,1.0,0.00033032371724289804,0.3655244029075805
Çekirge Ormanı,Kitap > Edebiyat > Roman (Çeviri),Andrew Smith,PEGASUS YAYINLARI,4 / 5 (7 oy),63.0,2.0,0,8.0,"299,00",06.07.2018,TÜRKÇE,416,Karton Kapak,13.5 x 21 cm,Kitap Kağıdı,47.0,5.0,4.0,7.0,299.0,2018.0,416.0,Edebiyat,0,1,3,Edebiyat,0,0,0,1,0,0,0,0,0,0,0,0.5643059490084985,0.6666666666666666,0.21761658031088082,0.0036363636363636364,0.0,0.008394543546694649,0.013157894736842105,0.75,0.0006606474344857962,0.09553478712357218
Mahmure'nin Rüyası,Kitap > Diğer > Söyleşi,Mahmure Özçelik,SİYAH KUĞU KAMPANYA,5 / 5 (2 oy),3.0,2.0,0,0.0,"110,00",27.01.2017,TÜRKÇE,208,Karton Kapak,13.5 x 21 cm,Kitap Kağıdı,10.0,0.0,5.0,2.0,110.0,2017.0,208.0,Diğer,0,1,3,Diğer,0,0,1,0,0,0,0,0,0,0,0,0.1359773371104816,0.3129251700680272,0.010362694300518133,0.0036363636363636364,0.0,0.0,0.0,1.0,0.00011010790574763268,0.018691588785046728
Komedyen,Kitap > Edebiyat > Roman (Çeviri),Wladyslaw Reymont,FİHRİST KİTAP,5 / 5 (7 oy),69.0,7.0,0,5.0,"364,50",12.12.2022,TÜRKÇE,270,Karton Kapak,13.5 x 19.5 cm,Kitap Kağıdı,108.0,3.0,5.0,7.0,364.5,2022.0,270.0,Edebiyat,0,1,3,Edebiyat,0,0,0,1,0,0,0,0,0,0,0,0.7127478753541076,0.41836734693877553,0.23834196891191708,0.012727272727272728,0.0,0.005246589716684156,0.007894736842105263,1.0,0.0006606474344857962,0.2222222222222222
Aşkta ve Savaşta / Tudor Gülü Üçlemesi 3,Kitap > Edebiyat > Roman (Çeviri) > Kitap > Orijinal Dil > İngilizce,Susan Wiggs,PEGASUS YAYINLARI,4 / 5 (15 oy),147.0,7.0,1,25.0,"299,00",12.06.2013,TÜRKÇE,384,Karton Kapak,13.5 x 21 cm,Kitap Kağıdı,150.0,5.0,4.0,15.0,299.0,2013.0,384.0,Edebiyat,0,1,3,Edebiyat,0,0,0,1,0,0,0,0,0,0,0,0.5643059490084985,0.6122448979591836,0.5077720207253886,0.012727272727272728,0.001937984496124031,0.026232948583420776,0.013157894736842105,0.75,0.0015415106804668576,0.3094496365524403
Perdesiz Hayatlar,Kitap > Edebiyat > Hikaye (Yerli),Elif Gökçe Önem,KRONOLOJİ YAYINLARI,,6.0,0.0,0,2.0,"150,00",04.03.2024,TÜRKÇE,144,Karton Kapak,13 x 20 cm,Kitap Kağıdı,223.0,0.0,5.0,5.5,150.0,2024.0,144.0,Edebiyat,0,1,3,Edebiyat,0,0,0,1,0,0,0,0,0,0,0,0.22662889518413593,0.20408163265306123,0.020725388601036267,0.0,0.0,0.002098635886673662,0.0,1.0,0.000495485575864347,0.46105919003115264
Kalbin Dört Odası,Kitap > Edebiyat > Deneme (Yerli),Melike Selen Akşahin,SARMAL KİTABEVİ,,3.0,0.0,0,0.0,"150,00",17.08.2020,TÜRKÇE,72,Karton Kapak,13.5 x 19.5 cm,Kitap Kağıdı,21.0,0.0,5.0,5.5,150.0,2020.0,72.0,Edebiyat,0,1,3,Edebiyat,0,0,0,1,0,0,0,0,0,0,0,0.22662889518413593,0.0816326530612245,0.010362694300518133,0.0,0.0,0.0,0.0,1.0,0.000495485575864347,0.041536863966770504
İngiliz Gülleri,Kitap > Çocuk Kitapları > Hikaye,Madonna,İLETİŞİM YAYINLARI KAMPANYA,5 / 5 (5 oy),59.0,5.0,0,5.0,"119,00",15.09.2003,TÜRKÇE,44,Ciltli,20.5 x 26.5 cm,Kuşe Kağıt,168.0,7.0,5.0,5.0,119.0,2003.0,44.0,Çocuk Kitapları,0,0,4,Çocuk Kitapları,0,0,0,0,0,0,0,0,0,1,0,0.15637393767705382,0.034013605442176874,0.20379965457685664,0.00909090909090909,0.0,0.005246589716684156,0.018421052631578946,1.0,0.00044043162299053066,0.34683281412253375
Postmodern Emperyalizm,Kitap > Siyaset > Siyasal Düşünce > Kitap > Siyaset > Araştırma-İnceleme,Eric Walberg,SAY YAYIN GRUBU-KAMPANYA,4 / 5 (6 oy),244.0,6.0,0,4.0,"400,00",07.03.2014,TÜRKÇE,448,Karton Kapak,13.5 x 21 cm,Kitap Kağıdı,124.0,3.0,4.0,6.0,400.0,2014.0,448.0,Siyaset,0,1,3,Siyaset,0,0,0,0,0,0,1,0,0,0,0,0.7932011331444758,0.7210884353741496,0.8428324697754749,0.01090909090909091,0.0,0.004197271773347324,0.007894736842105263,0.75,0.0005505395287381633,0.25545171339563866
Akılçelen,Kitap > Edebiyat > Roman (Çeviri),David Unger,DEDALUS KİTAP,4 / 5 (1 oy),42.0,1.0,0,3.0,"360,00",07.05.2021,TÜRKÇE,368,Karton Kapak,13 x 20 cm,Kitap Kağıdı,80.0,1.0,4.0,1.0,360.0,2021.0,368.0,Edebiyat,0,1,3,Edebiyat,0,0,0,1,0,0,0,0,0,0,0,0.7025495750708215,0.5850340136054422,0.14507772020725387,0.0018181818181818182,0.0,0.0031479538300104933,0.002631578947368421,0.75,0.0,0.16407061266874348
İmam Şamil Ahhulgoh'ta,Kitap > Tarih > Kişiler,Batulil Muhamad,BİLGE KÜLTÜR SANAT,5 / 5 (9 oy),81.0,6.0,0,6.0,"145,00",15.09.2010,TÜRKÇE,160,Karton Kapak,13.5 x 19.5 cm,Kitap Kağıdı,116.0,6.0,5.0,9.0,145.0,2010.0,160.0,Tarih,0,1,3,Tarih,0,0,0,0,0,0,0,0,1,0,0,0.21529745042492915,0.2312925170068027,0.27979274611398963,0.01090909090909091,0.0,0.0062959076600209865,0.015789473684210527,1.0,0.0008808632459810614,0.2388369678089304
Güzel Ölüler / 2. Kitap Arizona,Kitap > Edebiyat > Roman (Çeviri) > Kitap > Orijinal Dil > İngilizce,Eden Maguire,PEGASUS YAYINLARI,4 / 5 (3 oy),99.0,5.0,0,5.0,"249,00",14.03.2012,TÜRKÇE,272,Karton Kapak,13.5 x 21 cm,Kitap Kağıdı,42.0,0.0,4.0,3.0,249.0,2012.0,272.0,Edebiyat,0,1,3,Edebiyat,0,0,0,1,0,0,0,0,0,0,0,0.4509915014164305,0.42176870748299317,0.34196891191709844,0.00909090909090909,0.0,0.005246589716684156,0.0,0.75,0.00022021581149526536,0.08515057113187954
Sokrates ve İnsan Sevgisi,Kitap > Felsefe-Düşünce > Diğer,Laszlo Versenyi,SAY YAYIN GRUBU-KAMPANYA,5 / 5 (1 oy),92.0,3.0,1,2.0,"250,00",11.12.2023,TÜRKÇE,248,Karton Kapak,13.5 x 21 cm,Kitap Kağıdı,47.0,1.0,5.0,1.0,250.0,2023.0,248.0,Felsefe-Düşünce,0,1,3,Felsefe-Düşünce,0,0,0,0,1,0,0,0,0,0,0,0.45325779036827196,0.38095238095238093,0.3177892918825561,0.005454545454545455,0.001937984496124031,0.002098635886673662,0.002631578947368421,1.0,0.0,0.09553478712357218
Hiçbir Şeyi Unutmayan AdamBüyük Bir Hafızaya Dair Küçük Bir Kitap,Kitap > Psikoloji > İnceleme,Aleksandr R. Luriya,SAY YAYIN GRUBU-KAMPANYA,4 / 5 (3 oy),61.0,2.0,0,0.0,"250,00",11.12.2023,TÜRKÇE,128,Karton Kapak,13.5 x 21 cm,Kitap Kağıdı,40.0,0.0,4.0,3.0,250.0,2023.0,128.0,Psikoloji,0,1,3,Diger,0,1,0,0,0,0,0,0,0,0,0,0.45325779036827196,0.17687074829931973,0.21070811744386872,0.0036363636363636364,0.0,0.0,0.0,0.75,0.00022021581149526536,0.08099688473520249
Kayıp,Kitap > Edebiyat > Hikaye (Yerli),Kolektif,YEDİVEREN YAYIN GRUBU - KAMPANYA,,6.0,0.0,0,0.0,"202,00",07.11.2023,TÜRKÇE,216,Karton Kapak,13.5 x 19.5 cm,Kitap Kağıdı,17.0,0.0,5.0,5.5,202.0,2023.0,216.0,Edebiyat,0,1,3,Edebiyat,0,0,0,1,0,0,0,0,0,0,0,0.34447592067988664,0.32653061224489793,0.020725388601036267,0.0,0.0,0.0,0.0,1.0,0.000495485575864347,0.033229491173416406
Kuzey Hint Toplumlarının KökeniHint Uygarlığının Oluşumunda Türklerin Etkisi,Kitap > Tarih > Araştırma-İnceleme,Arif Cengiz Erman,SARMAL KİTABEVİ,5 / 5 (7 oy),89.0,5.0,1,5.0,"250,00",24.06.2022,TÜRKÇE,184,Karton Kapak,13.5 x 21 cm,Kitap Kağıdı,140.0,3.0,5.0,7.0,250.0,2022.0,184.0,Tarih,0,1,3,Tarih,0,0,0,0,0,0,0,0,1,0,0,0.45325779036827196,0.272108843537415,0.307426597582038,0.00909090909090909,0.001937984496124031,0.005246589716684156,0.007894736842105263,1.0,0.0006606474344857962,0.28868120456905505
Ben Akıllanmam Doktor Sen Delir,Kitap > Edebiyat > Hikaye (Yerli),Büşra Marsel,YEDİVEREN YAYIN GRUBU - KAMPANYA,5 / 5 (1 oy),9.0,0.0,0,2.0,"155,00",02.11.2023,TÜRKÇE,160,Karton Kapak,13.5 x 19.5 cm,Kitap Kağıdı,26.0,1.0,5.0,1.0,155.0,2023.0,160.0,Edebiyat,0,1,3,Edebiyat,0,0,0,1,0,0,0,0,0,0,0,0.23796033994334276,0.2312925170068027,0.031088082901554404,0.0,0.0,0.002098635886673662,0.002631578947368421,1.0,0.0,0.05192107995846313
"Büyüklere, Küçük Öyküler",Kitap > Edebiyat > Hikaye (Yerli),Dr. Vural Yiğit,SARMAL KİTABEVİ,,5.0,0.0,0,1.0,"150,00",28.11.2023,TÜRKÇE,117,Karton Kapak,13.5 x 19.5 cm,Kitap Kağıdı,14.0,0.0,5.0,5.5,150.0,2023.0,117.0,Edebiyat,0,1,3,Edebiyat,0,0,0,1,0,0,0,0,0,0,0,0.22662889518413593,0.15816326530612246,0.017271157167530225,0.0,0.0,0.001049317943336831,0.0,1.0,0.000495485575864347,0.026998961578400833
Halat Gösterisi,Kitap > Edebiyat > Roman (Yerli),Toprak Işık,İLETİŞİM YAYINLARI KAMPANYA,4 / 5 (13 oy),37.0,7.0,1,7.0,"133,00",01.06.2015,TÜRKÇE,198,Karton Kapak,13.5 x 19.5 cm,Kitap Kağıdı,159.0,4.0,4.0,13.0,133.0,2015.0,198.0,Edebiyat,0,1,3,Edebiyat,0,0,0,1,0,0,0,0,0,0,0,0.18810198300283282,0.29591836734693877,0.12780656303972365,0.012727272727272728,0.001937984496124031,0.007345225603357817,0.010526315789473684,0.75,0.0013212948689715921,0.328141225337487
Artırılmış Cinsel Doyum: ESRKadınlarda Ultra Orgazm,Kitap > Kadın-Erkek > Genel,Doç.Dr. Ümit Sayın,TANTRA AKADEMİ,4 / 5 (8 oy),219.0,7.0,2,5.0,"620,00",16.02.2024,TÜRKÇE,320,Karton Kapak,14.5 x 21 cm,Kitap Kağıdı,225.0,4.0,4.0,8.0,491.25,2024.0,320.0,Kadın-Erkek,0,1,3,Diger,0,1,0,0,0,0,0,0,0,0,0,1.0,0.5034013605442176,0.7564766839378237,0.012727272727272728,0.003875968992248062,0.005246589716684156,0.010526315789473684,0.75,0.0007707553402334288,0.4652128764278297
Albert Camus ve Başkaldırma Felsefesi,Kitap > Felsefe-Düşünce > Diğer,Ali Osman Gündoğan,SAY YAYIN GRUBU-KAMPANYA,5 / 5 (4 oy),186.0,5.0,2,6.0,"250,00",21.04.2022,TÜRKÇE,200,Karton Kapak,13.5 x 21 cm,Kitap Kağıdı,113.0,2.0,5.0,4.0,250.0,2022.0,200.0,Felsefe-Düşünce,0,1,3,Felsefe-Düşünce,0,0,0,0,1,0,0,0,0,0,0,0.45325779036827196,0.29931972789115646,0.6424870466321243,0.00909090909090909,0.003875968992248062,0.0062959076600209865,0.005263157894736842,1.0,0.00033032371724289804,0.23260643821391483
İskenderiyeli Philo Judaeus,Kitap > Felsefe-Düşünce > Filozoflar-Düşünürler,Turgut Özgüney,DESTEK YAYIN GRUBU-KAMPANYA,,4.0,0.0,0,0.0,"180,00",22.04.2021,TÜRKÇE,152,Karton Kapak,13.5 x 21 cm,Kitap Kağıdı,5.0,0.0,5.0,5.5,180.0,2021.0,152.0,Felsefe-Düşünce,0,1,3,Felsefe-Düşünce,0,0,0,0,1,0,0,0,0,0,0,0.29461756373937675,0.217687074829932,0.013816925734024179,0.0,0.0,0.0,0.0,1.0,0.000495485575864347,0.008307372793354102
İnsan ve Psikiyatri,Kitap > Psikoloji > İnceleme,Sedat Topçu,SİYASAL YAYIN GRUBU - KAMPANYA,5 / 5 (7 oy),182.0,6.0,2,4.0,"360,00",21.05.2010,TÜRKÇE,336,Karton Kapak,14 x 20 cm,Kitap Kağıdı,124.0,7.0,5.0,7.0,360.0,2010.0,336.0,Psikoloji,0,1,3,Diger,0,1,0,0,0,0,0,0,0,0,0,0.7025495750708215,0.5306122448979591,0.6286701208981001,0.01090909090909091,0.003875968992248062,0.004197271773347324,0.018421052631578946,1.0,0.0006606474344857962,0.25545171339563866
Merhamete Açılan Kırk Kucak,Kitap > Edebiyat > Hikaye (Yerli),40'lar Kulübü,40'LAR KULÜBÜ,5 / 5 (3 oy),14.0,2.0,0,1.0,"149,00",20.07.2022,TÜRKÇE,191,Karton Kapak,13.5 x 21 cm,Kitap Kağıdı,14.0,1.0,5.0,3.0,149.0,2022.0,191.0,Edebiyat,0,1,3,Edebiyat,0,0,0,1,0,0,0,0,0,0,0,0.2243626062322946,0.28401360544217685,0.048359240069084625,0.0036363636363636364,0.0,0.001049317943336831,0.002631578947368421,1.0,0.00022021581149526536,0.026998961578400833
Düşmanımın Beşiği,Kitap > Edebiyat > Roman (Çeviri),Sara Young,BİLGE KÜLTÜR SANAT,5 / 5 (34 oy),104.0,28.0,1,26.0,"300,00",02.02.2009,TÜRKÇE,368,Karton Kapak,13.5 x 21 cm,Kitap Kağıdı,271.0,24.0,5.0,34.0,300.0,2009.0,368.0,Edebiyat,0,1,3,Edebiyat,0,0,0,1,0,0,0,0,0,0,0,0.5665722379603398,0.5850340136054422,0.35924006908462863,0.05090909090909091,0.001937984496124031,0.02728226652675761,0.06315789473684211,1.0,0.0036335608896718784,0.5607476635514018
Tebrizli Kavsi'nin DivanıGiriş-Dil İncelemesi-Metin-Sözlük,Kitap > Akademik > Edebiyat İnceleme,Ferhad Rahimi,KUTLU YAYINEVİ,,8.0,0.0,0,0.0,"1.400,00",07.09.2021,TÜRKÇE,729,Karton Kapak,16.5 x 23.5 cm,Kitap Kağıdı,13.0,0.0,5.0,5.5,250.0,2021.0,612.0,Akademik,0,1,3,Diger,0,1,0,0,0,0,0,0,0,0,0,0.45325779036827196,1.0,0.027633851468048358,0.0,0.0,0.0,0.0,1.0,0.000495485575864347,0.024922118380062305
Batı'nın Kırk Işığı,Kitap > Tarih > Kişiler,40'lar Kulübü,40'LAR KULÜBÜ,5 / 5 (10 oy),54.0,5.0,1,4.0,"149,00",21.04.2022,TÜRKÇE,191,Karton Kapak,13.5 x 21 cm,Kitap Kağıdı,60.0,3.0,5.0,10.0,149.0,2022.0,191.0,Tarih,0,1,3,Tarih,0,0,0,0,0,0,0,0,1,0,0,0.2243626062322946,0.28401360544217685,0.18652849740932642,0.00909090909090909,0.001937984496124031,0.004197271773347324,0.007894736842105263,1.0,0.000990971151728694,0.122533748701973
Küresel Düzenin Şifreleri,Kitap > Siyaset > Araştırma-İnceleme,Dr. Ramazan Kurtoğlu,ASİKİTAP KAMPANYA,5 / 5 (387 oy),1.795,197.0,27,343.0,"180,00",01.01.2018,TÜRKÇE,244,Karton Kapak,13.5 x 21 cm,Kitap Kağıdı,482.5,169.0,5.0,387.0,180.0,2018.0,244.0,Siyaset,0,1,3,Siyaset,0,0,0,0,0,0,1,0,0,0,0,0.29461756373937675,0.37414965986394555,0.00620034542314335,0.35818181818181816,0.05232558139534883,0.35991605456453307,0.44473684210526315,1.0,0.04250165161858621,0.9999999999999999
Kusur İmzadır Kusursuzluk Bir Yalan!,Kitap > Psikoloji > İnceleme,Melis Bozkurt,DESTEK YAYIN GRUBU-KAMPANYA,,13.0,0.0,0,0.0,"160,00",16.12.2021,TÜRKÇE,160,Karton Kapak,13.5 x 21 cm,Kitap Kağıdı,10.0,0.0,5.0,5.5,160.0,2021.0,160.0,Psikoloji,0,1,3,Diger,0,1,0,0,0,0,0,0,0,0,0,0.24929178470254953,0.2312925170068027,0.04490500863557858,0.0,0.0,0.0,0.0,1.0,0.000495485575864347,0.018691588785046728
İdeler ve TanrıBir 18. Yüzyıl Felsefesi Öyküsü,Kitap > Felsefe-Düşünce > Diğer,Deniz Soysal,SAY YAYIN GRUBU-KAMPANYA,4 / 5 (7 oy),98.0,5.0,0,3.0,"350,00",11.12.2020,TÜRKÇE,248,Karton Kapak,13.5 x 21 cm,Kitap Kağıdı,117.0,2.0,4.0,7.0,350.0,2020.0,248.0,Felsefe-Düşünce,0,1,3,Felsefe-Düşünce,0,0,0,0,1,0,0,0,0,0,0,0.6798866855524078,0.38095238095238093,0.3385146804835924,0.00909090909090909,0.0,0.0031479538300104933,0.005263157894736842,0.75,0.0006606474344857962,0.24091381100726894
Dislektik Fünye,Kitap > Edebiyat > Şiir (Yerli),Fatih Ceyhan,EPONA KİTAP,4 / 5 (4 oy),13.0,1.0,1,3.0,"139,00",23.01.2024,TÜRKÇE,71,Karton Kapak,12.5 x 19.5 cm,Kitap Kağıdı,194.0,1.0,4.0,4.0,139.0,2024.0,71.0,Edebiyat,0,1,3,Edebiyat,0,0,0,1,0,0,0,0,0,0,0,0.20169971671388098,0.07993197278911565,0.04490500863557858,0.0018181818181818182,0.001937984496124031,0.0031479538300104933,0.002631578947368421,0.75,0.00033032371724289804,0.40083073727933544
Uyanma Bildirisi,Kitap > Edebiyat > Hikaye (Yerli),Nuhan Nebi Çam,BİLGE KÜLTÜR SANAT,4 / 5 (3 oy),11.0,0.0,0,1.0,"130,00",05.09.2017,TÜRKÇE,104,Karton Kapak,12.5 x 19.5 cm,Kitap Kağıdı,15.0,1.0,4.0,3.0,130.0,2017.0,104.0,Edebiyat,0,1,3,Edebiyat,0,0,0,1,0,0,0,0,0,0,0,0.18130311614730876,0.1360544217687075,0.037996545768566495,0.0,0.0,0.001049317943336831,0.002631578947368421,0.75,0.00022021581149526536,0.029075804776739357
Arz Cephesinde Yeni Bir Şey Yok,Kitap > Edebiyat > Bilimkurgu-Fantazya,Bilimkurgu Kulübü,FİHRİST KİTAP,5 / 5 (22 oy),184.0,42.0,2,18.0,"279,50",18.08.2023,TÜRKÇE,196,Karton Kapak,13 x 19.5 cm,Kitap Kağıdı,405.0,11.0,5.0,22.0,279.5,2023.0,196.0,Edebiyat,0,1,3,Edebiyat,0,0,0,1,0,0,0,0,0,0,0,0.520113314447592,0.2925170068027211,0.6355785837651122,0.07636363636363637,0.003875968992248062,0.01888772298006296,0.02894736842105263,1.0,0.0023122660207002864,0.8390446521287642
Mitoloji ve Cinsiyet,Kitap > Diğer > Mitoloji,Gökhan Akmaz,URZENİ,5 / 5 (3 oy),78.0,3.0,0,1.0,"240,00",02.10.2021,TÜRKÇE,217,Karton Kapak,13.5 x 21 cm,Kitap Kağıdı,70.0,0.0,5.0,3.0,240.0,2021.0,217.0,Diğer,0,1,3,Diğer,0,0,1,0,0,0,0,0,0,0,0,0.4305949008498583,0.3282312925170068,0.2694300518134715,0.005454545454545455,0.0,0.001049317943336831,0.0,1.0,0.00022021581149526536,0.14330218068535824
Başlangıç ve Orta Düzey İçin Modern Öğreten İngilizce,Kitap > Eğitim > Dil Eğitimi,,YAKAMOZ YAYINCILIK,5 / 5 (96 oy),1.337,103.0,23,65.0,"300,00",03.04.2018,TÜRKÇE,352,Karton Kapak,13.5 x 21 cm,Kitap Kağıdı,482.5,62.0,5.0,96.0,300.0,2018.0,352.0,Eğitim,0,1,3,Diger,0,1,0,0,0,0,0,0,0,0,0,0.5665722379603398,0.5578231292517006,0.004618307426597581,0.18727272727272729,0.04457364341085271,0.06820566631689402,0.1631578947368421,1.0,0.010460251046025104,0.9999999999999999
Gümüş Öpücük,Kitap > Edebiyat > Roman (Çeviri),Annette Curtis Klause,KARA KEDİ YAYINLARI,3 / 5 (9 oy),139.0,4.0,0,8.0,"250,00",10.05.2010,TÜRKÇE,192,Karton Kapak,13.5 x 19.5 cm,Kitap Kağıdı,93.0,6.0,3.0,9.0,250.0,2010.0,192.0,Edebiyat,0,1,3,Edebiyat,0,0,0,1,0,0,0,0,0,0,0,0.45325779036827196,0.2857142857142857,0.4801381692573402,0.007272727272727273,0.0,0.008394543546694649,0.015789473684210527,0.5,0.0008808632459810614,0.19106957424714432
Söz Uçar mı?Psikolojik Sözleşmelerden Kişiye Özgü Sözleşmelere,Kitap > Psikoloji > İnceleme,Mine Afacan Fındıklı,URZENİ,,13.0,0.0,0,0.0,"220,00",07.05.2021,TÜRKÇE,141,Karton Kapak,13 x 20 cm,Kitap Kağıdı,34.0,0.0,5.0,5.5,220.0,2021.0,141.0,Psikoloji,0,1,3,Diger,0,1,0,0,0,0,0,0,0,0,0,0.38526912181303113,0.1989795918367347,0.04490500863557858,0.0,0.0,0.0,0.0,1.0,0.000495485575864347,0.06853582554517135
Asrın Yesevisi S. Ahmet Arvasi,Kitap > İslam > Kişiler,Hüdavendigar Onur,BİYOGRAFİ.NET,4 / 5 (5 oy),106.0,3.0,1,6.0,"350,00",30.03.2022,TÜRKÇE,320,Karton Kapak,13.5 x 19.5 cm,3. Hm. Kağıt,138.0,5.0,4.0,5.0,350.0,2022.0,320.0,İslam,0,1,2,İslam,0,0,0,0,0,0,0,0,0,0,1,0.6798866855524078,0.5034013605442176,0.36614853195164077,0.005454545454545455,0.001937984496124031,0.0062959076600209865,0.013157894736842105,0.75,0.00044043162299053066,0.284527518172378
Allah'a Söz Verdim,Kitap > İslam > Tasavvuf,Miraç Şirinoğlu,YEDİVEREN YAYINLARI,4 / 5 (16 oy),65.0,8.0,0,13.0,"191,50",21.12.2021,TÜRKÇE,232,Karton Kapak,13.5 x 21 cm,Kitap Kağıdı,196.0,4.0,4.0,16.0,191.5,2021.0,232.0,İslam,0,1,3,İslam,0,0,0,0,0,0,0,0,0,0,1,0.32067988668555236,0.35374149659863946,0.2245250431778929,0.014545454545454545,0.0,0.013641133263378805,0.010526315789473684,0.75,0.0016516185862144902,0.40498442367601245
Kudüsİnsanlığın İmtihan Kapısı,Kitap > İslam > Araştırma-İnceleme,Şafak Tunç,MOTTO,5 / 5 (13 oy),108.0,14.0,2,9.0,"336,00",27.10.2021,TÜRKÇE,204,Karton Kapak,13.5 x 21 cm,Kitap Kağıdı,173.0,4.0,5.0,13.0,336.0,2021.0,204.0,İslam,0,1,3,İslam,0,0,0,0,0,0,0,0,0,0,1,0.6481586402266288,0.30612244897959184,0.37305699481865284,0.025454545454545455,0.003875968992248062,0.00944386149003148,0.010526315789473684,1.0,0.0013212948689715921,0.3572170301142264
İzmir Kentinde Siyasi Protesto Kültürü (1908-1912),Kitap > Tarih > Siyasal Tarih > Kitap > Şehir Kitapları > İzmir,Umut Karabulut,YEDİTEPE YAYINEVİ-KAMPANYA,5 / 5 (14 oy),117.0,13.0,0,7.0,"300,00",13.02.2015,TÜRKÇE,304,Karton Kapak,13.5 x 21 cm,Kitap Kağıdı,197.0,6.0,5.0,14.0,300.0,2015.0,304.0,Tarih,0,1,3,Tarih,0,0,0,0,0,0,0,0,1,0,0,0.5665722379603398,0.4761904761904762,0.40414507772020725,0.023636363636363636,0.0,0.007345225603357817,0.015789473684210527,1.0,0.001431402774719225,0.407061266874351
Hale,Kitap > Edebiyat > Roman (Çeviri),Alexandra Adornetto,PEGASUS YAYINLARI,4 / 5 (55 oy),289.5,28.0,1,53.0,"299,00",06.04.2011,TÜRKÇE,480,Karton Kapak,13.5 x 21 cm,Kitap Kağıdı,430.0,40.0,4.0,55.0,299.0,2011.0,480.0,Edebiyat,0,1,3,Edebiyat,0,0,0,1,0,0,0,0,0,0,0,0.5643059490084985,0.7755102040816326,1.0,0.05090909090909091,0.001937984496124031,0.055613850996852045,0.10526315789473684,0.75,0.005945826910372164,0.8909657320872274
Mary,Kitap > Edebiyat > Roman (Çeviri),Mary Wollstonecraft,FİHRİST KİTAP,4 / 5 (3 oy),70.0,3.0,0,2.0,"169,50",23.02.2023,TÜRKÇE,100,Karton Kapak,13 x 19.5 cm,Kitap Kağıdı,53.0,0.0,4.0,3.0,169.5,2023.0,100.0,Edebiyat,0,1,3,Edebiyat,0,0,0,1,0,0,0,0,0,0,0,0.2708215297450425,0.1292517006802721,0.24179620034542312,0.005454545454545455,0.0,0.002098635886673662,0.0,0.75,0.00022021581149526536,0.10799584631360333
Türk-İslam Bilgeliği ve FelsefeKeşfedilen Medeniyet,Kitap > Akademik,Süleyman Dönmez,NET KİTAPLIK YAYINCILIK,,14.0,1.0,1,2.0,"385,00",14.08.2023,TÜRKÇE,232,Karton Kapak,13 x 20 cm,Kitap Kağıdı,22.0,0.0,5.0,5.5,385.0,2023.0,232.0,Akademik,0,1,3,Diger,0,1,0,0,0,0,0,0,0,0,0,0.7592067988668555,0.35374149659863946,0.048359240069084625,0.0018181818181818182,0.001937984496124031,0.002098635886673662,0.0,1.0,0.000495485575864347,0.04361370716510903
Savaşın Medyatik İnşası,Kitap > Diğer > İletişim-Medya,Canan Eyigün,URZENİ,,8.0,2.0,0,0.0,"300,00",10.04.2021,TÜRKÇE,250,Karton Kapak,13 x 20 cm,Kitap Kağıdı,17.0,0.0,5.0,5.5,300.0,2021.0,250.0,Diğer,0,1,3,Diğer,0,0,1,0,0,0,0,0,0,0,0,0.5665722379603398,0.3843537414965986,0.027633851468048358,0.0036363636363636364,0.0,0.0,0.0,1.0,0.000495485575864347,0.033229491173416406
İskambil Destesi,Kitap > Edebiyat > Hikaye (Yerli),Murathan Mungan,METİS YAYINLARI,4 / 5 (13 oy),164.0,7.0,2,9.0,"172,00",09.05.2014,TÜRKÇE,112,Karton Kapak,13.5 x 21.5 cm,Kitap Kağıdı,122.0,6.0,4.0,13.0,172.0,2014.0,112.0,Edebiyat,0,1,3,Edebiyat,0,0,0,1,0,0,0,0,0,0,0,0.27648725212464587,0.14965986394557823,0.5664939550949913,0.012727272727272728,0.003875968992248062,0.00944386149003148,0.015789473684210527,0.75,0.0013212948689715921,0.2512980269989616
Aşka ÖvgüYazarların Aşka Dair Sözleri,Kitap > Edebiyat > Aforizma,Enes Gider,FİHRİST KİTAP,4 / 5 (2 oy),51.0,3.0,1,1.0,"164,50",27.04.2021,TÜRKÇE,132,Karton Kapak,13 x 19.5 cm,Kitap Kağıdı,116.0,0.0,4.0,2.0,164.5,2021.0,132.0,Edebiyat,0,1,3,Edebiyat,0,0,0,1,0,0,0,0,0,0,0,0.25949008498583565,0.1836734693877551,0.17616580310880828,0.005454545454545455,0.001937984496124031,0.001049317943336831,0.0,0.75,0.00011010790574763268,0.2388369678089304
Çalışmazsam Okuyamam,Kitap > Sosyoloji > Diğer,Dolunay Şenol,NET KİTAPLIK YAYINCILIK,5 / 5 (1 oy),13.0,1.0,0,1.0,"390,00",27.01.2023,TÜRKÇE,240,Karton Kapak,13.5 x 21 cm,Kitap Kağıdı,10.0,0.0,5.0,1.0,390.0,2023.0,240.0,Sosyoloji,0,1,3,Sosyoloji,0,0,0,0,0,0,0,1,0,0,0,0.7705382436260623,0.3673469387755102,0.04490500863557858,0.0018181818181818182,0.0,0.001049317943336831,0.0,1.0,0.0,0.018691588785046728
Marcus Antonius,Kitap > Tarih > Kişiler,Plutarkhos,SAY YAYIN GRUBU-KAMPANYA,5 / 5 (18 oy),217.0,11.0,1,16.0,"200,00",02.08.2017,TÜRKÇE,96,Karton Kapak,13.5 x 21 cm,Kitap Kağıdı,215.0,11.0,5.0,18.0,200.0,2017.0,96.0,Tarih,0,1,3,Tarih,0,0,0,0,0,0,0,0,1,0,0,0.3399433427762039,0.12244897959183673,0.7495682210708117,0.02,0.001937984496124031,0.016789087093389297,0.02894736842105263,1.0,0.0018718343977097555,0.4444444444444445
Korona Aşısı,Kitap > Sağlık-Tıp > Diğer,Kolektif,HAYY KİTAP - KAMPANYA,5 / 5 (8 oy),88.0,16.0,3,11.0,"200,00",22.03.2021,TÜRKÇE,200,Karton Kapak,15.5 x 23 cm,Kitap Kağıdı,194.0,3.0,5.0,8.0,200.0,2021.0,200.0,Sağlık-Tıp,0,1,3,Diger,0,1,0,0,0,0,0,0,0,0,0,0.3399433427762039,0.29931972789115646,0.30397236614853196,0.02909090909090909,0.005813953488372093,0.011542497376705142,0.007894736842105263,1.0,0.0007707553402334288,0.40083073727933544
Ebedi Öpücük,Kitap > Edebiyat > Hikaye (Çeviri),Libba Bray,KARA KEDİ YAYINLARI,4 / 5 (23 oy),289.5,7.0,1,21.0,"285,00",01.03.2010,TÜRKÇE,368,Karton Kapak,13.5 x 19.5 cm,Kitap Kağıdı,192.0,13.0,4.0,23.0,285.0,2010.0,368.0,Edebiyat,0,1,3,Edebiyat,0,0,0,1,0,0,0,0,0,0,0,0.5325779036827195,0.5850340136054422,1.0,0.012727272727272728,0.001937984496124031,0.022035676810073453,0.034210526315789476,0.75,0.002422373926447919,0.39667705088265837
A Majestic Love,Kitap > Diğer Dildeki Yayınlar > İngilizce,Murat Aykaç Erginöz,ARİON YAYINLARI,,4.0,1.0,0,0.0,"200,00",25.03.2021,İNGİLİZCE,108,Karton Kapak,13.5 x 19.5 cm,Kitap Kağıdı,82.0,0.0,5.0,5.5,200.0,2021.0,108.0,Diğer Dildeki Yayınlar,1,1,3,Diger,0,1,0,0,0,0,0,0,0,0,0,0.3399433427762039,0.14285714285714285,0.013816925734024179,0.0018181818181818182,0.0,0.0,0.0,1.0,0.000495485575864347,0.16822429906542055
Career ManagementIn a Disrupted World,Kitap > Ekonomi > İş Dünyası > Kitap > Diğer Dildeki Yayınlar > İngilizce,Tufan Karaca,LİKYA KİTAP,5 / 5 (1 oy),5.0,0.0,0,0.0,"208,50",27.11.2023,İNGİLİZCE,100,Karton Kapak,16 x 24 cm,Kitap Kağıdı,101.0,0.0,5.0,1.0,208.5,2023.0,100.0,Ekonomi,1,1,3,Diger,0,1,0,0,0,0,0,0,0,0,0,0.35920679886685547,0.1292517006802721,0.017271157167530225,0.0,0.0,0.0,0.0,1.0,0.0,0.20768431983385252
Vadideki Zambak,Kitap > Edebiyat > Roman (Çeviri) > Kitap > Edebiyat > 100 Temel Eser,Honore de Balzac,İSKELE YAYINCILIK,4 / 5 (66 oy),289.5,54.0,8,143.0,"185,00",01.01.2011,TÜRKÇE,286,Karton Kapak,13.5 x 19.5 cm,Kitap Kağıdı,482.5,48.0,4.0,66.0,185.0,2011.0,286.0,Edebiyat,0,1,3,Edebiyat,0,0,0,1,0,0,0,0,0,0,0,0.30594900849858353,0.445578231292517,1.0,0.09818181818181818,0.015503875968992248,0.15005246589716684,0.12631578947368421,0.75,0.007157013873596124,0.9999999999999999
Türk Dış Politikası Yazıları,Kitap > Siyaset > Bölgeler-Ülkeler,Prof. Dr. Ozan Örmeci,URZENİ,5 / 5 (2 oy),17.0,1.0,0,2.0,"500,00",20.08.2024,TÜRKÇE,497,Karton Kapak,13.5 x 19.5 cm,Kitap Kağıdı,15.0,0.0,5.0,2.0,491.25,2024.0,497.0,Siyaset,0,1,3,Siyaset,0,0,0,0,0,0,1,0,0,0,0,1.0,0.8044217687074829,0.05872193436960276,0.0018181818181818182,0.0,0.002098635886673662,0.0,1.0,0.00011010790574763268,0.029075804776739357
Bir Daha Yaşanmaması Gereken Günler,Kitap > Tarih > Belgeler,Erol Dok,BİYOGRAFİ.NET,,18.0,1.0,0,0.0,"120,00",12.08.2021,TÜRKÇE,48,Karton Kapak,15 x 23.5 cm,Kitap Kağıdı,75.0,0.0,5.0,5.5,120.0,2021.0,48.0,Tarih,0,1,3,Tarih,0,0,0,0,0,0,0,0,1,0,0,0.15864022662889515,0.04081632653061224,0.06217616580310881,0.0018181818181818182,0.0,0.0,0.0,1.0,0.000495485575864347,0.15368639667705086
Los Angeles Şekeri,Kitap > Diğer > Gençlik Kitapları > Edebiyat > Kitap > Orijinal Dil > İngilizce,Lauren Conrad,PEGASUS YAYINLARI,4 / 5 (3 oy),82.0,1.0,1,4.0,"269,00",26.06.2014,TÜRKÇE,336,Karton Kapak,13.5 x 21 cm,Kitap Kağıdı,56.0,2.0,4.0,3.0,269.0,2014.0,336.0,Diğer,0,1,3,Diğer,0,0,1,0,0,0,0,0,0,0,0,0.49631728045325774,0.5306122448979591,0.28324697754749567,0.0018181818181818182,0.001937984496124031,0.004197271773347324,0.005263157894736842,0.75,0.00022021581149526536,0.11422637590861891
Kaz Çobanı,Kitap > Çocuk Kitapları > Roman,Shannon Hale,KARA KEDİ YAYINLARI,5 / 5 (38 oy),187.0,24.0,0,26.0,"250,00",12.07.2010,TÜRKÇE,320,Karton Kapak,13.5 x 19.5 cm,Kitap Kağıdı,420.0,20.0,5.0,38.0,250.0,2010.0,320.0,Çocuk Kitapları,0,1,3,Çocuk Kitapları,0,0,0,0,0,0,0,0,0,1,0,0.45325779036827196,0.5034013605442176,0.6459412780656304,0.04363636363636364,0.0,0.02728226652675761,0.05263157894736842,1.0,0.004073992512662408,0.8701973001038421
Ve Diğerleri,Kitap > Edebiyat > Hikaye (Yerli),Emre Ocaklı,EPONA KİTAP,5 / 5 (1 oy),6.0,4.0,0,1.0,"169,00",02.02.2022,TÜRKÇE,95,Karton Kapak,12.5 x 19.5 cm,Kitap Kağıdı,113.0,0.0,5.0,1.0,169.0,2022.0,95.0,Edebiyat,0,1,3,Edebiyat,0,0,0,1,0,0,0,0,0,0,0,0.2696883852691218,0.12074829931972789,0.020725388601036267,0.007272727272727273,0.0,0.001049317943336831,0.0,1.0,0.0,0.23260643821391483
Pargalı'nın Ölümü,Kitap > Tarih > Türk-Osmanlı,Aykut Can,YEDİTEPE YAYINEVİ-KAMPANYA,4 / 5 (47 oy),289.5,29.0,2,44.0,"120,00",12.01.2013,TÜRKÇE,120,Karton Kapak,13.5 x 21 cm,Kitap Kağıdı,482.5,22.0,4.0,47.0,120.0,2013.0,120.0,Tarih,0,1,3,Tarih,0,0,0,0,0,0,0,0,1,0,0,0.15864022662889515,0.163265306122449,1.0,0.05272727272727273,0.003875968992248062,0.046169989506820566,0.05789473684210526,0.75,0.0050649636643911025,0.9999999999999999
Mehmet’in Babası Nazım,Kitap > Edebiyat > Şiir (Yerli),Gündüz Vassaf,DESTEK YAYIN GRUBU-KAMPANYA,5 / 5 (1 oy),20.0,2.0,0,1.0,"220,00",15.06.2021,TÜRKÇE,96,Karton Kapak,13.5 x 19.5 cm,Kitap Kağıdı,30.0,1.0,5.0,1.0,220.0,2021.0,96.0,Edebiyat,0,1,3,Edebiyat,0,0,0,1,0,0,0,0,0,0,0,0.38526912181303113,0.12244897959183673,0.0690846286701209,0.0036363636363636364,0.0,0.001049317943336831,0.002631578947368421,1.0,0.0,0.060228452751817235
Pembe Eldiven,Kitap > Edebiyat > Diğer,Tuna Yüksel,EPONA KİTAP,5 / 5 (1 oy),6.0,0.0,0,2.0,"146,00",17.10.2023,TÜRKÇE,96,Karton Kapak,12.5 x 19.5 cm,Kitap Kağıdı,298.0,1.0,5.0,1.0,146.0,2023.0,96.0,Edebiyat,0,1,3,Edebiyat,0,0,0,1,0,0,0,0,0,0,0,0.21756373937677054,0.12244897959183673,0.020725388601036267,0.0,0.0,0.002098635886673662,0.002631578947368421,1.0,0.0,0.616822429906542
Göçmen Kadın ve Hayat,Kitap > Tarih > Araştırma-İnceleme,Sabiha Doğan,EMRE YAYINLARI,,7.0,0.0,0,0.0,"195,00",17.05.2024,TÜRKÇE,200,Karton Kapak,13.5 x 21 cm,Kitap Kağıdı,30.0,0.0,5.0,5.5,195.0,2024.0,200.0,Tarih,0,1,3,Tarih,0,0,0,0,0,0,0,0,1,0,0,0.32861189801699714,0.29931972789115646,0.024179620034542312,0.0,0.0,0.0,0.0,1.0,0.000495485575864347,0.060228452751817235
Güller Ağladı,Kitap > Edebiyat > Roman (Yerli),Ümit Zeki Soyuduru,BANLİYÖ KİTAP,5 / 5 (1 oy),4.0,0.0,0,0.0,"104,00",20.01.2023,TÜRKÇE,80,Karton Kapak,12 x 19.5 cm,Kitap Kağıdı,106.0,0.0,5.0,1.0,104.0,2023.0,80.0,Edebiyat,0,1,3,Edebiyat,0,0,0,1,0,0,0,0,0,0,0,0.12237960339943342,0.09523809523809523,0.013816925734024179,0.0,0.0,0.0,0.0,1.0,0.0,0.21806853582554517
Son: İdrak Film,Kitap > Edebiyat > Hikaye (Yerli),Esra Keskin Çelik,BANLİYÖ KİTAP,,5.0,1.0,0,0.0,"128,00",04.12.2023,TÜRKÇE,112,Karton Kapak,13.5 x 19.5 cm,Kitap Kağıdı,137.0,0.0,5.0,5.5,128.0,2023.0,112.0,Edebiyat,0,1,3,Edebiyat,0,0,0,1,0,0,0,0,0,0,0,0.17677053824362604,0.14965986394557823,0.017271157167530225,0.0018181818181818182,0.0,0.0,0.0,1.0,0.000495485575864347,0.2824506749740395
Divan Şiirinde Aşkın RenkleriElvan-ı Seb'a,Kitap > Edebiyat > Divan Edebiyatı,Mahmut Kaplan,LEJAND,5 / 5 (1 oy),20.0,1.0,0,2.0,"269,00",04.06.2021,TÜRKÇE,280,Karton Kapak,13 x 19.5 cm,Kitap Kağıdı,134.0,0.0,5.0,1.0,269.0,2021.0,280.0,Edebiyat,0,1,3,Edebiyat,0,0,0,1,0,0,0,0,0,0,0,0.49631728045325774,0.43537414965986393,0.0690846286701209,0.0018181818181818182,0.0,0.002098635886673662,0.0,1.0,0.0,0.2762201453790239
Geleceğin Tarihinden Alıntılar,Kitap > Sosyoloji > Araştırma-İnceleme,Gabriel de Tarde,SAY YAYIN GRUBU-KAMPANYA,4 / 5 (16 oy),126.0,11.0,0,8.0,"200,00",12.04.2011,TÜRKÇE,112,Karton Kapak,13.5 x 19.5 cm,Kitap Kağıdı,136.0,3.0,4.0,16.0,200.0,2011.0,112.0,Sosyoloji,0,1,3,Sosyoloji,0,0,0,0,0,0,0,1,0,0,0,0.3399433427762039,0.14965986394557823,0.43523316062176165,0.02,0.0,0.008394543546694649,0.007894736842105263,0.75,0.0016516185862144902,0.28037383177570097
Peşin Hükümlüler,Kitap > Bilim & Mühendislik > Popüler Bilim,Dr. Robert A. Burton,SAY YAYIN GRUBU-KAMPANYA,5 / 5 (3 oy),149.0,9.0,0,4.0,"350,00",02.09.2021,TÜRKÇE,280,Karton Kapak,13.5 x 21 cm,Kitap Kağıdı,70.0,0.0,5.0,3.0,350.0,2021.0,280.0,Bilim & Mühendislik,0,1,3,Bilim & Mühendislik,1,0,0,0,0,0,0,0,0,0,0,0.6798866855524078,0.43537414965986393,0.5146804835924007,0.016363636363636365,0.0,0.004197271773347324,0.0,1.0,0.00022021581149526536,0.14330218068535824
Sophie Jordan Romantik Kitaplar Takım Set (3 Kitap),Kitap > Edebiyat > Roman (Çeviri),Sophie Jordan,PEGASUS YAYINLARI,,34.0,2.0,0,1.0,"837,00",,TÜRKÇE,1007,Karton Kapak,13.5 x 21 cm,Kitap Kağıdı,23.0,0.0,5.0,5.5,491.25,2021.0,612.0,Edebiyat,0,1,3,Edebiyat,0,0,0,1,0,0,0,0,0,0,0,1.0,1.0,0.11744386873920552,0.0036363636363636364,0.0,0.001049317943336831,0.0,1.0,0.000495485575864347,0.04569055036344755
Ahmet YeseviBir Kutup Yıldızı,Kitap > Edebiyat > Biyografi-Otobiyografi,Mehmet Kara,LEJAND,,35.0,1.0,0,2.0,"120,00",10.04.2021,TÜRKÇE,78,Karton Kapak,13 x 19.5 cm,Kitap Kağıdı,142.0,0.0,5.0,5.5,120.0,2021.0,78.0,Edebiyat,0,1,3,Edebiyat,0,0,0,1,0,0,0,0,0,0,0,0.15864022662889515,0.09183673469387757,0.12089810017271156,0.0018181818181818182,0.0,0.002098635886673662,0.0,1.0,0.000495485575864347,0.2928348909657321
Toplumsal Hareketler Ve Sinema,Kitap > Sinema-Tiyatro > Senaryo (Yerli),Beril Ekşioğlu Sarılar,URZENİ,,24.0,0.0,1,0.0,"300,00",16.11.2021,TÜRKÇE,280,Karton Kapak,13 x 20 cm,Kitap Kağıdı,20.0,0.0,5.0,5.5,300.0,2021.0,280.0,Sinema-Tiyatro,0,1,3,Diger,0,1,0,0,0,0,0,0,0,0,0,0.5665722379603398,0.43537414965986393,0.08290155440414507,0.0,0.001937984496124031,0.0,0.0,1.0,0.000495485575864347,0.039460020768431976
Sen Yanlış Değilsin,Kitap > Kişisel Gelişim,Murat Tunalı,YEDİVEREN YAYIN GRUBU - KAMPANYA,3 / 5 (3 oy),26.0,2.0,0,1.0,"163,00",11.04.2023,TÜRKÇE,192,Karton Kapak,13.5 x 19.5 cm,Kitap Kağıdı,33.0,2.0,3.0,3.0,163.0,2023.0,192.0,Kişisel Gelişim,0,1,3,Kişisel Gelişim,0,0,0,0,0,1,0,0,0,0,0,0.25609065155807365,0.2857142857142857,0.08981001727115716,0.0036363636363636364,0.0,0.001049317943336831,0.005263157894736842,0.5,0.00022021581149526536,0.06645898234683281
Delilsiz Sözler (Kavl-i Mücerred),Kitap > Edebiyat > Şiir (Yerli),Anıl Öztürk,KRONOLOJİ YAYINLARI,5 / 5 (1 oy),4.0,1.0,0,0.0,"120,00",09.11.2021,TÜRKÇE,87,Karton Kapak,13 x 20 cm,Kitap Kağıdı,50.0,0.0,5.0,1.0,120.0,2021.0,87.0,Edebiyat,0,1,3,Edebiyat,0,0,0,1,0,0,0,0,0,0,0,0.15864022662889515,0.10714285714285715,0.013816925734024179,0.0018181818181818182,0.0,0.0,0.0,1.0,0.0,0.10176531671858775
Babalar ve Oğullar,Kitap > Edebiyat > Roman (Çeviri) > Kitap > Edebiyat > 100 Temel Eser,Ivan Sergeyeviç Turgenyev,İSKELE YAYINCILIK,4 / 5 (46 oy),289.5,33.0,4,82.0,"145,00",31.07.2005,TÜRKÇE,245,Karton Kapak,13.5 x 19.5 cm,Kitap Kağıdı,482.5,44.0,4.0,46.0,145.0,2005.0,245.0,Edebiyat,0,1,3,Edebiyat,0,0,0,1,0,0,0,0,0,0,0,0.21529745042492915,0.3758503401360544,1.0,0.06,0.007751937984496124,0.08604407135362015,0.11578947368421053,0.75,0.00495485575864347,0.9999999999999999
Kitle İletişim Arçalarında Mitoslar,Kitap > Tarih > Araştırma-İnceleme,Ayşe Koncavar,URZENİ,5 / 5 (2 oy),45.0,3.0,0,0.0,"200,00",03.05.2023,TÜRKÇE,165,Karton Kapak,13.5 x 21 cm,Kitap Kağıdı,29.0,0.0,5.0,2.0,200.0,2023.0,165.0,Tarih,0,1,3,Tarih,0,0,0,0,0,0,0,0,1,0,0,0.3399433427762039,0.23979591836734693,0.15544041450777202,0.005454545454545455,0.0,0.0,0.0,1.0,0.00011010790574763268,0.05815160955347871
"HEY  (Huysuz, Ergen, Yalancı)",Kitap > Diğer > Gençlik Kitapları > Genel,Kody Keplinger,PEGASUS YAYINLARI,4 / 5 (2 oy),125.0,14.0,0,11.0,"269,00",22.06.2016,TÜRKÇE,320,Karton Kapak,13.5 x 21 cm,Kitap Kağıdı,70.0,1.0,4.0,2.0,269.0,2016.0,320.0,Diğer,0,1,3,Diğer,0,0,1,0,0,0,0,0,0,0,0,0.49631728045325774,0.5034013605442176,0.4317789291882556,0.025454545454545455,0.0,0.011542497376705142,0.002631578947368421,0.75,0.00011010790574763268,0.14330218068535824
Hodbinler,Kitap > Edebiyat > Roman (Yerli),Saruhan Doğan,HAYY KİTAP - KAMPANYA,4 / 5 (37 oy),169.0,37.0,4,27.0,"175,00",01.06.2018,TÜRKÇE,392,Karton Kapak,13.5 x 21 cm,Kitap Kağıdı,471.0,16.0,4.0,37.0,175.0,2018.0,392.0,Edebiyat,0,1,3,Edebiyat,0,0,0,1,0,0,0,0,0,0,0,0.2832861189801699,0.6258503401360543,0.5837651122625216,0.06727272727272728,0.007751937984496124,0.02833158447009444,0.042105263157894736,0.75,0.003963884606914776,0.9761163032191069
68'li ve Gazeteci,Kitap > Edebiyat > Anı (Hatırat),Tuğrul Eryılmaz,İLETİŞİM YAYINLARI KAMPANYA,4 / 5 (15 oy),114.0,11.0,0,14.0,"182,00",12.12.2018,TÜRKÇE,264,Karton Kapak,15 x 21.5 cm,Kitap Kağıdı,344.0,2.0,4.0,15.0,182.0,2018.0,264.0,Edebiyat,0,1,3,Edebiyat,0,0,0,1,0,0,0,0,0,0,0,0.2991501416430595,0.40816326530612246,0.3937823834196891,0.02,0.0,0.014690451206715634,0.005263157894736842,0.75,0.0015415106804668576,0.7123572170301141
Yeniden SenArınmanın ve Nefsi Yönetmenin Yolları,Kitap > Kişisel Gelişim,Ferhat Atik,DESTEK YAYIN GRUBU-KAMPANYA,,4.0,0.0,0,0.0,"230,00",17.03.2022,TÜRKÇE,216,Karton Kapak,13.5 x 21 cm,Kitap Kağıdı,8.0,0.0,5.0,5.5,230.0,2022.0,216.0,Kişisel Gelişim,0,1,3,Kişisel Gelişim,0,0,0,0,0,1,0,0,0,0,0,0.40793201133144474,0.32653061224489793,0.013816925734024179,0.0,0.0,0.0,0.0,1.0,0.000495485575864347,0.014537902388369679
Kehanet /  Vadi-4,Kitap > Edebiyat > Roman (Çeviri) > Kitap > Diğer > Gençlik Kitapları > Edebiyat > Kitap > Orijinal Dil > Almanca,Krystyna Kuhn,PEGASUS YAYINLARI,4 / 5 (9 oy),107.0,1.0,0,7.0,"269,00",28.10.2013,TÜRKÇE,328,Karton Kapak,13.5 x 21 cm,Kitap Kağıdı,87.0,3.0,4.0,9.0,269.0,2013.0,328.0,Edebiyat,0,1,3,Edebiyat,0,0,0,1,0,0,0,0,0,0,0,0.49631728045325774,0.5170068027210883,0.3696027633851468,0.0018181818181818182,0.0,0.007345225603357817,0.007894736842105263,0.75,0.0008808632459810614,0.17860851505711317
Buraların Yerlisi,Kitap > Edebiyat > Şiir (Yerli),Ahmet B. Tamu,EPONA KİTAP,4 / 5 (3 oy),14.0,1.0,0,4.0,"148,00",24.05.2024,TÜRKÇE,60,Karton Kapak,12.5 x 19.5 cm,Kitap Kağıdı,482.5,1.0,4.0,3.0,148.0,2024.0,60.0,Edebiyat,0,1,3,Edebiyat,0,0,0,1,0,0,0,0,0,0,0,0.22209631728045326,0.06122448979591837,0.048359240069084625,0.0018181818181818182,0.0,0.004197271773347324,0.002631578947368421,0.75,0.00022021581149526536,0.9999999999999999
Şeytanla Dans,Kitap > Edebiyat > Roman (Çeviri),Sherrilyn Kenyon,PEGASUS YAYINLARI,5 / 5 (40 oy),168.0,11.0,0,49.0,"299,00",02.09.2014,TÜRKÇE,368,Karton Kapak,13.5 x 21 cm,Kitap Kağıdı,226.0,16.0,5.0,40.0,299.0,2014.0,368.0,Edebiyat,0,1,3,Edebiyat,0,0,0,1,0,0,0,0,0,0,0,0.5643059490084985,0.5850340136054422,0.5803108808290155,0.02,0.0,0.051416579223504726,0.042105263157894736,1.0,0.004294208324157674,0.4672897196261682
Berry Bees / Altın Tasma Operasyonu,Kitap > Çocuk Kitapları > Diğer,Cat Le Blanc,YAKAMOZ YAYINCILIK,,6.0,0.0,0,0.0,"150,00",15.09.2022,TÜRKÇE,160,Karton Kapak,13.5 x 19.5 cm,Kitap Kağıdı,17.0,0.0,5.0,5.5,150.0,2022.0,160.0,Çocuk Kitapları,0,1,3,Çocuk Kitapları,0,0,0,0,0,0,0,0,0,1,0,0.22662889518413593,0.2312925170068027,0.020725388601036267,0.0,0.0,0.0,0.0,1.0,0.000495485575864347,0.033229491173416406
Güneşli Günler,Kitap > Edebiyat > Roman (Yerli),Ahmet Yenilmez,MOTTO,5 / 5 (4 oy),26.0,2.0,0,1.0,"325,00",09.02.2022,TÜRKÇE,158,Karton Kapak,13.5 x 21 cm,Kitap Kağıdı,129.0,2.0,5.0,4.0,325.0,2022.0,158.0,Edebiyat,0,1,3,Edebiyat,0,0,0,1,0,0,0,0,0,0,0,0.6232294617563738,0.227891156462585,0.08981001727115716,0.0036363636363636364,0.0,0.001049317943336831,0.005263157894736842,1.0,0.00033032371724289804,0.26583592938733125
Bridget Jones - Deliriyorum Bu Çocuğa,Kitap > Edebiyat > Roman (Çeviri) > Kitap > Orijinal Dil > İngilizce,Helen Fielding,PEGASUS YAYINLARI,4 / 5 (22 oy),107.0,24.0,1,30.0,"299,00",20.06.2015,TÜRKÇE,440,Karton Kapak,13.5 x 21 cm,Kitap Kağıdı,250.0,15.0,4.0,22.0,299.0,2015.0,440.0,Edebiyat,0,1,3,Edebiyat,0,0,0,1,0,0,0,0,0,0,0,0.5643059490084985,0.7074829931972788,0.3696027633851468,0.04363636363636364,0.001937984496124031,0.031479538300104935,0.039473684210526314,0.75,0.0023122660207002864,0.5171339563862928
Bizans Döneminde Anadolu’da Yaşayan Ermeniler,Kitap > Tarih > Araştırma-İnceleme,Engin Öztürk,URZENİ,5 / 5 (19 oy),107.0,11.0,1,5.0,"200,00",25.06.2020,TÜRKÇE,204,Karton Kapak,13.5 x 21 cm,Kitap Kağıdı,153.0,15.0,5.0,19.0,200.0,2020.0,204.0,Tarih,0,1,3,Tarih,0,0,0,0,0,0,0,0,1,0,0,0.3399433427762039,0.30612244897959184,0.3696027633851468,0.02,0.001937984496124031,0.005246589716684156,0.039473684210526314,1.0,0.001981942303457388,0.31568016614745587
Yeni Dünya,Kitap > Edebiyat > Hikaye (Yerli),Sabahattin Ali,CAN YAYINLARI,5 / 5 (93 oy),289.5,64.0,6,93.0,"65,00",10.09.2019,TÜRKÇE,160,Karton Kapak,12.5 x 19.5 cm,Kitap Kağıdı,482.5,51.0,5.0,93.0,65.0,2019.0,160.0,Edebiyat,0,1,3,Edebiyat,0,0,0,1,0,0,0,0,0,0,0,0.0339943342776204,0.2312925170068027,1.0,0.11636363636363636,0.011627906976744186,0.09758656873032528,0.13421052631578947,1.0,0.010129927328782207,0.9999999999999999
Kader’in Peşinde,Kitap > Edebiyat > Roman (Yerli),Mehmet Murat Somer,DEDALUS KİTAP,4 / 5 (5 oy),45.0,5.0,0,3.0,"300,00",17.01.2023,TÜRKÇE,296,Karton Kapak,13 x 20 cm,Kitap Kağıdı,190.0,1.0,4.0,5.0,300.0,2023.0,296.0,Edebiyat,0,1,3,Edebiyat,0,0,0,1,0,0,0,0,0,0,0,0.5665722379603398,0.46258503401360546,0.15544041450777202,0.00909090909090909,0.0,0.0031479538300104933,0.002631578947368421,0.75,0.00044043162299053066,0.3925233644859813
Yabancı Hayvanlar / Murathan Mungan'ın Seçtikleri,Kitap > Edebiyat > Antoloji-Derleme,,METİS YAYINLARI,5 / 5 (6 oy),162.0,8.0,0,9.0,"180,00",24.10.2003,TÜRKÇE,139,Karton Kapak,13.5 x 19.5 cm,3. Hm. Kağıt,135.0,2.0,5.0,6.0,180.0,2003.0,139.0,Edebiyat,0,1,2,Edebiyat,0,0,0,1,0,0,0,0,0,0,0,0.29461756373937675,0.195578231292517,0.5595854922279793,0.014545454545454545,0.0,0.00944386149003148,0.005263157894736842,1.0,0.0005505395287381633,0.2782969885773624
Suskunluklarım,Kitap > Edebiyat > Şiir (Yerli),Remzi Gümüş,KUTLU YAYINEVİ,,5.0,1.0,0,0.0,"150,00",13.06.2022,TÜRKÇE,113,Karton Kapak,13.5 x 19.5 cm,Kitap Kağıdı,6.0,0.0,5.0,5.5,150.0,2022.0,113.0,Edebiyat,0,1,3,Edebiyat,0,0,0,1,0,0,0,0,0,0,0,0.22662889518413593,0.15136054421768708,0.017271157167530225,0.0018181818181818182,0.0,0.0,0.0,1.0,0.000495485575864347,0.010384215991692626
Skandal Evlilik,Kitap > Edebiyat > Roman (Çeviri) > Kitap > Orijinal Dil > İngilizce,Cathy Maxwell,PEGASUS YAYINLARI,4 / 5 (36 oy),234.0,5.0,0,38.0,"269,00",24.12.2013,TÜRKÇE,312,Karton Kapak,13.5 x 21 cm,Kitap Kağıdı,300.0,7.0,4.0,36.0,269.0,2013.0,312.0,Edebiyat,0,1,3,Edebiyat,0,0,0,1,0,0,0,0,0,0,0,0.49631728045325774,0.489795918367347,0.8082901554404145,0.00909090909090909,0.0,0.03987408184679958,0.018421052631578946,0.75,0.0038537767011671436,0.620976116303219
Geleceğin Havva'sı,Kitap > Edebiyat > Bilimkurgu-Fantazya,Villiers de L’Isle-Adam,FİHRİST KİTAP,5 / 5 (8 oy),52.0,6.0,0,4.0,"449,50",13.10.2021,TÜRKÇE,340,Karton Kapak,13 x 19.5 cm,Kitap Kağıdı,268.0,4.0,5.0,8.0,449.5,2021.0,340.0,Edebiyat,0,1,3,Edebiyat,0,0,0,1,0,0,0,0,0,0,0,0.9053824362606231,0.5374149659863945,0.17962003454231432,0.01090909090909091,0.0,0.004197271773347324,0.010526315789473684,1.0,0.0007707553402334288,0.5545171339563862
Atatürk İlkeleri ve İnkılap Tarihi,Kitap > Tarih > Araştırma-İnceleme,Prof. Dr. Zerrin Günal,URZENİ,5 / 5 (2 oy),84.0,1.0,0,1.0,"400,00",22.10.2021,TÜRKÇE,482,Karton Kapak,13.5 x 21 cm,Kitap Kağıdı,68.0,1.0,5.0,2.0,400.0,2021.0,482.0,Tarih,0,1,3,Tarih,0,0,0,0,0,0,0,0,1,0,0,0.7932011331444758,0.7789115646258503,0.29015544041450775,0.0018181818181818182,0.0,0.001049317943336831,0.002631578947368421,1.0,0.00011010790574763268,0.1391484942886812
5 Saniyede Venüs'e,Kitap > Edebiyat > Bilimkurgu-Fantazya,Fred T. Jane,FİHRİST KİTAP,5 / 5 (3 oy),32.0,6.0,0,1.0,"174,50",01.09.2022,TÜRKÇE,104,Karton Kapak,13 x 19.5 cm,Kitap Kağıdı,32.0,0.0,5.0,3.0,174.5,2022.0,104.0,Edebiyat,0,1,3,Edebiyat,0,0,0,1,0,0,0,0,0,0,0,0.28215297450424925,0.1360544217687075,0.11053540587219343,0.01090909090909091,0.0,0.001049317943336831,0.0,1.0,0.00022021581149526536,0.06438213914849429
Günümüz İletişimcisinin Türkçe Dil Kaynağı,Kitap > Diğer > İletişim-Medya,Atilla Girgin,SARMAL KİTABEVİ,,6.0,0.0,0,0.0,"220,00",20.03.2024,TÜRKÇE,201,Karton Kapak,14 x 20 cm,Kitap Kağıdı,42.0,0.0,5.0,5.5,220.0,2024.0,201.0,Diğer,0,1,3,Diğer,0,0,1,0,0,0,0,0,0,0,0,0.38526912181303113,0.3010204081632653,0.020725388601036267,0.0,0.0,0.0,0.0,1.0,0.000495485575864347,0.08515057113187954
"One Direction: Grubumuz, Hikayemiz",Kitap > Müzik > Müzisyenler > Kitap > Orijinal Dil > İngilizce,One Direction,PEGASUS YAYINLARI,4 / 5 (28 oy),204.0,23.0,2,24.0,"299,00",25.08.2014,TÜRKÇE,288,Karton Kapak,15 x 20 cm,Kitap Kağıdı,482.5,8.0,4.0,28.0,299.0,2014.0,288.0,Müzik,0,1,3,Diger,0,1,0,0,0,0,0,0,0,0,0,0.5643059490084985,0.4489795918367347,0.7046632124352331,0.04181818181818182,0.003875968992248062,0.025183630640083946,0.021052631578947368,0.75,0.0029729134551860826,0.9999999999999999
Hoş Şeyler Zamanı,Kitap > Edebiyat > Deneme (Yerli),Sait Edip Akdağ,HAYY KİTAP - KAMPANYA,,14.0,1.0,0,1.0,"150,00",08.04.2021,TÜRKÇE,120,Karton Kapak,13.5 x 19.5 cm,Kitap Kağıdı,3.0,0.0,5.0,5.5,150.0,2021.0,120.0,Edebiyat,0,1,3,Edebiyat,0,0,0,1,0,0,0,0,0,0,0,0.22662889518413593,0.163265306122449,0.048359240069084625,0.0018181818181818182,0.0,0.001049317943336831,0.0,1.0,0.000495485575864347,0.004153686396677051
Kadınlar AnlatıyorKadınların Beynindeki Cinsellik,Kitap > Kişisel Gelişim,Doç.Dr. Ümit Sayın,TANTRA AKADEMİ,4 / 5 (5 oy),78.0,7.0,0,1.0,"520,00",02.09.2025,TÜRKÇE,320,Karton Kapak,13.5 x 21 cm,Kitap Kağıdı,84.0,2.0,4.0,5.0,491.25,2025.0,320.0,Kişisel Gelişim,0,1,3,Kişisel Gelişim,0,0,0,0,0,1,0,0,0,0,0,1.0,0.5034013605442176,0.2694300518134715,0.012727272727272728,0.0,0.001049317943336831,0.005263157894736842,0.75,0.00044043162299053066,0.1723779854620976
Karıncaların Gözyaşı,Kitap > Edebiyat > Roman (Yerli),Ersan Er,MOTTO,,10.0,2.0,2,1.0,"311,00",23.10.2021,TÜRKÇE,152,Karton Kapak,13.5 x 19.5 cm,Kitap Kağıdı,253.0,0.0,5.0,5.5,311.0,2021.0,152.0,Edebiyat,0,1,3,Edebiyat,0,0,0,1,0,0,0,0,0,0,0,0.5915014164305948,0.217687074829932,0.03454231433506045,0.0036363636363636364,0.003875968992248062,0.001049317943336831,0.0,1.0,0.000495485575864347,0.5233644859813084
Yolcu ve Köylü,Kitap > Edebiyat > Roman (Çeviri),Lev N. Tolstoy,DEDALUS KİTAP,5 / 5 (5 oy),162.0,7.0,0,8.0,"160,00",05.04.2023,TÜRKÇE,130,Karton Kapak,13 x 20 cm,Kitap Kağıdı,236.0,3.0,5.0,5.0,160.0,2023.0,130.0,Edebiyat,0,1,3,Edebiyat,0,0,0,1,0,0,0,0,0,0,0,0.24929178470254953,0.18027210884353742,0.5595854922279793,0.012727272727272728,0.0,0.008394543546694649,0.007894736842105263,1.0,0.00044043162299053066,0.48805815160955346
Hakan Günday Romanlarında Aylaklık ve Gündelik Yaşam,Kitap > Kültür > Popüler Kültür,Asiland Sinan Karaman,URZENİ,,147.0,5.0,0,1.0,"220,00",20.02.2021,TÜRKÇE,170,Karton Kapak,13 x 20 cm,Kitap Kağıdı,82.0,0.0,5.0,5.5,220.0,2021.0,170.0,Kültür,0,1,3,Diger,0,1,0,0,0,0,0,0,0,0,0,0.38526912181303113,0.24829931972789115,0.5077720207253886,0.00909090909090909,0.0,0.001049317943336831,0.0,1.0,0.000495485575864347,0.16822429906542055
Asiye Kabahat’ten Şarkılar Dinlediniz,Kitap > Edebiyat > Anlatı,Karin Karakaşlı,CAN YAYINLARI KAMPANYA,4 / 5 (114 oy),149.0,110.0,6,52.0,"430,00",22.03.2016,TÜRKÇE,304,Karton Kapak,13.5 x 19.5 cm,Kitap Kağıdı,482.5,40.0,4.0,114.0,430.0,2016.0,304.0,Edebiyat,0,1,3,Edebiyat,0,0,0,1,0,0,0,0,0,0,0,0.8611898016997166,0.4761904761904762,0.5146804835924007,0.2,0.011627906976744186,0.05456453305351522,0.10526315789473684,0.75,0.012442193349482492,0.9999999999999999
CihadcılıkEfsaneler Gerçekler,Kitap > Siyaset > Bölgeler-Ülkeler > Kitap > Siyaset > Araştırma-İnceleme,Kolektif,METİS YAYINLARI,4 / 5 (13 oy),115.0,12.0,2,7.0,"316,00",24.02.2017,TÜRKÇE,304,Karton Kapak,13 x 19.5 cm,Kitap Kağıdı,127.0,7.0,4.0,13.0,316.0,2017.0,304.0,Siyaset,0,1,3,Siyaset,0,0,0,0,0,0,1,0,0,0,0,0.6028328611898016,0.4761904761904762,0.39723661485319517,0.02181818181818182,0.003875968992248062,0.007345225603357817,0.018421052631578946,0.75,0.0013212948689715921,0.26168224299065423
"Türkiye’de “Caz Yapmak”Meşrulaşma, Hakim Anlatılar ve Yapısöküm",Kitap > Başvuru Kitapları > Diğer,Selim Tan,DOĞU KİTABEVİ,5 / 5 (2 oy),19.0,1.0,0,1.0,"211,00",17.04.2024,TÜRKÇE,176,Karton Kapak,13.5 x 19.5 cm,Kitap Kağıdı,66.0,1.0,5.0,2.0,211.0,2024.0,176.0,Başvuru Kitapları,0,1,3,Diger,0,1,0,0,0,0,0,0,0,0,0,0.3648725212464589,0.2585034013605442,0.06563039723661485,0.0018181818181818182,0.0,0.001049317943336831,0.002631578947368421,1.0,0.00011010790574763268,0.13499480789200413
Patates ve Diğer Öyküler,Kitap > Edebiyat > Hikaye (Çeviri),Kim Dong-in,FİHRİST KİTAP,5 / 5 (4 oy),81.0,8.0,1,2.0,"239,50",12.12.2022,TÜRKÇE,162,Karton Kapak,13 x 19.5 cm,Kitap Kağıdı,62.0,1.0,5.0,4.0,239.5,2022.0,162.0,Edebiyat,0,1,3,Edebiyat,0,0,0,1,0,0,0,0,0,0,0,0.4294617563739377,0.2346938775510204,0.27979274611398963,0.014545454545454545,0.001937984496124031,0.002098635886673662,0.002631578947368421,1.0,0.00033032371724289804,0.12668743509865005
Muhteşem Olma Bilimi,Kitap > Kişisel Gelişim,Wallace D. Wattles,LİBERUS,,40.0,3.0,0,1.0,"140,00",23.06.2023,TÜRKÇE,98,Karton Kapak,13 x 19.5 cm,Kitap Kağıdı,178.0,0.0,5.0,5.5,140.0,2023.0,98.0,Kişisel Gelişim,0,1,3,Kişisel Gelişim,0,0,0,0,0,1,0,0,0,0,0,0.20396600566572237,0.12585034013605442,0.1381692573402418,0.005454545454545455,0.0,0.001049317943336831,0.0,1.0,0.000495485575864347,0.367601246105919
Ya Evvel Ya Ahir,Kitap > İslam > Diğer,Lütfiye Luna,FENİKS KİTAP KAMPANYA,,15.0,1.0,0,3.0,"150,00",21.01.2019,TÜRKÇE,,Karton Kapak,14 x 21 cm,Kitap Kağıdı,75.0,0.0,5.0,5.5,150.0,2019.0,236.5,İslam,0,1,3,İslam,0,0,0,0,0,0,0,0,0,0,1,0.22662889518413593,0.36139455782312924,0.05181347150259067,0.0018181818181818182,0.0,0.0031479538300104933,0.0,1.0,0.000495485575864347,0.15368639667705086
Hakuran Kafesinde Bir Gözlemci,Kitap > Edebiyat > Hikaye (Yerli),Öznur Babur,FİHRİST KİTAP,4 / 5 (3 oy),19.0,6.0,1,3.0,"224,50",24.07.2023,TÜRKÇE,150,Karton Kapak,13 x 19.5 cm,Kitap Kağıdı,18.0,1.0,4.0,3.0,224.5,2023.0,150.0,Edebiyat,0,1,3,Edebiyat,0,0,0,1,0,0,0,0,0,0,0,0.39546742209631724,0.2142857142857143,0.06563039723661485,0.01090909090909091,0.001937984496124031,0.0031479538300104933,0.002631578947368421,0.75,0.00022021581149526536,0.03530633437175493
Yunus Emre ile 7 Altın KuralAkın'ın Unutulmaz Yaz Tatili,Kitap > Çocuk Kitapları > Hikaye,Fatma Tutak,KENT KARDEŞ,5 / 5 (1 oy),6.0,0.0,0,0.0,"165,00",08.06.2024,TÜRKÇE,147,Karton Kapak,13.5 x 19.5 cm,Kitap Kağıdı,92.0,0.0,5.0,1.0,165.0,2024.0,147.0,Çocuk Kitapları,0,1,3,Çocuk Kitapları,0,0,0,0,0,0,0,0,0,1,0,0.26062322946175637,0.20918367346938777,0.020725388601036267,0.0,0.0,0.0,0.0,1.0,0.0,0.1889927310488058
Bir AndaYüreğim Sana Emanet,Kitap > Edebiyat > Roman (Yerli),Filiz Yurtseven,URZENİ,,16.0,1.0,0,2.0,"200,00",22.12.2020,TÜRKÇE,198,Karton Kapak,13 x 20 cm,Kitap Kağıdı,89.0,0.0,5.0,5.5,200.0,2020.0,198.0,Edebiyat,0,1,3,Edebiyat,0,0,0,1,0,0,0,0,0,0,0,0.3399433427762039,0.29591836734693877,0.055267702936096716,0.0018181818181818182,0.0,0.002098635886673662,0.0,1.0,0.000495485575864347,0.1827622014537902
Mühürlü Melek,Kitap > Edebiyat > Roman (Çeviri),Nikolay Semyonoviç Leskov,DEDALUS KİTAP,5 / 5 (3 oy),62.0,4.0,0,3.0,"140,00",07.10.2022,TÜRKÇE,108,Karton Kapak,13 x 20 cm,Kitap Kağıdı,429.0,1.0,5.0,3.0,140.0,2022.0,108.0,Edebiyat,0,1,3,Edebiyat,0,0,0,1,0,0,0,0,0,0,0,0.20396600566572237,0.14285714285714285,0.2141623488773748,0.007272727272727273,0.0,0.0031479538300104933,0.002631578947368421,1.0,0.00022021581149526536,0.8888888888888888
Toplumsal İletişim Dili Olarak Kimlikler,Kitap > Akademik > Sosyoloji İnceleme,Serhat Ulağlı,MOTTO,3 / 5 (1 oy),61.0,2.0,0,1.0,"351,00",26.04.2023,TÜRKÇE,240,Karton Kapak,13.5 x 19.5 cm,Kitap Kağıdı,82.0,1.0,3.0,1.0,351.0,2023.0,240.0,Akademik,0,1,3,Diger,0,1,0,0,0,0,0,0,0,0,0,0.6821529745042493,0.3673469387755102,0.21070811744386872,0.0036363636363636364,0.0,0.001049317943336831,0.002631578947368421,0.5,0.0,0.16822429906542055
Kısaca Barcelona,Kitap > Tarih,Gary W. McDonogh,SAY YAYIN GRUBU-KAMPANYA,5 / 5 (2 oy),55.0,6.0,1,2.0,"400,00",14.08.2023,TÜRKÇE,304,Karton Kapak,13 x 21 cm,Kitap Kağıdı,52.0,1.0,5.0,2.0,400.0,2023.0,304.0,Tarih,0,1,3,Tarih,0,0,0,0,0,0,0,0,1,0,0,0.7932011331444758,0.4761904761904762,0.18998272884283246,0.01090909090909091,0.001937984496124031,0.002098635886673662,0.002631578947368421,1.0,0.00011010790574763268,0.1059190031152648
Sırça Köşk,Kitap > Edebiyat > Hikaye (Yerli),Sabahattin Ali,CAN YAYINLARI,5 / 5 (95 oy),289.5,78.0,9,108.0,"85,00",02.11.2019,TÜRKÇE,176,Karton Kapak,12.5 x 19.5 cm,Kitap Kağıdı,482.5,45.0,5.0,95.0,85.0,2019.0,176.0,Edebiyat,0,1,3,Edebiyat,0,0,0,1,0,0,0,0,0,0,0,0.07932011331444759,0.2585034013605442,1.0,0.14181818181818182,0.01744186046511628,0.11332633788037776,0.11842105263157894,1.0,0.010350143140277471,0.9999999999999999
Kursak Krampları,Kitap > Edebiyat > Hikaye (Yerli),Cihan Aldık,HAYY KİTAP - KAMPANYA,5 / 5 (2 oy),7.0,0.0,0,1.0,"150,00",05.11.2019,TÜRKÇE,120,Karton Kapak,13.5 x 21 cm,Kitap Kağıdı,39.0,1.0,5.0,2.0,150.0,2019.0,120.0,Edebiyat,0,1,3,Edebiyat,0,0,0,1,0,0,0,0,0,0,0,0.22662889518413593,0.163265306122449,0.024179620034542312,0.0,0.0,0.001049317943336831,0.002631578947368421,1.0,0.00011010790574763268,0.07892004153686397
İnanma! Tersine Odaklan,Kitap > Psikoloji > İnceleme,Dr. Meryem Çelik,URZENİ,5 / 5 (1 oy),26.0,0.0,0,2.0,"220,00",03.11.2021,TÜRKÇE,143,Karton Kapak,13.5 x 21 cm,Kitap Kağıdı,33.0,1.0,5.0,1.0,220.0,2021.0,143.0,Psikoloji,0,1,3,Diger,0,1,0,0,0,0,0,0,0,0,0,0.38526912181303113,0.20238095238095238,0.08981001727115716,0.0,0.0,0.002098635886673662,0.002631578947368421,1.0,0.0,0.06645898234683281
Gölge HırsızıTuhaf Maceralar  1,Kitap > Diğer > Gençlik Kitapları > Edebiyat > Kitap > Orijinal Dil > İngilizce,Alexandra Adornetto,PEGASUS YAYINLARI,5 / 5 (7 oy),98.0,6.0,0,5.0,"269,00",13.06.2014,TÜRKÇE,320,Karton Kapak,13.5 x 19.5 cm,Kitap Kağıdı,29.0,1.0,5.0,7.0,269.0,2014.0,320.0,Diğer,0,1,3,Diğer,0,0,1,0,0,0,0,0,0,0,0,0.49631728045325774,0.5034013605442176,0.3385146804835924,0.01090909090909091,0.0,0.005246589716684156,0.002631578947368421,1.0,0.0006606474344857962,0.05815160955347871
Aslan Nasıl Yemeğinden Oldu? - Jeremy James'in Maceraları 3,"Kitap > Çocuk Kitapları > 6-12 Yaş > Hikaye, Roman & Masal > Kitap > Orijinal Dil > İngilizce",David Henry Wilson,İLETİŞİM YAYINLARI KAMPANYA,4 / 5 (7 oy),76.0,2.0,1,4.0,"78,00",04.07.2006,TÜRKÇE,101,Karton Kapak,13.5 x 21 cm,Kitap Kağıdı,255.0,3.0,4.0,7.0,78.0,2006.0,101.0,Çocuk Kitapları,0,1,3,Çocuk Kitapları,0,0,0,0,0,0,0,0,0,1,0,0.06345609065155806,0.13095238095238096,0.2625215889464594,0.0036363636363636364,0.001937984496124031,0.004197271773347324,0.007894736842105263,0.75,0.0006606474344857962,0.5275181723779854
Aleviliğin İnanç Tarihine Işık Tutan Bir YazmaTabibu'l-Kulubi'l-Asfiya ve Seyru Sülûki’l-Evliya,Kitap > Din > Dini Metinler,Anonim,LEJAND,5 / 5 (2 oy),47.0,2.0,0,1.0,"350,00",27.12.2023,TÜRKÇE,300,Karton Kapak,13 x 19.5 cm,Kitap Kağıdı,291.0,1.0,5.0,2.0,350.0,2023.0,300.0,Din,0,1,3,Diger,0,1,0,0,0,0,0,0,0,0,0,0.6798866855524078,0.46938775510204084,0.1623488773747841,0.0036363636363636364,0.0,0.001049317943336831,0.002631578947368421,1.0,0.00011010790574763268,0.6022845275181723
Şemsiye Teoremi,Kitap > Bilim & Mühendislik > Popüler Bilim,Mickael Launay,SAY YAYIN GRUBU-KAMPANYA,5 / 5 (3 oy),127.0,9.0,2,1.0,"350,00",21.01.2022,TÜRKÇE,288,Karton Kapak,13.5 x 21 cm,Kitap Kağıdı,88.0,2.0,5.0,3.0,350.0,2022.0,288.0,Bilim & Mühendislik,0,1,3,Bilim & Mühendislik,1,0,0,0,0,0,0,0,0,0,0,0.6798866855524078,0.4489795918367347,0.4386873920552677,0.016363636363636365,0.003875968992248062,0.001049317943336831,0.005263157894736842,1.0,0.00022021581149526536,0.1806853582554517
Vahşi Meyve,Kitap > Edebiyat > Roman (Çeviri),Sheng Keyi,DEDALUS KİTAP,5 / 5 (4 oy),101.0,8.0,0,6.0,"360,00",09.11.2020,TÜRKÇE,360,Karton Kapak,13 x 20 cm,Kitap Kağıdı,285.0,2.0,5.0,4.0,360.0,2020.0,360.0,Edebiyat,0,1,3,Edebiyat,0,0,0,1,0,0,0,0,0,0,0,0.7025495750708215,0.5714285714285714,0.3488773747841105,0.014545454545454545,0.0,0.0062959076600209865,0.005263157894736842,1.0,0.00033032371724289804,0.5898234683281411
Şiirle Dolu Kitap,Kitap > Edebiyat > Şiir (Yerli),Mehmet Serhat Bıçak,KRONOLOJİ YAYINLARI,,3.0,0.0,0,1.0,"140,00",27.01.2021,TÜRKÇE,125,Karton Kapak,13 x 19 cm,Kitap Kağıdı,17.0,0.0,5.0,5.5,140.0,2021.0,125.0,Edebiyat,0,1,3,Edebiyat,0,0,0,1,0,0,0,0,0,0,0,0.20396600566572237,0.1717687074829932,0.010362694300518133,0.0,0.0,0.001049317943336831,0.0,1.0,0.000495485575864347,0.033229491173416406
Protestan Reformuna Giden Yol,Kitap > Tarih > Araştırma-İnceleme > Kitap > Din > Hristiyanlık,Banu Çetin Ünal,MOTTO,5 / 5 (1 oy),63.0,4.0,1,1.0,"296,00",07.02.2024,TÜRKÇE,136,Karton Kapak,13.5 x 21 cm,Kitap Kağıdı,98.0,0.0,5.0,1.0,296.0,2024.0,136.0,Tarih,0,1,3,Tarih,0,0,0,0,0,0,0,0,1,0,0,0.5575070821529745,0.19047619047619047,0.21761658031088082,0.007272727272727273,0.001937984496124031,0.001049317943336831,0.0,1.0,0.0,0.20145379023883694
Bilim ve Felsefe İlişkisi Üzerine Düşünceler,Kitap > Felsefe-Düşünce > Diğer,Süleyman Eryiğit,NET KİTAPLIK YAYINCILIK,,36.0,1.0,0,0.0,"385,00",15.06.2021,TÜRKÇE,232,Karton Kapak,13 x 20 cm,Kitap Kağıdı,69.0,0.0,5.0,5.5,385.0,2021.0,232.0,Felsefe-Düşünce,0,1,3,Felsefe-Düşünce,0,0,0,0,1,0,0,0,0,0,0,0.7592067988668555,0.35374149659863946,0.12435233160621761,0.0018181818181818182,0.0,0.0,0.0,1.0,0.000495485575864347,0.1412253374870197
"İnsan Soyunun EğitimiAydınlanma, Din ve Eğitim",Kitap > Eğitim > Diğer > Kitap > Felsefe-Düşünce > Genel,Gotthold Ephraim Lessing,SAY YAYIN GRUBU-KAMPANYA,4 / 5 (15 oy),288.0,24.0,2,7.0,"250,00",14.03.2011,TÜRKÇE,184,Karton Kapak,13.5 x 21 cm,Kitap Kağıdı,330.0,2.0,4.0,15.0,250.0,2011.0,184.0,Eğitim,0,1,3,Diger,0,1,0,0,0,0,0,0,0,0,0,0.45325779036827196,0.272108843537415,0.9948186528497409,0.04363636363636364,0.003875968992248062,0.007345225603357817,0.005263157894736842,0.75,0.0015415106804668576,0.6832814122533748
Dünya Acısı,Kitap > Edebiyat > Roman (Yerli),Çağdaş Ünbal,BANLİYÖ KİTAP,5 / 5 (3 oy),23.0,4.0,1,5.0,"130,00",21.07.2023,TÜRKÇE,112,Karton Kapak,13.5 x 19.5 cm,Kitap Kağıdı,345.0,2.0,5.0,3.0,130.0,2023.0,112.0,Edebiyat,0,1,3,Edebiyat,0,0,0,1,0,0,0,0,0,0,0,0.18130311614730876,0.14965986394557823,0.07944732297063903,0.007272727272727273,0.001937984496124031,0.005246589716684156,0.005263157894736842,1.0,0.00022021581149526536,0.7144340602284527
Kalemlerin İz Düşümleri,Kitap > Edebiyat > Hikaye (Yerli),Hüseyin Akdağ,BANLİYÖ KİTAP,,4.0,0.0,0,0.0,"150,00",16.05.2023,TÜRKÇE,144,Karton Kapak,13.5 x 19.5 cm,Kitap Kağıdı,168.0,0.0,5.0,5.5,150.0,2023.0,144.0,Edebiyat,0,1,3,Edebiyat,0,0,0,1,0,0,0,0,0,0,0,0.22662889518413593,0.20408163265306123,0.013816925734024179,0.0,0.0,0.0,0.0,1.0,0.000495485575864347,0.34683281412253375
Nietzsche ve Hukuk,Kitap > Hukuk > Felsefe,Serdar  Koçak,SARMAL KİTABEVİ,5 / 5 (1 oy),62.0,2.0,0,0.0,"270,00",06.11.2023,TÜRKÇE,320,Karton Kapak,13.5 x 19.5 cm,Kitap Kağıdı,72.0,1.0,5.0,1.0,270.0,2023.0,320.0,Hukuk,0,1,3,Diger,0,1,0,0,0,0,0,0,0,0,0,0.49858356940509907,0.5034013605442176,0.2141623488773748,0.0036363636363636364,0.0,0.0,0.002631578947368421,1.0,0.0,0.14745586708203529
Ailenizin DoktoruTanı ve Tedavi Rehberi,Kitap > Sağlık-Tıp > Genel,Sue Davidson,İNKILAP KİTABEVİ-KAMPANYA,5 / 5 (3 oy),30.0,0.0,0,2.0,"1.390,00",20.01.2011,TÜRKÇE,320,Karton Kapak,21 x 28 cm,Kuşe Kağıt,22.0,1.0,5.0,3.0,250.0,2011.0,320.0,Sağlık-Tıp,0,1,4,Diger,0,1,0,0,0,0,0,0,0,0,0,0.45325779036827196,0.5034013605442176,0.10362694300518134,0.0,0.0,0.002098635886673662,0.002631578947368421,1.0,0.00022021581149526536,0.04361370716510903
Kutsal Işığın Altında,Kitap > Edebiyat > Roman (Çeviri),Tracy Chevalier,BİLGE KÜLTÜR SANAT,4 / 5 (5 oy),53.0,4.0,0,6.0,"275,00",15.01.2010,TÜRKÇE,336,Karton Kapak,13.5 x 21.5 cm,Kitap Kağıdı,44.0,2.0,4.0,5.0,275.0,2010.0,336.0,Edebiyat,0,1,3,Edebiyat,0,0,0,1,0,0,0,0,0,0,0,0.509915014164306,0.5306122448979591,0.18307426597582038,0.007272727272727273,0.0,0.0062959076600209865,0.005263157894736842,0.75,0.00044043162299053066,0.0893042575285566
Gülhayat,Kitap > Edebiyat > Roman (Yerli),Arzu Sunar Özcan,ALAN YAYINCILIK,5 / 5 (3 oy),11.0,1.0,0,3.0,"402,00",31.01.2024,TÜRKÇE,288,Karton Kapak,13.5 x 19.5 cm,Kitap Kağıdı,73.0,3.0,5.0,3.0,402.0,2024.0,288.0,Edebiyat,0,1,3,Edebiyat,0,0,0,1,0,0,0,0,0,0,0,0.7977337110481586,0.4489795918367347,0.037996545768566495,0.0018181818181818182,0.0,0.0031479538300104933,0.007894736842105263,1.0,0.00022021581149526536,0.14953271028037382
Osmanlı Devleti'nde Hal' Vak'alarının Dönüşümü,Kitap > Tarih > Türk-Osmanlı,İhsan Alpargın,KRONOLOJİ YAYINLARI,5 / 5 (5 oy),44.0,0.0,0,2.0,"200,00",17.03.2022,TÜRKÇE,208,Karton Kapak,13.5 x 21 cm,Kitap Kağıdı,244.0,1.0,5.0,5.0,200.0,2022.0,208.0,Tarih,0,1,3,Tarih,0,0,0,0,0,0,0,0,1,0,0,0.3399433427762039,0.3129251700680272,0.15198618307426598,0.0,0.0,0.002098635886673662,0.002631578947368421,1.0,0.00044043162299053066,0.5046728971962616
Sırlar /  Gölgeler Serisi 3. Kitap,Kitap > Edebiyat > Roman (Çeviri) > Kitap > Orijinal Dil > İngilizce,Jessica Verday,PEGASUS YAYINLARI,4 / 5 (18 oy),178.0,9.0,2,20.0,"299,00",21.02.2014,TÜRKÇE,304,Karton Kapak,13.5 x 21 cm,Kitap Kağıdı,153.0,4.0,4.0,18.0,299.0,2014.0,304.0,Edebiyat,0,1,3,Edebiyat,0,0,0,1,0,0,0,0,0,0,0,0.5643059490084985,0.4761904761904762,0.614853195164076,0.016363636363636365,0.003875968992248062,0.020986358866736624,0.010526315789473684,0.75,0.0018718343977097555,0.31568016614745587
"Dijital DuyguKorkudan Nefrete, Yastan Emojilere Dijital Duyguyu Anlamak",Kitap > Kültür > Popüler Kültür,Dr. Öğr. Üyesi Derya Gül Ünlü,SARMAL KİTABEVİ,,18.0,0.0,1,0.0,"240,00",11.01.2024,TÜRKÇE,304,Karton Kapak,13.5 x 19.5 cm,Kitap Kağıdı,24.0,0.0,5.0,5.5,240.0,2024.0,304.0,Kültür,0,1,3,Diger,0,1,0,0,0,0,0,0,0,0,0,0.4305949008498583,0.4761904761904762,0.06217616580310881,0.0,0.001937984496124031,0.0,0.0,1.0,0.000495485575864347,0.04776739356178608
Bir Avuç Toprak da Sen At AnnemGüneydoğu’daki Bir Askerin Günlüğü,Kitap > Edebiyat > Anı (Hatırat),Sami Çelik,TRUVA YAYINLARI,4 / 5 (4 oy),26.0,0.0,0,5.0,"220,00",12.08.2021,TÜRKÇE,248,Karton Kapak,13.5 x 21 cm,Kitap Kağıdı,92.0,4.0,4.0,4.0,220.0,2021.0,248.0,Edebiyat,0,1,3,Edebiyat,0,0,0,1,0,0,0,0,0,0,0,0.38526912181303113,0.38095238095238093,0.08981001727115716,0.0,0.0,0.005246589716684156,0.010526315789473684,0.75,0.00033032371724289804,0.1889927310488058
Ancak Söndüğünde Parlayan,Kitap > Felsefe-Düşünce > Diğer,Sevgi Ozan,FİHRİST KİTAP,5 / 5 (5 oy),21.0,2.0,0,8.0,"249,50",07.06.2022,TÜRKÇE,170,Karton Kapak,13 x 19.5 cm,Kitap Kağıdı,28.0,5.0,5.0,5.0,249.5,2022.0,170.0,Felsefe-Düşünce,0,1,3,Felsefe-Düşünce,0,0,0,0,1,0,0,0,0,0,0,0.45212464589235124,0.24829931972789115,0.07253886010362694,0.0036363636363636364,0.0,0.008394543546694649,0.013157894736842105,1.0,0.00044043162299053066,0.056074766355140186
Bayburt-İsviçre Hattı,Kitap > Edebiyat > Roman (Yerli),Fuat Baş,BİLGE KÜLTÜR SANAT,4 / 5 (6 oy),24.0,4.0,0,3.0,"240,00",15.05.2015,TÜRKÇE,320,Karton Kapak,12.5 x 19.5 cm,Kitap Kağıdı,48.0,4.0,4.0,6.0,240.0,2015.0,320.0,Edebiyat,0,1,3,Edebiyat,0,0,0,1,0,0,0,0,0,0,0,0.4305949008498583,0.5034013605442176,0.08290155440414507,0.007272727272727273,0.0,0.0031479538300104933,0.010526315789473684,0.75,0.0005505395287381633,0.0976116303219107
Cesur Gardiyan,Kitap > Edebiyat > Roman (Çeviri),Elizabeth Hoyt,PEGASUS YAYINLARI,5 / 5 (25 oy),133.0,19.0,0,37.0,"299,00",05.02.2021,TÜRKÇE,376,Karton Kapak,13.5 x 21 cm,Kitap Kağıdı,429.0,11.0,5.0,25.0,299.0,2021.0,376.0,Edebiyat,0,1,3,Edebiyat,0,0,0,1,0,0,0,0,0,0,0,0.5643059490084985,0.5986394557823128,0.459412780656304,0.034545454545454546,0.0,0.03882476390346275,0.02894736842105263,1.0,0.0026425897379431843,0.8888888888888888
Su Damlası,Kitap > Bilim & Mühendislik > Diğer,Eşref Atabey,SARMAL KİTABEVİ,5 / 5 (3 oy),31.0,3.0,1,4.0,"250,00",08.06.2021,TÜRKÇE,229,Karton Kapak,13.5 x 21 cm,Kitap Kağıdı,73.0,0.0,5.0,3.0,250.0,2021.0,229.0,Bilim & Mühendislik,0,1,3,Bilim & Mühendislik,1,0,0,0,0,0,0,0,0,0,0,0.45325779036827196,0.3486394557823129,0.1070811744386874,0.005454545454545455,0.001937984496124031,0.004197271773347324,0.0,1.0,0.00022021581149526536,0.14953271028037382
İşte Hayat!,Kitap > Diğer > Söyleşi,Özgün Biçer,DESTEK YAYIN GRUBU-KAMPANYA,,1.0,0.0,0,0.0,"200,00",02.02.2021,TÜRKÇE,184,Karton Kapak,13.5 x 19.5 cm,Kitap Kağıdı,1.0,0.0,5.0,5.5,200.0,2021.0,184.0,Diğer,0,1,3,Diğer,0,0,1,0,0,0,0,0,0,0,0,0.3399433427762039,0.272108843537415,0.0034542314335060447,0.0,0.0,0.0,0.0,1.0,0.000495485575864347,0.0
Erdem SinyallemeDarwinist Politika ve İfade Özgürlüğü Üzerine Denemeler,Kitap > Siyaset > Araştırma-İnceleme,Geoffrey Miller,LİBERUS,4 / 5 (5 oy),72.0,5.0,0,1.0,"200,00",07.06.2022,TÜRKÇE,156,Karton Kapak,13 x 19.5 cm,Kitap Kağıdı,183.0,1.0,4.0,5.0,200.0,2022.0,156.0,Siyaset,0,1,3,Siyaset,0,0,0,0,0,0,1,0,0,0,0,0.3399433427762039,0.22448979591836737,0.24870466321243523,0.00909090909090909,0.0,0.001049317943336831,0.002631578947368421,0.75,0.00044043162299053066,0.37798546209761164
Siyaset Bilimlerinin RestorasyonuYapay Sivil Devlet Varsayımına Karşı Doğal Sosyal Devlet Teorisi,Kitap > Felsefe-Düşünce > Diğer,Karl Ludwig von Haller,LİBERUS,5 / 5 (8 oy),289.5,17.0,2,3.0,"400,00",10.07.2023,TÜRKÇE,364,Karton Kapak,13.5 x 19.5 cm,Kitap Kağıdı,229.0,3.0,5.0,8.0,400.0,2023.0,364.0,Felsefe-Düşünce,0,1,3,Felsefe-Düşünce,0,0,0,0,1,0,0,0,0,0,0,0.7932011331444758,0.5782312925170068,1.0,0.03090909090909091,0.003875968992248062,0.0031479538300104933,0.007894736842105263,1.0,0.0007707553402334288,0.4735202492211838
Kadın ManzaralarıToplu Öyküler,Kitap > Edebiyat > Hikaye (Çeviri),Kang Kyung-ae,FİHRİST KİTAP,5 / 5 (9 oy),107.0,10.0,0,8.0,"309,50",07.06.2022,TÜRKÇE,224,Karton Kapak,13 x 19.5 cm,Kitap Kağıdı,79.0,5.0,5.0,9.0,309.5,2022.0,224.0,Edebiyat,0,1,3,Edebiyat,0,0,0,1,0,0,0,0,0,0,0,0.5881019830028328,0.3401360544217687,0.3696027633851468,0.01818181818181818,0.0,0.008394543546694649,0.013157894736842105,1.0,0.0008808632459810614,0.16199376947040497
Bir Tilkiyi Nasıl Evcilleştirirsin?,Kitap > Tarih > Araştırma-İnceleme,Lee Alan Dugatkin,LİBERUS,5 / 5 (4 oy),145.0,8.0,0,6.0,"300,00",10.01.2023,TÜRKÇE,250,Karton Kapak,13 x 19.5 cm,Kitap Kağıdı,113.0,0.0,5.0,4.0,300.0,2023.0,250.0,Tarih,0,1,3,Tarih,0,0,0,0,0,0,0,0,1,0,0,0.5665722379603398,0.3843537414965986,0.5008635578583764,0.014545454545454545,0.0,0.0062959076600209865,0.0,1.0,0.00033032371724289804,0.23260643821391483
Söz Dinlemez Kalbim,Kitap > Edebiyat > Roman (Çeviri) > Kitap > Orijinal Dil > İngilizce,Candace Camp,PEGASUS YAYINLARI,4 / 5 (33 oy),239.0,8.0,0,45.0,"299,00",06.08.2012,TÜRKÇE,384,Karton Kapak,13.5 x 21 cm,Kitap Kağıdı,365.0,10.0,4.0,33.0,299.0,2012.0,384.0,Edebiyat,0,1,3,Edebiyat,0,0,0,1,0,0,0,0,0,0,0,0.5643059490084985,0.6122448979591836,0.8255613126079447,0.014545454545454545,0.0,0.0472193074501574,0.02631578947368421,0.75,0.0035234529839242457,0.7559709241952232
Peggy Sue ve Hayaletler Serisi Takım Set (4 Kitap),Kitap > Edebiyat > Roman (Çeviri),Serge Brussolo,PEGASUS YAYINLARI,5 / 5 (22 oy),200.0,19.0,2,13.0,"1.086,00",31.01.2020,TÜRKÇE,1312,Karton Kapak,13.5 x 21 cm,Kitap Kağıdı,294.0,13.0,5.0,22.0,250.0,2020.0,612.0,Edebiyat,0,1,3,Edebiyat,0,0,0,1,0,0,0,0,0,0,0,0.45325779036827196,1.0,0.690846286701209,0.034545454545454546,0.003875968992248062,0.013641133263378805,0.034210526315789476,1.0,0.0023122660207002864,0.6085150571131879
Afgan Savaşı,Kitap > Edebiyat > Roman (Çeviri),Steven Pressfield,BİLGE KÜLTÜR SANAT,5 / 5 (17 oy),166.0,13.0,1,15.0,"275,00",05.10.2007,TÜRKÇE,336,Karton Kapak,13.5 x 21.5 cm,3. Hm. Kağıt,220.0,10.0,5.0,17.0,275.0,2007.0,336.0,Edebiyat,0,1,2,Edebiyat,0,0,0,1,0,0,0,0,0,0,0,0.509915014164306,0.5306122448979591,0.5734024179620034,0.023636363636363636,0.001937984496124031,0.015739769150052468,0.02631578947368421,1.0,0.0017617264919621229,0.45482866043613707
Rusçuk AyanıTirsiniklizade İsmail Ağa ve Dönemi (1796-1806),Kitap > Tarih > Çağlar-Dönemler > Kitap > Tarih > Kişiler,Meryem Kaçan Erdoğan,YEDİTEPE YAYINEVİ-KAMPANYA,5 / 5 (24 oy),197.0,22.0,5,12.0,"280,00",08.02.2010,TÜRKÇE,312,Karton Kapak,13.5 x 21 cm,Kitap Kağıdı,245.0,12.0,5.0,24.0,280.0,2010.0,312.0,Tarih,0,1,3,Tarih,0,0,0,0,0,0,0,0,1,0,0,0.5212464589235127,0.489795918367347,0.6804835924006908,0.04,0.009689922480620155,0.012591815320041973,0.031578947368421054,1.0,0.0025324818321955517,0.5067497403946002
Miyav!  Kafayı Mı Yediniz Siz?,Kitap > Edebiyat > Roman (Çeviri),Gilles Legardinier,PEGASUS YAYINLARI,5 / 5 (13 oy),111.0,6.0,3,17.0,"299,00",01.09.2016,TÜRKÇE,352,Karton Kapak,13.5 x 21 cm,Kitap Kağıdı,145.0,11.0,5.0,13.0,299.0,2016.0,352.0,Edebiyat,0,1,3,Edebiyat,0,0,0,1,0,0,0,0,0,0,0,0.5643059490084985,0.5578231292517006,0.38341968911917096,0.01090909090909091,0.005813953488372093,0.017838405036726127,0.02894736842105263,1.0,0.0013212948689715921,0.2990654205607477
Mars Satrancı / John Carter V,Kitap > Edebiyat > Bilimkurgu-Fantazya,Edgar Rice Burroughs,FİHRİST KİTAP,5 / 5 (8 oy),74.0,13.0,0,6.0,"354,50",11.01.2023,TÜRKÇE,260,Karton Kapak,13 x 19.5 cm,Kitap Kağıdı,97.0,3.0,5.0,8.0,354.5,2023.0,260.0,Edebiyat,0,1,3,Edebiyat,0,0,0,1,0,0,0,0,0,0,0,0.690084985835694,0.4013605442176871,0.2556131260794473,0.023636363636363636,0.0,0.0062959076600209865,0.007894736842105263,1.0,0.0007707553402334288,0.19937694704049844
Bir Gün Daha,Kitap > Kişisel Gelişim,Esat Karlıdağ,YEDİVEREN YAYIN GRUBU - KAMPANYA,,14.0,0.0,0,0.0,"150,00",26.10.2023,TÜRKÇE,160,Karton Kapak,13.5 x 19.5 cm,Kitap Kağıdı,12.0,0.0,5.0,5.5,150.0,2023.0,160.0,Kişisel Gelişim,0,1,3,Kişisel Gelişim,0,0,0,0,0,1,0,0,0,0,0,0.22662889518413593,0.2312925170068027,0.048359240069084625,0.0,0.0,0.0,0.0,1.0,0.000495485575864347,0.02284527518172378
Olağanhiçç,Kitap > Edebiyat > Şiir (Yerli),Bayram  Zıvalı,EPONA KİTAP,5 / 5 (6 oy),11.0,0.0,0,5.0,"139,00",29.04.2022,TÜRKÇE,72,Karton Kapak,12.5 x 19.5 cm,Kitap Kağıdı,197.0,6.0,5.0,6.0,139.0,2022.0,72.0,Edebiyat,0,1,3,Edebiyat,0,0,0,1,0,0,0,0,0,0,0,0.20169971671388098,0.0816326530612245,0.037996545768566495,0.0,0.0,0.005246589716684156,0.015789473684210527,1.0,0.0005505395287381633,0.407061266874351
Karanlıktan Sonra Ölümsüzler Serisi Takım Set (4 Kitap),Kitap > Edebiyat > Roman (Çeviri),Kresley Cole,PEGASUS YAYINLARI,5 / 5 (1 oy),74.0,2.0,0,0.0,"1.166,00",,TÜRKÇE,1616,Karton Kapak,13.5 x 21 cm,Kitap Kağıdı,32.0,1.0,5.0,1.0,250.0,2021.0,612.0,Edebiyat,0,1,3,Edebiyat,0,0,0,1,0,0,0,0,0,0,0,0.45325779036827196,1.0,0.2556131260794473,0.0036363636363636364,0.0,0.0,0.002631578947368421,1.0,0.0,0.06438213914849429
Farabi / Fikir Mimarları Dizisi,Kitap > İslam > Felsefe > Kitap > Felsefe-Düşünce > Filozoflar-Düşünürler,Hüseyin Gazi Topdemir,SAY YAYIN GRUBU-KAMPANYA,5 / 5 (21 oy),289.5,20.0,3,10.0,"350,00",30.10.2017,TÜRKÇE,288,Karton Kapak,13.5 x 21 cm,Kitap Kağıdı,330.0,6.0,5.0,21.0,350.0,2017.0,288.0,İslam,0,1,3,İslam,0,0,0,0,0,0,0,0,0,0,1,0.6798866855524078,0.4489795918367347,1.0,0.03636363636363636,0.005813953488372093,0.010493179433368312,0.015789473684210527,1.0,0.002202158114952654,0.6832814122533748
Maskeli Aşk,Kitap > Edebiyat > Roman (Çeviri) > Kitap > Orijinal Dil > İngilizce,Nicola Cornick,PEGASUS YAYINLARI,4 / 5 (12 oy),83.0,7.0,0,18.0,"299,00",24.03.2015,TÜRKÇE,336,Karton Kapak,13.5 x 21 cm,Kitap Kağıdı,141.0,6.0,4.0,12.0,299.0,2015.0,336.0,Edebiyat,0,1,3,Edebiyat,0,0,0,1,0,0,0,0,0,0,0,0.5643059490084985,0.5306122448979591,0.2867012089810017,0.012727272727272728,0.0,0.01888772298006296,0.015789473684210527,0.75,0.0012111869632239595,0.29075804776739356
Babil'deki Yalnız Bebek,Kitap > Edebiyat > Roman (Yerli),Deniz Madran,BİLGE KÜLTÜR SANAT,2 / 5 (1 oy),27.0,1.0,0,0.0,"280,00",26.11.2007,TÜRKÇE,376,Karton Kapak,14 x 22 cm,Kitap Kağıdı,18.0,1.0,2.0,1.0,280.0,2007.0,376.0,Edebiyat,0,1,3,Edebiyat,0,0,0,1,0,0,0,0,0,0,0,0.5212464589235127,0.5986394557823128,0.09326424870466321,0.0018181818181818182,0.0,0.0,0.002631578947368421,0.25,0.0,0.03530633437175493
Kedi Gümüş’le Değerler Eğitimi Seti (20 kitap),Kitap > Çocuk Kitapları > Diğer,Zeynep  Emirdağ,ŞULE YAYINLARI - KAMPANYA,5 / 5 (2 oy),28.0,0.0,0,2.0,"800,00",14.06.2021,TÜRKÇE,480,Karton Kapak,19.5 x 19.5 cm,Kitap Kağıdı,10.0,1.0,5.0,2.0,491.25,2021.0,480.0,Çocuk Kitapları,0,1,3,Çocuk Kitapları,0,0,0,0,0,0,0,0,0,1,0,1.0,0.7755102040816326,0.09671848013816925,0.0,0.0,0.002098635886673662,0.002631578947368421,1.0,0.00011010790574763268,0.018691588785046728
Venedik Bir Balıktır,Kitap > Edebiyat > Anlatı > Kitap > Turizm-Gezi > Gezi Kitapları,Tiziano Scarpa,BİLGE KÜLTÜR SANAT,4 / 5 (13 oy),58.0,6.0,0,9.0,"145,00",16.06.2009,TÜRKÇE,112,Karton Kapak,13.5 x 19.5 cm,3. Hm. Kağıt,131.0,5.0,4.0,13.0,145.0,2009.0,112.0,Edebiyat,0,1,2,Edebiyat,0,0,0,1,0,0,0,0,0,0,0,0.21529745042492915,0.14965986394557823,0.2003454231433506,0.01090909090909091,0.0,0.00944386149003148,0.013157894736842105,0.75,0.0013212948689715921,0.2699896157840083
Toplumsal Analizler Ekseninde Kent Fragmanları,Kitap > Sosyoloji > Kentleşme,,SİYASAL YAYIN GRUBU - KAMPANYA,5 / 5 (4 oy),67.0,5.0,0,6.0,"350,00",26.09.2016,TÜRKÇE,336,Karton Kapak,13.5 x 19.5 cm,Kitap Kağıdı,115.0,1.0,5.0,4.0,350.0,2016.0,336.0,Sosyoloji,0,1,3,Sosyoloji,0,0,0,0,0,0,0,1,0,0,0,0.6798866855524078,0.5306122448979591,0.231433506044905,0.00909090909090909,0.0,0.0062959076600209865,0.002631578947368421,1.0,0.00033032371724289804,0.23676012461059187
Bir Sonraki Einstein Sen Olabilirsin,Kitap > Felsefe-Düşünce > Diğer,George  Jaroszkiewicz,YAKAMOZ YAYINCILIK,3 / 5 (2 oy),26.0,2.0,0,2.0,"180,00",18.08.2023,TÜRKÇE,368,Karton Kapak,13.5 x 19.5 cm,Kitap Kağıdı,22.0,1.0,3.0,2.0,180.0,2023.0,368.0,Felsefe-Düşünce,0,1,3,Felsefe-Düşünce,0,0,0,0,1,0,0,0,0,0,0,0.29461756373937675,0.5850340136054422,0.08981001727115716,0.0036363636363636364,0.0,0.002098635886673662,0.002631578947368421,0.5,0.00011010790574763268,0.04361370716510903
Biyoteknoloji Çağında İnsan Kalabilmek,Kitap > Bilim & Mühendislik > Diğer,Elif Akçay,SARMAL KİTABEVİ,4 / 5 (4 oy),81.0,3.0,0,7.0,"220,00",02.03.2022,TÜRKÇE,184,Karton Kapak,13.5 x 21 cm,Kitap Kağıdı,126.0,1.0,4.0,4.0,220.0,2022.0,184.0,Bilim & Mühendislik,0,1,3,Bilim & Mühendislik,1,0,0,0,0,0,0,0,0,0,0,0.38526912181303113,0.272108843537415,0.27979274611398963,0.005454545454545455,0.0,0.007345225603357817,0.002631578947368421,0.75,0.00033032371724289804,0.25960539979231567
Siyasal Kültür ve Seçim İletişimi Çalışmaları,Kitap > Siyaset > Araştırma-İnceleme,Seyra Kestel,URZENİ,,4.0,0.0,0,0.0,"400,00",10.03.2023,TÜRKÇE,358,Karton Kapak,13.5 x 19.5 cm,Kitap Kağıdı,7.0,0.0,5.0,5.5,400.0,2023.0,358.0,Siyaset,0,1,3,Siyaset,0,0,0,0,0,0,1,0,0,0,0,0.7932011331444758,0.5680272108843537,0.013816925734024179,0.0,0.0,0.0,0.0,1.0,0.000495485575864347,0.012461059190031154
Benim Manilerim,Kitap > Edebiyat > Diğer,Hatice Opak,ALAN YAYINCILIK,,1.0,0.0,0,0.0,"120,00",29.04.2024,TÜRKÇE,80,Karton Kapak,13.5 x 19.5 cm,Kitap Kağıdı,6.0,0.0,5.0,5.5,120.0,2024.0,80.0,Edebiyat,0,1,3,Edebiyat,0,0,0,1,0,0,0,0,0,0,0,0.15864022662889515,0.09523809523809523,0.0034542314335060447,0.0,0.0,0.0,0.0,1.0,0.000495485575864347,0.010384215991692626
Yüreğim Sana Ait,Kitap > Edebiyat > Roman (Çeviri) > Kitap > Orijinal Dil > İngilizce,Eloisa James,PEGASUS YAYINLARI,4 / 5 (34 oy),268.0,5.0,0,30.0,"299,00",13.04.2012,TÜRKÇE,376,Karton Kapak,13.5 x 21 cm,Kitap Kağıdı,316.0,17.0,4.0,34.0,299.0,2012.0,376.0,Edebiyat,0,1,3,Edebiyat,0,0,0,1,0,0,0,0,0,0,0,0.5643059490084985,0.5986394557823128,0.92573402417962,0.00909090909090909,0.0,0.031479538300104935,0.04473684210526316,0.75,0.0036335608896718784,0.6542056074766355
Edda’nın Dilek Kutusu / Dilek Değiş Tokuşu Başlıyor,Kitap > Çocuk Kitapları > Hikaye,Suza Kolb,YAKAMOZ YAYINCILIK,5 / 5 (1 oy),5.0,0.0,0,2.0,"80,00",13.06.2023,TÜRKÇE,128,Karton Kapak,13.5 x 19.5 cm,Kitap Kağıdı,48.0,1.0,5.0,1.0,80.0,2023.0,128.0,Çocuk Kitapları,0,1,3,Çocuk Kitapları,0,0,0,0,0,0,0,0,0,1,0,0.06798866855524079,0.17687074829931973,0.017271157167530225,0.0,0.0,0.002098635886673662,0.002631578947368421,1.0,0.0,0.0976116303219107
Taşikardi,Kitap > Edebiyat > Roman (Yerli),Hakan Karakaşoğlu,İLETİŞİM YAYINLARI KAMPANYA,5 / 5 (7 oy),33.0,7.0,0,5.0,"84,00",06.04.2018,TÜRKÇE,108,Karton Kapak,13.5 x 19.5 cm,Kitap Kağıdı,81.0,3.0,5.0,7.0,84.0,2018.0,108.0,Edebiyat,0,1,3,Edebiyat,0,0,0,1,0,0,0,0,0,0,0,0.07705382436260623,0.14285714285714285,0.11398963730569947,0.012727272727272728,0.0,0.005246589716684156,0.007894736842105263,1.0,0.0006606474344857962,0.16614745586708202
Gecenin Öpücüğü,Kitap > Edebiyat > Roman (Çeviri) > Kitap > Orijinal Dil > İngilizce,Sherrilyn Kenyon,PEGASUS YAYINLARI,5 / 5 (31 oy),98.0,10.0,1,44.0,"299,00",16.03.2015,TÜRKÇE,344,Karton Kapak,13.5 x 21 cm,Kitap Kağıdı,194.0,14.0,5.0,31.0,299.0,2015.0,344.0,Edebiyat,0,1,3,Edebiyat,0,0,0,1,0,0,0,0,0,0,0,0.5643059490084985,0.5442176870748299,0.3385146804835924,0.01818181818181818,0.001937984496124031,0.046169989506820566,0.03684210526315789,1.0,0.0033032371724289805,0.40083073727933544
"İki Kıtayı Bağlayan ""Altın Bağ""Bir Mustafa Kemal Romanı",Kitap > Edebiyat > Roman (Çeviri),M. Study Slater,SARMAL KİTABEVİ,4 / 5 (1 oy),19.0,1.0,0,0.0,"450,00",06.04.2023,TÜRKÇE,525,Karton Kapak,13.5 x 21 cm,Kitap Kağıdı,35.0,1.0,4.0,1.0,450.0,2023.0,525.0,Edebiyat,0,1,3,Edebiyat,0,0,0,1,0,0,0,0,0,0,0,0.9065155807365439,0.8520408163265305,0.06563039723661485,0.0018181818181818182,0.0,0.0,0.002631578947368421,0.75,0.0,0.07061266874350987
Aile İçi Şiddet ve Şiddet Ortamında Çocuklar,Kitap > Eğitim > Annelik-Babalık-Aile > Kitap > Eğitim > Rehber Kitaplar,Dr. Hamdi Kalyoncu,YEDİVEREN YAYINLARI,4 / 5 (9 oy),82.0,3.0,1,8.0,"126,00",21.12.2021,TÜRKÇE,136,Karton Kapak,13.5 x 21 cm,Kitap Kağıdı,168.0,3.0,4.0,9.0,126.0,2021.0,136.0,Eğitim,0,1,3,Diger,0,1,0,0,0,0,0,0,0,0,0,0.17223796033994332,0.19047619047619047,0.28324697754749567,0.005454545454545455,0.001937984496124031,0.008394543546694649,0.007894736842105263,0.75,0.0008808632459810614,0.34683281412253375
Deniz’in Sesi,Kitap > Edebiyat > Roman (Yerli),Melekber Deniz,PİKA,,13.0,0.0,0,3.0,"200,00",23.09.2022,TÜRKÇE,498,Karton Kapak,13.5 x 21 cm,Kitap Kağıdı,18.0,0.0,5.0,5.5,200.0,2022.0,498.0,Edebiyat,0,1,3,Edebiyat,0,0,0,1,0,0,0,0,0,0,0,0.3399433427762039,0.8061224489795917,0.04490500863557858,0.0,0.0,0.0031479538300104933,0.0,1.0,0.000495485575864347,0.03530633437175493
Şarlman'ın İzinde,Kitap > Edebiyat > Roman (Çeviri) > Kitap > Orijinal Dil > İngilizce,Steve Berry,BİLGE KÜLTÜR SANAT,5 / 5 (21 oy),134.0,17.0,0,18.0,"440,00",01.02.2010,TÜRKÇE,544,Karton Kapak,13.5 x 21.5 cm,Kitap Kağıdı,292.0,8.0,5.0,21.0,440.0,2010.0,544.0,Edebiyat,0,1,3,Edebiyat,0,0,0,1,0,0,0,0,0,0,0,0.8838526912181303,0.8843537414965985,0.46286701208981,0.03090909090909091,0.0,0.01888772298006296,0.021052631578947368,1.0,0.002202158114952654,0.6043613707165109
Hartlı Şeyh EşrefMezarsız Adem,Kitap > Edebiyat > Roman (Yerli),Fuat Baş,BİLGE KÜLTÜR SANAT,5 / 5 (2 oy),18.0,2.0,0,4.0,"310,00",01.10.2019,TÜRKÇE,384,Karton Kapak,12.5 x 19.5 cm,Kitap Kağıdı,46.0,1.0,5.0,2.0,310.0,2019.0,384.0,Edebiyat,0,1,3,Edebiyat,0,0,0,1,0,0,0,0,0,0,0,0.5892351274787535,0.6122448979591836,0.06217616580310881,0.0036363636363636364,0.0,0.004197271773347324,0.002631578947368421,1.0,0.00011010790574763268,0.09345794392523364
Yağmurlar İdam Kokar Mı Anne?,Kitap > Edebiyat > Roman (Yerli),Kurtuluş Baştimar,ONUR KİTAP,3 / 5 (2 oy),5.0,1.0,0,0.0,"190,00",16.02.2024,TÜRKÇE,120,Karton Kapak,13.5 x 21 cm,Kitap Kağıdı,5.0,1.0,3.0,2.0,190.0,2024.0,120.0,Edebiyat,0,1,3,Edebiyat,0,0,0,1,0,0,0,0,0,0,0,0.31728045325779036,0.163265306122449,0.017271157167530225,0.0018181818181818182,0.0,0.0,0.002631578947368421,0.5,0.00011010790574763268,0.008307372793354102
Çocuğunuza Sınır Koyma 2,Kitap > Eğitim > Çocuk Eğitimi,Robert J. Mackenzie,YAKAMOZ YAYINCILIK,4 / 5 (270 oy),289.5,18.0,3,24.0,"300,00",01.04.2016,TÜRKÇE,272,Karton Kapak,13.5 x 21 cm,3. Hm. Kağıt,482.5,101.0,4.0,270.0,300.0,2016.0,272.0,Eğitim,0,1,2,Diger,0,1,0,0,0,0,0,0,0,0,0,0.5665722379603398,0.42176870748299317,1.0,0.03272727272727273,0.005813953488372093,0.025183630640083946,0.2657894736842105,0.75,0.02961902664611319,0.9999999999999999
Cosmos ve Ben,Kitap > Sinema-Tiyatro > Oyun (Yerli),Gözde Özelce,SARMAL KİTABEVİ,,7.0,0.0,0,0.0,"150,00",24.01.2022,TÜRKÇE,74,Karton Kapak,13.5 x 21 cm,Kitap Kağıdı,11.0,0.0,5.0,5.5,150.0,2022.0,74.0,Sinema-Tiyatro,0,1,3,Diger,0,1,0,0,0,0,0,0,0,0,0,0.22662889518413593,0.08503401360544219,0.024179620034542312,0.0,0.0,0.0,0.0,1.0,0.000495485575864347,0.020768431983385256
Acemi Martılar,Kitap > Edebiyat > Roman (Yerli),Derya Yaşa,EPONA KİTAP,,11.0,2.0,1,0.0,"174,00",09.10.2023,TÜRKÇE,184,Karton Kapak,12.5 x 19.5 cm,Kitap Kağıdı,482.5,0.0,5.0,5.5,174.0,2023.0,184.0,Edebiyat,0,1,3,Edebiyat,0,0,0,1,0,0,0,0,0,0,0,0.2810198300283286,0.272108843537415,0.037996545768566495,0.0036363636363636364,0.001937984496124031,0.0,0.0,1.0,0.000495485575864347,0.9999999999999999
Sosyal Medya Aşkları,Kitap > Edebiyat > Diğer,Şahangiller,HAYY KİTAP - KAMPANYA,3 / 5 (4 oy),26.0,3.0,0,4.0,"125,00",15.11.2018,TÜRKÇE,104,Karton Kapak,13.5 x 21 cm,Kitap Kağıdı,57.0,0.0,3.0,4.0,125.0,2018.0,104.0,Edebiyat,0,1,3,Edebiyat,0,0,0,1,0,0,0,0,0,0,0,0.16997167138810199,0.1360544217687075,0.08981001727115716,0.005454545454545455,0.0,0.004197271773347324,0.0,0.5,0.00033032371724289804,0.11630321910695743
Edda’nın Dilek Kutusu / Sissi Nine’nin En Yakın Arkadaşı Kim?,Kitap > Çocuk Kitapları > Hikaye,Suza Kolb,YAKAMOZ YAYINCILIK,,6.0,0.0,0,0.0,"80,00",01.06.2023,TÜRKÇE,128,Karton Kapak,13.5 x 19.5 cm,Kitap Kağıdı,49.0,0.0,5.0,5.5,80.0,2023.0,128.0,Çocuk Kitapları,0,1,3,Çocuk Kitapları,0,0,0,0,0,0,0,0,0,1,0,0.06798866855524079,0.17687074829931973,0.020725388601036267,0.0,0.0,0.0,0.0,1.0,0.000495485575864347,0.09968847352024922
Said Emre,Kitap > Akademik > Edebiyat İnceleme,Mustafa Alkan,NET KİTAPLIK YAYINCILIK,,6.0,0.0,0,1.0,"295,00",04.11.2021,TÜRKÇE,168,Karton Kapak,13 x 20 cm,Kitap Kağıdı,46.0,0.0,5.0,5.5,295.0,2021.0,168.0,Akademik,0,1,3,Diger,0,1,0,0,0,0,0,0,0,0,0,0.5552407932011331,0.24489795918367346,0.020725388601036267,0.0,0.0,0.001049317943336831,0.0,1.0,0.000495485575864347,0.09345794392523364
Ahde Kırk Vefa,Kitap > Edebiyat > Deneme (Yerli),40'lar Kulübü,40'LAR KULÜBÜ,4 / 5 (4 oy),31.0,5.0,3,1.0,"99,00",21.04.2022,TÜRKÇE,126,Karton Kapak,13.5 x 21 cm,Kitap Kağıdı,31.0,2.0,4.0,4.0,99.0,2022.0,126.0,Edebiyat,0,1,3,Edebiyat,0,0,0,1,0,0,0,0,0,0,0,0.11104815864022662,0.17346938775510204,0.1070811744386874,0.00909090909090909,0.005813953488372093,0.001049317943336831,0.005263157894736842,0.75,0.00033032371724289804,0.06230529595015576
İmparator'un Mezarı,Kitap > Edebiyat > Roman (Çeviri) > Kitap > Orijinal Dil > İngilizce,Steve Berry,BİLGE KÜLTÜR SANAT,5 / 5 (29 oy),179.0,22.0,1,25.0,"390,00",06.03.2012,TÜRKÇE,496,Karton Kapak,13.5 x 21.5 cm,Kitap Kağıdı,337.0,16.0,5.0,29.0,390.0,2012.0,496.0,Edebiyat,0,1,3,Edebiyat,0,0,0,1,0,0,0,0,0,0,0,0.7705382436260623,0.802721088435374,0.618307426597582,0.04,0.001937984496124031,0.026232948583420776,0.042105263157894736,1.0,0.0030830213609337152,0.6978193146417445
Haremin Büyüsü,Kitap > Edebiyat > Roman (Yerli),Murat Aykaç Erginöz,ARİON YAYINLARI,5 / 5 (2 oy),42.0,2.0,0,1.0,"360,00",30.06.2017,TÜRKÇE,208,Karton Kapak,13.5 x 19.5 cm,Kitap Kağıdı,47.0,2.0,5.0,2.0,360.0,2017.0,208.0,Edebiyat,0,1,3,Edebiyat,0,0,0,1,0,0,0,0,0,0,0,0.7025495750708215,0.3129251700680272,0.14507772020725387,0.0036363636363636364,0.0,0.001049317943336831,0.005263157894736842,1.0,0.00011010790574763268,0.09553478712357218
Radyum ve Radyoaktivitenin Tarihi,Kitap > Bilim & Mühendislik > Popüler Bilim,Lucy Jane Santos,SAY YAYIN GRUBU-KAMPANYA,5 / 5 (1 oy),99.0,7.0,0,1.0,"350,00",21.04.2022,TÜRKÇE,304,Karton Kapak,13.5 x 21 cm,Kitap Kağıdı,58.0,0.0,5.0,1.0,350.0,2022.0,304.0,Bilim & Mühendislik,0,1,3,Bilim & Mühendislik,1,0,0,0,0,0,0,0,0,0,0,0.6798866855524078,0.4761904761904762,0.34196891191709844,0.012727272727272728,0.0,0.001049317943336831,0.0,1.0,0.0,0.11838006230529595
Ay'daki Adam,Kitap > Edebiyat > Bilimkurgu-Fantazya,Francis Godwin,FİHRİST KİTAP,5 / 5 (18 oy),90.0,10.0,1,15.0,"139,50",19.03.2021,TÜRKÇE,82,Karton Kapak,13 x 19.5 cm,Kitap Kağıdı,299.0,10.0,5.0,18.0,139.5,2021.0,82.0,Edebiyat,0,1,3,Edebiyat,0,0,0,1,0,0,0,0,0,0,0,0.20283286118980165,0.09863945578231292,0.31088082901554404,0.01818181818181818,0.001937984496124031,0.015739769150052468,0.02631578947368421,1.0,0.0018718343977097555,0.6188992731048806
12. Mıntıka Açlık Oyunlarının Yıldızları,Kitap > Edebiyat > Roman (Çeviri),Mick O'Shea,PEGASUS YAYINLARI,4 / 5 (36 oy),190.0,28.0,1,21.0,"249,00",03.05.2012,TÜRKÇE,160,Karton Kapak,13.8 x 21 cm,Kitap Kağıdı,482.5,15.0,4.0,36.0,249.0,2012.0,160.0,Edebiyat,0,1,3,Edebiyat,0,0,0,1,0,0,0,0,0,0,0,0.4509915014164305,0.2312925170068027,0.6563039723661485,0.05090909090909091,0.001937984496124031,0.022035676810073453,0.039473684210526314,0.75,0.0038537767011671436,0.9999999999999999
Kış Patatesi KöftesiBir Taşra Polisiyesi,Kitap > Edebiyat > Polisiye > Kitap > Orijinal Dil > Almanca,Rita Falk,PEGASUS YAYINLARI,4 / 5 (20 oy),162.0,8.0,0,21.0,"249,00",25.11.2013,TÜRKÇE,240,Karton Kapak,13.5 x 21 cm,Kitap Kağıdı,190.0,11.0,4.0,20.0,249.0,2013.0,240.0,Edebiyat,0,1,3,Edebiyat,0,0,0,1,0,0,0,0,0,0,0,0.4509915014164305,0.3673469387755102,0.5595854922279793,0.014545454545454545,0.0,0.022035676810073453,0.02894736842105263,0.75,0.0020920502092050207,0.3925233644859813
Yevgeni OneginOpera Klasikleri: 06,Kitap > Sanat > Diğer,Pyotr İlyiç Çaykovski,FİHRİST KİTAP,5 / 5 (2 oy),30.0,2.0,0,1.0,"204,50",26.02.2024,TÜRKÇE,132,Karton Kapak,13 x 19.5 cm,Kitap Kağıdı,67.0,0.0,5.0,2.0,204.5,2024.0,132.0,Sanat,0,1,3,Diger,0,1,0,0,0,0,0,0,0,0,0,0.35014164305949,0.1836734693877551,0.10362694300518134,0.0036363636363636364,0.0,0.001049317943336831,0.0,1.0,0.00011010790574763268,0.13707165109034267
Bebekler Mutlu Anne Babalar MutluBebeğinizin İlk Üç Yılı,Kitap > Eğitim > Annelik-Babalık-Aile,Soner Yatgın,ARİON YAYINLARI,5 / 5 (4 oy),52.0,2.0,0,2.0,"480,00",26.06.2019,TÜRKÇE,224,Karton Kapak,15 x 21 cm,Kitap Kağıdı,40.0,3.0,5.0,4.0,480.0,2019.0,224.0,Eğitim,0,1,3,Diger,0,1,0,0,0,0,0,0,0,0,0,0.9745042492917846,0.3401360544217687,0.17962003454231432,0.0036363636363636364,0.0,0.002098635886673662,0.007894736842105263,1.0,0.00033032371724289804,0.08099688473520249
Akıl Çağı,Kitap > Felsefe-Düşünce > Genel,Thomas Paine,SAY YAYIN GRUBU-KAMPANYA,5 / 5 (8 oy),86.0,6.0,0,5.0,"250,00",02.11.2017,TÜRKÇE,240,Karton Kapak,13 x 19.5 cm,Kitap Kağıdı,59.0,3.0,5.0,8.0,250.0,2017.0,240.0,Felsefe-Düşünce,0,1,3,Felsefe-Düşünce,0,0,0,0,1,0,0,0,0,0,0,0.45325779036827196,0.3673469387755102,0.2970639032815198,0.01090909090909091,0.0,0.005246589716684156,0.007894736842105263,1.0,0.0007707553402334288,0.12045690550363447
Kötü İlaç,Kitap > Sağlık-Tıp > Diğer,Ben Goldacre,PEGASUS YAYINLARI,5 / 5 (78 oy),289.5,71.0,8,52.0,"299,00",01.04.2016,TÜRKÇE,464,Karton Kapak,15.5 x 23.5 cm,Kitap Kağıdı,482.5,40.0,5.0,78.0,299.0,2016.0,464.0,Sağlık-Tıp,0,1,3,Diger,0,1,0,0,0,0,0,0,0,0,0,0.5643059490084985,0.7482993197278911,1.0,0.1290909090909091,0.015503875968992248,0.05456453305351522,0.10526315789473684,1.0,0.008478308742567716,0.9999999999999999
Excel de Ustalaşma Teknikleri300 İleri Düzey Excel ve Makro (Vba) Tekniği,Kitap > Eğitim > Diğer,Cenk İltir,ABAKÜS KİTAP - KAMPANYA,5 / 5 (6 oy),91.0,7.0,1,8.0,"315,00",04.01.2020,TÜRKÇE,440,Karton Kapak,16.5 x 24 cm,Kitap Kağıdı,233.0,0.0,5.0,6.0,315.0,2020.0,440.0,Eğitim,0,1,3,Diger,0,1,0,0,0,0,0,0,0,0,0,0.6005665722379603,0.7074829931972788,0.3143350604490501,0.012727272727272728,0.001937984496124031,0.008394543546694649,0.0,1.0,0.0005505395287381633,0.4818276220145379
Patlayıcı Olarak Selülozun Bağlamı,Kitap > Edebiyat > Diğer,Sedat Demir,EPONA KİTAP,5 / 5 (1 oy),6.0,0.0,0,0.0,"158,00",03.05.2024,TÜRKÇE,48,Karton Kapak,12 x 19 cm,Kitap Kağıdı,252.0,0.0,5.0,1.0,158.0,2024.0,48.0,Edebiyat,0,1,3,Edebiyat,0,0,0,1,0,0,0,0,0,0,0,0.2447592067988668,0.04081632653061224,0.020725388601036267,0.0,0.0,0.0,0.0,1.0,0.0,0.5212876427829698
GrebeneBalkanlarda Tedhiş ve Gerilla,Kitap > Siyaset > Siyasal Tarih,Bekir Fikri,DOĞU KİTABEVİ,,50.0,4.0,0,0.0,"690,00",21.11.2022,TÜRKÇE,456,Karton Kapak,14 x 21 cm,Kitap Kağıdı,180.0,0.0,5.0,5.5,491.25,2022.0,456.0,Siyaset,0,1,3,Siyaset,0,0,0,0,0,0,1,0,0,0,0,1.0,0.7346938775510203,0.17271157167530224,0.007272727272727273,0.0,0.0,0.0,1.0,0.000495485575864347,0.37175493250259606
Peggy Sue ve Hayaletler -2 / Beyaz Taşın Labirenti,Kitap > Çocuk Kitapları > Roman,Serge Brussolo,PEGASUS  ÇOCUK YAYINLARI,5 / 5 (1 oy),31.0,1.0,0,4.0,"299,00",19.09.2012,TÜRKÇE,384,Karton Kapak,13.5 x 21 cm,Kitap Kağıdı,57.0,1.0,5.0,1.0,299.0,2012.0,384.0,Çocuk Kitapları,0,1,3,Çocuk Kitapları,0,0,0,0,0,0,0,0,0,1,0,0.5643059490084985,0.6122448979591836,0.1070811744386874,0.0018181818181818182,0.0,0.004197271773347324,0.002631578947368421,1.0,0.0,0.11630321910695743
Mutluluğun PeşindeHollywood'un Yeniden Evlilik Komedisi,Kitap > Felsefe-Düşünce > Genel > Kitap > Sinema-Tiyatro > Sinema-Genel,Stanley Cavell,METİS YAYINLARI,5 / 5 (2 oy),93.0,6.0,0,3.0,"376,00",15.04.2010,TÜRKÇE,368,Karton Kapak,13 x 19.5 cm,Kitap Kağıdı,38.0,1.0,5.0,2.0,376.0,2010.0,368.0,Felsefe-Düşünce,0,1,3,Felsefe-Düşünce,0,0,0,0,1,0,0,0,0,0,0,0.7388101983002833,0.5850340136054422,0.32124352331606215,0.01090909090909091,0.0,0.0031479538300104933,0.002631578947368421,1.0,0.00011010790574763268,0.07684319833852545
Umuda Yolculuk,Kitap > Edebiyat > Roman (Yerli),Elif Ünal  Yıldız,ALASKA YAYINEVİ,3 / 5 (1 oy),4.0,0.0,0,0.0,"195,00",15.04.2024,TÜRKÇE,195,Karton Kapak,13.5 x 21 cm,Kitap Kağıdı,44.0,0.0,3.0,1.0,195.0,2024.0,195.0,Edebiyat,0,1,3,Edebiyat,0,0,0,1,0,0,0,0,0,0,0,0.32861189801699714,0.29081632653061223,0.013816925734024179,0.0,0.0,0.0,0.0,0.5,0.0,0.0893042575285566
Tanrı'yla Bütün İlişkimi Kestim,Kitap > Edebiyat > Roman (Çeviri),Katarina Mazetti,PEGASUS YAYINLARI,4 / 5 (97 oy),289.5,79.0,5,96.0,"219,00",06.10.2010,TÜRKÇE,144,Karton Kapak,13.5 x 21 cm,Kitap Kağıdı,482.5,44.0,4.0,97.0,219.0,2010.0,144.0,Edebiyat,0,1,3,Edebiyat,0,0,0,1,0,0,0,0,0,0,0,0.38300283286118975,0.20408163265306123,1.0,0.14363636363636365,0.009689922480620155,0.10073452256033578,0.11578947368421053,0.75,0.010570358951772737,0.9999999999999999
Savaşın Geleceği,Kitap > Tarih > Araştırma-İnceleme,Lawrence Freedman,SAY YAYIN GRUBU-KAMPANYA,5 / 5 (5 oy),220.0,13.0,1,2.0,"450,00",06.12.2022,TÜRKÇE,488,Karton Kapak,13.5 x 21 cm,Kitap Kağıdı,153.0,1.0,5.0,5.0,450.0,2022.0,488.0,Tarih,0,1,3,Tarih,0,0,0,0,0,0,0,0,1,0,0,0.9065155807365439,0.7891156462585033,0.7599309153713298,0.023636363636363636,0.001937984496124031,0.002098635886673662,0.002631578947368421,1.0,0.00044043162299053066,0.31568016614745587
Yunanlıların Uşak’ı İşgali ve Esaret Sancısı,Kitap > Tarih > Araştırma-İnceleme,Sadiye Tutsak,YEDİTEPE YAYINEVİ-KAMPANYA,5 / 5 (8 oy),78.0,3.0,1,9.0,"390,00",29.04.2015,TÜRKÇE,464,Karton Kapak,13.5 x 21 cm,Kitap Kağıdı,109.0,1.0,5.0,8.0,390.0,2015.0,464.0,Tarih,0,1,3,Tarih,0,0,0,0,0,0,0,0,1,0,0,0.7705382436260623,0.7482993197278911,0.2694300518134715,0.005454545454545455,0.001937984496124031,0.00944386149003148,0.002631578947368421,1.0,0.0007707553402334288,0.22429906542056074
Gecenin Kemanı,Kitap > Edebiyat > Hikaye (Yerli),İslam Gemici,BİYOGRAFİ.NET,4 / 5 (1 oy),8.0,0.0,0,1.0,"150,00",06.01.2021,TÜRKÇE,160,Karton Kapak,13.5 x 19.5 cm,Kitap Kağıdı,20.0,1.0,4.0,1.0,150.0,2021.0,160.0,Edebiyat,0,1,3,Edebiyat,0,0,0,1,0,0,0,0,0,0,0,0.22662889518413593,0.2312925170068027,0.027633851468048358,0.0,0.0,0.001049317943336831,0.002631578947368421,0.75,0.0,0.039460020768431976
Üçüncü HatHatt-ı Sevvum,Kitap > İslam > Araştırma-İnceleme,Şems-i Tebrizi,LEJAND,4 / 5 (3 oy),119.0,3.0,1,3.0,"175,00",06.01.2022,TÜRKÇE,160,Karton Kapak,13 x 19.5 cm,Kitap Kağıdı,482.5,2.0,4.0,3.0,175.0,2022.0,160.0,İslam,0,1,3,İslam,0,0,0,0,0,0,0,0,0,0,1,0.2832861189801699,0.2312925170068027,0.4110535405872193,0.005454545454545455,0.001937984496124031,0.0031479538300104933,0.005263157894736842,0.75,0.00022021581149526536,0.9999999999999999
Yunan Hikayelerinde Kadın ve Ulusçu Kimliğin Üretimi,Kitap > Edebiyat > İnceleme,Aslı Çete,URZENİ,4 / 5 (1 oy),19.0,1.0,0,1.0,"420,00",19.11.2020,TÜRKÇE,,Karton Kapak,13 x 20 cm,Kitap Kağıdı,28.0,0.0,4.0,1.0,420.0,2020.0,236.5,Edebiyat,0,1,3,Edebiyat,0,0,0,1,0,0,0,0,0,0,0,0.838526912181303,0.36139455782312924,0.06563039723661485,0.0018181818181818182,0.0,0.001049317943336831,0.0,0.75,0.0,0.056074766355140186
Mükemmel Kadın Sürtüğün Tekidir!,Kitap > Kadın-Erkek > Kadın Kitapları > Kitap > Orijinal Dil > Fransızca,Anne Sophie Girard,PEGASUS YAYINLARI,4 / 5 (71 oy),289.5,61.0,9,72.0,"219,00",03.03.2015,TÜRKÇE,160,Karton Kapak,11 x 17.8 cm,Kitap Kağıdı,482.5,39.0,4.0,71.0,219.0,2015.0,160.0,Kadın-Erkek,0,1,3,Diger,0,1,0,0,0,0,0,0,0,0,0,0.38300283286118975,0.2312925170068027,1.0,0.11090909090909092,0.01744186046511628,0.07555089192025184,0.10263157894736842,0.75,0.007707553402334286,0.9999999999999999
Savcı: Her Ceset Konuşur,Kitap > Edebiyat > Polisiye,Cahit Tosun,BANLİYÖ KİTAP,5 / 5 (1 oy),58.0,4.0,0,2.0,"150,00",09.05.2022,TÜRKÇE,144,Karton Kapak,13.5 x 19.5 cm,Kitap Kağıdı,166.0,0.0,5.0,1.0,150.0,2022.0,144.0,Edebiyat,0,1,3,Edebiyat,0,0,0,1,0,0,0,0,0,0,0,0.22662889518413593,0.20408163265306123,0.2003454231433506,0.007272727272727273,0.0,0.002098635886673662,0.0,1.0,0.0,0.3426791277258567
Yeni Medya Ekosisteminde Dönüşen Habercilik ve TeyitçilikHakikat Sonrası Çağda Dezenformasyonun Kontrolü,Kitap > Diğer > İletişim-Medya,Alper Önen,URZENİ,5 / 5 (1 oy),14.0,4.0,0,0.0,"240,00",12.06.2023,TÜRKÇE,225,Karton Kapak,13.5 x 19.5 cm,Kitap Kağıdı,45.0,1.0,5.0,1.0,240.0,2023.0,225.0,Diğer,0,1,3,Diğer,0,0,1,0,0,0,0,0,0,0,0,0.4305949008498583,0.34183673469387754,0.048359240069084625,0.007272727272727273,0.0,0.0,0.002631578947368421,1.0,0.0,0.09138110072689512
Şair Tezkireleri,Kitap > Edebiyat > Doğu Klasikleri,Devletşah,PİNHAN YAYINCILIK-KAMPANYA,5 / 5 (65 oy),289.5,41.0,8,25.0,"1.560,00",01.07.2011,TÜRKÇE,688,Ciltli,13.5 x 21.5 cm,Kitap Kağıdı,424.0,25.0,5.0,65.0,250.0,2011.0,612.0,Edebiyat,0,0,3,Edebiyat,0,0,0,1,0,0,0,0,0,0,0,0.45325779036827196,1.0,1.0,0.07454545454545454,0.015503875968992248,0.026232948583420776,0.06578947368421052,1.0,0.0070469059678484915,0.8785046728971962
Asghar Farhadi SinemasıYerellik ve Evrensellik,Kitap > Sinema-Tiyatro > Oyun (Yerli),Ezgi Büşra Çınar,URZENİ,,19.0,0.0,0,0.0,"370,00",14.02.2022,TÜRKÇE,404,Karton Kapak,13.5 x 21 cm,Kitap Kağıdı,31.0,0.0,5.0,5.5,370.0,2022.0,404.0,Sinema-Tiyatro,0,1,3,Diger,0,1,0,0,0,0,0,0,0,0,0,0.725212464589235,0.6462585034013605,0.06563039723661485,0.0,0.0,0.0,0.0,1.0,0.000495485575864347,0.06230529595015576
Yakalı Toy Kuşu Uçsana,Kitap > Edebiyat > Hikaye (Yerli),Yasemin Onat,EPONA KİTAP,4 / 5 (2 oy),10.0,3.0,0,3.0,"189,00",23.01.2024,TÜRKÇE,85,Karton Kapak,12.5 x 19.5 cm,Kitap Kağıdı,422.0,0.0,4.0,2.0,189.0,2024.0,85.0,Edebiyat,0,1,3,Edebiyat,0,0,0,1,0,0,0,0,0,0,0,0.315014164305949,0.10374149659863946,0.03454231433506045,0.005454545454545455,0.0,0.0031479538300104933,0.0,0.75,0.00011010790574763268,0.8743509865005191
Körfezin SarıkızlarıEdremit Körfezi ve Civarında Alanda Çalışan Kadınlar Üzerine Nitel Bir Çalışma,Kitap > Sosyoloji > Araştırma-İnceleme,Dolunay Şenol,NET KİTAPLIK YAYINCILIK,,2.0,0.0,0,0.0,"485,00",21.05.2022,TÜRKÇE,304,Karton Kapak,13 x 20 cm,Kitap Kağıdı,136.0,0.0,5.0,5.5,485.0,2022.0,304.0,Sosyoloji,0,1,3,Sosyoloji,0,0,0,0,0,0,0,1,0,0,0,0.9858356940509914,0.4761904761904762,0.0069084628670120895,0.0,0.0,0.0,0.0,1.0,0.000495485575864347,0.28037383177570097
Dehşet HançeriBir Felanties Öyküsü,Kitap > Edebiyat > Hikaye (Yerli),Anıl Teryaki,KENT KİTAP,5 / 5 (1 oy),5.0,0.0,0,0.0,"105,00",03.07.2023,TÜRKÇE,78,Karton Kapak,12.5 x 19.5 cm,Kitap Kağıdı,44.0,0.0,5.0,1.0,105.0,2023.0,78.0,Edebiyat,0,1,3,Edebiyat,0,0,0,1,0,0,0,0,0,0,0,0.12464589235127478,0.09183673469387757,0.017271157167530225,0.0,0.0,0.0,0.0,1.0,0.0,0.0893042575285566
Darbe / Sürgün 3. Kitap,Kitap > Edebiyat > Roman (Çeviri) > Kitap > Edebiyat > Bilimkurgu-Fantazya,Lisa M. Stasse,PEGASUS YAYINLARI,5 / 5 (3 oy),77.0,11.0,1,9.0,"299,00",02.08.2017,TÜRKÇE,344,Karton Kapak,13.5 x 21 cm,Kitap Kağıdı,78.0,0.0,5.0,3.0,299.0,2017.0,344.0,Edebiyat,0,1,3,Edebiyat,0,0,0,1,0,0,0,0,0,0,0,0.5643059490084985,0.5442176870748299,0.2659758203799654,0.02,0.001937984496124031,0.00944386149003148,0.0,1.0,0.00022021581149526536,0.15991692627206644
Bridget Jones'un Bebeği: Günlükler,Kitap > Edebiyat > Roman (Çeviri),Helen Fielding,PEGASUS YAYINLARI,5 / 5 (7 oy),32.0,4.0,0,5.0,"249,00",14.03.2017,TÜRKÇE,232,Karton Kapak,13.5 x 21 cm,Kitap Kağıdı,41.0,1.0,5.0,7.0,249.0,2017.0,232.0,Edebiyat,0,1,3,Edebiyat,0,0,0,1,0,0,0,0,0,0,0,0.4509915014164305,0.35374149659863946,0.11053540587219343,0.007272727272727273,0.0,0.005246589716684156,0.002631578947368421,1.0,0.0006606474344857962,0.08307372793354102
Serseri Prens,Kitap > Edebiyat > Roman (Çeviri),L. J. Shen,OLİMPOS YAYINLARI,4 / 5 (16 oy),289.5,38.0,2,33.0,"319,00",27.12.2022,TÜRKÇE,416,Karton Kapak,13.5 x 21 cm,Kitap Kağıdı,482.5,10.0,4.0,16.0,319.0,2022.0,416.0,Edebiyat,0,1,3,Edebiyat,0,0,0,1,0,0,0,0,0,0,0,0.6096317280453257,0.6666666666666666,1.0,0.06909090909090909,0.003875968992248062,0.03462749213011543,0.02631578947368421,0.75,0.0016516185862144902,0.9999999999999999
Dünyanın Yaratılışına Dair Öyküler,Kitap > Edebiyat > Hikaye (Çeviri),Richard Erdoes,URZENİ,5 / 5 (1 oy),15.0,1.0,0,1.0,"170,00",30.09.2022,TÜRKÇE,144,Karton Kapak,13.5 x 19.5 cm,Kitap Kağıdı,13.0,0.0,5.0,1.0,170.0,2022.0,144.0,Edebiyat,0,1,3,Edebiyat,0,0,0,1,0,0,0,0,0,0,0,0.27195467422096314,0.20408163265306123,0.05181347150259067,0.0018181818181818182,0.0,0.001049317943336831,0.0,1.0,0.0,0.024922118380062305
Baştan Çıkaran Mektuplar,Kitap > Edebiyat > Roman (Çeviri),Hilda Hilst,DEDALUS KİTAP,4 / 5 (7 oy),92.0,14.0,1,5.0,"140,00",12.01.2022,TÜRKÇE,124,Karton Kapak,13 x 20 cm,Kitap Kağıdı,252.0,2.0,4.0,7.0,140.0,2022.0,124.0,Edebiyat,0,1,3,Edebiyat,0,0,0,1,0,0,0,0,0,0,0,0.20396600566572237,0.17006802721088435,0.3177892918825561,0.025454545454545455,0.001937984496124031,0.005246589716684156,0.005263157894736842,0.75,0.0006606474344857962,0.5212876427829698
Liberalizm,Kitap > Siyaset > Kuram,Leonard T. Hobhouse,LİBERUS,4 / 5 (7 oy),188.0,6.0,0,4.0,"200,00",21.08.2024,TÜRKÇE,160,Karton Kapak,13 x 19.5 cm,Kitap Kağıdı,185.0,0.0,4.0,7.0,200.0,2024.0,160.0,Siyaset,0,1,3,Siyaset,0,0,0,0,0,0,1,0,0,0,0,0.3399433427762039,0.2312925170068027,0.6493955094991364,0.01090909090909091,0.0,0.004197271773347324,0.0,0.75,0.0006606474344857962,0.3821391484942887
Öz Yurdunda Garipsin,Kitap > Edebiyat > Roman (Yerli),Mehmet Zeren,BİLGE KÜLTÜR SANAT,5 / 5 (9 oy),45.0,11.0,0,10.0,"325,00",18.03.2014,TÜRKÇE,464,Karton Kapak,12.5 x 19.5 cm,Kitap Kağıdı,151.0,8.0,5.0,9.0,325.0,2014.0,464.0,Edebiyat,0,1,3,Edebiyat,0,0,0,1,0,0,0,0,0,0,0,0.6232294617563738,0.7482993197278911,0.15544041450777202,0.02,0.0,0.010493179433368312,0.021052631578947368,1.0,0.0008808632459810614,0.31152647975077885
KaçakTehlikeli İnatçı ve Kedi / Dönüşüm Serisi -2,Kitap > Edebiyat > Roman (Çeviri) > Kitap > Orijinal Dil > İngilizce,Rachel Vincent,PEGASUS YAYINLARI,4 / 5 (41 oy),289.5,14.0,2,54.0,"299,00",13.07.2011,TÜRKÇE,448,Karton Kapak,13.5 x 21 cm,Kitap Kağıdı,298.0,27.0,4.0,41.0,299.0,2011.0,448.0,Edebiyat,0,1,3,Edebiyat,0,0,0,1,0,0,0,0,0,0,0,0.5643059490084985,0.7210884353741496,1.0,0.025454545454545455,0.003875968992248062,0.05666316894018888,0.07105263157894737,0.75,0.004404316229905307,0.616822429906542
Alevilikte Cenaze Kaldırma,Kitap > Din > Diğer,İsmail Metin,SARMAL KİTABEVİ,,18.0,2.0,0,2.0,"220,00",09.12.2020,TÜRKÇE,175,Karton Kapak,13 x 20 cm,Kitap Kağıdı,23.0,0.0,5.0,5.5,220.0,2020.0,175.0,Din,0,1,3,Diger,0,1,0,0,0,0,0,0,0,0,0,0.38526912181303113,0.2568027210884354,0.06217616580310881,0.0036363636363636364,0.0,0.002098635886673662,0.0,1.0,0.000495485575864347,0.04569055036344755
İçimden Geçen Yolda,Kitap > Edebiyat > Deneme (Yerli),Akgün Akova,DESTEK YAYIN GRUBU-KAMPANYA,4 / 5 (2 oy),39.0,1.0,0,1.0,"130,00",08.11.2018,TÜRKÇE,144,Karton Kapak,13.5 x 19.5 cm,Kitap Kağıdı,30.0,1.0,4.0,2.0,130.0,2018.0,144.0,Edebiyat,0,1,3,Edebiyat,0,0,0,1,0,0,0,0,0,0,0,0.18130311614730876,0.20408163265306123,0.13471502590673576,0.0018181818181818182,0.0,0.001049317943336831,0.002631578947368421,0.75,0.00011010790574763268,0.060228452751817235
Arap Baharı ve MısırTürkiye'nin Mısır Politikası,Kitap > Siyaset > Araştırma-İnceleme,Talha Gönen,URZENİ,,39.0,3.0,0,0.0,"220,00",09.12.2020,TÜRKÇE,217,Karton Kapak,13 x 20 cm,Kitap Kağıdı,18.0,0.0,5.0,5.5,220.0,2020.0,217.0,Siyaset,0,1,3,Siyaset,0,0,0,0,0,0,1,0,0,0,0,0.38526912181303113,0.3282312925170068,0.13471502590673576,0.005454545454545455,0.0,0.0,0.0,1.0,0.000495485575864347,0.03530633437175493
Kızılderili Efsane ve Masalları,Kitap > Edebiyat > Roman (Çeviri),Richard Erdoes,SARMAL KİTABEVİ,5 / 5 (3 oy),69.0,2.0,0,6.0,"800,00",03.05.2021,TÜRKÇE,372,Karton Kapak,20 x 28 cm,Kitap Kağıdı,41.0,1.0,5.0,3.0,491.25,2021.0,372.0,Edebiyat,0,1,3,Edebiyat,0,0,0,1,0,0,0,0,0,0,0,1.0,0.5918367346938774,0.23834196891191708,0.0036363636363636364,0.0,0.0062959076600209865,0.002631578947368421,1.0,0.00022021581149526536,0.08307372793354102
Kağıt Taş Kumaş,Kitap > Sinema-Tiyatro > Oyun (Yerli),Murathan Mungan,METİS YAYINLARI,5 / 5 (7 oy),183.0,8.0,1,5.0,"156,00",09.03.2007,TÜRKÇE,104,Karton Kapak,12.5 x 19.5 cm,Kitap Kağıdı,157.0,2.0,5.0,7.0,156.0,2007.0,104.0,Sinema-Tiyatro,0,1,3,Diger,0,1,0,0,0,0,0,0,0,0,0,0.2402266288951841,0.1360544217687075,0.6321243523316062,0.014545454545454545,0.001937984496124031,0.005246589716684156,0.005263157894736842,1.0,0.0006606474344857962,0.32398753894081
Eray'a,Kitap > Edebiyat > Roman (Yerli),İsmail Akelçi,ARİON YAYINLARI,,4.0,0.0,0,0.0,"360,00",22.06.2020,TÜRKÇE,224,Karton Kapak,13.5 x 21 cm,Kitap Kağıdı,18.0,0.0,5.0,5.5,360.0,2020.0,224.0,Edebiyat,0,1,3,Edebiyat,0,0,0,1,0,0,0,0,0,0,0,0.7025495750708215,0.3401360544217687,0.013816925734024179,0.0,0.0,0.0,0.0,1.0,0.000495485575864347,0.03530633437175493
Sevgili Nefret,Kitap > Edebiyat > Hikaye (Yerli),Hakan Şenocak,DEDALUS KİTAP,4 / 5 (1 oy),16.0,2.0,0,1.0,"140,00",30.06.2021,TÜRKÇE,112,Karton Kapak,13 x 20 cm,Kitap Kağıdı,82.0,0.0,4.0,1.0,140.0,2021.0,112.0,Edebiyat,0,1,3,Edebiyat,0,0,0,1,0,0,0,0,0,0,0,0.20396600566572237,0.14965986394557823,0.055267702936096716,0.0036363636363636364,0.0,0.001049317943336831,0.0,0.75,0.0,0.16822429906542055
Koleksiyon,Kitap > Edebiyat > Roman (Çeviri),Gioia Diliberto,BİLGE KÜLTÜR SANAT,4 / 5 (3 oy),32.0,2.0,0,3.0,"250,00",15.08.2008,TÜRKÇE,288,Karton Kapak,13.5 x 21.5 cm,3. Hm. Kağıt,39.0,2.0,4.0,3.0,250.0,2008.0,288.0,Edebiyat,0,1,2,Edebiyat,0,0,0,1,0,0,0,0,0,0,0,0.45325779036827196,0.4489795918367347,0.11053540587219343,0.0036363636363636364,0.0,0.0031479538300104933,0.005263157894736842,0.75,0.00022021581149526536,0.07892004153686397
Akan Sudan Şüphe,Kitap > Edebiyat > Şiir (Yerli),Berat Yılmaz,FİHRİST KİTAP,,15.0,1.0,0,0.0,"119,50",09.03.2022,TÜRKÇE,58,Karton Kapak,13 x 19.5 cm,Kitap Kağıdı,45.0,0.0,5.0,5.5,119.5,2022.0,58.0,Edebiyat,0,1,3,Edebiyat,0,0,0,1,0,0,0,0,0,0,0,0.1575070821529745,0.05782312925170068,0.05181347150259067,0.0018181818181818182,0.0,0.0,0.0,1.0,0.000495485575864347,0.09138110072689512
Sevgide Açık Var,Kitap > Edebiyat > Deneme (Yerli),Mehmet  Helvacıoğlu,ZEMRA YAYINLARI,5 / 5 (3 oy),2.0,1.0,1,0.0,"385,00",17.08.2023,TÜRKÇE,302,Karton Kapak,13.5 x 21 cm,Kitap Kağıdı,39.0,3.0,5.0,3.0,385.0,2023.0,302.0,Edebiyat,0,1,3,Edebiyat,0,0,0,1,0,0,0,0,0,0,0,0.7592067988668555,0.47278911564625853,0.0069084628670120895,0.0018181818181818182,0.001937984496124031,0.0,0.007894736842105263,1.0,0.00022021581149526536,0.07892004153686397
İlk Olarak Politik Konulara Çivi,Kitap > Felsefe-Düşünce,Ali Demirsoy,SARMAL KİTABEVİ,4 / 5 (3 oy),49.0,7.0,2,2.0,"520,00",09.12.2021,TÜRKÇE,720,Karton Kapak,13.5 x 21 cm,Kitap Kağıdı,86.0,1.0,4.0,3.0,491.25,2021.0,612.0,Felsefe-Düşünce,0,1,3,Felsefe-Düşünce,0,0,0,0,1,0,0,0,0,0,0,1.0,1.0,0.1692573402417962,0.012727272727272728,0.003875968992248062,0.002098635886673662,0.002631578947368421,0.75,0.00022021581149526536,0.17653167185877464
Ezik 2 / Ortadirek,Kitap > Edebiyat > Roman (Çeviri),Andrew Smith,PEGASUS YAYINLARI,4 / 5 (7 oy),40.0,5.0,0,3.0,"299,00",24.02.2017,TÜRKÇE,400,Karton Kapak,13.5 x 21 cm,Kitap Kağıdı,38.0,1.0,4.0,7.0,299.0,2017.0,400.0,Edebiyat,0,1,3,Edebiyat,0,0,0,1,0,0,0,0,0,0,0,0.5643059490084985,0.6394557823129251,0.1381692573402418,0.00909090909090909,0.0,0.0031479538300104933,0.002631578947368421,0.75,0.0006606474344857962,0.07684319833852545
Masal Ülkesine Yolculuk: Endülüs,Kitap > Turizm-Gezi > Diğer,Meliha Çelik,YARIN YAYINCILIK,5 / 5 (1 oy),42.0,1.0,0,3.0,"450,50",24.05.2021,TÜRKÇE,120,Karton Kapak,13.5 x 21 cm,Kitap Kağıdı,21.0,1.0,5.0,1.0,450.5,2021.0,120.0,Turizm-Gezi,0,1,3,Diger,0,1,0,0,0,0,0,0,0,0,0,0.9076487252124645,0.163265306122449,0.14507772020725387,0.0018181818181818182,0.0,0.0031479538300104933,0.002631578947368421,1.0,0.0,0.041536863966770504
Ölüm'ün Zarı / Büyük Şeytan Savaşı -2,Kitap > Edebiyat > Roman (Çeviri),Kenneth Bogh Andersen,PEGASUS  ÇOCUK YAYINLARI,4 / 5 (9 oy),85.0,2.0,0,12.0,"250,00",16.04.2012,TÜRKÇE,344,Karton Kapak,13.5 x 21 cm,Kitap Kağıdı,74.0,4.0,4.0,9.0,250.0,2012.0,344.0,Edebiyat,0,1,3,Edebiyat,0,0,0,1,0,0,0,0,0,0,0,0.45325779036827196,0.5442176870748299,0.2936096718480138,0.0036363636363636364,0.0,0.012591815320041973,0.010526315789473684,0.75,0.0008808632459810614,0.15160955347871236
Gömülü Sırlar,Kitap > Edebiyat > Roman (Çeviri) > Kitap > Orijinal Dil > İngilizce,Joseph Finder,BİLGE KÜLTÜR SANAT,4 / 5 (15 oy),112.0,9.0,1,17.0,"330,00",01.12.2012,TÜRKÇE,400,Karton Kapak,14 x 22 cm,Kitap Kağıdı,163.0,4.0,4.0,15.0,330.0,2012.0,400.0,Edebiyat,0,1,3,Edebiyat,0,0,0,1,0,0,0,0,0,0,0,0.6345609065155807,0.6394557823129251,0.386873920552677,0.016363636363636365,0.001937984496124031,0.017838405036726127,0.010526315789473684,0.75,0.0015415106804668576,0.3364485981308411
The Other WorldsSearch For Life In Space,Kitap > Diğer Dildeki Yayınlar > İngilizce,Özgür Barış Etli,URZENİ,5 / 5 (1 oy),5.0,0.0,0,0.0,"200,00",19.12.2023,İNGİLİZCE,115,Karton Kapak,13.5 x 19.5 cm,Kitap Kağıdı,16.0,1.0,5.0,1.0,200.0,2023.0,115.0,Diğer Dildeki Yayınlar,1,1,3,Diger,0,1,0,0,0,0,0,0,0,0,0,0.3399433427762039,0.15476190476190477,0.017271157167530225,0.0,0.0,0.0,0.002631578947368421,1.0,0.0,0.03115264797507788
Din Eğitiminin 200'ü,Kitap > İslam > Eğitim-Öğretim > Kitap > İslam > Kültür,Doç. Dr. Osman Taştekin,OTTO,5 / 5 (2 oy),32.0,0.0,0,3.0,"300,00",18.10.2017,TÜRKÇE,312,Karton Kapak,16 x 21 cm,Kitap Kağıdı,73.0,0.0,5.0,2.0,300.0,2017.0,312.0,İslam,0,1,3,İslam,0,0,0,0,0,0,0,0,0,0,1,0.5665722379603398,0.489795918367347,0.11053540587219343,0.0,0.0,0.0031479538300104933,0.0,1.0,0.00011010790574763268,0.14953271028037382
Türkiye'nin Kaderini Değiştiren Kriz,Kitap > Siyaset > Siyasal Hayat (Türkiye),Yaman Törüner,PEGASUS YAYINLARI,5 / 5 (213 oy),289.5,217.0,12,149.0,"299,00",06.04.2016,TÜRKÇE,384,Karton Kapak,13.5 x 21 cm,Kitap Kağıdı,482.5,99.0,5.0,213.0,299.0,2016.0,384.0,Siyaset,0,1,3,Siyaset,0,0,0,0,0,0,1,0,0,0,0,0.5643059490084985,0.6122448979591836,1.0,0.39454545454545453,0.023255813953488372,0.15634837355718784,0.26052631578947366,1.0,0.02334287601849813,0.9999999999999999
Türkiye'nin Nato'ya GirişiNato’nun Türk Dış Politikasına Etkileri (1949-1974),Kitap > Siyaset > Araştırma-İnceleme,Çağdaş Yüksel,URZENİ,5 / 5 (2 oy),27.0,1.0,0,0.0,"270,00",22.08.2022,TÜRKÇE,220,Karton Kapak,13 x 20 cm,Kitap Kağıdı,48.0,2.0,5.0,2.0,270.0,2022.0,220.0,Siyaset,0,1,3,Siyaset,0,0,0,0,0,0,1,0,0,0,0,0.49858356940509907,0.3333333333333333,0.09326424870466321,0.0018181818181818182,0.0,0.0,0.005263157894736842,1.0,0.00011010790574763268,0.0976116303219107
Ebedi,Kitap > Diğer > Gençlik Kitapları > Edebiyat,Maggie Stiefvater,PEGASUS YAYINLARI,4 / 5 (29 oy),153.0,22.0,1,20.0,"299,00",11.05.2016,TÜRKÇE,440,Karton Kapak,13.5 x 21 cm,Kitap Kağıdı,148.0,11.0,4.0,29.0,299.0,2016.0,440.0,Diğer,0,1,3,Diğer,0,0,1,0,0,0,0,0,0,0,0,0.5643059490084985,0.7074829931972788,0.5284974093264249,0.04,0.001937984496124031,0.020986358866736624,0.02894736842105263,0.75,0.0030830213609337152,0.3052959501557633
Alevler İçindeki Kız,Kitap > Edebiyat > Roman (Çeviri),Leah Wilson,PEGASUS YAYINLARI,4 / 5 (78 oy),289.5,71.0,3,53.0,"249,00",11.06.2012,TÜRKÇE,224,Karton Kapak,13.5 x 21 cm,Kitap Kağıdı,482.5,32.0,4.0,78.0,249.0,2012.0,224.0,Edebiyat,0,1,3,Edebiyat,0,0,0,1,0,0,0,0,0,0,0,0.4509915014164305,0.3401360544217687,1.0,0.1290909090909091,0.005813953488372093,0.055613850996852045,0.08421052631578947,0.75,0.008478308742567716,0.9999999999999999
Bir Yöneticinin Çocukluğu,Kitap > Edebiyat > Hikaye (Çeviri),Jean Paul Sartre,CAN YAYINLARI,4 / 5 (58 oy),1.274,93.0,8,70.0,"190,00",13.10.2021,TÜRKÇE,104,Karton Kapak,12.5 x 19.5 cm,Kitap Kağıdı,482.5,35.0,4.0,58.0,190.0,2021.0,104.0,Edebiyat,0,1,3,Edebiyat,0,0,0,1,0,0,0,0,0,0,0,0.31728045325779036,0.1360544217687075,0.004400690846286701,0.1690909090909091,0.015503875968992248,0.07345225603357818,0.09210526315789473,0.75,0.006276150627615063,0.9999999999999999
Martin Eden,Kitap > Edebiyat > Roman (Çeviri),Jack London,İSKELE YAYINCILIK,5 / 5 (123 oy),1.686,84.0,12,171.0,"200,00",31.07.2005,TÜRKÇE,352,Karton Kapak,13.5 x 19.5 cm,Kitap Kağıdı,482.5,96.0,5.0,123.0,200.0,2005.0,352.0,Edebiyat,0,1,3,Edebiyat,0,0,0,1,0,0,0,0,0,0,0,0.3399433427762039,0.5578231292517006,0.005823834196891192,0.15272727272727274,0.023255813953488372,0.1794333683105981,0.25263157894736843,1.0,0.013433164501211186,0.9999999999999999
İklimsel ve Biyolojik Tehlikeler,Kitap > Bilim & Mühendislik > Diğer,Eşref Atabey,SARMAL KİTABEVİ,,29.0,1.0,0,0.0,"240,00",24.05.2021,TÜRKÇE,231,Karton Kapak,13.5 x 21 cm,Kitap Kağıdı,34.0,0.0,5.0,5.5,240.0,2021.0,231.0,Bilim & Mühendislik,0,1,3,Bilim & Mühendislik,1,0,0,0,0,0,0,0,0,0,0,0.4305949008498583,0.3520408163265306,0.1001727115716753,0.0018181818181818182,0.0,0.0,0.0,1.0,0.000495485575864347,0.06853582554517135
Mutsuzluk,Kitap > Edebiyat > Hikaye (Yerli),Bedirhan Keklikci,ÜLGEN YAYINLARI,,7.0,1.0,0,1.0,"149,00",26.05.2023,TÜRKÇE,99,Karton Kapak,13.5 x 21 cm,Kitap Kağıdı,66.0,0.0,5.0,5.5,149.0,2023.0,99.0,Edebiyat,0,1,3,Edebiyat,0,0,0,1,0,0,0,0,0,0,0,0.2243626062322946,0.12755102040816327,0.024179620034542312,0.0018181818181818182,0.0,0.001049317943336831,0.0,1.0,0.000495485575864347,0.13499480789200413
Gel Dersen Her Şeyi Bırakıp Gelirim Yeter Ki Gel De - Sarı Dünya (2 Kitap Set),Kitap > Edebiyat > Roman (Çeviri),Albert Espinosa,PEGASUS YAYINLARI,,10.0,1.0,0,0.0,"498,00",,TÜRKÇE,440,Karton Kapak,13.5 x 21 cm,Kitap Kağıdı,4.0,0.0,5.0,5.5,491.25,2021.0,440.0,Edebiyat,0,1,3,Edebiyat,0,0,0,1,0,0,0,0,0,0,0,1.0,0.7074829931972788,0.03454231433506045,0.0018181818181818182,0.0,0.0,0.0,1.0,0.000495485575864347,0.006230529595015576
Tosun Bank,Kitap > Siyaset > Araştırma-İnceleme,İsmail Saymaz,İLETİŞİM YAYINLARI KAMPANYA,5 / 5 (90 oy),289.5,49.0,3,94.0,"109,00",05.11.2020,TÜRKÇE,143,Karton Kapak,13 x 19.5 cm,Kitap Kağıdı,482.5,50.0,5.0,90.0,109.0,2020.0,143.0,Siyaset,0,1,3,Siyaset,0,0,0,0,0,0,1,0,0,0,0,0.1337110481586402,0.20238095238095238,1.0,0.0890909090909091,0.005813953488372093,0.09863588667366212,0.13157894736842105,1.0,0.009799603611539308,0.9999999999999999
Sevgili Bahçem,Kitap > Hobi > Bahçe,Nejat Ebcioğlu,İNKILAP KİTABEVİ-KAMPANYA,5 / 5 (4 oy),93.0,1.0,0,1.0,"520,00",03.07.2008,TÜRKÇE,288,Karton Kapak,19.5 x 27 cm,Kuşe Kağıt,81.0,2.0,5.0,4.0,491.25,2008.0,288.0,Hobi,0,1,4,Diger,0,1,0,0,0,0,0,0,0,0,0,1.0,0.4489795918367347,0.32124352331606215,0.0018181818181818182,0.0,0.001049317943336831,0.005263157894736842,1.0,0.00033032371724289804,0.16614745586708202
Yeni Fizik ve Modern Sanat: 21. Yüzyılda Sanat,Kitap > Sanat > Genel,H. Ümit Sayın,TANTRA AKADEMİ,,22.0,0.0,0,0.0,"620,00",16.02.2024,TÜRKÇE,370,Karton Kapak,13.5 x 21 cm,Kitap Kağıdı,11.0,0.0,5.0,5.5,491.25,2024.0,370.0,Sanat,0,1,3,Diger,0,1,0,0,0,0,0,0,0,0,0,1.0,0.5884353741496597,0.07599309153713299,0.0,0.0,0.0,0.0,1.0,0.000495485575864347,0.020768431983385256
Kıyamet KoptuğundaHasan Cevdet Bey'in Çanakkale ve Doğu Cephesi Günlüğü,Kitap > Tarih > Kişiler > Kitap > Tarih > Araştırma-İnceleme,,YEDİTEPE YAYINEVİ-KAMPANYA,5 / 5 (65 oy),289.5,42.0,4,44.0,"160,00",27.03.2015,TÜRKÇE,168,Karton Kapak,13.5 x 21 cm,Kitap Kağıdı,482.5,28.0,5.0,65.0,160.0,2015.0,168.0,Tarih,0,1,3,Tarih,0,0,0,0,0,0,0,0,1,0,0,0.24929178470254953,0.24489795918367346,1.0,0.07636363636363637,0.007751937984496124,0.046169989506820566,0.07368421052631578,1.0,0.0070469059678484915,0.9999999999999999
Aşkın İki Yüzü,Kitap > Edebiyat > Roman (Çeviri) > Kitap > Orijinal Dil > İngilizce,Susan Mallery,PEGASUS YAYINLARI,5 / 5 (32 oy),254.0,11.0,0,41.0,"269,00",02.04.2013,TÜRKÇE,336,Karton Kapak,13.5 x 21 cm,Kitap Kağıdı,299.0,16.0,5.0,32.0,269.0,2013.0,336.0,Edebiyat,0,1,3,Edebiyat,0,0,0,1,0,0,0,0,0,0,0,0.49631728045325774,0.5306122448979591,0.8773747841105354,0.02,0.0,0.04302203567681007,0.042105263157894736,1.0,0.003413345078176613,0.6188992731048806
Gözyaşlarını Asla Eldivensiz Silme / 1. Aşk,Kitap > Edebiyat > Roman (Çeviri) > Kitap > Orijinal Dil > İsveççe,Jonas Gardell,PEGASUS YAYINLARI,4 / 5 (102 oy),289.5,93.0,8,98.0,"249,00",15.10.2015,TÜRKÇE,288,Karton Kapak,13.5 x 21 cm,Kitap Kağıdı,482.5,47.0,4.0,102.0,249.0,2015.0,288.0,Edebiyat,0,1,3,Edebiyat,0,0,0,1,0,0,0,0,0,0,0,0.4509915014164305,0.4489795918367347,1.0,0.1690909090909091,0.015503875968992248,0.10283315844700945,0.12368421052631579,0.75,0.0111208984805109,0.9999999999999999
Distopya,Kitap > Edebiyat > Bilimkurgu-Fantazya,Alparslan Bozkurt,FİHRİST KİTAP,5 / 5 (10 oy),64.0,9.0,0,14.0,"224,50",19.03.2021,TÜRKÇE,148,Karton Kapak,13 x 19.5 cm,Kitap Kağıdı,266.0,6.0,5.0,10.0,224.5,2021.0,148.0,Edebiyat,0,1,3,Edebiyat,0,0,0,1,0,0,0,0,0,0,0,0.39546742209631724,0.2108843537414966,0.22107081174438686,0.016363636363636365,0.0,0.014690451206715634,0.015789473684210527,1.0,0.000990971151728694,0.5503634475597092
Harika Fıstık,Kitap > Edebiyat > Roman (Çeviri),Christina Lauren,PEGASUS YAYINLARI,4 / 5 (9 oy),109.0,7.0,1,20.0,"219,00",25.08.2021,TÜRKÇE,136,Karton Kapak,13.5 x 21 cm,Kitap Kağıdı,235.0,6.0,4.0,9.0,219.0,2021.0,136.0,Edebiyat,0,1,3,Edebiyat,0,0,0,1,0,0,0,0,0,0,0,0.38300283286118975,0.19047619047619047,0.3765112262521589,0.012727272727272728,0.001937984496124031,0.020986358866736624,0.015789473684210527,0.75,0.0008808632459810614,0.48598130841121495
Yeşilcam'da Kötü Adam,Kitap > Sinema-Tiyatro,Koray Sevindi,URZENİ,5 / 5 (4 oy),17.0,3.0,0,0.0,"240,00",13.05.2022,TÜRKÇE,184,Karton Kapak,13.5 x 21 cm,Kitap Kağıdı,45.0,0.0,5.0,4.0,240.0,2022.0,184.0,Sinema-Tiyatro,0,1,3,Diger,0,1,0,0,0,0,0,0,0,0,0,0.4305949008498583,0.272108843537415,0.05872193436960276,0.005454545454545455,0.0,0.0,0.0,1.0,0.00033032371724289804,0.09138110072689512
Dil ve Müziğin Karşılaştırılması,Kitap > Müzik > Genel,Mehmet Emin Göktepe,SİYASAL YAYIN GRUBU - KAMPANYA,4 / 5 (8 oy),46.0,2.0,0,3.0,"200,00",15.09.2014,TÜRKÇE,140,Karton Kapak,14 x 20 cm,Kitap Kağıdı,98.0,4.0,4.0,8.0,200.0,2014.0,140.0,Müzik,0,1,3,Diger,0,1,0,0,0,0,0,0,0,0,0,0.3399433427762039,0.19727891156462585,0.15889464594127806,0.0036363636363636364,0.0,0.0031479538300104933,0.010526315789473684,0.75,0.0007707553402334288,0.20145379023883694
"Nobeller, Nobel Ödülü ve Bakü Petrolleri",Kitap > Tarih > Araştırma-İnceleme,Vefa Kurban,YEDİTEPE YAYINEVİ-KAMPANYA,4 / 5 (35 oy),155.0,14.0,3,14.0,"330,00",19.09.2013,TÜRKÇE,344,Karton Kapak,13.5 x 21 cm,Kitap Kağıdı,274.0,11.0,4.0,35.0,330.0,2013.0,344.0,Tarih,0,1,3,Tarih,0,0,0,0,0,0,0,0,1,0,0,0.6345609065155807,0.5442176870748299,0.5354058721934369,0.025454545454545455,0.005813953488372093,0.014690451206715634,0.02894736842105263,0.75,0.003743668795419511,0.5669781931464174
Bizans’ın Son Sezarları,Kitap > Tarih > Araştırma-İnceleme,Louis Phocion Todiere,URZENİ,3 / 5 (4 oy),52.0,2.0,0,1.0,"320,00",22.04.2021,TÜRKÇE,292,Karton Kapak,13.5 x 21 cm,Kitap Kağıdı,52.0,3.0,3.0,4.0,320.0,2021.0,292.0,Tarih,0,1,3,Tarih,0,0,0,0,0,0,0,0,1,0,0,0.6118980169971671,0.4557823129251701,0.17962003454231432,0.0036363636363636364,0.0,0.001049317943336831,0.007894736842105263,0.5,0.00033032371724289804,0.1059190031152648
Bazıları Ateşli Sever,Kitap > Edebiyat > Roman (Çeviri) > Kitap > Orijinal Dil > İngilizce,Teresa Medeiros,PEGASUS YAYINLARI,4 / 5 (46 oy),289.5,8.0,0,46.0,"269,00",15.11.2011,TÜRKÇE,304,Karton Kapak,13.5 x 21 cm,Kitap Kağıdı,450.0,31.0,4.0,46.0,269.0,2011.0,304.0,Edebiyat,0,1,3,Edebiyat,0,0,0,1,0,0,0,0,0,0,0,0.49631728045325774,0.4761904761904762,1.0,0.014545454545454545,0.0,0.04826862539349423,0.08157894736842106,0.75,0.00495485575864347,0.9325025960539979
Nihilist Alarm,Kitap > Edebiyat > Şiir (Yerli),Furkan Çirkin,FİHRİST KİTAP,5 / 5 (7 oy),25.0,8.0,1,3.0,"129,50",11.08.2022,TÜRKÇE,68,Karton Kapak,13 x 19.5 cm,Kitap Kağıdı,56.0,4.0,5.0,7.0,129.5,2022.0,68.0,Edebiyat,0,1,3,Edebiyat,0,0,0,1,0,0,0,0,0,0,0,0.1801699716713881,0.07482993197278912,0.08635578583765112,0.014545454545454545,0.001937984496124031,0.0031479538300104933,0.010526315789473684,1.0,0.0006606474344857962,0.11422637590861891
Anabasis,Kitap > Tarih > Çağlar-Dönemler > Kitap > Diğer > Mitoloji > Kitap > Felsefe-Düşünce > Felsefe Metinleri,Ksenophon,SAY YAYIN GRUBU-KAMPANYA,5 / 5 (4 oy),137.0,8.0,1,7.0,"250,00",14.11.2017,TÜRKÇE,208,Karton Kapak,13.5 x 21 cm,Kitap Kağıdı,82.0,0.0,5.0,4.0,250.0,2017.0,208.0,Tarih,0,1,3,Tarih,0,0,0,0,0,0,0,0,1,0,0,0.45325779036827196,0.3129251700680272,0.47322970639032813,0.014545454545454545,0.001937984496124031,0.007345225603357817,0.0,1.0,0.00033032371724289804,0.16822429906542055
Rüzgarlı Ev,Kitap > Edebiyat > Diğer,Banu  Koç Çakan,DESTEK YAYIN GRUBU-KAMPANYA,,2.0,0.0,0,0.0,"280,00",29.09.2022,TÜRKÇE,272,Karton Kapak,13.5 x 19.5 cm,Kitap Kağıdı,2.0,0.0,5.0,5.5,280.0,2022.0,272.0,Edebiyat,0,1,3,Edebiyat,0,0,0,1,0,0,0,0,0,0,0,0.5212464589235127,0.42176870748299317,0.0069084628670120895,0.0,0.0,0.0,0.0,1.0,0.000495485575864347,0.0020768431983385254
Kül Olmuş Gölgeler,Kitap > Edebiyat > Roman (Çeviri),Kamila Shamsie,BİLGE KÜLTÜR SANAT,4 / 5 (25 oy),101.0,15.0,0,13.0,"325,00",22.03.2012,TÜRKÇE,400,Karton Kapak,13.5 x 21 cm,Kitap Kağıdı,141.0,16.0,4.0,25.0,325.0,2012.0,400.0,Edebiyat,0,1,3,Edebiyat,0,0,0,1,0,0,0,0,0,0,0,0.6232294617563738,0.6394557823129251,0.3488773747841105,0.02727272727272727,0.0,0.013641133263378805,0.042105263157894736,0.75,0.0026425897379431843,0.29075804776739356
Budala 2,Kitap > Edebiyat > Roman (Çeviri),Fyodor Mihailoviç Dostoyevski,İSKELE YAYINCILIK,4 / 5 (35 oy),289.5,25.0,3,53.0,"195,00",31.07.2005,TÜRKÇE,342,Karton Kapak,13.5 x 19.5 cm,Kitap Kağıdı,482.5,16.0,4.0,35.0,195.0,2005.0,342.0,Edebiyat,0,1,3,Edebiyat,0,0,0,1,0,0,0,0,0,0,0,0.32861189801699714,0.5408163265306122,1.0,0.045454545454545456,0.005813953488372093,0.055613850996852045,0.042105263157894736,0.75,0.003743668795419511,0.9999999999999999
Demokrat Parti Dış Politikası,Kitap > Siyaset > Araştırma-İnceleme,Hatice Alanoğlu,URZENİ,4 / 5 (6 oy),53.0,1.0,0,0.0,"220,00",11.08.2020,TÜRKÇE,210,Karton Kapak,13.5 x 21 cm,Kitap Kağıdı,79.0,3.0,4.0,6.0,220.0,2020.0,210.0,Siyaset,0,1,3,Siyaset,0,0,0,0,0,0,1,0,0,0,0,0.38526912181303113,0.3163265306122449,0.18307426597582038,0.0018181818181818182,0.0,0.0,0.007894736842105263,0.75,0.0005505395287381633,0.16199376947040497
Ayna Meselesi,Kitap > Edebiyat > Hikaye (Yerli),Kolektif,BANLİYÖ KİTAP,5 / 5 (2 oy),23.0,0.0,0,1.0,"226,00",18.02.2025,TÜRKÇE,240,Karton Kapak,13.5 x 19.5 cm,Kitap Kağıdı,482.5,2.0,5.0,2.0,226.0,2025.0,240.0,Edebiyat,0,1,3,Edebiyat,0,0,0,1,0,0,0,0,0,0,0,0.3988668555240793,0.3673469387755102,0.07944732297063903,0.0,0.0,0.001049317943336831,0.005263157894736842,1.0,0.00011010790574763268,0.9999999999999999
"Gizemli Dünya21. Yüzyılda Güneş Tanrısı, Babil ve Ütopyaya Giden Yol",Kitap > Edebiyat > Diğer,Burak Çebi,SARMAL KİTABEVİ,5 / 5 (1 oy),27.0,2.0,1,0.0,"600,00",30.01.2024,TÜRKÇE,453,Karton Kapak,16 x 24 cm,Kitap Kağıdı,32.0,1.0,5.0,1.0,491.25,2024.0,453.0,Edebiyat,0,1,3,Edebiyat,0,0,0,1,0,0,0,0,0,0,0,1.0,0.7295918367346939,0.09326424870466321,0.0036363636363636364,0.001937984496124031,0.0,0.002631578947368421,1.0,0.0,0.06438213914849429
Kapitalizmin MetafiziğiHıristiyanlık ve Kapitalizm,Kitap > Akademik > Felsefe,Süleyman Eryiğit,NET KİTAPLIK YAYINCILIK,,53.0,1.0,0,1.0,"429,00",03.01.2023,TÜRKÇE,264,Karton Kapak,13 x 20 cm,Kitap Kağıdı,29.0,0.0,5.0,5.5,429.0,2023.0,264.0,Akademik,0,1,3,Diger,0,1,0,0,0,0,0,0,0,0,0,0.8589235127478753,0.40816326530612246,0.18307426597582038,0.0018181818181818182,0.0,0.001049317943336831,0.0,1.0,0.000495485575864347,0.05815160955347871
NijuraElf Tacının Varisi,Kitap > Edebiyat > Roman (Çeviri) > Kitap > Orijinal Dil > Almanca,Jenny - Mai Nuyen,PEGASUS YAYINLARI,4 / 5 (9 oy),141.0,6.0,0,10.0,"299,00",01.07.2011,TÜRKÇE,464,Karton Kapak,13.5 x 21 cm,Kitap Kağıdı,66.0,11.0,4.0,9.0,299.0,2011.0,464.0,Edebiyat,0,1,3,Edebiyat,0,0,0,1,0,0,0,0,0,0,0,0.5643059490084985,0.7482993197278911,0.4870466321243523,0.01090909090909091,0.0,0.010493179433368312,0.02894736842105263,0.75,0.0008808632459810614,0.13499480789200413
One Direction Resmi Yıllığı (Ciltli),Kitap > Müzik > Genel > Kitap > Müzik > Müzisyenler > Kitap > Orijinal Dil > İngilizce,,PEGASUS YAYINLARI,4 / 5 (47 oy),289.5,31.0,3,28.0,"299,00",22.04.2013,TÜRKÇE,64,Ciltli,22 x 28 cm,Kitap Kağıdı,482.5,20.0,4.0,47.0,299.0,2013.0,64.0,Müzik,0,0,3,Diger,0,1,0,0,0,0,0,0,0,0,0,0.5643059490084985,0.06802721088435373,1.0,0.056363636363636366,0.005813953488372093,0.02938090241343127,0.05263157894736842,0.75,0.0050649636643911025,0.9999999999999999
Udumbara,Kitap > Edebiyat > Şiir (Yerli),Ferhat Bezci,FİHRİST KİTAP,,11.0,0.0,0,0.0,"99,50",11.08.2022,TÜRKÇE,42,Karton Kapak,13 x 19.5 cm,Kitap Kağıdı,7.0,0.0,5.0,5.5,99.5,2022.0,42.0,Edebiyat,0,1,3,Edebiyat,0,0,0,1,0,0,0,0,0,0,0,0.11218130311614731,0.030612244897959183,0.037996545768566495,0.0,0.0,0.0,0.0,1.0,0.000495485575864347,0.012461059190031154
Bütün Haritaların Dışında,Kitap > Edebiyat > Şiir (Yerli),Deniz  Schwarzwald,EPONA KİTAP,5 / 5 (5 oy),29.0,3.0,0,4.0,"138,00",27.08.2024,TÜRKÇE,73,Karton Kapak,12.5 x 19.5 cm,Kitap Kağıdı,159.0,3.0,5.0,5.0,138.0,2024.0,73.0,Edebiyat,0,1,3,Edebiyat,0,0,0,1,0,0,0,0,0,0,0,0.19943342776203965,0.08333333333333334,0.1001727115716753,0.005454545454545455,0.0,0.004197271773347324,0.007894736842105263,1.0,0.00044043162299053066,0.328141225337487
Türkçece,Kitap > Başvuru Kitapları > Diğer,Mustafa Bağcı,DOĞU KİTABEVİ,,4.0,0.0,0,0.0,"507,00",27.09.2023,TÜRKÇE,440,Karton Kapak,13.5 x 19.5 cm,Kitap Kağıdı,63.0,0.0,5.0,5.5,491.25,2023.0,440.0,Başvuru Kitapları,0,1,3,Diger,0,1,0,0,0,0,0,0,0,0,0,1.0,0.7074829931972788,0.013816925734024179,0.0,0.0,0.0,0.0,1.0,0.000495485575864347,0.12876427829698855
Çöpe Giden Yazılar,Kitap > Edebiyat > Diğer,Dr. Rüşdü Saraçoğlu,SİYAH KUĞU KAMPANYA,4 / 5 (6 oy),21.0,7.0,1,1.0,"140,00",16.07.2021,TÜRKÇE,246,Karton Kapak,13.5 x 21 cm,Kitap Kağıdı,128.0,3.0,4.0,6.0,140.0,2021.0,246.0,Edebiyat,0,1,3,Edebiyat,0,0,0,1,0,0,0,0,0,0,0,0.20396600566572237,0.37755102040816324,0.07253886010362694,0.012727272727272728,0.001937984496124031,0.001049317943336831,0.007894736842105263,0.75,0.0005505395287381633,0.26375908618899274
Sinema'nın Kırk Yüzü,Kitap > Edebiyat > Biyografi-Otobiyografi > Kitap > Sinema-Tiyatro > Sinema-Genel,40'lar Kulübü,40'LAR KULÜBÜ,4 / 5 (6 oy),26.0,5.0,0,4.0,"149,00",20.07.2022,TÜRKÇE,160,Karton Kapak,13.5 x 21 cm,Kitap Kağıdı,40.0,2.0,4.0,6.0,149.0,2022.0,160.0,Edebiyat,0,1,3,Edebiyat,0,0,0,1,0,0,0,0,0,0,0,0.2243626062322946,0.2312925170068027,0.08981001727115716,0.00909090909090909,0.0,0.004197271773347324,0.005263157894736842,0.75,0.0005505395287381633,0.08099688473520249
Ankara'da Bir Alperen Turasan Bey,Kitap > Şehir Kitapları > Ankara,Ali Kılcı,BİYOGRAFİ.NET,,13.0,0.0,0,0.0,"400,00",16.02.2021,TÜRKÇE,292,Karton Kapak,13 x 20 cm,Kitap Kağıdı,68.0,0.0,5.0,5.5,400.0,2021.0,292.0,Şehir Kitapları,0,1,3,Diger,0,1,0,0,0,0,0,0,0,0,0,0.7932011331444758,0.4557823129251701,0.04490500863557858,0.0,0.0,0.0,0.0,1.0,0.000495485575864347,0.1391484942886812
Senden Ayrı,Kitap > Edebiyat > Roman (Çeviri),Krista Ritchie,MARTI YAYINLARI,4 / 5 (12 oy),289.5,24.0,0,33.0,"295,00",16.01.2023,TÜRKÇE,368,Karton Kapak,13.5 x 21 cm,Kitap Kağıdı,482.5,7.0,4.0,12.0,295.0,2023.0,368.0,Edebiyat,0,1,3,Edebiyat,0,0,0,1,0,0,0,0,0,0,0,0.5552407932011331,0.5850340136054422,1.0,0.04363636363636364,0.0,0.03462749213011543,0.018421052631578946,0.75,0.0012111869632239595,0.9999999999999999
Takıntıburnu,Kitap > Edebiyat > Şiir (Yerli),Serkan Özer,FİHRİST KİTAP,,13.0,1.0,0,0.0,"99,50",08.12.2022,TÜRKÇE,42,Karton Kapak,13 x 19.5 cm,Kitap Kağıdı,19.0,0.0,5.0,5.5,99.5,2022.0,42.0,Edebiyat,0,1,3,Edebiyat,0,0,0,1,0,0,0,0,0,0,0,0.11218130311614731,0.030612244897959183,0.04490500863557858,0.0018181818181818182,0.0,0.0,0.0,1.0,0.000495485575864347,0.037383177570093455
Çaylak El Kitabı 101,Kitap > Edebiyat > Diğer > Kitap > Orijinal Dil > İngilizce,P. C. Cast,PEGASUS YAYINLARI,4 / 5 (139 oy),289.5,86.0,6,130.0,"299,00",18.01.2011,TÜRKÇE,176,Karton Kapak,14 x 21 cm,Kitap Kağıdı,482.5,75.0,4.0,139.0,299.0,2011.0,176.0,Edebiyat,0,1,3,Edebiyat,0,0,0,1,0,0,0,0,0,0,0,0.5643059490084985,0.2585034013605442,1.0,0.15636363636363637,0.011627906976744186,0.13641133263378805,0.19736842105263158,0.75,0.01519489099317331,0.9999999999999999
Divan,Kitap > Edebiyat > Şiir (Yerli),Prof. Dr. Şahin Uçar,ŞULE YAYINLARI - KAMPANYA,5 / 5 (9 oy),76.0,3.0,0,4.0,"140,00",17.10.2011,TÜRKÇE,157,Karton Kapak,13.5 x 21 cm,Kitap Kağıdı,102.0,4.0,5.0,9.0,140.0,2011.0,157.0,Edebiyat,0,1,3,Edebiyat,0,0,0,1,0,0,0,0,0,0,0,0.20396600566572237,0.22619047619047616,0.2625215889464594,0.005454545454545455,0.0,0.004197271773347324,0.010526315789473684,1.0,0.0008808632459810614,0.20976116303219106
Bilgi Erişim SistemleriBilgi Erişimde Dil Sorunları,Kitap > Tarih > Araştırma-İnceleme,Aykut Arıkan,URZENİ,,9.0,0.0,0,0.0,"220,00",09.12.2021,TÜRKÇE,207,Karton Kapak,13.5 x 21 cm,Kitap Kağıdı,25.0,0.0,5.0,5.5,220.0,2021.0,207.0,Tarih,0,1,3,Tarih,0,0,0,0,0,0,0,0,1,0,0,0.38526912181303113,0.3112244897959184,0.031088082901554404,0.0,0.0,0.0,0.0,1.0,0.000495485575864347,0.04984423676012461
Ozan Efsaneleri Efsanelerdeki Canavarlar,Kitap > Edebiyat > Roman (Yerli),Eylül Yıldız,ALASKA YAYINEVİ,,9.0,0.0,0,0.0,"380,00",25.09.2024,TÜRKÇE,486,Karton Kapak,13.5 x 21 cm,Kitap Kağıdı,21.0,0.0,5.0,5.5,380.0,2024.0,486.0,Edebiyat,0,1,3,Edebiyat,0,0,0,1,0,0,0,0,0,0,0,0.7478753541076487,0.7857142857142856,0.031088082901554404,0.0,0.0,0.0,0.0,1.0,0.000495485575864347,0.041536863966770504
Aptal Hamdi Avusturalya'da,Kitap > Çocuk Kitapları > Hikaye,Müjdat Gezen,BİLGE KÜLTÜR SANAT,4 / 5 (19 oy),38.0,10.0,2,5.0,"120,00",01.12.2008,TÜRKÇE,80,Karton Kapak,13.5 x 19.5 cm,Kitap Kağıdı,180.0,7.0,4.0,19.0,120.0,2008.0,80.0,Çocuk Kitapları,0,1,3,Çocuk Kitapları,0,0,0,0,0,0,0,0,0,1,0,0.15864022662889515,0.09523809523809523,0.1312607944732297,0.01818181818181818,0.003875968992248062,0.005246589716684156,0.018421052631578946,0.75,0.001981942303457388,0.37175493250259606
Ramazan Güzellemeleri,Kitap > İslam > Tasavvuf,Dr. Bilal Kemikli,HAYY KİTAP - KAMPANYA,4 / 5 (18 oy),57.0,8.0,1,12.0,"150,00",10.06.2015,TÜRKÇE,80,Karton Kapak,11.5 x 19 cm,Kitap Kağıdı,165.0,4.0,4.0,18.0,150.0,2015.0,80.0,İslam,0,1,3,İslam,0,0,0,0,0,0,0,0,0,0,1,0.22662889518413593,0.09523809523809523,0.19689119170984454,0.014545454545454545,0.001937984496124031,0.012591815320041973,0.010526315789473684,0.75,0.0018718343977097555,0.3406022845275182
Hanım Hanımcık,Kitap > Edebiyat > Roman (Çeviri),Susan Elizabeth Phillips,PEGASUS YAYINLARI,5 / 5 (38 oy),115.0,26.0,0,41.0,"299,00",14.01.2020,TÜRKÇE,416,Karton Kapak,13.5 x 21 cm,Kitap Kağıdı,482.5,17.0,5.0,38.0,299.0,2020.0,416.0,Edebiyat,0,1,3,Edebiyat,0,0,0,1,0,0,0,0,0,0,0,0.5643059490084985,0.6666666666666666,0.39723661485319517,0.04727272727272727,0.0,0.04302203567681007,0.04473684210526316,1.0,0.004073992512662408,0.9999999999999999
Alice Harikalar Diyarında,Kitap > Çocuk Kitapları > Roman,Lewis Carroll,DEDALUS KİTAP,5 / 5 (12 oy),112.0,7.0,0,10.0,"140,00",27.11.2020,TÜRKÇE,128,Karton Kapak,13 x 20 cm,Kitap Kağıdı,374.0,7.0,5.0,12.0,140.0,2020.0,128.0,Çocuk Kitapları,0,1,3,Çocuk Kitapları,0,0,0,0,0,0,0,0,0,1,0,0.20396600566572237,0.17687074829931973,0.386873920552677,0.012727272727272728,0.0,0.010493179433368312,0.018421052631578946,1.0,0.0012111869632239595,0.7746625129802699
Milli Mücadeledeki İsyanlar ve Çerkes Ethem,Kitap > Tarih > Araştırma-İnceleme,Mehmet Ali Özkan,URZENİ,,48.0,0.0,0,0.0,"170,00",19.11.2020,TÜRKÇE,120,Karton Kapak,13 x 20 cm,Kitap Kağıdı,63.0,0.0,5.0,5.5,170.0,2020.0,120.0,Tarih,0,1,3,Tarih,0,0,0,0,0,0,0,0,1,0,0,0.27195467422096314,0.163265306122449,0.16580310880829013,0.0,0.0,0.0,0.0,1.0,0.000495485575864347,0.12876427829698855
Sarı Dünya,Kitap > Edebiyat > Anı (Hatırat) > Kitap > Edebiyat > Biyografi-Otobiyografi > Kitap > Orijinal Dil > İspanyolca,Albert Espinosa,PEGASUS YAYINLARI,4 / 5 (6 oy),128.0,7.0,1,5.0,"249,00",08.06.2015,TÜRKÇE,200,Karton Kapak,13.5 x 21 cm,Kitap Kağıdı,112.0,2.0,4.0,6.0,249.0,2015.0,200.0,Edebiyat,0,1,3,Edebiyat,0,0,0,1,0,0,0,0,0,0,0,0.4509915014164305,0.29931972789115646,0.4421416234887737,0.012727272727272728,0.001937984496124031,0.005246589716684156,0.005263157894736842,0.75,0.0005505395287381633,0.23052959501557632
7. Sınıf Türkçe Konu Anlatımlı Test Kitabı,Kitap > Ders Kitapları > Yardımcı Kitaplar > İlköğretim 7. Sınıf,Hülya Koz,NOBEL SINAV - KAMPANYA,,30.0,4.0,3,0.0,"280,00",17.06.2019,TÜRKÇE,232,Karton Kapak,19.5 x 27.5 cm,Kitap Kağıdı,63.0,0.0,5.0,5.5,280.0,2019.0,232.0,Ders Kitapları,0,1,3,Diger,0,1,0,0,0,0,0,0,0,0,0,0.5212464589235127,0.35374149659863946,0.10362694300518134,0.007272727272727273,0.005813953488372093,0.0,0.0,1.0,0.000495485575864347,0.12876427829698855
Korku Dozu 1: Taş,Kitap > Edebiyat > Roman (Yerli),Mehmet Ali Özmen,BANLİYÖ KİTAP,5 / 5 (4 oy),18.0,1.0,0,1.0,"194,00",07.10.2023,TÜRKÇE,200,Karton Kapak,13.5 x 19.5 cm,Kitap Kağıdı,75.0,4.0,5.0,4.0,194.0,2023.0,200.0,Edebiyat,0,1,3,Edebiyat,0,0,0,1,0,0,0,0,0,0,0,0.32634560906515575,0.29931972789115646,0.06217616580310881,0.0018181818181818182,0.0,0.001049317943336831,0.010526315789473684,1.0,0.00033032371724289804,0.15368639667705086
Seçme Sanatı,Kitap > Kişisel Gelişim > Kitap > Orijinal Dil > İngilizce,Sheena Iyengar,SAY YAYIN GRUBU-KAMPANYA,4 / 5 (11 oy),139.0,11.0,0,10.0,"400,00",30.09.2015,TÜRKÇE,376,Karton Kapak,13.5 x 21 cm,Kitap Kağıdı,197.0,3.0,4.0,11.0,400.0,2015.0,376.0,Kişisel Gelişim,0,1,3,Kişisel Gelişim,0,0,0,0,0,1,0,0,0,0,0,0.7932011331444758,0.5986394557823128,0.4801381692573402,0.02,0.0,0.010493179433368312,0.007894736842105263,0.75,0.001101079057476327,0.407061266874351
Evernight Akademisi - Sonsuz Gece,Kitap > Diğer > Gençlik Kitapları > Edebiyat > Kitap > Orijinal Dil > İngilizce,Claudia Gray,PEGASUS YAYINLARI,4 / 5 (12 oy),129.0,7.0,2,18.0,"269,00",09.05.2014,TÜRKÇE,320,Karton Kapak,13.5 x 21 cm,Kitap Kağıdı,77.0,2.0,4.0,12.0,269.0,2014.0,320.0,Diğer,0,1,3,Diğer,0,0,1,0,0,0,0,0,0,0,0,0.49631728045325774,0.5034013605442176,0.44559585492227977,0.012727272727272728,0.003875968992248062,0.01888772298006296,0.005263157894736842,0.75,0.0012111869632239595,0.15784008307372793
Şehrin Sancısı,Kitap > Edebiyat > Roman (Yerli),Mesud Topal,DESTEK YAYIN GRUBU-KAMPANYA,4 / 5 (64 oy),200.0,36.0,5,49.0,"230,00",01.11.2017,TÜRKÇE,256,Karton Kapak,13.5 x 19.5 cm,Kitap Kağıdı,466.0,20.0,4.0,64.0,230.0,2017.0,256.0,Edebiyat,0,1,3,Edebiyat,0,0,0,1,0,0,0,0,0,0,0,0.40793201133144474,0.3945578231292517,0.690846286701209,0.06545454545454546,0.009689922480620155,0.051416579223504726,0.05263157894736842,0.75,0.006936798062100858,0.9657320872274142
Sırabaşı,Kitap > Edebiyat > Hikaye (Yerli),Toprak Işık,İLETİŞİM YAYINLARI KAMPANYA,5 / 5 (10 oy),28.0,7.0,1,7.0,"127,00",01.01.2007,TÜRKÇE,184,Karton Kapak,13 x 19.5 cm,Kitap Kağıdı,147.0,5.0,5.0,10.0,127.0,2007.0,184.0,Edebiyat,0,1,3,Edebiyat,0,0,0,1,0,0,0,0,0,0,0,0.1745042492917847,0.272108843537415,0.09671848013816925,0.012727272727272728,0.001937984496124031,0.007345225603357817,0.013157894736842105,1.0,0.000990971151728694,0.3032191069574247
100 Soruda Mitoloji,Kitap > Diğer > Mitoloji,Dr. Vural Yiğit,SARMAL KİTABEVİ,,36.0,0.0,1,0.0,"270,00",10.05.2024,TÜRKÇE,230,Karton Kapak,13.5 x 19.5 cm,Kitap Kağıdı,83.0,0.0,5.0,5.5,270.0,2024.0,230.0,Diğer,0,1,3,Diğer,0,0,1,0,0,0,0,0,0,0,0,0.49858356940509907,0.35034013605442177,0.12435233160621761,0.0,0.001937984496124031,0.0,0.0,1.0,0.000495485575864347,0.17030114226375906
Bir Otto Weininger KritiğiEvrensel Deha ya da Kadın ve Yahudi,Kitap > Felsefe-Düşünce > Diğer,Hamza Celaleddin,FİHRİST KİTAP,5 / 5 (4 oy),74.0,4.0,0,6.0,"134,50",11.03.2022,TÜRKÇE,72,Karton Kapak,13 x 19.5 cm,Kitap Kağıdı,80.0,0.0,5.0,4.0,134.5,2022.0,72.0,Felsefe-Düşünce,0,1,3,Felsefe-Düşünce,0,0,0,0,1,0,0,0,0,0,0,0.19150141643059487,0.0816326530612245,0.2556131260794473,0.007272727272727273,0.0,0.0062959076600209865,0.0,1.0,0.00033032371724289804,0.16407061266874348
Değişim Kitabı (Ciltli)Dünyanın Nasıl Şekillendiğini Açıklamak İçin Elli Model,Kitap > Kişisel Gelişim > Kitap > Orijinal Dil > Almanca,Mikael Krogerus,PEGASUS YAYINLARI,4 / 5 (28 oy),289.5,26.0,7,17.0,"299,00",24.09.2013,TÜRKÇE,176,Karton Kapak,11 x 18 cm,Kitap Kağıdı,463.0,8.0,4.0,28.0,299.0,2013.0,176.0,Kişisel Gelişim,0,1,3,Kişisel Gelişim,0,0,0,0,0,1,0,0,0,0,0,0.5643059490084985,0.2585034013605442,1.0,0.04727272727272727,0.013565891472868217,0.017838405036726127,0.021052631578947368,0.75,0.0029729134551860826,0.9595015576323986
İşlerlik: Emeğin ve İşleyişin Verimliliği Üzerine,Kitap > Ekonomi > İş Dünyası,Hasan Taha Göka,FİHRİST KİTAP,5 / 5 (6 oy),24.0,2.0,0,6.0,"304,50",22.03.2022,TÜRKÇE,216,Karton Kapak,13 x 19.5 cm,Kitap Kağıdı,105.0,5.0,5.0,6.0,304.5,2022.0,216.0,Ekonomi,0,1,3,Diger,0,1,0,0,0,0,0,0,0,0,0,0.576770538243626,0.32653061224489793,0.08290155440414507,0.0036363636363636364,0.0,0.0062959076600209865,0.013157894736842105,1.0,0.0005505395287381633,0.21599169262720663
Sancak ve PriyepolyeSultan II. Abdülhamid’den Günümüze,Kitap > Tarih > Araştırma-İnceleme,H. Yıldırım Ağanoğlu,İZ YAYINCILIK,4 / 5 (1 oy),27.0,3.0,0,0.0,"522,00",02.01.2024,TÜRKÇE,544,Karton Kapak,16 x 24 cm,Kitap Kağıdı,203.0,0.0,4.0,1.0,491.25,2024.0,544.0,Tarih,0,1,3,Tarih,0,0,0,0,0,0,0,0,1,0,0,1.0,0.8843537414965985,0.09326424870466321,0.005454545454545455,0.0,0.0,0.0,0.75,0.0,0.41952232606438217
Felsefenin Beşiği Anadolu,Kitap > Kültür > Kültür Tarihi > Kitap > Felsefe-Düşünce > Felsefe Tarihi,Derman Bayladı,SAY YAYIN GRUBU-KAMPANYA,5 / 5 (19 oy),132.0,13.0,1,4.0,"250,00",06.11.2007,TÜRKÇE,152,Karton Kapak,13.5 x 21 cm,Kitap Kağıdı,116.0,3.0,5.0,19.0,250.0,2007.0,152.0,Kültür,0,1,3,Diger,0,1,0,0,0,0,0,0,0,0,0,0.45325779036827196,0.217687074829932,0.4559585492227979,0.023636363636363636,0.001937984496124031,0.004197271773347324,0.007894736842105263,1.0,0.001981942303457388,0.2388369678089304
Aşk Hiç Bitmez,Kitap > Edebiyat > Roman (Çeviri) > Kitap > Orijinal Dil > İngilizce,Candace Camp,PEGASUS YAYINLARI,4 / 5 (31 oy),193.0,8.0,0,43.0,"299,00",11.07.2013,TÜRKÇE,320,Karton Kapak,13.5 x 21 cm,Kitap Kağıdı,365.0,12.0,4.0,31.0,299.0,2013.0,320.0,Edebiyat,0,1,3,Edebiyat,0,0,0,1,0,0,0,0,0,0,0,0.5643059490084985,0.5034013605442176,0.6666666666666666,0.014545454545454545,0.0,0.04512067156348374,0.031578947368421054,0.75,0.0033032371724289805,0.7559709241952232
Peggy Sue ve Hayaletler -1 / Mavi Köpeğin Günü,Kitap > Çocuk Kitapları > Roman,Serge Brussolo,PEGASUS  ÇOCUK YAYINLARI,4 / 5 (7 oy),46.0,2.0,0,8.0,"269,00",14.03.2012,TÜRKÇE,304,Karton Kapak,13.5 x 21 cm,Kitap Kağıdı,90.0,3.0,4.0,7.0,269.0,2012.0,304.0,Çocuk Kitapları,0,1,3,Çocuk Kitapları,0,0,0,0,0,0,0,0,0,1,0,0.49631728045325774,0.4761904761904762,0.15889464594127806,0.0036363636363636364,0.0,0.008394543546694649,0.007894736842105263,0.75,0.0006606474344857962,0.18483904465212875
Kızların ve Çiçeklerin İsimleri,Kitap > Edebiyat > Hikaye (Çeviri) > Kitap > Orijinal Dil > İngilizce,Elizabeth Gilbert,PEGASUS YAYINLARI,4 / 5 (43 oy),218.0,40.0,1,34.0,"269,00",12.08.2009,TÜRKÇE,304,Karton Kapak,13.5 x 21 cm,Kitap Kağıdı,482.5,21.0,4.0,43.0,269.0,2009.0,304.0,Edebiyat,0,1,3,Edebiyat,0,0,0,1,0,0,0,0,0,0,0,0.49631728045325774,0.4761904761904762,0.7530224525043178,0.07272727272727272,0.001937984496124031,0.035676810073452254,0.05526315789473684,0.75,0.004624532041400572,0.9999999999999999
Bu Su Hiç Durmaz Bülent Ortaçgil,Kitap > Edebiyat > Biyografi-Otobiyografi,,İNKILAP KİTABEVİ-KAMPANYA,5 / 5 (9 oy),75.0,8.0,1,9.0,"465,00",16.05.2018,TÜRKÇE,352,Karton Kapak,13.5 x 19.5 cm,Kitap Kağıdı,160.0,1.0,5.0,9.0,465.0,2018.0,352.0,Edebiyat,0,1,3,Edebiyat,0,0,0,1,0,0,0,0,0,0,0,0.9405099150141643,0.5578231292517006,0.25906735751295334,0.014545454545454545,0.001937984496124031,0.00944386149003148,0.002631578947368421,1.0,0.0008808632459810614,0.3302180685358255
Dostum Benekli,Kitap > Çocuk Kitapları > Hikaye,Erva Kopuz,KUTLU YAYINEVİ,,7.0,0.0,0,0.0,"90,00",06.01.2022,TÜRKÇE,62,Karton Kapak,13.5 x 19.5 cm,Kitap Kağıdı,84.0,0.0,5.0,5.5,90.0,2022.0,62.0,Çocuk Kitapları,0,1,3,Çocuk Kitapları,0,0,0,0,0,0,0,0,0,1,0,0.0906515580736544,0.06462585034013604,0.024179620034542312,0.0,0.0,0.0,0.0,1.0,0.000495485575864347,0.1723779854620976
Leşİnsan Yaşarken Ancak Bu Kadar Çürür,Kitap > Edebiyat > Roman (Yerli),Mustafa Hoş,DESTEK YAYIN GRUBU-KAMPANYA,4 / 5 (1 oy),40.0,3.0,0,8.0,"180,00",24.04.2023,TÜRKÇE,160,Karton Kapak,13.5 x 21 cm,Kitap Kağıdı,14.0,0.0,4.0,1.0,180.0,2023.0,160.0,Edebiyat,0,1,3,Edebiyat,0,0,0,1,0,0,0,0,0,0,0,0.29461756373937675,0.2312925170068027,0.1381692573402418,0.005454545454545455,0.0,0.008394543546694649,0.0,0.75,0.0,0.026998961578400833
Hırçın Sevgilim,Kitap > Edebiyat > Roman (Çeviri),Nicola Cornick,PEGASUS YAYINLARI,5 / 5 (14 oy),156.0,8.0,0,15.0,"269,00",11.02.2013,TÜRKÇE,304,Karton Kapak,13.5 x 21 cm,Kitap Kağıdı,189.0,8.0,5.0,14.0,269.0,2013.0,304.0,Edebiyat,0,1,3,Edebiyat,0,0,0,1,0,0,0,0,0,0,0,0.49631728045325774,0.4761904761904762,0.538860103626943,0.014545454545454545,0.0,0.015739769150052468,0.021052631578947368,1.0,0.001431402774719225,0.3904465212876428
Artık Mükemmeliyetçi Değilim,Kitap > Kişisel Gelişim,Didem  Şaşmaz,BİZİM KİTAPLAR YAYINEVİ,5 / 5 (1 oy),33.0,4.0,1,2.0,"200,00",18.11.2021,TÜRKÇE,232,Karton Kapak,13.5 x 21 cm,Kitap Kağıdı,53.0,1.0,5.0,1.0,200.0,2021.0,232.0,Kişisel Gelişim,0,1,3,Kişisel Gelişim,0,0,0,0,0,1,0,0,0,0,0,0.3399433427762039,0.35374149659863946,0.11398963730569947,0.007272727272727273,0.001937984496124031,0.002098635886673662,0.002631578947368421,1.0,0.0,0.10799584631360333
Çift Yarık,Kitap > Edebiyat > Şiir (Yerli),Toprak Şems Tezcan,FİHRİST KİTAP,5 / 5 (7 oy),24.0,1.0,1,8.0,"114,50",11.08.2022,TÜRKÇE,56,Karton Kapak,13 x 19.5 cm,Kitap Kağıdı,58.0,5.0,5.0,7.0,114.5,2022.0,56.0,Edebiyat,0,1,3,Edebiyat,0,0,0,1,0,0,0,0,0,0,0,0.1461756373937677,0.05442176870748299,0.08290155440414507,0.0018181818181818182,0.001937984496124031,0.008394543546694649,0.013157894736842105,1.0,0.0006606474344857962,0.11838006230529595
Taşıyıcı Anne,Kitap > Edebiyat > Roman (Çeviri),Kathryn Mackel,BİLGE KÜLTÜR SANAT,4 / 5 (3 oy),55.0,3.0,0,3.0,"300,00",20.09.2010,TÜRKÇE,352,Karton Kapak,13.5 x 21.5 cm,Kitap Kağıdı,81.0,2.0,4.0,3.0,300.0,2010.0,352.0,Edebiyat,0,1,3,Edebiyat,0,0,0,1,0,0,0,0,0,0,0,0.5665722379603398,0.5578231292517006,0.18998272884283246,0.005454545454545455,0.0,0.0031479538300104933,0.005263157894736842,0.75,0.00022021581149526536,0.16614745586708202
Los Angeles Şekeri Serisi Takım Set (3 Kitap) (Lauren Conrad),Kitap > Edebiyat > Roman (Çeviri),Lauren Conrad,PEGASUS YAYINLARI,4 / 5 (3 oy),164.0,3.0,0,6.0,"807,00",31.01.2020,TÜRKÇE,944,Karton Kapak,13.5 x 21 cm,Kitap Kağıdı,121.0,2.0,4.0,3.0,491.25,2020.0,612.0,Edebiyat,0,1,3,Edebiyat,0,0,0,1,0,0,0,0,0,0,0,1.0,1.0,0.5664939550949913,0.005454545454545455,0.0,0.0062959076600209865,0.005263157894736842,0.75,0.00022021581149526536,0.24922118380062305
Montaigne'in KedisiBen Kedimle Oynarken Onun Benimle Oynamadığını Nereden Bileyim?,Kitap > Edebiyat > Roman (Çeviri),Saul Frampton,SAY YAYIN GRUBU-KAMPANYA,5 / 5 (1 oy),28.0,2.0,0,0.0,"300,00",01.11.2011,TÜRKÇE,296,Karton Kapak,13.5 x 19.5 cm,Kitap Kağıdı,13.0,0.0,5.0,1.0,300.0,2011.0,296.0,Edebiyat,0,1,3,Edebiyat,0,0,0,1,0,0,0,0,0,0,0,0.5665722379603398,0.46258503401360546,0.09671848013816925,0.0036363636363636364,0.0,0.0,0.0,1.0,0.0,0.024922118380062305
Evernight Akademisi Serisi Seti (3 Kitap),Kitap > Edebiyat > Roman (Çeviri),Claudia Gray,PEGASUS YAYINLARI,,20.0,0.0,0,0.0,"807,00",,TÜRKÇE,984,Karton Kapak,13.5 x 21 cm,Kitap Kağıdı,8.0,0.0,5.0,5.5,491.25,2021.0,612.0,Edebiyat,0,1,3,Edebiyat,0,0,0,1,0,0,0,0,0,0,0,1.0,1.0,0.0690846286701209,0.0,0.0,0.0,0.0,1.0,0.000495485575864347,0.014537902388369679
Buluş Kendinle,Kitap > Kişisel Gelişim,Açelya Akkoyun,YEDİVEREN YAYIN GRUBU - KAMPANYA,,18.0,0.0,0,0.0,"168,00",03.06.2023,TÜRKÇE,152,Karton Kapak,13.5 x 19.5 cm,Kitap Kağıdı,39.0,0.0,5.0,5.5,168.0,2023.0,152.0,Kişisel Gelişim,0,1,3,Kişisel Gelişim,0,0,0,0,0,1,0,0,0,0,0,0.2674220963172804,0.217687074829932,0.06217616580310881,0.0,0.0,0.0,0.0,1.0,0.000495485575864347,0.07892004153686397
Güzel Atlar Ülkesi,Kitap > Edebiyat > Deneme (Yerli),Akgün Akova,DESTEK YAYIN GRUBU-KAMPANYA,,27.0,0.0,0,1.0,"160,00",18.05.2020,TÜRKÇE,216,Karton Kapak,13.5 x 19.5 cm,Kitap Kağıdı,4.0,0.0,5.0,5.5,160.0,2020.0,216.0,Edebiyat,0,1,3,Edebiyat,0,0,0,1,0,0,0,0,0,0,0,0.24929178470254953,0.32653061224489793,0.09326424870466321,0.0,0.0,0.001049317943336831,0.0,1.0,0.000495485575864347,0.006230529595015576
Günlük Mucizelerin Küçük Kursu,Kitap > Kişisel Gelişim,Anna Sôlyom,DESTEK YAYIN GRUBU-KAMPANYA,,14.0,2.0,0,0.0,"240,00",07.09.2023,TÜRKÇE,232,Karton Kapak,13.5 x 21 cm,Kitap Kağıdı,12.0,0.0,5.0,5.5,240.0,2023.0,232.0,Kişisel Gelişim,0,1,3,Kişisel Gelişim,0,0,0,0,0,1,0,0,0,0,0,0.4305949008498583,0.35374149659863946,0.048359240069084625,0.0036363636363636364,0.0,0.0,0.0,1.0,0.000495485575864347,0.02284527518172378
Bilinçli EvrenPsişik Fenomenlerin Bilimsel Doğruluğu,Kitap > Psikoloji > İnceleme,Dr. Dean İ. Radin,SAY YAYIN GRUBU-KAMPANYA,4 / 5 (5 oy),112.0,10.0,1,2.0,"500,00",01.03.2018,TÜRKÇE,536,Karton Kapak,13.5 x 21 cm,Kitap Kağıdı,97.0,2.0,4.0,5.0,491.25,2018.0,536.0,Psikoloji,0,1,3,Diger,0,1,0,0,0,0,0,0,0,0,0,1.0,0.8707482993197279,0.386873920552677,0.01818181818181818,0.001937984496124031,0.002098635886673662,0.005263157894736842,0.75,0.00044043162299053066,0.19937694704049844
Lümen,Kitap > Edebiyat > Bilimkurgu-Fantazya,Camille Flammarion,FİHRİST KİTAP,5 / 5 (6 oy),38.0,11.0,0,4.0,"219,50",12.05.2023,TÜRKÇE,144,Karton Kapak,13 x 19.5 cm,Kitap Kağıdı,45.0,1.0,5.0,6.0,219.5,2023.0,144.0,Edebiyat,0,1,3,Edebiyat,0,0,0,1,0,0,0,0,0,0,0,0.38413597733711047,0.20408163265306123,0.1312607944732297,0.02,0.0,0.004197271773347324,0.002631578947368421,1.0,0.0005505395287381633,0.09138110072689512
Alves A.Ş.ve Diğer Öyküler,Kitap > Edebiyat > Hikaye (Çeviri),Eça de Queiroz,FİHRİST KİTAP,4 / 5 (4 oy),31.0,8.0,0,1.0,"209,50",11.09.2023,TÜRKÇE,138,Karton Kapak,13 x 19.5 cm,Kitap Kağıdı,172.0,2.0,4.0,4.0,209.5,2023.0,138.0,Edebiyat,0,1,3,Edebiyat,0,0,0,1,0,0,0,0,0,0,0,0.36147308781869686,0.19387755102040816,0.1070811744386874,0.014545454545454545,0.0,0.001049317943336831,0.005263157894736842,0.75,0.00033032371724289804,0.35514018691588783
Wilhelm Dilthey ve Felsefesi,Kitap > Felsefe-Düşünce > Filozoflar-Düşünürler > Kitap > Felsefe-Düşünce > Genel,Arslan Topakkaya,SAY YAYIN GRUBU-KAMPANYA,4 / 5 (6 oy),97.0,3.0,1,1.0,"300,00",25.01.2016,TÜRKÇE,336,Karton Kapak,13.5 x 21 cm,Kitap Kağıdı,81.0,1.0,4.0,6.0,300.0,2016.0,336.0,Felsefe-Düşünce,0,1,3,Felsefe-Düşünce,0,0,0,0,1,0,0,0,0,0,0,0.5665722379603398,0.5306122448979591,0.33506044905008636,0.005454545454545455,0.001937984496124031,0.001049317943336831,0.002631578947368421,0.75,0.0005505395287381633,0.16614745586708202
Diğerleri,Kitap > Edebiyat > Roman (Yerli),Mahir Ünsal Eriş,DESTEK YAYIN GRUBU-KAMPANYA,4 / 5 (2 oy),122.0,7.0,0,12.0,"240,00",07.10.2020,TÜRKÇE,120,Karton Kapak,13.5 x 19.5 cm,Kitap Kağıdı,22.0,0.0,4.0,2.0,240.0,2020.0,120.0,Edebiyat,0,1,3,Edebiyat,0,0,0,1,0,0,0,0,0,0,0,0.4305949008498583,0.163265306122449,0.42141623488773744,0.012727272727272728,0.0,0.012591815320041973,0.0,0.75,0.00011010790574763268,0.04361370716510903
Mizah Araştırmaları,Kitap > Akademik > Edebiyat İnceleme,Prof. Dr. Serdar Sağlam,NET KİTAPLIK YAYINCILIK,,33.0,1.0,0,1.0,"330,00",03.01.2023,TÜRKÇE,192,Karton Kapak,13 x 20 cm,Kitap Kağıdı,27.0,0.0,5.0,5.5,330.0,2023.0,192.0,Akademik,0,1,3,Diger,0,1,0,0,0,0,0,0,0,0,0,0.6345609065155807,0.2857142857142857,0.11398963730569947,0.0018181818181818182,0.0,0.001049317943336831,0.0,1.0,0.000495485575864347,0.05399792315680166
Yula Sırlar Dağı,Kitap > Edebiyat > Bilimkurgu-Fantazya,Fatma Güneş Yıldırım,MERGEN YAYINLARI,5 / 5 (2 oy),5.0,0.0,0,1.0,"185,00",06.09.2023,TÜRKÇE,142,Karton Kapak,13 x 19.5 cm,Kitap Kağıdı,50.0,0.0,5.0,2.0,185.0,2023.0,142.0,Edebiyat,0,1,3,Edebiyat,0,0,0,1,0,0,0,0,0,0,0,0.30594900849858353,0.20068027210884354,0.017271157167530225,0.0,0.0,0.001049317943336831,0.0,1.0,0.00011010790574763268,0.10176531671858775
Duygulanım,Kitap > Edebiyat > Şiir (Yerli),Meral Bağcı,FİHRİST KİTAP,,11.0,1.0,0,1.0,"109,50",19.09.2022,TÜRKÇE,52,Karton Kapak,13 x 19.5 cm,Kitap Kağıdı,10.0,0.0,5.0,5.5,109.5,2022.0,52.0,Edebiyat,0,1,3,Edebiyat,0,0,0,1,0,0,0,0,0,0,0,0.13484419263456088,0.04761904761904762,0.037996545768566495,0.0018181818181818182,0.0,0.001049317943336831,0.0,1.0,0.000495485575864347,0.018691588785046728
Silüet,Kitap > Edebiyat > Roman (Yerli),Ecem Çalık,ATAÇ YAYINLARI - KAMPANYA,5 / 5 (11 oy),31.0,5.0,1,7.0,"150,00",18.06.2019,TÜRKÇE,196,Karton Kapak,13.5 x 21 cm,Kitap Kağıdı,179.0,7.0,5.0,11.0,150.0,2019.0,196.0,Edebiyat,0,1,3,Edebiyat,0,0,0,1,0,0,0,0,0,0,0,0.22662889518413593,0.2925170068027211,0.1070811744386874,0.00909090909090909,0.001937984496124031,0.007345225603357817,0.018421052631578946,1.0,0.001101079057476327,0.36967808930425755
Suriye'den Kırk Damla Kan,Kitap > Siyaset > Bölgeler-Ülkeler,40'lar Kulübü,40'LAR KULÜBÜ,5 / 5 (6 oy),33.0,3.0,0,2.0,"149,00",20.07.2022,TÜRKÇE,176,Karton Kapak,13.5 x 21 cm,Kitap Kağıdı,28.0,0.0,5.0,6.0,149.0,2022.0,176.0,Siyaset,0,1,3,Siyaset,0,0,0,0,0,0,1,0,0,0,0,0.2243626062322946,0.2585034013605442,0.11398963730569947,0.005454545454545455,0.0,0.002098635886673662,0.0,1.0,0.0005505395287381633,0.056074766355140186
Yanılgı,Kitap > Edebiyat > Roman (Yerli),Gürsoy Uysal,BİLGE KÜLTÜR SANAT,4 / 5 (4 oy),27.0,4.0,0,4.0,"325,00",04.06.2014,TÜRKÇE,512,Karton Kapak,12.5 x 19.5 cm,Kitap Kağıdı,39.0,2.0,4.0,4.0,325.0,2014.0,512.0,Edebiyat,0,1,3,Edebiyat,0,0,0,1,0,0,0,0,0,0,0,0.6232294617563738,0.8299319727891156,0.09326424870466321,0.007272727272727273,0.0,0.004197271773347324,0.005263157894736842,0.75,0.00033032371724289804,0.07892004153686397
Rafa'nın Küresi,Kitap > Çocuk Kitapları > Hikaye,Perçin İmrek,ABAKÜS KİTAP - KAMPANYA,5 / 5 (1 oy),5.0,1.0,0,0.0,"165,00",21.10.2020,TÜRKÇE,60,Karton Kapak,22 x 22 cm,1. Hm. Kağıt,13.0,1.0,5.0,1.0,165.0,2020.0,60.0,Çocuk Kitapları,0,1,0,Çocuk Kitapları,0,0,0,0,0,0,0,0,0,1,0,0.26062322946175637,0.06122448979591837,0.017271157167530225,0.0018181818181818182,0.0,0.0,0.002631578947368421,1.0,0.0,0.024922118380062305
Amnezi,Kitap > Edebiyat > Roman (Çeviri) > Kitap > Diğer > Gençlik Kitapları > Edebiyat > Kitap > Orijinal Dil > İngilizce,Jennifer Rush,PEGASUS YAYINLARI,5 / 5 (80 oy),289.5,74.0,4,131.0,"269,00",03.07.2015,TÜRKÇE,320,Karton Kapak,13.5 x 21 cm,Kitap Kağıdı,482.5,44.0,5.0,80.0,269.0,2015.0,320.0,Edebiyat,0,1,3,Edebiyat,0,0,0,1,0,0,0,0,0,0,0,0.49631728045325774,0.5034013605442176,1.0,0.13454545454545455,0.007751937984496124,0.13746065057712487,0.11578947368421053,1.0,0.00869852455406298,0.9999999999999999
"Neden Felsefe Yaparız?İnsan, Ölüm ve Bilinç",Kitap > Felsefe-Düşünce > Genel,Dr. Süleyman Sıdal,OTORİTE YAYINLARI,4 / 5 (5 oy),70.0,1.0,2,5.0,"292,00",05.02.2025,TÜRKÇE,304,Karton Kapak,13.5 x 19.5 cm,Kitap Kağıdı,149.0,1.0,4.0,5.0,292.0,2025.0,304.0,Felsefe-Düşünce,0,1,3,Felsefe-Düşünce,0,0,0,0,1,0,0,0,0,0,0,0.5484419263456091,0.4761904761904762,0.24179620034542312,0.0018181818181818182,0.003875968992248062,0.005246589716684156,0.002631578947368421,0.75,0.00044043162299053066,0.3073727933541018
Mahallenin En Mutlu Bebeği,Kitap > Eğitim > Çocuk Eğitimi > Kitap > Eğitim > Annelik-Babalık-Aile,Dr. Harvey Karp,YAKAMOZ YAYINCILIK,4 / 5 (387 oy),2.82,206.0,30,351.0,"300,00",01.07.2012,TÜRKÇE,392,Karton Kapak,13.5 x 19.5 cm,Kitap Kağıdı,482.5,211.0,4.0,387.0,300.0,2012.0,392.0,Eğitim,0,1,3,Diger,0,1,0,0,0,0,0,0,0,0,0,0.5665722379603398,0.6258503401360543,0.009740932642487045,0.37454545454545457,0.05813953488372093,0.36831059811122774,0.5552631578947368,0.75,0.04250165161858621,0.9999999999999999
Tanrıların Oyunu,Kitap > Edebiyat > Roman (Çeviri),Paul Laurence Dunbar,DEDALUS KİTAP,5 / 5 (6 oy),75.0,14.0,0,7.0,"160,00",07.10.2022,TÜRKÇE,148,Karton Kapak,13 x 20 cm,Kitap Kağıdı,263.0,4.0,5.0,6.0,160.0,2022.0,148.0,Edebiyat,0,1,3,Edebiyat,0,0,0,1,0,0,0,0,0,0,0,0.24929178470254953,0.2108843537414966,0.25906735751295334,0.025454545454545455,0.0,0.007345225603357817,0.010526315789473684,1.0,0.0005505395287381633,0.5441329179646937
Bir Annelik Hikayesi,Kitap > Eğitim > Çocuk Bakımı > Kitap > Eğitim > Annelik-Babalık-Aile,Semiha Pınar Cambaz,ARİON YAYINLARI,5 / 5 (5 oy),78.0,10.0,0,6.0,"500,00",25.09.2017,TÜRKÇE,282,Karton Kapak,14 x 20 cm,Kitap Kağıdı,202.0,2.0,5.0,5.0,491.25,2017.0,282.0,Eğitim,0,1,3,Diger,0,1,0,0,0,0,0,0,0,0,0,1.0,0.4387755102040816,0.2694300518134715,0.01818181818181818,0.0,0.0062959076600209865,0.005263157894736842,1.0,0.00044043162299053066,0.4174454828660436
On Sekiz Saat,Kitap > Edebiyat > Roman (Yerli),Ertürk Akşun,DESTEK YAYIN GRUBU-KAMPANYA,4 / 5 (121 oy),289.5,47.0,1,76.0,"260,00",15.04.2019,TÜRKÇE,288,Karton Kapak,13.5 x 21 cm,Kitap Kağıdı,482.5,51.0,4.0,121.0,260.0,2019.0,288.0,Edebiyat,0,1,3,Edebiyat,0,0,0,1,0,0,0,0,0,0,0,0.4759206798866855,0.4489795918367347,1.0,0.08545454545454545,0.001937984496124031,0.07974816369359916,0.13421052631578947,0.75,0.013212948689715922,0.9999999999999999
İnsanın İşgaliEy İnsan! İşgal Ediliyorsun,Kitap > Akademik > Tarih İnceleme,İhsan Kurt,NET KİTAPLIK YAYINCILIK,5 / 5 (1 oy),15.0,2.0,0,2.0,"405,00",05.06.2023,TÜRKÇE,248,Karton Kapak,13 x 20 cm,Kitap Kağıdı,8.0,1.0,5.0,1.0,405.0,2023.0,248.0,Akademik,0,1,3,Diger,0,1,0,0,0,0,0,0,0,0,0,0.8045325779036827,0.38095238095238093,0.05181347150259067,0.0036363636363636364,0.0,0.002098635886673662,0.002631578947368421,1.0,0.0,0.014537902388369679
Nereye Kayboldu Bu Erkekler,Kitap > Edebiyat > Roman (Çeviri),Jenny Colgan,PEGASUS YAYINLARI,4 / 5 (99 oy),289.5,76.0,5,65.0,"299,00",19.07.2011,TÜRKÇE,368,Karton Kapak,13.5 x 21 cm,Kitap Kağıdı,482.5,50.0,4.0,99.0,299.0,2011.0,368.0,Edebiyat,0,1,3,Edebiyat,0,0,0,1,0,0,0,0,0,0,0,0.5643059490084985,0.5850340136054422,1.0,0.13818181818181818,0.009689922480620155,0.06820566631689402,0.13157894736842105,0.75,0.010790574763268002,0.9999999999999999
Kent ve KorkuKorku Kültürü İle Kent İlişkisi Üzerine Kuramsal Tartışma,Kitap > Kültür > Alt-Kültürler,Ziya Yıldız,URZENİ,3 / 5 (1 oy),27.0,1.0,0,3.0,"240,00",19.11.2020,TÜRKÇE,208,Karton Kapak,13 x 20 cm,Kitap Kağıdı,40.0,1.0,3.0,1.0,240.0,2020.0,208.0,Kültür,0,1,3,Diger,0,1,0,0,0,0,0,0,0,0,0,0.4305949008498583,0.3129251700680272,0.09326424870466321,0.0018181818181818182,0.0,0.0031479538300104933,0.002631578947368421,0.5,0.0,0.08099688473520249
Rasyonalitenin SınırlarıMax Weber’in Sosyal ve Ahlaki Düşüncesi Üzerine Bir Deneme,Kitap > Sosyoloji > Diğer,Rogers Brubaker,SİYASAL YAYIN GRUBU - KAMPANYA,4 / 5 (1 oy),94.0,3.0,1,2.0,"225,00",30.03.2017,TÜRKÇE,168,Karton Kapak,13.5 x 19.5 cm,Kitap Kağıdı,76.0,0.0,4.0,1.0,225.0,2017.0,168.0,Sosyoloji,0,1,3,Sosyoloji,0,0,0,0,0,0,0,1,0,0,0,0.39660056657223797,0.24489795918367346,0.3246977547495682,0.005454545454545455,0.001937984496124031,0.002098635886673662,0.0,0.75,0.0,0.1557632398753894
Kerem İle Aslı,Kitap > Edebiyat > Doğu Klasikleri,,İSKELE YAYINCILIK,5 / 5 (8 oy),102.0,13.0,0,12.0,"110,00",23.11.2005,TÜRKÇE,176,Karton Kapak,13.5 x 19.5 cm,Kitap Kağıdı,341.0,6.0,5.0,8.0,110.0,2005.0,176.0,Edebiyat,0,1,3,Edebiyat,0,0,0,1,0,0,0,0,0,0,0,0.1359773371104816,0.2585034013605442,0.35233160621761656,0.023636363636363636,0.0,0.012591815320041973,0.015789473684210527,1.0,0.0007707553402334288,0.7061266874350985
Dijimorfoz Dijital Dönüşüm Üzerine Notlar,Kitap > Diğer > İletişim-Medya,Sertaç Öğüt,ABAKÜS KİTAP - KAMPANYA,5 / 5 (3 oy),17.0,2.0,2,1.0,"145,00",06.07.2018,TÜRKÇE,192,Karton Kapak,16 x 21 cm,Kuşe Kağıt,39.0,1.0,5.0,3.0,145.0,2018.0,192.0,Diğer,0,1,4,Diğer,0,0,1,0,0,0,0,0,0,0,0,0.21529745042492915,0.2857142857142857,0.05872193436960276,0.0036363636363636364,0.003875968992248062,0.001049317943336831,0.002631578947368421,1.0,0.00022021581149526536,0.07892004153686397
Sükut Gümüş Söz Altın,Kitap > Edebiyat > Şiir (Yerli),Abdulkadir  Güllü,BİYOGRAFİ.NET,,9.0,2.0,0,1.0,"292,50",20.08.2021,TÜRKÇE,321,Karton Kapak,13 x 20 cm,Kitap Kağıdı,63.0,0.0,5.0,5.5,292.5,2021.0,321.0,Edebiyat,0,1,3,Edebiyat,0,0,0,1,0,0,0,0,0,0,0,0.5495750708215297,0.5051020408163265,0.031088082901554404,0.0036363636363636364,0.0,0.001049317943336831,0.0,1.0,0.000495485575864347,0.12876427829698855
Edda’nın Dilek Kutusu / Sarı Ev İçin Şahane Bir Bahçe,Kitap > Çocuk Kitapları > Hikaye,Suza Kolb,YAKAMOZ YAYINCILIK,,6.0,0.0,0,1.0,"80,00",06.06.2023,TÜRKÇE,128,Karton Kapak,13.5 x 19.5 cm,Kitap Kağıdı,44.0,0.0,5.0,5.5,80.0,2023.0,128.0,Çocuk Kitapları,0,1,3,Çocuk Kitapları,0,0,0,0,0,0,0,0,0,1,0,0.06798866855524079,0.17687074829931973,0.020725388601036267,0.0,0.0,0.001049317943336831,0.0,1.0,0.000495485575864347,0.0893042575285566
Abes,Kitap > Edebiyat > Deneme (Yerli),Veli Koçak,FİHRİST KİTAP,4 / 5 (1 oy),16.0,1.0,0,5.0,"149,50",18.04.2023,TÜRKÇE,86,Karton Kapak,13 x 19.5 cm,Kitap Kağıdı,12.0,1.0,4.0,1.0,149.5,2023.0,86.0,Edebiyat,0,1,3,Edebiyat,0,0,0,1,0,0,0,0,0,0,0,0.22549575070821526,0.1054421768707483,0.055267702936096716,0.0018181818181818182,0.0,0.005246589716684156,0.002631578947368421,0.75,0.0,0.02284527518172378
Oxen - İlk Kurban,Kitap > Edebiyat > Roman (Çeviri),Jens Henrik Jensen,DEDALUS KİTAP,4 / 5 (6 oy),64.0,3.0,1,5.0,"400,00",05.01.2021,TÜRKÇE,400,Karton Kapak,13 x 20 cm,Kitap Kağıdı,205.0,3.0,4.0,6.0,400.0,2021.0,400.0,Edebiyat,0,1,3,Edebiyat,0,0,0,1,0,0,0,0,0,0,0,0.7932011331444758,0.6394557823129251,0.22107081174438686,0.005454545454545455,0.001937984496124031,0.005246589716684156,0.007894736842105263,0.75,0.0005505395287381633,0.4236760124610592
Adım Deliye Çıktı,Kitap > Edebiyat > Şiir (Yerli),Mutlu Aydurmuş,TRUVA YAYINLARI,5 / 5 (1 oy),3.0,1.0,0,1.0,"245,00",30.03.2022,TÜRKÇE,264,Karton Kapak,13.5 x 21 cm,Kitap Kağıdı,58.0,1.0,5.0,1.0,245.0,2022.0,264.0,Edebiyat,0,1,3,Edebiyat,0,0,0,1,0,0,0,0,0,0,0,0.4419263456090651,0.40816326530612246,0.010362694300518133,0.0018181818181818182,0.0,0.001049317943336831,0.002631578947368421,1.0,0.0,0.11838006230529595
Farkındalık StratejileriZayıflıkları Güce Dönüştürme Sanatı,Kitap > Kişisel Gelişim,Deniz Emre Çolakoğlu,SİYAH KUĞU KAMPANYA,5 / 5 (7 oy),41.0,7.0,0,7.0,"90,00",11.05.2018,TÜRKÇE,136,Karton Kapak,13.5 x 21 cm,Kitap Kağıdı,240.0,5.0,5.0,7.0,90.0,2018.0,136.0,Kişisel Gelişim,0,1,3,Kişisel Gelişim,0,0,0,0,0,1,0,0,0,0,0,0.0906515580736544,0.19047619047619047,0.14162348877374784,0.012727272727272728,0.0,0.007345225603357817,0.013157894736842105,1.0,0.0006606474344857962,0.4963655244029076
Maestro Niyazi TağızadeSovyet Dönemi Azerbaycan ve Türkiye Arasında Bir Kültür Elçisi,Kitap > Akademik > Tarih İnceleme,Ecem Tuğçe Akbulut,NET KİTAPLIK YAYINCILIK,,13.0,0.0,0,0.0,"340,00",18.10.2021,TÜRKÇE,200,Karton Kapak,13 x 20 cm,Kitap Kağıdı,66.0,0.0,5.0,5.5,340.0,2021.0,200.0,Akademik,0,1,3,Diger,0,1,0,0,0,0,0,0,0,0,0,0.6572237960339943,0.29931972789115646,0.04490500863557858,0.0,0.0,0.0,0.0,1.0,0.000495485575864347,0.13499480789200413
Ümmetin Kırk Yetimi,Kitap > Edebiyat > Deneme (Yerli),40'lar Kulübü,40'LAR KULÜBÜ,4 / 5 (3 oy),18.0,2.0,0,2.0,"149,00",20.07.2022,TÜRKÇE,139,Karton Kapak,13.5 x 21 cm,Kitap Kağıdı,14.0,2.0,4.0,3.0,149.0,2022.0,139.0,Edebiyat,0,1,3,Edebiyat,0,0,0,1,0,0,0,0,0,0,0,0.2243626062322946,0.195578231292517,0.06217616580310881,0.0036363636363636364,0.0,0.002098635886673662,0.005263157894736842,0.75,0.00022021581149526536,0.026998961578400833
"Aşk Sandığın Kadar Değil, Yandığın Kadardır",Kitap > Kişisel Gelişim,Nadia Maiya,DESTEK YAYIN GRUBU-KAMPANYA,,7.0,0.0,0,0.0,"140,00",05.11.2024,TÜRKÇE,112,Karton Kapak,13.5 x 21 cm,Kitap Kağıdı,1.0,0.0,5.0,5.5,140.0,2024.0,112.0,Kişisel Gelişim,0,1,3,Kişisel Gelişim,0,0,0,0,0,1,0,0,0,0,0,0.20396600566572237,0.14965986394557823,0.024179620034542312,0.0,0.0,0.0,0.0,1.0,0.000495485575864347,0.0
Yakın Dönem Türk Tarihinde Refik Halid Karay,Kitap > Edebiyat > İnceleme,Yenal Ünal,YEDİTEPE YAYINEVİ-KAMPANYA,5 / 5 (31 oy),128.0,14.0,1,11.0,"350,00",15.05.2013,TÜRKÇE,376,Karton Kapak,13.5 x 21 cm,Kitap Kağıdı,225.0,15.0,5.0,31.0,350.0,2013.0,376.0,Edebiyat,0,1,3,Edebiyat,0,0,0,1,0,0,0,0,0,0,0,0.6798866855524078,0.5986394557823128,0.4421416234887737,0.025454545454545455,0.001937984496124031,0.011542497376705142,0.039473684210526314,1.0,0.0033032371724289805,0.4652128764278297
Beyaz Diş,Kitap > Edebiyat > Roman (Çeviri) > Kitap > Edebiyat > 100 Temel Eser,Jack London,İSKELE YAYINCILIK,5 / 5 (185 oy),289.5,124.0,14,349.0,"110,00",26.10.2022,TÜRKÇE,175,Karton Kapak,13.5 x 19.5 cm,Kitap Kağıdı,482.5,89.0,5.0,185.0,110.0,2022.0,175.0,Edebiyat,0,1,3,Edebiyat,0,0,0,1,0,0,0,0,0,0,0,0.1359773371104816,0.2568027210884354,1.0,0.22545454545454546,0.027131782945736434,0.36621196222455404,0.23421052631578948,1.0,0.020259854657564413,0.9999999999999999
Hepimizin Bir Türküsü Vardı,Kitap > Akademik > Eğitim Bilimleri,İbrahim Demirkale,NET KİTAPLIK YAYINCILIK,1 / 5 (1 oy),5.0,0.0,0,0.0,"270,00",03.01.2023,TÜRKÇE,152,Karton Kapak,13 x 20 cm,Kitap Kağıdı,18.0,0.0,1.0,1.0,270.0,2023.0,152.0,Akademik,0,1,3,Diger,0,1,0,0,0,0,0,0,0,0,0,0.49858356940509907,0.217687074829932,0.017271157167530225,0.0,0.0,0.0,0.0,0.0,0.0,0.03530633437175493
Miracın Kırk Yolcusu,Kitap > Din > Dini Metinler,Kolektif,40'LAR KULÜBÜ,,27.0,1.0,0,0.0,"149,00",06.07.2022,TÜRKÇE,145,Karton Kapak,13.5 x 21 cm,Kitap Kağıdı,35.0,0.0,5.0,5.5,149.0,2022.0,145.0,Din,0,1,3,Diger,0,1,0,0,0,0,0,0,0,0,0,0.2243626062322946,0.20578231292517007,0.09326424870466321,0.0018181818181818182,0.0,0.0,0.0,1.0,0.000495485575864347,0.07061266874350987
Kırk Hikaye ile Bereket,Kitap > İslam > Dini Hikayeler-Menkıbeler,40'lar Kulübü,40'LAR KULÜBÜ,,16.0,0.0,1,1.0,"149,00",11.04.2022,TÜRKÇE,173,Karton Kapak,13.5 x 21 cm,Kitap Kağıdı,18.0,0.0,5.0,5.5,149.0,2022.0,173.0,İslam,0,1,3,İslam,0,0,0,0,0,0,0,0,0,0,1,0.2243626062322946,0.2534013605442177,0.055267702936096716,0.0,0.001937984496124031,0.001049317943336831,0.0,1.0,0.000495485575864347,0.03530633437175493
Naylon Aşkı Öldürür!Plastik Yaşamdan Kurtuluş Rehberi,Kitap > Sağlık-Tıp > Genel,Prof. Dr. Hamdi Temel,HAYY KİTAP - KAMPANYA,4 / 5 (11 oy),148.0,11.0,0,10.0,"200,00",24.04.2018,TÜRKÇE,144,Karton Kapak,13.5 x 21 cm,Kitap Kağıdı,218.0,4.0,4.0,11.0,200.0,2018.0,144.0,Sağlık-Tıp,0,1,3,Diger,0,1,0,0,0,0,0,0,0,0,0,0.3399433427762039,0.20408163265306123,0.5112262521588946,0.02,0.0,0.010493179433368312,0.010526315789473684,0.75,0.001101079057476327,0.45067497403946005
Ahkam-ı Kur’an,Kitap > İslam > Kuran İncelemeleri,Doç. Dr. A. Cüneyt Eren,RAĞBET YAYINLARI-KAMPANYA,5 / 5 (30 oy),73.0,22.0,1,14.0,"360,00",03.03.2016,TÜRKÇE,288,Karton Kapak,13.5 x 21 cm,Kitap Kağıdı,236.0,12.0,5.0,30.0,360.0,2016.0,288.0,İslam,0,1,3,İslam,0,0,0,0,0,0,0,0,0,0,1,0.7025495750708215,0.4489795918367347,0.25215889464594127,0.04,0.001937984496124031,0.014690451206715634,0.031578947368421054,1.0,0.003193129266681348,0.48805815160955346
Doğal Hukuk ve Doğal Haklarİnsan Haklarının Felsefi Temelleri,Kitap > Siyaset > Araştırma-İnceleme,Cennet Uslu,LİBERUS,5 / 5 (2 oy),77.0,3.0,0,1.0,"400,00",09.06.2023,TÜRKÇE,378,Karton Kapak,13 x 19.5 cm,Kitap Kağıdı,129.0,0.0,5.0,2.0,400.0,2023.0,378.0,Siyaset,0,1,3,Siyaset,0,0,0,0,0,0,1,0,0,0,0,0.7932011331444758,0.6020408163265305,0.2659758203799654,0.005454545454545455,0.0,0.001049317943336831,0.0,1.0,0.00011010790574763268,0.26583592938733125
Gezgin Yıldız / Zodyak 2,Kitap > Edebiyat > Roman (Çeviri),Romina Russell,PEGASUS YAYINLARI,4 / 5 (8 oy),106.0,5.0,0,5.0,"299,00",18.07.2017,TÜRKÇE,336,Karton Kapak,13.5 x 21 cm,Kitap Kağıdı,64.0,5.0,4.0,8.0,299.0,2017.0,336.0,Edebiyat,0,1,3,Edebiyat,0,0,0,1,0,0,0,0,0,0,0,0.5643059490084985,0.5306122448979591,0.36614853195164077,0.00909090909090909,0.0,0.005246589716684156,0.013157894736842105,0.75,0.0007707553402334288,0.1308411214953271
AidaOpera Klasikleri: 05,Kitap > Sanat > Diğer,Giuseppe Verdi,FİHRİST KİTAP,4 / 5 (1 oy),25.0,3.0,0,0.0,"199,50",26.02.2024,TÜRKÇE,128,Karton Kapak,13 x 19.5 cm,Kitap Kağıdı,30.0,0.0,4.0,1.0,199.5,2024.0,128.0,Sanat,0,1,3,Diger,0,1,0,0,0,0,0,0,0,0,0,0.33881019830028325,0.17687074829931973,0.08635578583765112,0.005454545454545455,0.0,0.0,0.0,0.75,0.0,0.060228452751817235
En Karanlık Yalan / Karanlığın Efendileri 6. Kitap,Kitap > Edebiyat > Roman (Çeviri),Gena Showalter,PEGASUS YAYINLARI,5 / 5 (60 oy),151.0,17.0,0,68.0,"299,00",04.05.2016,TÜRKÇE,432,Karton Kapak,13.5 x 21 cm,Kitap Kağıdı,325.0,23.0,5.0,60.0,299.0,2016.0,432.0,Edebiyat,0,1,3,Edebiyat,0,0,0,1,0,0,0,0,0,0,0,0.5643059490084985,0.693877551020408,0.5215889464594128,0.03090909090909091,0.0,0.07135362014690451,0.060526315789473685,1.0,0.006496366439110328,0.6728971962616822
Jacob / Gece Gezginleri -1,Kitap > Edebiyat > Roman (Çeviri) > Kitap > Orijinal Dil > İngilizce,Jacquelyn Frank,PEGASUS YAYINLARI,4 / 5 (34 oy),158.0,16.0,1,45.0,"299,00",18.05.2015,TÜRKÇE,336,Karton Kapak,13.5 x 21 cm,Kitap Kağıdı,198.0,11.0,4.0,34.0,299.0,2015.0,336.0,Edebiyat,0,1,3,Edebiyat,0,0,0,1,0,0,0,0,0,0,0,0.5643059490084985,0.5306122448979591,0.5457685664939551,0.02909090909090909,0.001937984496124031,0.0472193074501574,0.02894736842105263,0.75,0.0036335608896718784,0.4091381100726895
Kapitülasyonların Kaldırılması,Kitap > Tarih > Türk-Osmanlı > Kitap > Tarih > Araştırma-İnceleme,Muhammet E. Kulunk,YEDİTEPE YAYINEVİ-KAMPANYA,5 / 5 (30 oy),204.0,22.0,2,10.0,"500,00",14.01.2011,TÜRKÇE,456,Karton Kapak,13.5 x 21 cm,Kitap Kağıdı,283.0,12.0,5.0,30.0,491.25,2011.0,456.0,Tarih,0,1,3,Tarih,0,0,0,0,0,0,0,0,1,0,0,1.0,0.7346938775510203,0.7046632124352331,0.04,0.003875968992248062,0.010493179433368312,0.031578947368421054,1.0,0.003193129266681348,0.5856697819314641
İbretMersin'de İki Düğün,Kitap > Edebiyat > Hikaye (Yerli),Bakizade Hüsni,YEDİTEPE YAYINEVİ-KAMPANYA,5 / 5 (7 oy),40.0,4.0,0,3.0,"150,00",03.12.2015,TÜRKÇE,168,Karton Kapak,13.5 x 21 cm,Kitap Kağıdı,72.0,1.0,5.0,7.0,150.0,2015.0,168.0,Edebiyat,0,1,3,Edebiyat,0,0,0,1,0,0,0,0,0,0,0,0.22662889518413593,0.24489795918367346,0.1381692573402418,0.007272727272727273,0.0,0.0031479538300104933,0.002631578947368421,1.0,0.0006606474344857962,0.14745586708203529
Alın Yazım,Kitap > Edebiyat > Roman (Çeviri),Nafisa Haji,BİLGE KÜLTÜR SANAT,5 / 5 (12 oy),87.0,9.0,1,18.0,"220,00",12.05.2010,TÜRKÇE,254,Karton Kapak,13.5 x 21.5 cm,Kitap Kağıdı,148.0,6.0,5.0,12.0,220.0,2010.0,254.0,Edebiyat,0,1,3,Edebiyat,0,0,0,1,0,0,0,0,0,0,0,0.38526912181303113,0.391156462585034,0.3005181347150259,0.016363636363636365,0.001937984496124031,0.01888772298006296,0.015789473684210527,1.0,0.0012111869632239595,0.3052959501557633
Dünya Acısı (Weltschmerz)Alman Felsefesinde Kötümserlik (1860-1900),Kitap > Felsefe-Düşünce > Diğer,Frederick C. Beiser,SAY YAYIN GRUBU-KAMPANYA,5 / 5 (7 oy),221.0,13.0,2,2.0,"450,00",21.09.2022,TÜRKÇE,528,Karton Kapak,13.5 x 21 cm,Kitap Kağıdı,172.0,1.0,5.0,7.0,450.0,2022.0,528.0,Felsefe-Düşünce,0,1,3,Felsefe-Düşünce,0,0,0,0,1,0,0,0,0,0,0,0.9065155807365439,0.8571428571428571,0.7633851468048359,0.023636363636363636,0.003875968992248062,0.002098635886673662,0.002631578947368421,1.0,0.0006606474344857962,0.35514018691588783
Tatlı Kaçamak,Kitap > Edebiyat > Roman (Çeviri),Susan Mallery,PEGASUS YAYINLARI,4 / 5 (23 oy),91.0,10.0,0,38.0,"269,00",17.03.2016,TÜRKÇE,320,Karton Kapak,13.5 x 21 cm,Kitap Kağıdı,212.0,12.0,4.0,23.0,269.0,2016.0,320.0,Edebiyat,0,1,3,Edebiyat,0,0,0,1,0,0,0,0,0,0,0,0.49631728045325774,0.5034013605442176,0.3143350604490501,0.01818181818181818,0.0,0.03987408184679958,0.031578947368421054,0.75,0.002422373926447919,0.4382139148494289
Dayıcan Napolyon (2 Cilt),Kitap > Edebiyat > Roman (Çeviri),Iyrec-i Pezeşkzad,KAPRA YAYINCILIK,5 / 5 (186 oy),289.5,178.0,14,107.0,"51,00",13.01.2021,TÜRKÇE,568,Karton Kapak,12.5 x 19.5 cm,Kitap Kağıdı,482.5,102.0,5.0,186.0,51.0,2021.0,568.0,Edebiyat,0,1,3,Edebiyat,0,0,0,1,0,0,0,0,0,0,0,0.002266288951841361,0.9251700680272108,1.0,0.3236363636363636,0.027131782945736434,0.11227701993704092,0.26842105263157895,1.0,0.020369962563312048,0.9999999999999999
Zodyak,Kitap > Edebiyat > Roman (Çeviri),Romina Russell,PEGASUS YAYINLARI,4 / 5 (9 oy),157.0,13.0,3,10.0,"299,00",29.11.2016,TÜRKÇE,400,Karton Kapak,13.5 x 21 cm,Kitap Kağıdı,92.0,3.0,4.0,9.0,299.0,2016.0,400.0,Edebiyat,0,1,3,Edebiyat,0,0,0,1,0,0,0,0,0,0,0,0.5643059490084985,0.6394557823129251,0.542314335060449,0.023636363636363636,0.005813953488372093,0.010493179433368312,0.007894736842105263,0.75,0.0008808632459810614,0.1889927310488058
İyi Söz Akarsu GibidirKutadgu Bilig'den Seçmeler,Kitap > Edebiyat > Diğer,Mehmet Kara,LEJAND,,3.0,1.0,0,0.0,"190,00",10.04.2021,TÜRKÇE,186,Karton Kapak,13 x 19.5 cm,Kitap Kağıdı,96.0,0.0,5.0,5.5,190.0,2021.0,186.0,Edebiyat,0,1,3,Edebiyat,0,0,0,1,0,0,0,0,0,0,0,0.31728045325779036,0.2755102040816326,0.010362694300518133,0.0018181818181818182,0.0,0.0,0.0,1.0,0.000495485575864347,0.1973001038421599
Kutsal Beşgen-Türk'ün İdeali,Kitap > Tarih > Araştırma-İnceleme > Kitap > Edebiyat > Deneme (Yerli),İbrahim Hakkı Gündoğdu,MOTTO,5 / 5 (5 oy),33.0,7.0,0,2.0,"425,00",06.07.2023,TÜRKÇE,392,Karton Kapak,13.5 x 21 cm,Kitap Kağıdı,68.0,2.0,5.0,5.0,425.0,2023.0,392.0,Tarih,0,1,3,Tarih,0,0,0,0,0,0,0,0,1,0,0,0.8498583569405098,0.6258503401360543,0.11398963730569947,0.012727272727272728,0.0,0.002098635886673662,0.005263157894736842,1.0,0.00044043162299053066,0.1391484942886812
Hayyam'dan Yansımalar,Kitap > Edebiyat > İnceleme,D. Ali Gültekin,BİZİM KİTAPLAR YAYINEVİ,,9.0,2.0,0,0.0,"185,00",30.03.2022,TÜRKÇE,124,Karton Kapak,12 x 19.5 cm,Kitap Kağıdı,25.0,0.0,5.0,5.5,185.0,2022.0,124.0,Edebiyat,0,1,3,Edebiyat,0,0,0,1,0,0,0,0,0,0,0,0.30594900849858353,0.17006802721088435,0.031088082901554404,0.0036363636363636364,0.0,0.0,0.0,1.0,0.000495485575864347,0.04984423676012461
Elementler ve Sağlık,Kitap > Bilim & Mühendislik > Diğer,Eşref Atabey,SARMAL KİTABEVİ,5 / 5 (6 oy),52.0,9.0,1,1.0,"500,00",24.05.2021,TÜRKÇE,491,Karton Kapak,13.5 x 21 cm,Kitap Kağıdı,88.0,1.0,5.0,6.0,491.25,2021.0,491.0,Bilim & Mühendislik,0,1,3,Bilim & Mühendislik,1,0,0,0,0,0,0,0,0,0,0,1.0,0.7942176870748299,0.17962003454231432,0.016363636363636365,0.001937984496124031,0.001049317943336831,0.002631578947368421,1.0,0.0005505395287381633,0.1806853582554517
Söylem,Kitap > Edebiyat > Diğer,Ömer  Alkan,FİHRİST KİTAP,5 / 5 (4 oy),18.0,1.0,0,3.0,"184,50",09.03.2022,TÜRKÇE,136,Karton Kapak,13.5 x 19.5 cm,Kitap Kağıdı,110.0,1.0,5.0,4.0,184.5,2022.0,136.0,Edebiyat,0,1,3,Edebiyat,0,0,0,1,0,0,0,0,0,0,0,0.30481586402266286,0.19047619047619047,0.06217616580310881,0.0018181818181818182,0.0,0.0031479538300104933,0.002631578947368421,1.0,0.00033032371724289804,0.22637590861889925
3. Dünya Savaşı Armageddon Komplosu,Kitap > Siyaset > Araştırma-İnceleme,Kürşad Berkkan,YEDİVEREN YAYIN GRUBU - KAMPANYA,4 / 5 (23 oy),204.0,17.0,4,22.0,"150,00",07.10.2021,TÜRKÇE,160,Karton Kapak,13.5 x 21 cm,Kitap Kağıdı,249.0,7.0,4.0,23.0,150.0,2021.0,160.0,Siyaset,0,1,3,Siyaset,0,0,0,0,0,0,1,0,0,0,0,0.22662889518413593,0.2312925170068027,0.7046632124352331,0.03090909090909091,0.007751937984496124,0.023084994753410283,0.018421052631578946,0.75,0.002422373926447919,0.5150571131879542
Aptal Hamdi Bizi Güldürüyor,Kitap > Çocuk Kitapları > Hikaye,Müjdat Gezen,BİLGE KÜLTÜR SANAT,5 / 5 (11 oy),23.0,4.0,0,4.0,"120,00",01.12.2008,TÜRKÇE,80,Karton Kapak,13.5 x 19.5 cm,Kitap Kağıdı,116.0,5.0,5.0,11.0,120.0,2008.0,80.0,Çocuk Kitapları,0,1,3,Çocuk Kitapları,0,0,0,0,0,0,0,0,0,1,0,0.15864022662889515,0.09523809523809523,0.07944732297063903,0.007272727272727273,0.0,0.004197271773347324,0.013157894736842105,1.0,0.001101079057476327,0.2388369678089304
Bridget Jones'un Günlüğü,Kitap > Edebiyat > Roman (Çeviri) > Kitap > Orijinal Dil > İngilizce,Helen Fielding,PEGASUS YAYINLARI,5 / 5 (23 oy),246.0,24.0,1,67.0,"299,00",20.06.2015,TÜRKÇE,336,Karton Kapak,13.5 x 21 cm,Kitap Kağıdı,209.0,12.0,5.0,23.0,299.0,2015.0,336.0,Edebiyat,0,1,3,Edebiyat,0,0,0,1,0,0,0,0,0,0,0,0.5643059490084985,0.5306122448979591,0.849740932642487,0.04363636363636364,0.001937984496124031,0.07030430220356769,0.031578947368421054,1.0,0.002422373926447919,0.4319833852544133
Kozmosun Aklı: Niçin Buradayız?,Kitap > Bilim & Mühendislik > Popüler Bilim,Ervin Laszlo,SAY YAYIN GRUBU-KAMPANYA,4 / 5 (6 oy),196.0,9.0,0,6.0,"250,00",04.06.2020,TÜRKÇE,208,Karton Kapak,13.5 x 21 cm,Kitap Kağıdı,161.0,3.0,4.0,6.0,250.0,2020.0,208.0,Bilim & Mühendislik,0,1,3,Bilim & Mühendislik,1,0,0,0,0,0,0,0,0,0,0,0.45325779036827196,0.3129251700680272,0.6770293609671848,0.016363636363636365,0.0,0.0062959076600209865,0.007894736842105263,0.75,0.0005505395287381633,0.3322949117341641
Yeşilçam Sinemasında Genç Kadınlar,Kitap > Sinema-Tiyatro > Tiyatro-Genel,Selin Kiraz Demir,URZENİ,,23.0,1.0,0,0.0,"420,00",30.11.2020,TÜRKÇE,350,Karton Kapak,13 x 20 cm,Kitap Kağıdı,45.0,0.0,5.0,5.5,420.0,2020.0,350.0,Sinema-Tiyatro,0,1,3,Diger,0,1,0,0,0,0,0,0,0,0,0,0.838526912181303,0.5544217687074829,0.07944732297063903,0.0018181818181818182,0.0,0.0,0.0,1.0,0.000495485575864347,0.09138110072689512
Kayıp Prens,Kitap > Edebiyat > Roman (Çeviri),Frances Hodgson Burnett,KAPRA YAYINCILIK,5 / 5 (54 oy),289.5,59.0,3,42.0,"60,00",28.11.2020,TÜRKÇE,336,Karton Kapak,12.5 x 19.5 cm,Kitap Kağıdı,482.5,18.0,5.0,54.0,60.0,2020.0,336.0,Edebiyat,0,1,3,Edebiyat,0,0,0,1,0,0,0,0,0,0,0,0.022662889518413595,0.5306122448979591,1.0,0.10727272727272727,0.005813953488372093,0.04407135362014691,0.04736842105263158,1.0,0.005835719004624531,0.9999999999999999
Padalya,Kitap > Edebiyat > Şiir (Yerli),Emrah Yolcu,EPONA KİTAP,5 / 5 (2 oy),7.0,2.0,0,1.0,"148,00",27.08.2024,TÜRKÇE,60,Karton Kapak,12.5 x 19.5 cm,Kitap Kağıdı,124.0,0.0,5.0,2.0,148.0,2024.0,60.0,Edebiyat,0,1,3,Edebiyat,0,0,0,1,0,0,0,0,0,0,0,0.22209631728045326,0.06122448979591837,0.024179620034542312,0.0036363636363636364,0.0,0.001049317943336831,0.0,1.0,0.00011010790574763268,0.25545171339563866
Kısa Londra Tarihi,Kitap > Tarih > Araştırma-İnceleme,David Long,SAY YAYIN GRUBU-KAMPANYA,5 / 5 (3 oy),218.0,11.0,2,4.0,"250,00",17.11.2021,TÜRKÇE,192,Karton Kapak,13.5 x 21 cm,Kitap Kağıdı,118.0,0.0,5.0,3.0,250.0,2021.0,192.0,Tarih,0,1,3,Tarih,0,0,0,0,0,0,0,0,1,0,0,0.45325779036827196,0.2857142857142857,0.7530224525043178,0.02,0.003875968992248062,0.004197271773347324,0.0,1.0,0.00022021581149526536,0.24299065420560745
Sosyal Bütünleşme“Din” ve “Kimlik Kırılımları” Ekseninde,Kitap > Akademik > Sosyoloji İnceleme,Çağatay Sarp,NET KİTAPLIK YAYINCILIK,,18.0,2.0,0,0.0,"446,00",27.01.2023,TÜRKÇE,276,Karton Kapak,13 x 20 cm,Kitap Kağıdı,7.0,0.0,5.0,5.5,446.0,2023.0,276.0,Akademik,0,1,3,Diger,0,1,0,0,0,0,0,0,0,0,0,0.8974504249291784,0.42857142857142855,0.06217616580310881,0.0036363636363636364,0.0,0.0,0.0,1.0,0.000495485575864347,0.012461059190031154
"Kemal TahirHayatı, Sanatı, Düşünce Dünyası, Eserleri ve Eserlerinden Seçmeler",Kitap > Edebiyat > Biyografi-Otobiyografi,A. Mecit Canatak,LEJAND,5 / 5 (2 oy),50.0,1.0,0,3.0,"120,00",19.01.2021,TÜRKÇE,104,Karton Kapak,13 x 19.5 cm,Kitap Kağıdı,179.0,0.0,5.0,2.0,120.0,2021.0,104.0,Edebiyat,0,1,3,Edebiyat,0,0,0,1,0,0,0,0,0,0,0,0.15864022662889515,0.1360544217687075,0.17271157167530224,0.0018181818181818182,0.0,0.0031479538300104933,0.0,1.0,0.00011010790574763268,0.36967808930425755
YüzeyselToplumsal Tipikler,Kitap > Edebiyat > Deneme (Yerli),Haydar Ergülen,DESTEK YAYIN GRUBU-KAMPANYA,5 / 5 (1 oy),25.0,2.0,0,0.0,"130,00",11.02.2022,TÜRKÇE,152,Karton Kapak,13.5 x 19.5 cm,Kitap Kağıdı,12.0,0.0,5.0,1.0,130.0,2022.0,152.0,Edebiyat,0,1,3,Edebiyat,0,0,0,1,0,0,0,0,0,0,0,0.18130311614730876,0.217687074829932,0.08635578583765112,0.0036363636363636364,0.0,0.0,0.0,1.0,0.0,0.02284527518172378
Kalkınmada Başarısızlığın Kökenleri Yeni Küresel Ekonomik Düzensizlik,Kitap > Ekonomi > Araştırma-İnceleme,Georges Corm,SİYASAL YAYIN GRUBU - KAMPANYA,4 / 5 (2 oy),83.0,3.0,0,0.0,"230,00",01.03.2010,TÜRKÇE,176,Karton Kapak,13.5 x 19.5 cm,Kitap Kağıdı,86.0,2.0,4.0,2.0,230.0,2010.0,176.0,Ekonomi,0,1,3,Diger,0,1,0,0,0,0,0,0,0,0,0,0.40793201133144474,0.2585034013605442,0.2867012089810017,0.005454545454545455,0.0,0.0,0.005263157894736842,0.75,0.00011010790574763268,0.17653167185877464
Alman Felsefesine Giriş,Kitap > Felsefe-Düşünce > Diğer,Andrew Bowie,SAY YAYIN GRUBU-KAMPANYA,,118.0,3.0,0,2.0,"200,00",09.03.2022,TÜRKÇE,160,Karton Kapak,13.5 x 21 cm,Kitap Kağıdı,106.0,0.0,5.0,5.5,200.0,2022.0,160.0,Felsefe-Düşünce,0,1,3,Felsefe-Düşünce,0,0,0,0,1,0,0,0,0,0,0,0.3399433427762039,0.2312925170068027,0.4075993091537133,0.005454545454545455,0.0,0.002098635886673662,0.0,1.0,0.000495485575864347,0.21806853582554517
Unutulmaz Gece,Kitap > Edebiyat > Roman (Çeviri) > Kitap > Orijinal Dil > İngilizce,Teresa Medeiros,PEGASUS YAYINLARI,4 / 5 (55 oy),289.5,16.0,1,59.0,"299,00",20.10.2014,TÜRKÇE,336,Karton Kapak,13.5 x 21 cm,Kitap Kağıdı,482.5,12.0,4.0,55.0,299.0,2014.0,336.0,Edebiyat,0,1,3,Edebiyat,0,0,0,1,0,0,0,0,0,0,0,0.5643059490084985,0.5306122448979591,1.0,0.02909090909090909,0.001937984496124031,0.06190975865687304,0.031578947368421054,0.75,0.005945826910372164,0.9999999999999999
Peggy Sue ve Hayaletler -3 / Uçurumdaki Kelebek,Kitap > Çocuk Kitapları > Roman > Kitap > Orijinal Dil > Fransızca,Serge Brussolo,PEGASUS  ÇOCUK YAYINLARI,5 / 5 (1 oy),24.0,3.0,0,4.0,"269,00",08.03.2014,TÜRKÇE,336,Karton Kapak,13.5 x 21 cm,Kitap Kağıdı,43.0,0.0,5.0,1.0,269.0,2014.0,336.0,Çocuk Kitapları,0,1,3,Çocuk Kitapları,0,0,0,0,0,0,0,0,0,1,0,0.49631728045325774,0.5306122448979591,0.08290155440414507,0.005454545454545455,0.0,0.004197271773347324,0.0,1.0,0.0,0.08722741433021806
Nakşidil,Kitap > Sinema-Tiyatro > Oyun (Yerli),Murat Aykaç Erginöz,ARİON YAYINLARI,,5.0,2.0,0,0.0,"200,00",25.03.2021,TÜRKÇE,104,Karton Kapak,14 x 20 cm,Kitap Kağıdı,55.0,0.0,5.0,5.5,200.0,2021.0,104.0,Sinema-Tiyatro,0,1,3,Diger,0,1,0,0,0,0,0,0,0,0,0,0.3399433427762039,0.1360544217687075,0.017271157167530225,0.0036363636363636364,0.0,0.0,0.0,1.0,0.000495485575864347,0.11214953271028037
Yarına Dönüş,Kitap > Edebiyat > Biyografi-Otobiyografi,Sigrid Undset,FİHRİST KİTAP,5 / 5 (9 oy),75.0,6.0,0,8.0,"259,50",21.07.2022,TÜRKÇE,178,Karton Kapak,13 x 19.5 cm,Kitap Kağıdı,134.0,7.0,5.0,9.0,259.5,2022.0,178.0,Edebiyat,0,1,3,Edebiyat,0,0,0,1,0,0,0,0,0,0,0,0.4747875354107648,0.2619047619047619,0.25906735751295334,0.01090909090909091,0.0,0.008394543546694649,0.018421052631578946,1.0,0.0008808632459810614,0.2762201453790239
Süreç mi Yaradılış mı?Çinli Aydınların Düşüncesine Giriş,Kitap > Felsefe-Düşünce > Doğu Felsefesi,François Jullien,METİS YAYINLARI,5 / 5 (10 oy),180.0,15.0,0,3.0,"276,00",28.02.2013,TÜRKÇE,256,Karton Kapak,13 x 19.5 cm,Kitap Kağıdı,173.0,3.0,5.0,10.0,276.0,2013.0,256.0,Felsefe-Düşünce,0,1,3,Felsefe-Düşünce,0,0,0,0,1,0,0,0,0,0,0,0.5121813031161473,0.3945578231292517,0.6217616580310881,0.02727272727272727,0.0,0.0031479538300104933,0.007894736842105263,1.0,0.000990971151728694,0.3572170301142264
Bilgeliğin Yedi Sütunu (10. Cilt),Kitap > Tarih > Araştırma-İnceleme,T.E. Lawrence,SARMAL KİTABEVİ,,29.0,1.0,0,1.0,"170,00",20.03.2024,TÜRKÇE,120,Karton Kapak,13.5 x 19.5 cm,Kitap Kağıdı,47.0,0.0,5.0,5.5,170.0,2024.0,120.0,Tarih,0,1,3,Tarih,0,0,0,0,0,0,0,0,1,0,0,0.27195467422096314,0.163265306122449,0.1001727115716753,0.0018181818181818182,0.0,0.001049317943336831,0.0,1.0,0.000495485575864347,0.09553478712357218
Dinle Sebastianİnsan Anadilinde mi Sever?,Kitap > Edebiyat > Roman (Yerli),Fulya Cansen,DESTEK YAYIN GRUBU-KAMPANYA,,1.0,0.0,0,0.0,"150,00",28.09.2021,TÜRKÇE,184,Karton Kapak,13.5 x 19.5 cm,Kitap Kağıdı,1.0,0.0,5.0,5.5,150.0,2021.0,184.0,Edebiyat,0,1,3,Edebiyat,0,0,0,1,0,0,0,0,0,0,0,0.22662889518413593,0.272108843537415,0.0034542314335060447,0.0,0.0,0.0,0.0,1.0,0.000495485575864347,0.0
Aşk Bahsi,Kitap > Edebiyat > Roman (Çeviri),Kathryn Caskie,PEGASUS YAYINLARI,4 / 5 (35 oy),204.0,9.0,0,27.0,"249,00",03.02.2014,TÜRKÇE,272,Karton Kapak,13.5 x 21 cm,Kitap Kağıdı,320.0,8.0,4.0,35.0,249.0,2014.0,272.0,Edebiyat,0,1,3,Edebiyat,0,0,0,1,0,0,0,0,0,0,0,0.4509915014164305,0.42176870748299317,0.7046632124352331,0.016363636363636365,0.0,0.02833158447009444,0.021052631578947368,0.75,0.003743668795419511,0.6625129802699895
Kul Hakları / Ayet-i Kerime ve Hadislerin Işığında (Kod:B44),Kitap > İslam > Kültür,Yusuf Tavaslı,TAVASLI YAYINLARI KAMPANYA,5 / 5 (2 oy),26.0,1.0,0,2.0,"220,00",01.01.2009,TÜRKÇE,480,Karton Kapak,13.5 x 19.5 cm,Kitap Kağıdı,59.0,0.0,5.0,2.0,220.0,2009.0,480.0,İslam,0,1,3,İslam,0,0,0,0,0,0,0,0,0,0,1,0.38526912181303113,0.7755102040816326,0.08981001727115716,0.0018181818181818182,0.0,0.002098635886673662,0.0,1.0,0.00011010790574763268,0.12045690550363447
Bu Ev Satılık Değil,Kitap > Edebiyat > Roman (Yerli),Selçuk Özyurt,BİYOGRAFİ.NET,5 / 5 (8 oy),33.0,5.0,1,8.0,"150,00",30.03.2023,TÜRKÇE,144,Karton Kapak,13.5 x 19.5 cm,Kitap Kağıdı,406.0,8.0,5.0,8.0,150.0,2023.0,144.0,Edebiyat,0,1,3,Edebiyat,0,0,0,1,0,0,0,0,0,0,0,0.22662889518413593,0.20408163265306123,0.11398963730569947,0.00909090909090909,0.001937984496124031,0.008394543546694649,0.021052631578947368,1.0,0.0007707553402334288,0.8411214953271028
Ejder Gizemi / Draki Serisi -2,Kitap > Edebiyat > Bilimkurgu-Fantazya > Kitap > Orijinal Dil > İngilizce,Sophie Jordan,PEGASUS YAYINLARI,4 / 5 (31 oy),189.0,10.0,2,27.0,"249,00",13.02.2014,TÜRKÇE,280,Karton Kapak,13.5 x 21 cm,Kitap Kağıdı,175.0,12.0,4.0,31.0,249.0,2014.0,280.0,Edebiyat,0,1,3,Edebiyat,0,0,0,1,0,0,0,0,0,0,0,0.4509915014164305,0.43537414965986393,0.6528497409326425,0.01818181818181818,0.003875968992248062,0.02833158447009444,0.031578947368421054,0.75,0.0033032371724289805,0.3613707165109034
Hayaller,Kitap > Edebiyat > Roman (Çeviri),Aprilynne Pike,PEGASUS YAYINLARI,5 / 5 (10 oy),145.0,7.0,0,16.0,"299,00",07.02.2014,TÜRKÇE,384,Karton Kapak,13.5 x 21 cm,Kitap Kağıdı,104.0,3.0,5.0,10.0,299.0,2014.0,384.0,Edebiyat,0,1,3,Edebiyat,0,0,0,1,0,0,0,0,0,0,0,0.5643059490084985,0.6122448979591836,0.5008635578583764,0.012727272727272728,0.0,0.016789087093389297,0.007894736842105263,1.0,0.000990971151728694,0.2139148494288681
40 İklim 1 Cennet Ramazan,Kitap > İslam > Kültür,40'lar Kulübü,40'LAR KULÜBÜ,5 / 5 (1 oy),12.0,1.0,1,2.0,"149,00",23.10.2015,TÜRKÇE,134,Karton Kapak,13.5 x 21 cm,Kitap Kağıdı,9.0,0.0,5.0,1.0,149.0,2015.0,134.0,İslam,0,1,3,İslam,0,0,0,0,0,0,0,0,0,0,1,0.2243626062322946,0.1870748299319728,0.04145077720207253,0.0018181818181818182,0.001937984496124031,0.002098635886673662,0.0,1.0,0.0,0.016614745586708203
Sherlock Holmes ve Dr. WatsonLady Frances Carfax’ın Kayboluşu - Wisteria Lodge Macerası,Kitap > Edebiyat > Polisiye,Sir Arthur Conan Doyle,MOTTO,4 / 5 (6 oy),30.0,2.0,0,6.0,"280,00",23.11.2022,TÜRKÇE,72,Karton Kapak,12.5 x 20.5 cm,Kitap Kağıdı,72.0,1.0,4.0,6.0,280.0,2022.0,72.0,Edebiyat,0,1,3,Edebiyat,0,0,0,1,0,0,0,0,0,0,0,0.5212464589235127,0.0816326530612245,0.10362694300518134,0.0036363636363636364,0.0,0.0062959076600209865,0.002631578947368421,0.75,0.0005505395287381633,0.14745586708203529
Bir Narsistin Cinayet Günlüğü,Kitap > Edebiyat > Polisiye,Aydın Benli,MERGEN YAYINLARI,5 / 5 (3 oy),30.0,2.0,0,1.0,"195,00",16.05.2023,TÜRKÇE,152,Karton Kapak,13 x 19.5 cm,Kitap Kağıdı,50.0,1.0,5.0,3.0,195.0,2023.0,152.0,Edebiyat,0,1,3,Edebiyat,0,0,0,1,0,0,0,0,0,0,0,0.32861189801699714,0.217687074829932,0.10362694300518134,0.0036363636363636364,0.0,0.001049317943336831,0.002631578947368421,1.0,0.00022021581149526536,0.10176531671858775
Ortak Bir Hayal Kurmak,Kitap > Ekonomi > Araştırma-İnceleme,Kemal Öztürk,YARIN YAYINCILIK,5 / 5 (8 oy),108.0,16.0,2,3.0,"550,50",17.12.2021,TÜRKÇE,301,Karton Kapak,13.5 x 21 cm,Kitap Kağıdı,231.0,5.0,5.0,8.0,491.25,2021.0,301.0,Ekonomi,0,1,3,Diger,0,1,0,0,0,0,0,0,0,0,0,1.0,0.47108843537414963,0.37305699481865284,0.02909090909090909,0.003875968992248062,0.0031479538300104933,0.013157894736842105,1.0,0.0007707553402334288,0.47767393561786087
Şahlar,Kitap > Edebiyat > Şiir (Yerli),Mevlüt Oğuz,KRONOLOJİ YAYINLARI,,1.0,0.0,0,1.0,"130,00",18.06.2021,TÜRKÇE,144,Karton Kapak,13 x 19 cm,Kitap Kağıdı,83.0,0.0,5.0,5.5,130.0,2021.0,144.0,Edebiyat,0,1,3,Edebiyat,0,0,0,1,0,0,0,0,0,0,0,0.18130311614730876,0.20408163265306123,0.0034542314335060447,0.0,0.0,0.001049317943336831,0.0,1.0,0.000495485575864347,0.17030114226375906
"""Tamamlandı Puzzle"" Bir Yokluğun Eksikti O da Geldi...",Kitap > Edebiyat > Şiir (Yerli),Abdulrahim Arslan,TRUVA YAYINLARI,5 / 5 (1 oy),3.0,0.0,0,1.0,"195,00",02.01.2023,TÜRKÇE,200,Karton Kapak,13.5 x 21 cm,Kitap Kağıdı,39.0,1.0,5.0,1.0,195.0,2023.0,200.0,Edebiyat,0,1,3,Edebiyat,0,0,0,1,0,0,0,0,0,0,0,0.32861189801699714,0.29931972789115646,0.010362694300518133,0.0,0.0,0.001049317943336831,0.002631578947368421,1.0,0.0,0.07892004153686397
Kan Kardeş,Kitap > Edebiyat > Roman (Çeviri) > Kitap > Orijinal Dil > Fransızca,Eric Giacometti,PEGASUS YAYINLARI,4 / 5 (12 oy),131.0,13.0,1,23.0,"319,00",03.03.2015,TÜRKÇE,480,Karton Kapak,13.5 x 21 cm,Kitap Kağıdı,165.0,5.0,4.0,12.0,319.0,2015.0,480.0,Edebiyat,0,1,3,Edebiyat,0,0,0,1,0,0,0,0,0,0,0,0.6096317280453257,0.7755102040816326,0.45250431778929184,0.023636363636363636,0.001937984496124031,0.024134312696747116,0.013157894736842105,0.75,0.0012111869632239595,0.3406022845275182
Süleyman Şah Türbesi,Kitap > Tarih > Araştırma-İnceleme,Erhan Afyoncu,YEDİTEPE YAYINEVİ-KAMPANYA,5 / 5 (14 oy),267.0,11.0,1,10.0,"550,00",06.04.2015,TÜRKÇE,184,Karton Kapak,20 x 25.5 cm,Kuşe Kağıt,178.0,7.0,5.0,14.0,491.25,2015.0,184.0,Tarih,0,1,4,Tarih,0,0,0,0,0,0,0,0,1,0,0,1.0,0.272108843537415,0.9222797927461139,0.02,0.001937984496124031,0.010493179433368312,0.018421052631578946,1.0,0.001431402774719225,0.367601246105919
Mimarlığın ABC'si,Kitap > Sanat > Mimari,Bülent Batuman,SAY YAYIN GRUBU-KAMPANYA,4 / 5 (9 oy),86.0,7.0,0,7.0,"250,00",07.02.2017,TÜRKÇE,192,Karton Kapak,13.5 x 21 cm,Kitap Kağıdı,83.0,3.0,4.0,9.0,250.0,2017.0,192.0,Sanat,0,1,3,Diger,0,1,0,0,0,0,0,0,0,0,0,0.45325779036827196,0.2857142857142857,0.2970639032815198,0.012727272727272728,0.0,0.007345225603357817,0.007894736842105263,0.75,0.0008808632459810614,0.17030114226375906
İbn Haldun Mukaddimesi'nde Şehir Sosyolojisi,Kitap > Sosyoloji > Araştırma-İnceleme,İzem Kezban Serin,URZENİ,5 / 5 (3 oy),92.0,9.0,1,1.0,"200,00",18.12.2020,TÜRKÇE,157,Karton Kapak,13 x 20 cm,Kitap Kağıdı,76.0,0.0,5.0,3.0,200.0,2020.0,157.0,Sosyoloji,0,1,3,Sosyoloji,0,0,0,0,0,0,0,1,0,0,0,0.3399433427762039,0.22619047619047616,0.3177892918825561,0.016363636363636365,0.001937984496124031,0.001049317943336831,0.0,1.0,0.00022021581149526536,0.1557632398753894
Belki de Gerçekten Mümkündür Dönmek,Kitap > Edebiyat > Hikaye (Yerli),Mustafa Okumuş,VACİLANDO KİTAP,5 / 5 (3 oy),16.0,1.0,1,4.0,"140,00",17.10.2022,TÜRKÇE,109,Karton Kapak,13.5 x 19.5 cm,Kitap Kağıdı,53.0,2.0,5.0,3.0,140.0,2022.0,109.0,Edebiyat,0,1,3,Edebiyat,0,0,0,1,0,0,0,0,0,0,0,0.20396600566572237,0.1445578231292517,0.055267702936096716,0.0018181818181818182,0.001937984496124031,0.004197271773347324,0.005263157894736842,1.0,0.00022021581149526536,0.10799584631360333
Fildişi İmparatorluğu / Temeraire Serisi 4,Kitap > Edebiyat > Bilimkurgu-Fantazya > Kitap > Orijinal Dil > İngilizce,Naomi Novik,PEGASUS YAYINLARI,4 / 5 (17 oy),125.0,9.0,0,18.0,"299,00",04.04.2014,TÜRKÇE,384,Karton Kapak,13.5 x 21 cm,Kitap Kağıdı,132.0,1.0,4.0,17.0,299.0,2014.0,384.0,Edebiyat,0,1,3,Edebiyat,0,0,0,1,0,0,0,0,0,0,0,0.5643059490084985,0.6122448979591836,0.4317789291882556,0.016363636363636365,0.0,0.01888772298006296,0.002631578947368421,0.75,0.0017617264919621229,0.2720664589823468
Boğaz'ın Altınları,Kitap > Edebiyat > Roman (Yerli),Hakan Kabasakal,ARİON YAYINLARI,,11.0,0.0,0,0.0,"400,00",29.11.2021,TÜRKÇE,240,Karton Kapak,13.5 x 21 cm,Kitap Kağıdı,29.0,0.0,5.0,5.5,400.0,2021.0,240.0,Edebiyat,0,1,3,Edebiyat,0,0,0,1,0,0,0,0,0,0,0,0.7932011331444758,0.3673469387755102,0.037996545768566495,0.0,0.0,0.0,0.0,1.0,0.000495485575864347,0.05815160955347871
Oscar Pillİki Krallık,Kitap > Edebiyat > Bilimkurgu-Fantazya > Kitap > Diğer > Gençlik Kitapları > Edebiyat > Kitap > Orijinal Dil > Fransızca,Eli Anderson,PEGASUS  ÇOCUK YAYINLARI,5 / 5 (7 oy),66.0,3.0,1,2.0,"295,00",23.10.2013,TÜRKÇE,576,Karton Kapak,13.5 x 21 cm,Kitap Kağıdı,55.0,3.0,5.0,7.0,295.0,2013.0,576.0,Edebiyat,0,1,3,Edebiyat,0,0,0,1,0,0,0,0,0,0,0,0.5552407932011331,0.9387755102040816,0.22797927461139894,0.005454545454545455,0.001937984496124031,0.002098635886673662,0.007894736842105263,1.0,0.0006606474344857962,0.11214953271028037
Yükseköğretim Kalite Süreçlerinde Uluslararası Yansımalar,Kitap > Akademik,Erdem  Yöntem,NET KİTAPLIK YAYINCILIK,,4.0,0.0,0,0.0,"485,00",14.08.2023,TÜRKÇE,304,Karton Kapak,13 x 20 cm,Kitap Kağıdı,2.0,0.0,5.0,5.5,485.0,2023.0,304.0,Akademik,0,1,3,Diger,0,1,0,0,0,0,0,0,0,0,0,0.9858356940509914,0.4761904761904762,0.013816925734024179,0.0,0.0,0.0,0.0,1.0,0.000495485575864347,0.0020768431983385254
Şişman Kızla Sohbetler,Kitap > Edebiyat > Roman (Çeviri),Liza Palmer,BİLGE KÜLTÜR SANAT,4 / 5 (5 oy),28.0,2.0,2,4.0,"250,00",16.08.2006,TÜRKÇE,304,Karton Kapak,13.5 x 21.5 cm,Kitap Kağıdı,57.0,2.0,4.0,5.0,250.0,2006.0,304.0,Edebiyat,0,1,3,Edebiyat,0,0,0,1,0,0,0,0,0,0,0,0.45325779036827196,0.4761904761904762,0.09671848013816925,0.0036363636363636364,0.003875968992248062,0.004197271773347324,0.005263157894736842,0.75,0.00044043162299053066,0.11630321910695743
Serseri Tutkular,Kitap > Edebiyat > Roman (Çeviri),Lorraine Heath,PEGASUS YAYINLARI,4 / 5 (24 oy),116.0,9.0,0,30.0,"299,00",22.02.2016,TÜRKÇE,336,Karton Kapak,13.5 x 21 cm,Kitap Kağıdı,227.0,7.0,4.0,24.0,299.0,2016.0,336.0,Edebiyat,0,1,3,Edebiyat,0,0,0,1,0,0,0,0,0,0,0,0.5643059490084985,0.5306122448979591,0.4006908462867012,0.016363636363636365,0.0,0.031479538300104935,0.018421052631578946,0.75,0.0025324818321955517,0.46936656282450673
Max ve Moritz (Çizimli)İki Afacanın Yedi Haylazlık Öyküsü,Kitap > Edebiyat > Roman (Çeviri),Wilhelm Busch,FİHRİST KİTAP,4 / 5 (4 oy),27.0,4.0,0,7.0,"209,50",27.04.2021,TÜRKÇE,136,Karton Kapak,13 x 19.5 cm,Kitap Kağıdı,182.0,1.0,4.0,4.0,209.5,2021.0,136.0,Edebiyat,0,1,3,Edebiyat,0,0,0,1,0,0,0,0,0,0,0,0.36147308781869686,0.19047619047619047,0.09326424870466321,0.007272727272727273,0.0,0.007345225603357817,0.002631578947368421,0.75,0.00033032371724289804,0.37590861889927313
Osmanlıdan Cumhuriyete Siyonizm Politikası,Kitap > Siyaset > Araştırma-İnceleme,Hasan Akbaş,PEON KİTAP,5 / 5 (1 oy),44.0,4.0,0,2.0,"150,00",22.01.2024,TÜRKÇE,224,Karton Kapak,13.5 x 21 cm,Kitap Kağıdı,110.0,0.0,5.0,1.0,150.0,2024.0,224.0,Siyaset,0,1,3,Siyaset,0,0,0,0,0,0,1,0,0,0,0,0.22662889518413593,0.3401360544217687,0.15198618307426598,0.007272727272727273,0.0,0.002098635886673662,0.0,1.0,0.0,0.22637590861889925
Eski HükümlülerEski Hükümlülerin Toplumla Bütünleşmeleri Üzerine Sosyolojik Bir Analiz,Kitap > Akademik > Sosyoloji İnceleme,Kıymet Gökçen Seçen,NET KİTAPLIK YAYINCILIK,,10.0,0.0,0,0.0,"330,00",04.11.2021,TÜRKÇE,192,Karton Kapak,13 x 20 cm,Kitap Kağıdı,53.0,0.0,5.0,5.5,330.0,2021.0,192.0,Akademik,0,1,3,Diger,0,1,0,0,0,0,0,0,0,0,0,0.6345609065155807,0.2857142857142857,0.03454231433506045,0.0,0.0,0.0,0.0,1.0,0.000495485575864347,0.10799584631360333
Casuslar TugayıNazi Atom Bombası Programının Durduruluşunun Nefes Kesici Öyküsü,Kitap > Bilim & Mühendislik > Diğer,Sam Kean,SAY YAYIN GRUBU-KAMPANYA,5 / 5 (5 oy),156.0,12.0,0,7.0,"400,00",22.10.2021,TÜRKÇE,488,Karton Kapak,13.5 x 21 cm,Kitap Kağıdı,100.0,3.0,5.0,5.0,400.0,2021.0,488.0,Bilim & Mühendislik,0,1,3,Bilim & Mühendislik,1,0,0,0,0,0,0,0,0,0,0,0.7932011331444758,0.7891156462585033,0.538860103626943,0.02181818181818182,0.0,0.007345225603357817,0.007894736842105263,1.0,0.00044043162299053066,0.205607476635514
Hazin Bir Aşkın Hikayesi Osmancıklı Âşık Ali AcıkHayatı-Sanatı-Eserleri,Kitap > Edebiyat > Şiir (Yerli),Zeki Gürel,NET KİTAPLIK YAYINCILIK,,1.0,0.0,0,0.0,"370,00",05.06.2023,TÜRKÇE,224,Karton Kapak,13 x 20 cm,Kitap Kağıdı,26.0,0.0,5.0,5.5,370.0,2023.0,224.0,Edebiyat,0,1,3,Edebiyat,0,0,0,1,0,0,0,0,0,0,0,0.725212464589235,0.3401360544217687,0.0034542314335060447,0.0,0.0,0.0,0.0,1.0,0.000495485575864347,0.05192107995846313
Bir Başka Dünyanın Çocukları Köpekler,Kitap > Hobi > Hayvanlar,Banu Aydın,İNKILAP KİTABEVİ-KAMPANYA,5 / 5 (6 oy),27.0,2.0,0,3.0,"545,00",17.03.2016,TÜRKÇE,143,Karton Kapak,15 x 21 cm,Kitap Kağıdı,61.0,2.0,5.0,6.0,491.25,2016.0,143.0,Hobi,0,1,3,Diger,0,1,0,0,0,0,0,0,0,0,0,1.0,0.20238095238095238,0.09326424870466321,0.0036363636363636364,0.0,0.0031479538300104933,0.005263157894736842,1.0,0.0005505395287381633,0.12461059190031153
Gizem Örge / Savunmanın Kraliçesi,Kitap > Spor > Biyografi,Can Eren,PETA KİTAP YAYINCILIK,5 / 5 (1 oy),13.0,1.0,0,1.0,"135,00",22.07.2024,TÜRKÇE,120,Karton Kapak,13.5 x 19.5 cm,Kitap Kağıdı,57.0,1.0,5.0,1.0,135.0,2024.0,120.0,Spor,0,1,3,Diger,0,1,0,0,0,0,0,0,0,0,0,0.19263456090651554,0.163265306122449,0.04490500863557858,0.0018181818181818182,0.0,0.001049317943336831,0.002631578947368421,1.0,0.0,0.11630321910695743
Kafes Çocukları - Tepetaklak,Kitap > Edebiyat > Roman (Yerli),Meliha Çalıkuşu,YEDİVEREN YAYIN GRUBU - KAMPANYA,5 / 5 (6 oy),16.0,1.0,0,3.0,"207,00",13.01.2020,TÜRKÇE,278,Karton Kapak,13.5 x 19.5 cm,Kitap Kağıdı,18.0,1.0,5.0,6.0,207.0,2020.0,278.0,Edebiyat,0,1,3,Edebiyat,0,0,0,1,0,0,0,0,0,0,0,0.35580736543909347,0.43197278911564624,0.055267702936096716,0.0018181818181818182,0.0,0.0031479538300104933,0.002631578947368421,1.0,0.0005505395287381633,0.03530633437175493
Fransız Devrimi (Karton Kapak),Kitap > Tarih > Araştırma-İnceleme,Emrah Safa Gürkan,TERAS KİTAP,5 / 5 (82 oy),289.5,98.0,7,105.0,"88,00",31.05.2022,TÜRKÇE,88,Karton Kapak,19.2 x 24.5 cm,1. Hm. Kağıt,482.5,29.0,5.0,82.0,88.0,2022.0,88.0,Tarih,0,1,0,Tarih,0,0,0,0,0,0,0,0,1,0,0,0.08611898016997167,0.108843537414966,1.0,0.1781818181818182,0.013565891472868217,0.11017838405036727,0.07631578947368421,1.0,0.008918740365558247,0.9999999999999999
Evlilik Şahane Bir Şeydir,Kitap > Sosyoloji > Diğer,Gülden Ohri  Akkoyun,YEDİVEREN YAYIN GRUBU - KAMPANYA,,10.0,0.0,0,0.0,"169,00",23.06.2023,TÜRKÇE,168,Karton Kapak,13.5 x 19.5 cm,Kitap Kağıdı,1.0,0.0,5.0,5.5,169.0,2023.0,168.0,Sosyoloji,0,1,3,Sosyoloji,0,0,0,0,0,0,0,1,0,0,0,0.2696883852691218,0.24489795918367346,0.03454231433506045,0.0,0.0,0.0,0.0,1.0,0.000495485575864347,0.0
Karanlığı Yırtan Kırk Çığlık,Kitap > Edebiyat > Deneme (Yerli),Kolektif,40'LAR KULÜBÜ,5 / 5 (2 oy),11.0,0.0,0,1.0,"149,00",27.04.2022,TÜRKÇE,148,Karton Kapak,13.5 x 21 cm,Kitap Kağıdı,9.0,0.0,5.0,2.0,149.0,2022.0,148.0,Edebiyat,0,1,3,Edebiyat,0,0,0,1,0,0,0,0,0,0,0,0.2243626062322946,0.2108843537414966,0.037996545768566495,0.0,0.0,0.001049317943336831,0.0,1.0,0.00011010790574763268,0.016614745586708203
Yönetim ve Dinin Lacancı Psikanalizi,Kitap > Felsefe-Düşünce > Diğer,Özge Kocakula,URZENİ,5 / 5 (1 oy),23.0,1.0,0,0.0,"420,00",28.12.2020,TÜRKÇE,339,Karton Kapak,13 x 20 cm,Kitap Kağıdı,48.0,1.0,5.0,1.0,420.0,2020.0,339.0,Felsefe-Düşünce,0,1,3,Felsefe-Düşünce,0,0,0,0,1,0,0,0,0,0,0,0.838526912181303,0.5357142857142857,0.07944732297063903,0.0018181818181818182,0.0,0.0,0.002631578947368421,1.0,0.0,0.0976116303219107
Kitaptaki Not,Kitap > Edebiyat > Roman (Yerli),Orhan T. Özdemir,SARMAL KİTABEVİ,,3.0,0.0,0,0.0,"240,00",11.01.2022,TÜRKÇE,254,Karton Kapak,13.5 x 21 cm,Kitap Kağıdı,10.0,0.0,5.0,5.5,240.0,2022.0,254.0,Edebiyat,0,1,3,Edebiyat,0,0,0,1,0,0,0,0,0,0,0,0.4305949008498583,0.391156462585034,0.010362694300518133,0.0,0.0,0.0,0.0,1.0,0.000495485575864347,0.018691588785046728
Esrarengiz Kalbim,Kitap > Sağlık-Tıp > Eğitim,Elnaz Hatami,OTORİTE YAYINLARI,5 / 5 (1 oy),14.0,1.0,0,1.0,"566,00",09.09.2024,TÜRKÇE,331,Karton Kapak,16 x 24 cm,Kitap Kağıdı,28.0,0.0,5.0,1.0,491.25,2024.0,331.0,Sağlık-Tıp,0,1,3,Diger,0,1,0,0,0,0,0,0,0,0,0,1.0,0.5221088435374149,0.048359240069084625,0.0018181818181818182,0.0,0.001049317943336831,0.0,1.0,0.0,0.056074766355140186
Richard Wagner Bayreuth'ta Çağa Aykırı Düşünceler IV,Kitap > Felsefe-Düşünce > Felsefe Metinleri > Kitap > Orijinal Dil > Almanca,Friedrich Nietzsche,SAY YAYIN GRUBU-KAMPANYA,4 / 5 (12 oy),236.0,13.0,0,5.0,"200,00",17.10.2012,TÜRKÇE,88,Karton Kapak,13.5 x 21 cm,3. Hm. Kağıt,167.0,3.0,4.0,12.0,200.0,2012.0,88.0,Felsefe-Düşünce,0,1,2,Felsefe-Düşünce,0,0,0,0,1,0,0,0,0,0,0,0.3399433427762039,0.108843537414966,0.8151986183074266,0.023636363636363636,0.0,0.005246589716684156,0.007894736842105263,0.75,0.0012111869632239595,0.34475597092419524
Asr-ı Saadet'te Türkler,Kitap > Tarih > Türk-Osmanlı,Ahmet Sarbay,BİYOGRAFİ.NET,4 / 5 (9 oy),149.0,4.0,0,5.0,"150,00",31.12.2020,TÜRKÇE,140,Karton Kapak,13.5 x 19.5 cm,Kitap Kağıdı,216.0,2.0,4.0,9.0,150.0,2020.0,140.0,Tarih,0,1,3,Tarih,0,0,0,0,0,0,0,0,1,0,0,0.22662889518413593,0.19727891156462585,0.5146804835924007,0.007272727272727273,0.0,0.005246589716684156,0.005263157894736842,0.75,0.0008808632459810614,0.446521287642783
Dinler Tarihinin 200’ü,Kitap > Din > Tarih > Kitap > İslam > Kültür,Hüseyin Yılmaz,OTTO,5 / 5 (12 oy),82.0,11.0,0,5.0,"300,00",18.10.2017,TÜRKÇE,312,Karton Kapak,16 x 21 cm,Kitap Kağıdı,138.0,3.0,5.0,12.0,300.0,2017.0,312.0,Din,0,1,3,Diger,0,1,0,0,0,0,0,0,0,0,0,0.5665722379603398,0.489795918367347,0.28324697754749567,0.02,0.0,0.005246589716684156,0.007894736842105263,1.0,0.0012111869632239595,0.284527518172378
Aşk Seninle Güzel,Kitap > Edebiyat > Roman (Çeviri),Suzanne Enoch,PEGASUS YAYINLARI,4 / 5 (28 oy),289.5,6.0,0,30.0,"299,00",08.08.2011,TÜRKÇE,384,Karton Kapak,13.5 x 21 cm,Kitap Kağıdı,267.0,19.0,4.0,28.0,299.0,2011.0,384.0,Edebiyat,0,1,3,Edebiyat,0,0,0,1,0,0,0,0,0,0,0,0.5643059490084985,0.6122448979591836,1.0,0.01090909090909091,0.0,0.031479538300104935,0.049999999999999996,0.75,0.0029729134551860826,0.5524402907580477
Büyülü Çemberi (Sihir Ateşi 2. Kitap),Kitap > Edebiyat > Bilimkurgu-Fantazya > Kitap > Orijinal Dil > İngilizce,Cate Tiernan,PEGASUS YAYINLARI,4 / 5 (10 oy),136.0,4.0,1,7.0,"299,00",11.06.2014,TÜRKÇE,448,Karton Kapak,13.5 x 21 cm,Kitap Kağıdı,93.0,2.0,4.0,10.0,299.0,2014.0,448.0,Edebiyat,0,1,3,Edebiyat,0,0,0,1,0,0,0,0,0,0,0,0.5643059490084985,0.7210884353741496,0.4697754749568221,0.007272727272727273,0.001937984496124031,0.007345225603357817,0.005263157894736842,0.75,0.000990971151728694,0.19106957424714432
O Dediğin Masallarda Olur Canım,Kitap > Edebiyat > Diğer,Özgür  Uysal,DESTEK YAYIN GRUBU-KAMPANYA,,19.0,1.0,0,1.0,"270,00",09.08.2022,TÜRKÇE,264,Karton Kapak,13.5 x 21 cm,Kitap Kağıdı,38.0,0.0,5.0,5.5,270.0,2022.0,264.0,Edebiyat,0,1,3,Edebiyat,0,0,0,1,0,0,0,0,0,0,0,0.49858356940509907,0.40816326530612246,0.06563039723661485,0.0018181818181818182,0.0,0.001049317943336831,0.0,1.0,0.000495485575864347,0.07684319833852545
Plotinus Yeni PlatonculukBüyük Düşünürlerden Yaşam Bilgeliği,Kitap > Felsefe-Düşünce > Filozoflar-Düşünürler,Turgut Özgüney,DESTEK YAYIN GRUBU-KAMPANYA,,9.0,0.0,0,0.0,"180,00",09.11.2021,TÜRKÇE,160,Karton Kapak,13.5 x 21 cm,Kitap Kağıdı,5.0,0.0,5.0,5.5,180.0,2021.0,160.0,Felsefe-Düşünce,0,1,3,Felsefe-Düşünce,0,0,0,0,1,0,0,0,0,0,0,0.29461756373937675,0.2312925170068027,0.031088082901554404,0.0,0.0,0.0,0.0,1.0,0.000495485575864347,0.008307372793354102
Muazzam Eğri,Kitap > Edebiyat > Şiir (Yerli),Berf  Çakmakcı,EPONA KİTAP,3 / 5 (3 oy),3.0,1.0,0,5.0,"148,00",18.05.2024,TÜRKÇE,45,Karton Kapak,12.5 x 19.5 cm,Kitap Kağıdı,119.0,1.0,3.0,3.0,148.0,2024.0,45.0,Edebiyat,0,1,3,Edebiyat,0,0,0,1,0,0,0,0,0,0,0,0.22209631728045326,0.03571428571428572,0.010362694300518133,0.0018181818181818182,0.0,0.005246589716684156,0.002631578947368421,0.5,0.00022021581149526536,0.24506749740394598
Miyav! Yarın Yeni Bir Hayata Başlıyorum,Kitap > Edebiyat > Roman (Çeviri) > Kitap > Orijinal Dil > Fransızca,Gilles Legardinier,PEGASUS YAYINLARI,4 / 5 (17 oy),79.0,10.0,1,17.0,"299,00",05.03.2015,TÜRKÇE,368,Karton Kapak,13.5 x 21 cm,Kitap Kağıdı,130.0,11.0,4.0,17.0,299.0,2015.0,368.0,Edebiyat,0,1,3,Edebiyat,0,0,0,1,0,0,0,0,0,0,0,0.5643059490084985,0.5850340136054422,0.27288428324697755,0.01818181818181818,0.001937984496124031,0.017838405036726127,0.02894736842105263,0.75,0.0017617264919621229,0.2679127725856698
Küçük Detaylar,Kitap > Edebiyat > Roman (Çeviri),Lauren Asher,OLİMPOS YAYINLARI,4 / 5 (50 oy),1.935,111.0,6,100.0,"349,00",11.10.2022,TÜRKÇE,432,Karton Kapak,13.5 x 21 cm,Kitap Kağıdı,482.5,31.0,4.0,50.0,349.0,2022.0,432.0,Edebiyat,0,1,3,Edebiyat,0,0,0,1,0,0,0,0,0,0,0,0.6776203966005665,0.693877551020408,0.006683937823834197,0.2018181818181818,0.011627906976744186,0.1049317943336831,0.08157894736842106,0.75,0.005395287381634001,0.9999999999999999
Sabahın İlk Işıkları,Kitap > Edebiyat > Roman (Çeviri) > Kitap > Orijinal Dil > İtalyanca,Fabio Volo,PEGASUS YAYINLARI,4 / 5 (162 oy),289.5,136.0,6,135.0,"249,00",22.06.2015,TÜRKÇE,264,Karton Kapak,13.5 x 21 cm,Kitap Kağıdı,482.5,82.0,4.0,162.0,249.0,2015.0,264.0,Edebiyat,0,1,3,Edebiyat,0,0,0,1,0,0,0,0,0,0,0,0.4509915014164305,0.40816326530612246,1.0,0.24727272727272728,0.011627906976744186,0.1416579223504722,0.21578947368421053,0.75,0.01772737282536886,0.9999999999999999
Bağ / Çoklu Dünyalar Serisi 2. Kitap,Kitap > Edebiyat > Bilimkurgu-Fantazya,Anna Jarzab,PEGASUS YAYINLARI,4 / 5 (15 oy),121.0,14.0,0,23.0,"299,00",12.04.2017,TÜRKÇE,336,Karton Kapak,13.5 x 21 cm,Kitap Kağıdı,101.0,8.0,4.0,15.0,299.0,2017.0,336.0,Edebiyat,0,1,3,Edebiyat,0,0,0,1,0,0,0,0,0,0,0,0.5643059490084985,0.5306122448979591,0.4179620034542314,0.025454545454545455,0.0,0.024134312696747116,0.021052631578947368,0.75,0.0015415106804668576,0.20768431983385252
Gazetecilik Zor Zanaat Vesselam!,Kitap > Siyaset > Aktüel Siyaset > Kitap > Diğer > İletişim-Medya,Erdal Güven,PEGASUS YAYINLARI,4 / 5 (37 oy),100.0,31.0,6,27.0,"219,00",19.07.2007,TÜRKÇE,208,Karton Kapak,13.5 x 21 cm,Kitap Kağıdı,482.5,14.0,4.0,37.0,219.0,2007.0,208.0,Siyaset,0,1,3,Siyaset,0,0,0,0,0,0,1,0,0,0,0,0.38300283286118975,0.3129251700680272,0.3454231433506045,0.056363636363636366,0.011627906976744186,0.02833158447009444,0.03684210526315789,0.75,0.003963884606914776,0.9999999999999999
Uçurum KırlangıçlarıSuriyeli Annelerin Gözünden Göç Olgusu,Kitap > Sosyoloji > Araştırma-İnceleme,Havvanur Özdemir,LEJAND,5 / 5 (1 oy),10.0,1.0,0,0.0,"180,00",12.03.2021,TÜRKÇE,182,Karton Kapak,13 x 19.5 cm,Kitap Kağıdı,180.0,1.0,5.0,1.0,180.0,2021.0,182.0,Sosyoloji,0,1,3,Sosyoloji,0,0,0,0,0,0,0,1,0,0,0,0.29461756373937675,0.2687074829931973,0.03454231433506045,0.0018181818181818182,0.0,0.0,0.002631578947368421,1.0,0.0,0.37175493250259606
Sonbahar Öpücüğü,Kitap > Diğer > Gençlik Kitapları > Edebiyat,Bella Thorne,PEGASUS YAYINLARI,4 / 5 (54 oy),289.5,51.0,3,50.0,"249,00",27.01.2017,TÜRKÇE,256,Karton Kapak,13.5 x 21 cm,Kitap Kağıdı,482.5,18.0,4.0,54.0,249.0,2017.0,256.0,Diğer,0,1,3,Diğer,0,0,1,0,0,0,0,0,0,0,0,0.4509915014164305,0.3945578231292517,1.0,0.09272727272727273,0.005813953488372093,0.05246589716684155,0.04736842105263158,0.75,0.005835719004624531,0.9999999999999999
Sevgiyi Sürdürme SanatıUzun Soluklu İlişkiler İçin Oyunun Kuralları,Kitap > Kişisel Gelişim,Alfons Vansteenwegen,DESTEK YAYIN GRUBU-KAMPANYA,,20.0,1.0,0,1.0,"280,00",17.10.2024,TÜRKÇE,306,Karton Kapak,13.5 x 21 cm,Kitap Kağıdı,16.0,0.0,5.0,5.5,280.0,2024.0,306.0,Kişisel Gelişim,0,1,3,Kişisel Gelişim,0,0,0,0,0,1,0,0,0,0,0,0.5212464589235127,0.4795918367346939,0.0690846286701209,0.0018181818181818182,0.0,0.001049317943336831,0.0,1.0,0.000495485575864347,0.03115264797507788
Siyasallaşan İslamofobiEleştirel Güvenlik Ekolü Perspektifinden Anti-İslamizm,Kitap > Siyaset > Araştırma-İnceleme,Cemile Bayraktar,LEJAND,5 / 5 (1 oy),49.0,3.0,0,3.0,"199,00",11.03.2024,TÜRKÇE,208,Karton Kapak,13 x 19.5 cm,Kitap Kağıdı,319.0,0.0,5.0,1.0,199.0,2024.0,208.0,Siyaset,0,1,3,Siyaset,0,0,0,0,0,0,1,0,0,0,0,0.3376770538243626,0.3129251700680272,0.1692573402417962,0.005454545454545455,0.0,0.0031479538300104933,0.0,1.0,0.0,0.660436137071651
Huzurun Tarifi Yok,Kitap > Edebiyat > Hikaye (Yerli),Şeyda Başer Eroğlu,EPONA KİTAP,4 / 5 (6 oy),18.0,2.0,3,6.0,"148,00",03.01.2022,TÜRKÇE,115,Karton Kapak,12.5 x 19.5 cm,Kitap Kağıdı,183.0,5.0,4.0,6.0,148.0,2022.0,115.0,Edebiyat,0,1,3,Edebiyat,0,0,0,1,0,0,0,0,0,0,0,0.22209631728045326,0.15476190476190477,0.06217616580310881,0.0036363636363636364,0.005813953488372093,0.0062959076600209865,0.013157894736842105,0.75,0.0005505395287381633,0.37798546209761164
Benim Saf Amcam ve Diğer Öyküler,Kitap > Edebiyat > Hikaye (Çeviri),Chae  Man-Sik,FİHRİST KİTAP,5 / 5 (4 oy),77.0,9.0,0,4.0,"229,50",01.02.2023,TÜRKÇE,152,Karton Kapak,13 x 19.5 cm,Kitap Kağıdı,63.0,2.0,5.0,4.0,229.5,2023.0,152.0,Edebiyat,0,1,3,Edebiyat,0,0,0,1,0,0,0,0,0,0,0,0.406798866855524,0.217687074829932,0.2659758203799654,0.016363636363636365,0.0,0.004197271773347324,0.005263157894736842,1.0,0.00033032371724289804,0.12876427829698855
Fransa'ya Osmanlı Tokadı,Kitap > Tarih > Araştırma-İnceleme,Erhan Afyoncu,YEDİTEPE YAYINEVİ-KAMPANYA,4 / 5 (65 oy),289.5,37.0,5,47.0,"200,00",27.12.2011,TÜRKÇE,216,Karton Kapak,13.5 x 21 cm,Kitap Kağıdı,482.5,25.0,4.0,65.0,200.0,2011.0,216.0,Tarih,0,1,3,Tarih,0,0,0,0,0,0,0,0,1,0,0,0.3399433427762039,0.32653061224489793,1.0,0.06727272727272728,0.009689922480620155,0.04931794333683106,0.06578947368421052,0.75,0.0070469059678484915,0.9999999999999999
Siyasi ve Sosyo-Kültürel Yönleriyle Vikingler,Kitap > Siyaset > Araştırma-İnceleme,Halil Yavaş,MOTTO,5 / 5 (10 oy),148.0,11.0,1,11.0,"493,00",13.02.2023,TÜRKÇE,554,Karton Kapak,14 x 23 cm,Kitap Kağıdı,158.0,5.0,5.0,10.0,491.25,2023.0,554.0,Siyaset,0,1,3,Siyaset,0,0,0,0,0,0,1,0,0,0,0,1.0,0.901360544217687,0.5112262521588946,0.02,0.001937984496124031,0.011542497376705142,0.013157894736842105,1.0,0.000990971151728694,0.3260643821391485
Derin Devlet ve Muhalefet Geleneği,Kitap > Siyaset > Devlet,Ahmet Özcan,YARIN YAYINCILIK,4 / 5 (10 oy),126.0,8.0,2,2.0,"210,50",17.12.2021,TÜRKÇE,237,Karton Kapak,13.5 x 21 cm,Kitap Kağıdı,132.0,5.0,4.0,10.0,210.5,2021.0,237.0,Siyaset,0,1,3,Siyaset,0,0,0,0,0,0,1,0,0,0,0,0.3637393767705382,0.3622448979591837,0.43523316062176165,0.014545454545454545,0.003875968992248062,0.002098635886673662,0.013157894736842105,0.75,0.000990971151728694,0.2720664589823468
Veysel,Kitap > Edebiyat > Biyografi-Otobiyografi,Akın Gülyurt,LEJAND,5 / 5 (3 oy),27.0,2.0,0,2.0,"120,00",09.06.2023,TÜRKÇE,90,Karton Kapak,13 x 19.5 cm,Kitap Kağıdı,161.0,1.0,5.0,3.0,120.0,2023.0,90.0,Edebiyat,0,1,3,Edebiyat,0,0,0,1,0,0,0,0,0,0,0,0.15864022662889515,0.11224489795918369,0.09326424870466321,0.0036363636363636364,0.0,0.002098635886673662,0.002631578947368421,1.0,0.00022021581149526536,0.3322949117341641
Diriliş Yolunda Bir Usta Kırk Çırak,Kitap > Edebiyat > Biyografi-Otobiyografi,40'lar Kulübü,40'LAR KULÜBÜ,5 / 5 (4 oy),41.0,0.0,0,2.0,"149,00",21.04.2022,TÜRKÇE,172,Karton Kapak,13.5 x 21 cm,Kitap Kağıdı,169.0,1.0,5.0,4.0,149.0,2022.0,172.0,Edebiyat,0,1,3,Edebiyat,0,0,0,1,0,0,0,0,0,0,0,0.2243626062322946,0.25170068027210885,0.14162348877374784,0.0,0.0,0.002098635886673662,0.002631578947368421,1.0,0.00033032371724289804,0.34890965732087226
Türk - Ermeni İlişkilerinin Yarını,Kitap > Siyaset > Araştırma-İnceleme,Kolektif,YEDİTEPE YAYINEVİ-KAMPANYA,5 / 5 (10 oy),53.0,9.0,0,5.0,"300,00",13.04.2016,TÜRKÇE,328,Karton Kapak,13.5 x 21 cm,Kitap Kağıdı,78.0,6.0,5.0,10.0,300.0,2016.0,328.0,Siyaset,0,1,3,Siyaset,0,0,0,0,0,0,1,0,0,0,0,0.5665722379603398,0.5170068027210883,0.18307426597582038,0.016363636363636365,0.0,0.005246589716684156,0.015789473684210527,1.0,0.000990971151728694,0.15991692627206644
Kırk Kutlu Yolcu,Kitap > Edebiyat > Anı (Hatırat),40'lar Kulübü,40'LAR KULÜBÜ,5 / 5 (4 oy),11.0,1.0,0,3.0,"149,00",06.07.2022,TÜRKÇE,238,Karton Kapak,13.5 x 21 cm,2. Hm. Kağıt,16.0,2.0,5.0,4.0,149.0,2022.0,238.0,Edebiyat,0,1,1,Edebiyat,0,0,0,1,0,0,0,0,0,0,0,0.2243626062322946,0.36394557823129253,0.037996545768566495,0.0018181818181818182,0.0,0.0031479538300104933,0.005263157894736842,1.0,0.00033032371724289804,0.03115264797507788
Sevda Mührünü Vurdum Yüreğime,Kitap > Edebiyat > Şiir (Yerli),Nesim Rüzgar Ulusoy,KUTLU YAYINEVİ,5 / 5 (2 oy),5.0,0.0,0,2.0,"120,00",12.02.2024,TÜRKÇE,94,Karton Kapak,13.5 x 19.5 cm,Kitap Kağıdı,56.0,0.0,5.0,2.0,120.0,2024.0,94.0,Edebiyat,0,1,3,Edebiyat,0,0,0,1,0,0,0,0,0,0,0,0.15864022662889515,0.11904761904761904,0.017271157167530225,0.0,0.0,0.002098635886673662,0.0,1.0,0.00011010790574763268,0.11422637590861891
Tek Satırlık Mutluluk,Kitap > Edebiyat > Şiir (Yerli),Suat Kızıl,FİHRİST KİTAP,5 / 5 (1 oy),15.0,3.0,0,0.0,"124,50",22.09.2022,TÜRKÇE,64,Karton Kapak,13 x 19.5 cm,Kitap Kağıdı,16.0,0.0,5.0,1.0,124.5,2022.0,64.0,Edebiyat,0,1,3,Edebiyat,0,0,0,1,0,0,0,0,0,0,0,0.16883852691218126,0.06802721088435373,0.05181347150259067,0.005454545454545455,0.0,0.0,0.0,1.0,0.0,0.03115264797507788
Aç Kalbini + Tanrı'yla Bütün İlişkimi Kestim (2 Kitap Kutulu Özel Set),Kitap > Edebiyat > Deneme (Çeviri),Katarina Mazetti,PEGASUS YAYINLARI,3 / 5 (3 oy),49.0,2.0,1,3.0,"488,00",25.04.2022,TÜRKÇE,376,Karton Kapak,13.5 x 21 cm,Kitap Kağıdı,49.0,3.0,3.0,3.0,488.0,2022.0,376.0,Edebiyat,0,1,3,Edebiyat,0,0,0,1,0,0,0,0,0,0,0,0.9926345609065155,0.5986394557823128,0.1692573402417962,0.0036363636363636364,0.001937984496124031,0.0031479538300104933,0.007894736842105263,0.5,0.00022021581149526536,0.09968847352024922
Akşam Yıldızı,Kitap > Edebiyat > Roman (Çeviri),Samantha James,PEGASUS YAYINLARI,4 / 5 (50 oy),289.5,14.0,0,49.0,"299,00",01.03.2011,TÜRKÇE,320,Karton Kapak,13.5 x 21 cm,Kitap Kağıdı,482.5,42.0,4.0,50.0,299.0,2011.0,320.0,Edebiyat,0,1,3,Edebiyat,0,0,0,1,0,0,0,0,0,0,0,0.5643059490084985,0.5034013605442176,1.0,0.025454545454545455,0.0,0.051416579223504726,0.11052631578947368,0.75,0.005395287381634001,0.9999999999999999
Rengini Benden Alan,Kitap > Edebiyat > Roman (Yerli),Ayşegül   Bayar,VACİLANDO KİTAP,5 / 5 (3 oy),19.0,5.0,0,3.0,"140,00",05.07.2023,TÜRKÇE,101,Karton Kapak,13.5 x 19.5 cm,Kitap Kağıdı,50.0,0.0,5.0,3.0,140.0,2023.0,101.0,Edebiyat,0,1,3,Edebiyat,0,0,0,1,0,0,0,0,0,0,0,0.20396600566572237,0.13095238095238096,0.06563039723661485,0.00909090909090909,0.0,0.0031479538300104933,0.0,1.0,0.00022021581149526536,0.10176531671858775
Serçe Risalesi,Kitap > Edebiyat > Hikaye (Yerli),Akif Hasan Kaya,İZ YAYINCILIK,5 / 5 (5 oy),53.0,7.0,1,5.0,"203,00",15.03.2021,TÜRKÇE,111,Karton Kapak,13.5 x 21 cm,Kitap Kağıdı,98.0,4.0,5.0,5.0,203.0,2021.0,111.0,Edebiyat,0,1,3,Edebiyat,0,0,0,1,0,0,0,0,0,0,0,0.346742209631728,0.14795918367346939,0.18307426597582038,0.012727272727272728,0.001937984496124031,0.005246589716684156,0.010526315789473684,1.0,0.00044043162299053066,0.20145379023883694
Asımın Neslinden Kırk Yürek,Kitap > Tarih > Kişiler,40'lar Kulübü,40'LAR KULÜBÜ,5 / 5 (5 oy),37.0,4.0,0,4.0,"149,00",23.10.2015,TÜRKÇE,167,Karton Kapak,13.5 x 21 cm,Kitap Kağıdı,121.0,2.0,5.0,5.0,149.0,2015.0,167.0,Tarih,0,1,3,Tarih,0,0,0,0,0,0,0,0,1,0,0,0.2243626062322946,0.24319727891156462,0.12780656303972365,0.007272727272727273,0.0,0.004197271773347324,0.005263157894736842,1.0,0.00044043162299053066,0.24922118380062305
Dijital Çağ Üzerine Düşünceler,Kitap > Akademik > Bilim,Milay Köktürk,NET KİTAPLIK YAYINCILIK,5 / 5 (1 oy),34.0,1.0,0,0.0,"535,00",04.11.2021,TÜRKÇE,340,Karton Kapak,13 x 20 cm,Kitap Kağıdı,60.0,0.0,5.0,1.0,491.25,2021.0,340.0,Akademik,0,1,3,Diger,0,1,0,0,0,0,0,0,0,0,0,1.0,0.5374149659863945,0.11744386873920552,0.0018181818181818182,0.0,0.0,0.0,1.0,0.0,0.122533748701973
Aleviliğin Temel İlkeri,Kitap > Din > Diğer,İsmail Metin,SARMAL KİTABEVİ,,21.0,1.0,0,1.0,"220,00",03.05.2021,TÜRKÇE,263,Karton Kapak,13.5 x 21 cm,Kitap Kağıdı,31.0,0.0,5.0,5.5,220.0,2021.0,263.0,Din,0,1,3,Diger,0,1,0,0,0,0,0,0,0,0,0,0.38526912181303113,0.4064625850340136,0.07253886010362694,0.0018181818181818182,0.0,0.001049317943336831,0.0,1.0,0.000495485575864347,0.06230529595015576
Esenlik Arayışı8 Gücünüzü Kullanmak,Kitap > Kişisel Gelişim,Anthony Strano,SİYASAL YAYIN GRUBU - KAMPANYA,2 / 5 (1 oy),22.0,0.0,0,0.0,"175,00",03.09.2016,TÜRKÇE,80,Karton Kapak,14 x 20 cm,Kitap Kağıdı,18.0,1.0,2.0,1.0,175.0,2016.0,80.0,Kişisel Gelişim,0,1,3,Kişisel Gelişim,0,0,0,0,0,1,0,0,0,0,0,0.2832861189801699,0.09523809523809523,0.07599309153713299,0.0,0.0,0.0,0.002631578947368421,0.25,0.0,0.03530633437175493
Sürgün Serisi Takım Set (3 Kitap),Kitap > Edebiyat > Roman (Çeviri),Lisa M. Stasse,PEGASUS YAYINLARI,4 / 5 (31 oy),289.5,41.0,3,28.0,"897,00",01.02.2020,TÜRKÇE,1096,Karton Kapak,13.5 x 21 cm,Kitap Kağıdı,482.5,17.0,4.0,31.0,491.25,2020.0,612.0,Edebiyat,0,1,3,Edebiyat,0,0,0,1,0,0,0,0,0,0,0,1.0,1.0,1.0,0.07454545454545454,0.005813953488372093,0.02938090241343127,0.04473684210526316,0.75,0.0033032371724289805,0.9999999999999999
Yaralı Şövalye,Kitap > Edebiyat > Roman (Çeviri),L. J. Shen,OLİMPOS YAYINLARI,4 / 5 (14 oy),289.5,28.0,0,28.0,"319,00",18.04.2023,TÜRKÇE,,Karton Kapak,13.5 x 21 cm,Kitap Kağıdı,482.5,10.0,4.0,14.0,319.0,2023.0,236.5,Edebiyat,0,1,3,Edebiyat,0,0,0,1,0,0,0,0,0,0,0,0.6096317280453257,0.36139455782312924,1.0,0.05090909090909091,0.0,0.02938090241343127,0.02631578947368421,0.75,0.001431402774719225,0.9999999999999999
Tanıklık Tutanağı,Kitap > Tarih > Araştırma-İnceleme,Solomon Volkov,SAY YAYIN GRUBU-KAMPANYA,5 / 5 (1 oy),44.0,3.0,1,0.0,"400,00",04.09.2023,TÜRKÇE,464,Karton Kapak,13.5 x 21 cm,Kitap Kağıdı,29.0,0.0,5.0,1.0,400.0,2023.0,464.0,Tarih,0,1,3,Tarih,0,0,0,0,0,0,0,0,1,0,0,0.7932011331444758,0.7482993197278911,0.15198618307426598,0.005454545454545455,0.001937984496124031,0.0,0.0,1.0,0.0,0.05815160955347871
Aşk Sarmalı,Kitap > Edebiyat > Roman (Çeviri),Liz Carlyle,PEGASUS YAYINLARI,4 / 5 (34 oy),286.0,9.0,0,32.0,"299,00",16.07.2012,TÜRKÇE,392,Karton Kapak,13.5 x 21 cm,Kitap Kağıdı,306.0,10.0,4.0,34.0,299.0,2012.0,392.0,Edebiyat,0,1,3,Edebiyat,0,0,0,1,0,0,0,0,0,0,0,0.5643059490084985,0.6258503401360543,0.9879101899827288,0.016363636363636365,0.0,0.033578174186778595,0.02631578947368421,0.75,0.0036335608896718784,0.6334371754932502
Sakal: Bir Direniş Sembolü,Kitap > Siyaset > Araştırma-İnceleme,Prof. Dr. Aytuğ Atıcı,SARMAL KİTABEVİ,5 / 5 (1 oy),9.0,0.0,0,0.0,"200,00",22.03.2021,TÜRKÇE,183,Karton Kapak,13.5 x 21 cm,Kitap Kağıdı,21.0,0.0,5.0,1.0,200.0,2021.0,183.0,Siyaset,0,1,3,Siyaset,0,0,0,0,0,0,1,0,0,0,0,0.3399433427762039,0.27040816326530615,0.031088082901554404,0.0,0.0,0.0,0.0,1.0,0.0,0.041536863966770504
Bir Darbe 40 R4bia,Kitap > Siyaset > Siyasal Yazılar-Tezler,40'lar Kulübü,40'LAR KULÜBÜ,5 / 5 (1 oy),24.0,2.0,0,2.0,"149,00",09.11.2015,TÜRKÇE,143,Karton Kapak,13.5 x 21 cm,Kitap Kağıdı,7.0,0.0,5.0,1.0,149.0,2015.0,143.0,Siyaset,0,1,3,Siyaset,0,0,0,0,0,0,1,0,0,0,0,0.2243626062322946,0.20238095238095238,0.08290155440414507,0.0036363636363636364,0.0,0.002098635886673662,0.0,1.0,0.0,0.012461059190031154
Suzan,Kitap > Edebiyat > Roman (Yerli),Merve Sağlar,ALAN YAYINCILIK,5 / 5 (2 oy),5.0,0.0,0,2.0,"626,00",07.10.2022,TÜRKÇE,512,Karton Kapak,13.5 x 19.5 cm,Kitap Kağıdı,115.0,2.0,5.0,2.0,491.25,2022.0,512.0,Edebiyat,0,1,3,Edebiyat,0,0,0,1,0,0,0,0,0,0,0,1.0,0.8299319727891156,0.017271157167530225,0.0,0.0,0.002098635886673662,0.005263157894736842,1.0,0.00011010790574763268,0.23676012461059187
Dış Politikada Hesaplaşmak,Kitap > Siyaset > Araştırma-İnceleme,Ali Balcı,LEJAND,4 / 5 (4 oy),35.0,5.0,1,1.0,"200,00",06.11.2020,TÜRKÇE,206,Karton Kapak,13 x 19.5 cm,Kitap Kağıdı,177.0,0.0,4.0,4.0,200.0,2020.0,206.0,Siyaset,0,1,3,Siyaset,0,0,0,0,0,0,1,0,0,0,0,0.3399433427762039,0.30952380952380953,0.12089810017271156,0.00909090909090909,0.001937984496124031,0.001049317943336831,0.0,0.75,0.00033032371724289804,0.3655244029075805
Stalin'in İnekleri,Kitap > Edebiyat > Roman (Çeviri) > Kitap > Orijinal Dil > Fince,Sofi Oksanen,PEGASUS YAYINLARI,4 / 5 (21 oy),172.0,11.0,1,15.0,"299,00",07.10.2013,TÜRKÇE,464,Karton Kapak,13.5 x 21 cm,Kitap Kağıdı,197.0,11.0,4.0,21.0,299.0,2013.0,464.0,Edebiyat,0,1,3,Edebiyat,0,0,0,1,0,0,0,0,0,0,0,0.5643059490084985,0.7482993197278911,0.5941278065630397,0.02,0.001937984496124031,0.015739769150052468,0.02894736842105263,0.75,0.002202158114952654,0.407061266874351
Açlık Oyunları Dünyası,Kitap > Edebiyat > Roman (Çeviri),Kate Egan,PEGASUS YAYINLARI,4 / 5 (102 oy),289.5,74.0,1,92.0,"299,00",23.03.2012,TÜRKÇE,192,Karton Kapak,13.5 x 20.3 cm,Kuşe Kağıt,482.5,42.0,4.0,102.0,299.0,2012.0,192.0,Edebiyat,0,1,4,Edebiyat,0,0,0,1,0,0,0,0,0,0,0,0.5643059490084985,0.2857142857142857,1.0,0.13454545454545455,0.001937984496124031,0.09653725078698847,0.11052631578947368,0.75,0.0111208984805109,0.9999999999999999
Kristal Kan,Kitap > Edebiyat > Roman (Çeviri) > Kitap > Orijinal Dil > Almanca,Nina Blazon,PEGASUS YAYINLARI,4 / 5 (4 oy),150.0,5.0,0,5.0,"299,00",08.08.2011,TÜRKÇE,360,Karton Kapak,13.5 x 21 cm,Kitap Kağıdı,52.0,4.0,4.0,4.0,299.0,2011.0,360.0,Edebiyat,0,1,3,Edebiyat,0,0,0,1,0,0,0,0,0,0,0,0.5643059490084985,0.5714285714285714,0.5181347150259067,0.00909090909090909,0.0,0.005246589716684156,0.010526315789473684,0.75,0.00033032371724289804,0.1059190031152648
Kırk Damla Hayat Su,Kitap > Edebiyat > Deneme (Yerli),40'lar Kulübü,40'LAR KULÜBÜ,4 / 5 (3 oy),17.0,3.0,0,3.0,"149,00",21.04.2022,TÜRKÇE,184,Karton Kapak,13.5 x 21 cm,Kitap Kağıdı,10.0,2.0,4.0,3.0,149.0,2022.0,184.0,Edebiyat,0,1,3,Edebiyat,0,0,0,1,0,0,0,0,0,0,0,0.2243626062322946,0.272108843537415,0.05872193436960276,0.005454545454545455,0.0,0.0031479538300104933,0.005263157894736842,0.75,0.00022021581149526536,0.018691588785046728
İblis Hançerleri / Acemi Cadı II,Kitap > Diğer > Gençlik Kitapları > Edebiyat > Kitap > Orijinal Dil > İngilizce,Rachel Hawkins,KARA KEDİ YAYINLARI,5 / 5 (34 oy),183.0,7.0,1,26.0,"240,00",07.03.2011,TÜRKÇE,304,Karton Kapak,13.5 x 19.5 cm,Kitap Kağıdı,261.0,12.0,5.0,34.0,240.0,2011.0,304.0,Diğer,0,1,3,Diğer,0,0,1,0,0,0,0,0,0,0,0,0.4305949008498583,0.4761904761904762,0.6321243523316062,0.012727272727272728,0.001937984496124031,0.02728226652675761,0.031578947368421054,1.0,0.0036335608896718784,0.5399792315680165
Sivil İtaatsizlikTeorik Temelleri ve Meşruiyeti Meselesi,Kitap > Siyaset > Araştırma-İnceleme,Dr. Şükrü Nişancı,LEJAND,5 / 5 (1 oy),31.0,1.0,1,1.0,"299,00",20.11.2020,TÜRKÇE,340,Karton Kapak,13 x 19.5 cm,Kitap Kağıdı,257.0,0.0,5.0,1.0,299.0,2020.0,340.0,Siyaset,0,1,3,Siyaset,0,0,0,0,0,0,1,0,0,0,0,0.5643059490084985,0.5374149659863945,0.1070811744386874,0.0018181818181818182,0.001937984496124031,0.001049317943336831,0.0,1.0,0.0,0.5316718587746625
Zanlı (Kate Waters Serisi 3),Kitap > Edebiyat > Roman (Çeviri),Fiona Barton,PEGASUS YAYINLARI,5 / 5 (12 oy),143.0,9.0,0,19.0,"319,00",15.09.2021,TÜRKÇE,456,Karton Kapak,13.5 x 21 cm,Kitap Kağıdı,163.0,8.0,5.0,12.0,319.0,2021.0,456.0,Edebiyat,0,1,3,Edebiyat,0,0,0,1,0,0,0,0,0,0,0,0.6096317280453257,0.7346938775510203,0.4939550949913644,0.016363636363636365,0.0,0.01993704092339979,0.021052631578947368,1.0,0.0012111869632239595,0.3364485981308411
Türkiye'nin Yaşayan En İyi Yazarı,Kitap > Edebiyat > Roman (Yerli),Polat Onat,FİHRİST KİTAP,5 / 5 (3 oy),43.0,1.0,1,11.0,"314,50",15.09.2021,TÜRKÇE,228,Karton Kapak,13 x 19.5 cm,Kitap Kağıdı,113.0,2.0,5.0,3.0,314.5,2021.0,228.0,Edebiyat,0,1,3,Edebiyat,0,0,0,1,0,0,0,0,0,0,0,0.5994334277620396,0.3469387755102041,0.1485319516407599,0.0018181818181818182,0.001937984496124031,0.011542497376705142,0.005263157894736842,1.0,0.00022021581149526536,0.23260643821391483
Attila ve Hun İmparatorluğu,Kitap > Tarih > Kişiler > Kitap > Tarih > Araştırma-İnceleme,Alperen Bayrak,YEDİVEREN YAYIN GRUBU - KAMPANYA,4 / 5 (12 oy),187.0,12.0,0,12.0,"299,00",06.10.2021,TÜRKÇE,328,Karton Kapak,13.5 x 21 cm,Kitap Kağıdı,128.0,6.0,4.0,12.0,299.0,2021.0,328.0,Tarih,0,1,3,Tarih,0,0,0,0,0,0,0,0,1,0,0,0.5643059490084985,0.5170068027210883,0.6459412780656304,0.02181818181818182,0.0,0.012591815320041973,0.015789473684210527,0.75,0.0012111869632239595,0.26375908618899274
Asrın Kuyusuna Kırk Damla Sosyal Medya,Kitap > Edebiyat > Deneme (Yerli),Kolektif,40'LAR KULÜBÜ,,7.0,3.0,0,0.0,"149,00",21.04.2022,TÜRKÇE,165,Karton Kapak,13.5 x 21 cm,Kitap Kağıdı,17.0,0.0,5.0,5.5,149.0,2022.0,165.0,Edebiyat,0,1,3,Edebiyat,0,0,0,1,0,0,0,0,0,0,0,0.2243626062322946,0.23979591836734693,0.024179620034542312,0.005454545454545455,0.0,0.0,0.0,1.0,0.000495485575864347,0.033229491173416406
"NöromatikManeviyatçılıktan Sibernetik Çağına Beynin, Zihnin ve Dinin Tarihi",Kitap > Tarih > Araştırma-İnceleme,John Lardas Modern,SAY YAYIN GRUBU-KAMPANYA,5 / 5 (4 oy),289.5,26.0,0,10.0,"550,00",23.02.2023,TÜRKÇE,520,Karton Kapak,13.5 x 21 cm,Kitap Kağıdı,157.0,2.0,5.0,4.0,491.25,2023.0,520.0,Tarih,0,1,3,Tarih,0,0,0,0,0,0,0,0,1,0,0,1.0,0.8435374149659863,1.0,0.04727272727272727,0.0,0.010493179433368312,0.005263157894736842,1.0,0.00033032371724289804,0.32398753894081
Hayalet Sevgilim,Kitap > Edebiyat > Roman (Çeviri),Laura Whitcomb,KARA KEDİ YAYINLARI,4 / 5 (31 oy),255.0,19.0,2,29.0,"240,00",04.07.2011,TÜRKÇE,304,Karton Kapak,13.5 x 19.5 cm,Kitap Kağıdı,257.0,22.0,4.0,31.0,240.0,2011.0,304.0,Edebiyat,0,1,3,Edebiyat,0,0,0,1,0,0,0,0,0,0,0,0.4305949008498583,0.4761904761904762,0.8808290155440414,0.034545454545454546,0.003875968992248062,0.030430220356768102,0.05789473684210526,0.75,0.0033032371724289805,0.5316718587746625
Çocuk Klasikleri (10 Kitap),Kitap > Çocuk Kitapları > Hikaye,Kolektif,ÖZYÜREK YAYINEVİ,5 / 5 (14 oy),35.0,3.0,0,11.0,"750,00",01.03.2016,TÜRKÇE,,Karton Kapak,13.5 x 19.5 cm,Kitap Kağıdı,259.0,12.0,5.0,14.0,491.25,2016.0,236.5,Çocuk Kitapları,0,1,3,Çocuk Kitapları,0,0,0,0,0,0,0,0,0,1,0,1.0,0.36139455782312924,0.12089810017271156,0.005454545454545455,0.0,0.011542497376705142,0.031578947368421054,1.0,0.001431402774719225,0.5358255451713395
Erkekliğin 100 Kuralı,Kitap > Kadın-Erkek > Erkek Kitapları > Kitap > Orijinal Dil > İngilizce,Jeff Wilser,SAY YAYIN GRUBU-KAMPANYA,4 / 5 (9 oy),161.0,11.0,2,6.0,"300,00",01.07.2013,TÜRKÇE,264,Karton Kapak,13.5 x 21 cm,Kitap Kağıdı,143.0,3.0,4.0,9.0,300.0,2013.0,264.0,Kadın-Erkek,0,1,3,Diger,0,1,0,0,0,0,0,0,0,0,0,0.5665722379603398,0.40816326530612246,0.5561312607944732,0.02,0.003875968992248062,0.0062959076600209865,0.007894736842105263,0.75,0.0008808632459810614,0.2949117341640706
Biyografi Analiz 3Kaos'a Karşı Düzen,Kitap > Siyaset > Araştırma-İnceleme,Hüdavendigar Onur,BİYOGRAFİ.NET,4 / 5 (2 oy),30.0,2.0,0,2.0,"276,00",31.12.2020,TÜRKÇE,228,Karton Kapak,19 x 28 cm,1. Hm. Kağıt,84.0,2.0,4.0,2.0,276.0,2020.0,228.0,Siyaset,0,1,0,Siyaset,0,0,0,0,0,0,1,0,0,0,0,0.5121813031161473,0.3469387755102041,0.10362694300518134,0.0036363636363636364,0.0,0.002098635886673662,0.005263157894736842,0.75,0.00011010790574763268,0.1723779854620976
Benim Yolum,Kitap > Müzik > Müzisyenler > Kitap > Diğer > Gençlik Kitapları > Edebiyat > Kitap > Sinema-Tiyatro > Sinema-Genel > Kitap > Orijinal Dil > İngilizce,Miley Cyrus,PEGASUS YAYINLARI,4 / 5 (60 oy),289.5,36.0,4,43.0,"269,00",13.05.2014,TÜRKÇE,304,Karton Kapak,13.5 x 21 cm,Kitap Kağıdı,482.5,21.0,4.0,60.0,269.0,2014.0,304.0,Müzik,0,1,3,Diger,0,1,0,0,0,0,0,0,0,0,0,0.49631728045325774,0.4761904761904762,1.0,0.06545454545454546,0.007751937984496124,0.04512067156348374,0.05526315789473684,0.75,0.006496366439110328,0.9999999999999999
Gizem Sirki / Tuhaf Maceralar 2. Kitap,Kitap > Diğer > Gençlik Kitapları > Edebiyat > Kitap > Orijinal Dil > İngilizce,Alexandra Adornetto,PEGASUS YAYINLARI,4 / 5 (1 oy),34.0,1.0,1,5.0,"299,00",15.01.2016,TÜRKÇE,400,Karton Kapak,13.5 x 21 cm,Kitap Kağıdı,12.0,0.0,4.0,1.0,299.0,2016.0,400.0,Diğer,0,1,3,Diğer,0,0,1,0,0,0,0,0,0,0,0,0.5643059490084985,0.6394557823129251,0.11744386873920552,0.0018181818181818182,0.001937984496124031,0.005246589716684156,0.0,0.75,0.0,0.02284527518172378
ValsPartneriniz Korku Kültürü,Kitap > Psikoloji > İnceleme,Dr. Meryem Çelik,URZENİ,,13.0,1.0,0,1.0,"220,00",03.05.2021,TÜRKÇE,189,Karton Kapak,13.5 x 21 cm,Kitap Kağıdı,8.0,0.0,5.0,5.5,220.0,2021.0,189.0,Psikoloji,0,1,3,Diger,0,1,0,0,0,0,0,0,0,0,0,0.38526912181303113,0.28061224489795916,0.04490500863557858,0.0018181818181818182,0.0,0.001049317943336831,0.0,1.0,0.000495485575864347,0.014537902388369679
Kısa Astronomi TarihiAntik Dönemden 20. Yüzyıla,Kitap > Bilim & Mühendislik > Bilim Tarihi,George Forbes,LİBERUS,4 / 5 (10 oy),281.0,18.0,0,8.0,"200,00",02.03.2023,TÜRKÇE,156,Karton Kapak,13 x 19.5 cm,Kitap Kağıdı,351.0,3.0,4.0,10.0,200.0,2023.0,156.0,Bilim & Mühendislik,0,1,3,Bilim & Mühendislik,1,0,0,0,0,0,0,0,0,0,0,0.3399433427762039,0.22448979591836737,0.9706390328151986,0.03272727272727273,0.0,0.008394543546694649,0.007894736842105263,0.75,0.000990971151728694,0.7268951194184838
Karabağ'da Savaşan Kadınlar,Kitap > Edebiyat > Biyografi-Otobiyografi,Ziya Şahin,BİYOGRAFİ.NET,,11.0,0.0,0,0.0,"400,00",06.04.2022,TÜRKÇE,360,Karton Kapak,13 x 19.5 cm,Kitap Kağıdı,46.0,0.0,5.0,5.5,400.0,2022.0,360.0,Edebiyat,0,1,3,Edebiyat,0,0,0,1,0,0,0,0,0,0,0,0.7932011331444758,0.5714285714285714,0.037996545768566495,0.0,0.0,0.0,0.0,1.0,0.000495485575864347,0.09345794392523364
"Anne, Baba ve Eğitimciler İçin Büyüme Sürecinde Sorunlar ve Çözüm Yolları",Kitap > Çocuk Kitapları > Ana-Baba kitapları > Kitap > Eğitim > Çocuk Eğitimi,,SARMAL KİTABEVİ,,19.0,0.0,0,0.0,"420,00",26.10.2020,TÜRKÇE,396,Karton Kapak,14 x 22 cm,Kitap Kağıdı,15.0,0.0,5.0,5.5,420.0,2020.0,396.0,Çocuk Kitapları,0,1,3,Çocuk Kitapları,0,0,0,0,0,0,0,0,0,1,0,0.838526912181303,0.6326530612244897,0.06563039723661485,0.0,0.0,0.0,0.0,1.0,0.000495485575864347,0.029075804776739357
Az Pişmiş Kelle / Bir Taşra Polisiyesi 3,Kitap > Edebiyat > Polisiye > Kitap > Orijinal Dil > Almanca,Rita Falk,PEGASUS YAYINLARI,4 / 5 (16 oy),54.0,6.0,0,14.0,"249,00",05.06.2006,TÜRKÇE,240,Karton Kapak,13.5 x 21 cm,Kitap Kağıdı,93.0,10.0,4.0,16.0,249.0,2006.0,240.0,Edebiyat,0,1,3,Edebiyat,0,0,0,1,0,0,0,0,0,0,0,0.4509915014164305,0.3673469387755102,0.18652849740932642,0.01090909090909091,0.0,0.014690451206715634,0.02631578947368421,0.75,0.0016516185862144902,0.19106957424714432
CapitalismEconomy of Consumption Deficiency,Kitap > Diğer Dildeki Yayınlar > İngilizce,Arif Cengiz Erman,SARMAL KİTABEVİ,5 / 5 (1 oy),10.0,0.0,0,0.0,"250,00",02.06.2023,İNGİLİZCE,219,Karton Kapak,13.5 x 19.5 cm,Kitap Kağıdı,13.0,0.0,5.0,1.0,250.0,2023.0,219.0,Diğer Dildeki Yayınlar,1,1,3,Diger,0,1,0,0,0,0,0,0,0,0,0,0.45325779036827196,0.33163265306122447,0.03454231433506045,0.0,0.0,0.0,0.0,1.0,0.0,0.024922118380062305
Hint Dini Tarihine Giriş,Kitap > Din > Tarih,D. S. Sarma,ATAÇ YAYINLARI - KAMPANYA,5 / 5 (37 oy),174.0,33.0,1,23.0,"90,00",06.02.2006,TÜRKÇE,110,Karton Kapak,13.5 x 21 cm,Kitap Kağıdı,482.5,15.0,5.0,37.0,90.0,2006.0,110.0,Din,0,1,3,Diger,0,1,0,0,0,0,0,0,0,0,0,0.0906515580736544,0.14625850340136054,0.6010362694300518,0.06,0.001937984496124031,0.024134312696747116,0.039473684210526314,1.0,0.003963884606914776,0.9999999999999999
Biz İse Yalnızca Arabalardık,Kitap > Edebiyat > Hikaye (Yerli),Alp  Türkol,VACİLANDO KİTAP,3 / 5 (4 oy),8.0,2.0,0,9.0,"140,00",01.09.2021,TÜRKÇE,76,Karton Kapak,13.5 x 19.5 cm,Kitap Kağıdı,51.0,2.0,3.0,4.0,140.0,2021.0,76.0,Edebiyat,0,1,3,Edebiyat,0,0,0,1,0,0,0,0,0,0,0,0.20396600566572237,0.08843537414965988,0.027633851468048358,0.0036363636363636364,0.0,0.00944386149003148,0.005263157894736842,0.5,0.00033032371724289804,0.10384215991692627
Okçu'nun Yolu,Kitap > Edebiyat > Roman (Çeviri),Paulo Coelho,CAN YAYINLARI,4 / 5 (374 oy),6.692,543.0,40,778.0,"285,00",23.09.2021,TÜRKÇE,168,Karton Kapak,12.5 x 19.5 cm,Kitap Kağıdı,482.5,204.0,4.0,374.0,285.0,2021.0,168.0,Edebiyat,0,1,3,Edebiyat,0,0,0,1,0,0,0,0,0,0,0,0.5325779036827195,0.24489795918367346,0.02311571675302245,0.9872727272727273,0.07751937984496124,0.8163693599160546,0.5368421052631579,0.75,0.04107024884386699,0.9999999999999999
Hayat Romana Benzemez,Kitap > Edebiyat > Anı (Hatırat) > Kitap > Edebiyat > Biyografi-Otobiyografi,Abdurrahman Fırat,PATARA KİTAP,5 / 5 (1 oy),9.0,1.0,0,3.0,"214,00",03.01.2024,TÜRKÇE,194,Karton Kapak,13.5 x 19.5 cm,Kitap Kağıdı,8.0,1.0,5.0,1.0,214.0,2024.0,194.0,Edebiyat,0,1,3,Edebiyat,0,0,0,1,0,0,0,0,0,0,0,0.37167138810198297,0.2891156462585034,0.031088082901554404,0.0018181818181818182,0.0,0.0031479538300104933,0.002631578947368421,1.0,0.0,0.014537902388369679
Kazara Tanrılar,Kitap > Edebiyat > Diğer,Anna Del Subin,DESTEK YAYIN GRUBU-KAMPANYA,5 / 5 (1 oy),6.0,1.0,0,0.0,"380,00",05.10.2023,TÜRKÇE,488,Karton Kapak,13.5 x 21 cm,Kitap Kağıdı,22.0,0.0,5.0,1.0,380.0,2023.0,488.0,Edebiyat,0,1,3,Edebiyat,0,0,0,1,0,0,0,0,0,0,0,0.7478753541076487,0.7891156462585033,0.020725388601036267,0.0018181818181818182,0.0,0.0,0.0,1.0,0.0,0.04361370716510903
Düşler Evi,Kitap > Edebiyat > Roman (Çeviri),Brenda Joyce,PEGASUS YAYINLARI,4 / 5 (14 oy),121.0,14.0,1,22.0,"299,00",26.11.2020,TÜRKÇE,504,Karton Kapak,13.5 x 21 cm,Kitap Kağıdı,346.0,8.0,4.0,14.0,299.0,2020.0,504.0,Edebiyat,0,1,3,Edebiyat,0,0,0,1,0,0,0,0,0,0,0,0.5643059490084985,0.8163265306122448,0.4179620034542314,0.025454545454545455,0.001937984496124031,0.023084994753410283,0.021052631578947368,0.75,0.001431402774719225,0.7165109034267912
ŞizofreniOluşum Nedenleri ve Görünümleri,Kitap > Sağlık-Tıp > Diğer,Uzm. Psikolog Metin Yetim,URZENİ,5 / 5 (2 oy),51.0,5.0,1,1.0,"170,00",19.10.2020,TÜRKÇE,114,Karton Kapak,13.5 x 21 cm,Kitap Kağıdı,68.0,0.0,5.0,2.0,170.0,2020.0,114.0,Sağlık-Tıp,0,1,3,Diger,0,1,0,0,0,0,0,0,0,0,0,0.27195467422096314,0.15306122448979592,0.17616580310880828,0.00909090909090909,0.001937984496124031,0.001049317943336831,0.0,1.0,0.00011010790574763268,0.1391484942886812
Şair Çıkmazı,Kitap > Edebiyat > Roman (Yerli),Kaan Polatlar,DOĞU KİTABEVİ,,3.0,0.0,0,0.0,"227,00",17.07.2024,TÜRKÇE,184,Karton Kapak,13.5 x 19.5 cm,Kitap Kağıdı,13.0,0.0,5.0,5.5,227.0,2024.0,184.0,Edebiyat,0,1,3,Edebiyat,0,0,0,1,0,0,0,0,0,0,0,0.40113314447592063,0.272108843537415,0.010362694300518133,0.0,0.0,0.0,0.0,1.0,0.000495485575864347,0.024922118380062305
Gelinciklerin Ölümü,Kitap > Edebiyat > Hikaye (Yerli),Almula Türedi,FİHRİST KİTAP,4 / 5 (3 oy),31.0,5.0,0,3.0,"199,50",08.12.2022,TÜRKÇE,128,Karton Kapak,13 x 19.5 cm,Kitap Kağıdı,180.0,0.0,4.0,3.0,199.5,2022.0,128.0,Edebiyat,0,1,3,Edebiyat,0,0,0,1,0,0,0,0,0,0,0,0.33881019830028325,0.17687074829931973,0.1070811744386874,0.00909090909090909,0.0,0.0031479538300104933,0.0,0.75,0.00022021581149526536,0.37175493250259606
Bir Avazda! / Hamilelik Söyleşileri,Kitap > Sosyoloji > Araştırma-İnceleme,Rita Ender,İLETİŞİM YAYINLARI KAMPANYA,5 / 5 (7 oy),82.0,7.0,0,6.0,"142,00",16.07.2021,TÜRKÇE,208,Karton Kapak,13 x 19.5 cm,Kitap Kağıdı,169.0,2.0,5.0,7.0,142.0,2021.0,208.0,Sosyoloji,0,1,3,Sosyoloji,0,0,0,0,0,0,0,1,0,0,0,0.2084985835694051,0.3129251700680272,0.28324697754749567,0.012727272727272728,0.0,0.0062959076600209865,0.005263157894736842,1.0,0.0006606474344857962,0.34890965732087226
Zoraki Prenses,Kitap > Edebiyat > Roman (Çeviri),Carolyn Q.Ebbitt,KARA KEDİ YAYINLARI,4 / 5 (18 oy),199.0,8.0,0,11.0,"250,00",01.07.2010,TÜRKÇE,304,Karton Kapak,13.5 x 19.5 cm,3. Hm. Kağıt,143.0,7.0,4.0,18.0,250.0,2010.0,304.0,Edebiyat,0,1,2,Edebiyat,0,0,0,1,0,0,0,0,0,0,0,0.45325779036827196,0.4761904761904762,0.6873920552677029,0.014545454545454545,0.0,0.011542497376705142,0.018421052631578946,0.75,0.0018718343977097555,0.2949117341640706
Resimdeki Boşluk,Kitap > Edebiyat > Diğer,Şenay Seba,ASİKİTAP KAMPANYA,5 / 5 (1 oy),10.0,5.0,1,1.0,"90,00",23.08.2023,TÜRKÇE,104,Karton Kapak,13.5 x 21 cm,Kitap Kağıdı,17.0,0.0,5.0,1.0,90.0,2023.0,104.0,Edebiyat,0,1,3,Edebiyat,0,0,0,1,0,0,0,0,0,0,0,0.0906515580736544,0.1360544217687075,0.03454231433506045,0.00909090909090909,0.001937984496124031,0.001049317943336831,0.0,1.0,0.0,0.033229491173416406
Karanlığın Esirleri,Kitap > Edebiyat > Roman (Yerli),Furkan Gürsu,YEDİVEREN YAYIN GRUBU - KAMPANYA,5 / 5 (3 oy),10.0,2.0,0,4.0,"150,00",15.03.2022,TÜRKÇE,184,Karton Kapak,13.5 x 19.5 cm,Kitap Kağıdı,78.0,3.0,5.0,3.0,150.0,2022.0,184.0,Edebiyat,0,1,3,Edebiyat,0,0,0,1,0,0,0,0,0,0,0,0.22662889518413593,0.272108843537415,0.03454231433506045,0.0036363636363636364,0.0,0.004197271773347324,0.007894736842105263,1.0,0.00022021581149526536,0.15991692627206644
Eriha'nın Duvarları,Kitap > Edebiyat > Roman (Çeviri),Rudolph Fisher,DEDALUS KİTAP,5 / 5 (2 oy),50.0,4.0,1,3.0,"220,00",23.08.2022,TÜRKÇE,214,Karton Kapak,13 x 20 cm,Kitap Kağıdı,105.0,2.0,5.0,2.0,220.0,2022.0,214.0,Edebiyat,0,1,3,Edebiyat,0,0,0,1,0,0,0,0,0,0,0,0.38526912181303113,0.32312925170068024,0.17271157167530224,0.007272727272727273,0.001937984496124031,0.0031479538300104933,0.005263157894736842,1.0,0.00011010790574763268,0.21599169262720663
Her Şeye İnat İkimiz,Kitap > Edebiyat > Roman (Yerli),Mikail Durhat,MERGEN YAYINLARI,5 / 5 (1 oy),7.0,1.0,0,0.0,"180,00",27.09.2023,TÜRKÇE,137,Karton Kapak,13 x 19.5 cm,Kitap Kağıdı,117.0,0.0,5.0,1.0,180.0,2023.0,137.0,Edebiyat,0,1,3,Edebiyat,0,0,0,1,0,0,0,0,0,0,0,0.29461756373937675,0.1921768707482993,0.024179620034542312,0.0018181818181818182,0.0,0.0,0.0,1.0,0.0,0.24091381100726894
Oracle,Kitap > Edebiyat > Hikaye (Çeviri),Catherine Fisher,PEGASUS  ÇOCUK YAYINLARI,,44.0,4.0,1,1.0,"299,00",01.01.2012,TÜRKÇE,336,Karton Kapak,13.5 x 19.5 cm,Kitap Kağıdı,22.0,0.0,5.0,5.5,299.0,2012.0,336.0,Edebiyat,0,1,3,Edebiyat,0,0,0,1,0,0,0,0,0,0,0,0.5643059490084985,0.5306122448979591,0.15198618307426598,0.007272727272727273,0.001937984496124031,0.001049317943336831,0.0,1.0,0.000495485575864347,0.04361370716510903
Erkeklerin Yoğun Olduğu Mesleklerde İletişimsel Bir Davranış Biçimi Olarak “Mansplaining”,Kitap > Kadın-Erkek > Genel,Meltem Kaya Sapmaz,URZENİ,,22.0,0.0,0,1.0,"320,00",27.07.2023,TÜRKÇE,312,Karton Kapak,13.5 x 19.5 cm,Kitap Kağıdı,28.0,0.0,5.0,5.5,320.0,2023.0,312.0,Kadın-Erkek,0,1,3,Diger,0,1,0,0,0,0,0,0,0,0,0,0.6118980169971671,0.489795918367347,0.07599309153713299,0.0,0.0,0.001049317943336831,0.0,1.0,0.000495485575864347,0.056074766355140186
Açlık Oyunları Resmi Film Kitabı,Kitap > Edebiyat > Roman (Çeviri),Kate Egan,PEGASUS YAYINLARI,4 / 5 (101 oy),289.5,65.0,5,68.0,"299,00",01.02.2012,TÜRKÇE,160,Karton Kapak,21.6 x 27.6 cm,Kuşe Kağıt,482.5,47.0,4.0,101.0,299.0,2012.0,160.0,Edebiyat,0,1,4,Edebiyat,0,0,0,1,0,0,0,0,0,0,0,0.5643059490084985,0.2312925170068027,1.0,0.11818181818181818,0.009689922480620155,0.07135362014690451,0.12368421052631579,0.75,0.011010790574763268,0.9999999999999999
Tanzimat'tan Milli Mücadele'ye Türkiye'de Siyasal Hayat,Kitap > Siyaset > Araştırma-İnceleme,Dr. Şükrü Nişancı,LEJAND,5 / 5 (6 oy),52.0,3.0,0,3.0,"299,00",10.04.2021,TÜRKÇE,328,Karton Kapak,13 x 19.5 cm,Kitap Kağıdı,196.0,1.0,5.0,6.0,299.0,2021.0,328.0,Siyaset,0,1,3,Siyaset,0,0,0,0,0,0,1,0,0,0,0,0.5643059490084985,0.5170068027210883,0.17962003454231432,0.005454545454545455,0.0,0.0031479538300104933,0.002631578947368421,1.0,0.0005505395287381633,0.40498442367601245
Sınav Zekası (EQ)Başarı Sihirbazlığı,Kitap > Kişisel Gelişim,Ferit Delen,LİKYA KİTAP,5 / 5 (1 oy),16.0,2.0,0,1.0,"388,00",02.05.2024,TÜRKÇE,352,Karton Kapak,13.5 x 21 cm,Kitap Kağıdı,34.0,0.0,5.0,1.0,388.0,2024.0,352.0,Kişisel Gelişim,0,1,3,Kişisel Gelişim,0,0,0,0,0,1,0,0,0,0,0,0.7660056657223795,0.5578231292517006,0.055267702936096716,0.0036363636363636364,0.0,0.001049317943336831,0.0,1.0,0.0,0.06853582554517135
Müzik Yapımı,Kitap > Müzik > Genel,Mehmet Emin Göktepe,SİYASAL YAYIN GRUBU - KAMPANYA,5 / 5 (1 oy),34.0,0.0,0,3.0,"225,00",15.09.2014,TÜRKÇE,168,Karton Kapak,14 x 20 cm,Kitap Kağıdı,47.0,1.0,5.0,1.0,225.0,2014.0,168.0,Müzik,0,1,3,Diger,0,1,0,0,0,0,0,0,0,0,0,0.39660056657223797,0.24489795918367346,0.11744386873920552,0.0,0.0,0.0031479538300104933,0.002631578947368421,1.0,0.0,0.09553478712357218
2 Usta 40 Çırak,Kitap > Edebiyat > Biyografi-Otobiyografi,40'lar Kulübü,40'LAR KULÜBÜ,5 / 5 (5 oy),44.0,5.0,0,4.0,"149,00",11.04.2022,TÜRKÇE,134,Karton Kapak,13.5 x 21 cm,Kitap Kağıdı,32.0,2.0,5.0,5.0,149.0,2022.0,134.0,Edebiyat,0,1,3,Edebiyat,0,0,0,1,0,0,0,0,0,0,0,0.2243626062322946,0.1870748299319728,0.15198618307426598,0.00909090909090909,0.0,0.004197271773347324,0.005263157894736842,1.0,0.00044043162299053066,0.06438213914849429
Yaşama Dair Öyküler,Kitap > Edebiyat > Hikaye (Çeviri),Mary Wollstonecraft,FİHRİST KİTAP,5 / 5 (4 oy),86.0,8.0,0,1.0,"179,50",11.01.2023,TÜRKÇE,112,Karton Kapak,13 x 19.5 cm,Kitap Kağıdı,107.0,1.0,5.0,4.0,179.5,2023.0,112.0,Edebiyat,0,1,3,Edebiyat,0,0,0,1,0,0,0,0,0,0,0,0.2934844192634561,0.14965986394557823,0.2970639032815198,0.014545454545454545,0.0,0.001049317943336831,0.002631578947368421,1.0,0.00033032371724289804,0.22014537902388367
Açlık Oyunları Rehberi,Kitap > Edebiyat > Roman (Çeviri),Caroline Carpenter,PEGASUS YAYINLARI - KAMPANYA,5 / 5 (76 oy),289.5,55.0,3,57.0,"299,00",03.05.2012,TÜRKÇE,192,Karton Kapak,13.8 x 21 cm,Kitap Kağıdı,482.5,41.0,5.0,76.0,299.0,2012.0,192.0,Edebiyat,0,1,3,Edebiyat,0,0,0,1,0,0,0,0,0,0,0,0.5643059490084985,0.2857142857142857,1.0,0.1,0.005813953488372093,0.05981112277019937,0.10789473684210527,1.0,0.00825809293107245,0.9999999999999999
Cennete Götüren Aşk Şehadet,Kitap > İslam > Araştırma-İnceleme,İlyas Özbay,ÇIRA YAYINLARI,5 / 5 (7 oy),122.0,19.0,1,9.0,"190,00",14.09.2020,TÜRKÇE,144,Karton Kapak,13.5 x 19.5 cm,Kitap Kağıdı,359.0,4.0,5.0,7.0,190.0,2020.0,144.0,İslam,0,1,3,İslam,0,0,0,0,0,0,0,0,0,0,1,0.31728045325779036,0.20408163265306123,0.42141623488773744,0.034545454545454546,0.001937984496124031,0.00944386149003148,0.010526315789473684,1.0,0.0006606474344857962,0.743509865005192
Kırkyama,Kitap > Edebiyat > Hikaye (Yerli),Demet Eker,EPONA KİTAP,5 / 5 (12 oy),43.0,8.0,0,9.0,"189,00",20.09.2022,TÜRKÇE,94,Karton Kapak,12.5 x 19.5 cm,Kitap Kağıdı,482.5,8.0,5.0,12.0,189.0,2022.0,94.0,Edebiyat,0,1,3,Edebiyat,0,0,0,1,0,0,0,0,0,0,0,0.315014164305949,0.11904761904761904,0.1485319516407599,0.014545454545454545,0.0,0.00944386149003148,0.021052631578947368,1.0,0.0012111869632239595,0.9999999999999999
Nordik Sinema,Kitap > Sinema-Tiyatro > Tiyatro-Genel,Elif Demoğlu,DOĞU KİTABEVİ,5 / 5 (3 oy),27.0,1.0,0,2.0,"650,00",14.03.2022,TÜRKÇE,296,Karton Kapak,16 x 23 cm,Kitap Kağıdı,221.0,0.0,5.0,3.0,491.25,2022.0,296.0,Sinema-Tiyatro,0,1,3,Diger,0,1,0,0,0,0,0,0,0,0,0,1.0,0.46258503401360546,0.09326424870466321,0.0018181818181818182,0.0,0.002098635886673662,0.0,1.0,0.00022021581149526536,0.45690550363447563
Hakas Kartalı Han MirgenSibirya Türk Şaman Mitolojisi II,Kitap > Diğer > Mitoloji,Timur Davletov,URZENİ,5 / 5 (1 oy),104.0,2.0,1,1.0,"250,00",27.09.2023,TÜRKÇE,192,Karton Kapak,13.5 x 19.5 cm,Kitap Kağıdı,80.0,0.0,5.0,1.0,250.0,2023.0,192.0,Diğer,0,1,3,Diğer,0,0,1,0,0,0,0,0,0,0,0,0.45325779036827196,0.2857142857142857,0.35924006908462863,0.0036363636363636364,0.001937984496124031,0.001049317943336831,0.0,1.0,0.0,0.16407061266874348
Lethe - Parçalanmış,Kitap > Edebiyat > Çizgi Roman,Dilara Özçelik,YEDİVEREN YAYIN GRUBU - KAMPANYA,4 / 5 (3 oy),53.0,8.0,0,6.0,"124,00",23.02.2022,TÜRKÇE,136,Karton Kapak,13.5 x 19.5 cm,Kitap Kağıdı,44.0,2.0,4.0,3.0,124.0,2022.0,136.0,Edebiyat,0,1,3,Edebiyat,0,0,0,1,0,0,0,0,0,0,0,0.1677053824362606,0.19047619047619047,0.18307426597582038,0.014545454545454545,0.0,0.0062959076600209865,0.005263157894736842,0.75,0.00022021581149526536,0.0893042575285566
Kahraman Bartekve Diğer Öyküler,Kitap > Edebiyat > Hikaye (Çeviri),Henryk Sienkiewicz,FİHRİST KİTAP,5 / 5 (5 oy),56.0,6.0,1,5.0,"229,50",02.10.2023,TÜRKÇE,154,Karton Kapak,13 x 19.5 cm,Kitap Kağıdı,211.0,4.0,5.0,5.0,229.5,2023.0,154.0,Edebiyat,0,1,3,Edebiyat,0,0,0,1,0,0,0,0,0,0,0,0.406798866855524,0.22108843537414968,0.1934369602763385,0.01090909090909091,0.001937984496124031,0.005246589716684156,0.010526315789473684,1.0,0.00044043162299053066,0.43613707165109034
Sinemanın Geleceği,Kitap > Sinema-Tiyatro > Oyun (Yerli),Fatih Yürür,DOĞU KİTABEVİ,4 / 5 (1 oy),8.0,1.0,0,0.0,"280,00",06.04.2022,TÜRKÇE,160,Karton Kapak,13.5 x 19.5 cm,Kitap Kağıdı,146.0,0.0,4.0,1.0,280.0,2022.0,160.0,Sinema-Tiyatro,0,1,3,Diger,0,1,0,0,0,0,0,0,0,0,0,0.5212464589235127,0.2312925170068027,0.027633851468048358,0.0018181818181818182,0.0,0.0,0.0,0.75,0.0,0.3011422637590862
Suriye Sendromu,Kitap > Siyaset > Bölgeler-Ülkeler > Kitap > Siyaset > Araştırma-İnceleme,Ali Bademci,YEDİTEPE YAYINEVİ-KAMPANYA,4 / 5 (7 oy),97.0,6.0,1,6.0,"330,00",20.09.2017,TÜRKÇE,368,Karton Kapak,13.5 x 21 cm,Kitap Kağıdı,102.0,2.0,4.0,7.0,330.0,2017.0,368.0,Siyaset,0,1,3,Siyaset,0,0,0,0,0,0,1,0,0,0,0,0.6345609065155807,0.5850340136054422,0.33506044905008636,0.01090909090909091,0.001937984496124031,0.0062959076600209865,0.005263157894736842,0.75,0.0006606474344857962,0.20976116303219106
Sosyal Psikolog Erol Güngör,Kitap > Edebiyat > Biyografi-Otobiyografi,Hüdavendigar Onur,BİYOGRAFİ.NET,,33.0,0.0,1,0.0,"250,00",03.11.2023,TÜRKÇE,246,Karton Kapak,13.5 x 19.5 cm,Kitap Kağıdı,54.0,0.0,5.0,5.5,250.0,2023.0,246.0,Edebiyat,0,1,3,Edebiyat,0,0,0,1,0,0,0,0,0,0,0,0.45325779036827196,0.37755102040816324,0.11398963730569947,0.0,0.001937984496124031,0.0,0.0,1.0,0.000495485575864347,0.11007268951194185
İntikam 251,Kitap > Edebiyat > Roman (Yerli),Uğur Bostan,MOTTO,5 / 5 (2 oy),17.0,7.0,1,1.0,"327,00",27.10.2021,TÜRKÇE,176,Karton Kapak,13.5 x 21 cm,Kitap Kağıdı,59.0,1.0,5.0,2.0,327.0,2021.0,176.0,Edebiyat,0,1,3,Edebiyat,0,0,0,1,0,0,0,0,0,0,0,0.6277620396600566,0.2585034013605442,0.05872193436960276,0.012727272727272728,0.001937984496124031,0.001049317943336831,0.002631578947368421,1.0,0.00011010790574763268,0.12045690550363447
Gideon / Gece Gezginleri 2,Kitap > Edebiyat > Roman (Çeviri),Jacquelyn Frank,PEGASUS YAYINLARI,5 / 5 (26 oy),93.0,11.0,0,31.0,"299,00",07.10.2016,TÜRKÇE,336,Karton Kapak,13.5 x 21 cm,Kitap Kağıdı,125.0,9.0,5.0,26.0,299.0,2016.0,336.0,Edebiyat,0,1,3,Edebiyat,0,0,0,1,0,0,0,0,0,0,0,0.5643059490084985,0.5306122448979591,0.32124352331606215,0.02,0.0,0.03252885624344176,0.02368421052631579,1.0,0.002752697643690817,0.25752855659397716
Poonachi veya Kara Keçinin Hikayesi,Kitap > Edebiyat > Roman (Çeviri),Perumal Murugan,DEDALUS KİTAP,4 / 5 (23 oy),207.0,26.0,4,21.0,"180,00",30.09.2024,TÜRKÇE,144,Karton Kapak,13 x 20 cm,Kitap Kağıdı,482.5,13.0,4.0,23.0,180.0,2024.0,144.0,Edebiyat,0,1,3,Edebiyat,0,0,0,1,0,0,0,0,0,0,0,0.29461756373937675,0.20408163265306123,0.7150259067357513,0.04727272727272727,0.007751937984496124,0.022035676810073453,0.034210526315789476,0.75,0.002422373926447919,0.9999999999999999
Orta Yaş ve Sonrasında Kadın Beyni,Kitap > Bilim & Mühendislik > Popüler Bilim,Prof. Dr. Louann Brizendine,SAY YAYIN GRUBU-KAMPANYA,,101.0,4.0,0,3.0,"450,00",09.06.2023,TÜRKÇE,384,Karton Kapak,13.5 x 21 cm,Kitap Kağıdı,66.0,0.0,5.0,5.5,450.0,2023.0,384.0,Bilim & Mühendislik,0,1,3,Bilim & Mühendislik,1,0,0,0,0,0,0,0,0,0,0,0.9065155807365439,0.6122448979591836,0.3488773747841105,0.007272727272727273,0.0,0.0031479538300104933,0.0,1.0,0.000495485575864347,0.13499480789200413
Benjamin / Fikir Mimarları Dizisi,Kitap > Felsefe-Düşünce > Filozoflar-Düşünürler,,SAY YAYIN GRUBU-KAMPANYA,5 / 5 (9 oy),251.0,8.0,1,8.0,"300,00",07.03.2013,TÜRKÇE,280,Karton Kapak,13.5 x 21 cm,Kitap Kağıdı,163.0,2.0,5.0,9.0,300.0,2013.0,280.0,Felsefe-Düşünce,0,1,3,Felsefe-Düşünce,0,0,0,0,1,0,0,0,0,0,0,0.5665722379603398,0.43537414965986393,0.8670120898100172,0.014545454545454545,0.001937984496124031,0.008394543546694649,0.005263157894736842,1.0,0.0008808632459810614,0.3364485981308411
Bazıları Hırçın Sever,Kitap > Edebiyat > Roman (Çeviri) > Kitap > Orijinal Dil > İngilizce,Teresa Medeiros,PEGASUS YAYINLARI,4 / 5 (40 oy),289.5,6.0,0,44.0,"299,00",18.07.2012,TÜRKÇE,336,Karton Kapak,13.5 x 21 cm,Kitap Kağıdı,437.0,8.0,4.0,40.0,299.0,2012.0,336.0,Edebiyat,0,1,3,Edebiyat,0,0,0,1,0,0,0,0,0,0,0,0.5643059490084985,0.5306122448979591,1.0,0.01090909090909091,0.0,0.046169989506820566,0.021052631578947368,0.75,0.004294208324157674,0.905503634475597
Karanlık Prens'in Gelini,Kitap > Edebiyat > Roman (Çeviri),Kresley Cole,PEGASUS YAYINLARI,5 / 5 (43 oy),195.0,19.0,1,47.0,"299,00",01.08.2016,TÜRKÇE,432,Karton Kapak,13.5 x 21 cm,Kitap Kağıdı,312.0,15.0,5.0,43.0,299.0,2016.0,432.0,Edebiyat,0,1,3,Edebiyat,0,0,0,1,0,0,0,0,0,0,0,0.5643059490084985,0.693877551020408,0.6735751295336787,0.034545454545454546,0.001937984496124031,0.04931794333683106,0.039473684210526314,1.0,0.004624532041400572,0.6458982346832813
Koşucu,Kitap > Edebiyat > Roman (Çeviri),John L. Parker Jr.,BİLGE KÜLTÜR SANAT,4 / 5 (9 oy),85.0,13.0,3,12.0,"240,00",02.01.2012,TÜRKÇE,288,Karton Kapak,13.5 x 21.5 cm,Kitap Kağıdı,226.0,2.0,4.0,9.0,240.0,2012.0,288.0,Edebiyat,0,1,3,Edebiyat,0,0,0,1,0,0,0,0,0,0,0,0.4305949008498583,0.4489795918367347,0.2936096718480138,0.023636363636363636,0.005813953488372093,0.012591815320041973,0.005263157894736842,0.75,0.0008808632459810614,0.4672897196261682
Osmanlı TarihiUlusların Öyküleri,Kitap > Tarih > Araştırma-İnceleme,Stanley Lane Poole,SAY YAYIN GRUBU-KAMPANYA,5 / 5 (6 oy),139.0,8.0,2,2.0,"250,00",09.08.2022,TÜRKÇE,280,Karton Kapak,13.5 x 21 cm,Kitap Kağıdı,59.0,2.0,5.0,6.0,250.0,2022.0,280.0,Tarih,0,1,3,Tarih,0,0,0,0,0,0,0,0,1,0,0,0.45325779036827196,0.43537414965986393,0.4801381692573402,0.014545454545454545,0.003875968992248062,0.002098635886673662,0.005263157894736842,1.0,0.0005505395287381633,0.12045690550363447
Liz Carlyle Romantik Kitaplar Takım Set (2 Kitap),Kitap > Edebiyat > Roman (Çeviri),Liz Carlyle,PEGASUS YAYINLARI,5 / 5 (19 oy),274.0,12.0,2,17.0,"598,00",31.01.2020,TÜRKÇE,792,Karton Kapak,13.5 x 21 cm,Kitap Kağıdı,456.0,11.0,5.0,19.0,491.25,2020.0,612.0,Edebiyat,0,1,3,Edebiyat,0,0,0,1,0,0,0,0,0,0,0,1.0,1.0,0.9464594127806563,0.02181818181818182,0.003875968992248062,0.017838405036726127,0.02894736842105263,1.0,0.001981942303457388,0.944963655244029
Orta Elçilikler Mektuplar,Kitap > Edebiyat > Mektup > Kitap > Orijinal Dil > İtalyanca,Niccolo Machiavelli,SAY YAYIN GRUBU-KAMPANYA,5 / 5 (8 oy),169.0,7.0,0,2.0,"300,00",06.12.2011,TÜRKÇE,312,Karton Kapak,13.5 x 21 cm,Kitap Kağıdı,81.0,3.0,5.0,8.0,300.0,2011.0,312.0,Edebiyat,0,1,3,Edebiyat,0,0,0,1,0,0,0,0,0,0,0,0.5665722379603398,0.489795918367347,0.5837651122625216,0.012727272727272728,0.0,0.002098635886673662,0.007894736842105263,1.0,0.0007707553402334288,0.16614745586708202
Eve Dönüş,Kitap > Edebiyat > Hikaye (Yerli),Kolektif,BANLİYÖ KİTAP,,8.0,1.0,0,1.0,"260,00",27.09.2024,TÜRKÇE,270,Karton Kapak,13.5 x 19.5 cm,Kitap Kağıdı,255.0,0.0,5.0,5.5,260.0,2024.0,270.0,Edebiyat,0,1,3,Edebiyat,0,0,0,1,0,0,0,0,0,0,0,0.4759206798866855,0.41836734693877553,0.027633851468048358,0.0018181818181818182,0.0,0.001049317943336831,0.0,1.0,0.000495485575864347,0.5275181723779854
Yemek Düşmanın Değildir,Kitap > Kişisel Gelişim,Doris Hofer,DESTEK YAYIN GRUBU-KAMPANYA,,3.0,0.0,0,0.0,"180,00",26.04.2022,TÜRKÇE,152,Karton Kapak,13.5 x 21 cm,Kitap Kağıdı,53.0,0.0,5.0,5.5,180.0,2022.0,152.0,Kişisel Gelişim,0,1,3,Kişisel Gelişim,0,0,0,0,0,1,0,0,0,0,0,0.29461756373937675,0.217687074829932,0.010362694300518133,0.0,0.0,0.0,0.0,1.0,0.000495485575864347,0.10799584631360333
Tunalı’da Son Bahar,Kitap > Edebiyat > Roman (Yerli),Nurdan İnan,SARMAL KİTABEVİ,,0.0,0.0,0,0.0,"200,00",31.07.2024,TÜRKÇE,166,Karton Kapak,13.5 x 19.5 cm,Kitap Kağıdı,21.0,0.0,5.0,5.5,200.0,2024.0,166.0,Edebiyat,0,1,3,Edebiyat,0,0,0,1,0,0,0,0,0,0,0,0.3399433427762039,0.24149659863945577,0.0,0.0,0.0,0.0,0.0,1.0,0.000495485575864347,0.041536863966770504
Umudun CesaretiAmerikan Rüyasını Canlandırmak Üzerine Düşünceler,Kitap > Siyaset > Siyasal Hayat (Dünya) > Kitap > Siyaset > Biyografi-Otobiyografi > Kitap > Siyaset > Bölgeler-Ülkeler,Barack Obama,PEGASUS YAYINLARI,4 / 5 (78 oy),289.5,68.0,4,42.0,"299,00",16.01.2009,TÜRKÇE,384,Karton Kapak,13.5 x 21 cm,Kitap Kağıdı,482.5,42.0,4.0,78.0,299.0,2009.0,384.0,Siyaset,0,1,3,Siyaset,0,0,0,0,0,0,1,0,0,0,0,0.5643059490084985,0.6122448979591836,1.0,0.12363636363636364,0.007751937984496124,0.04407135362014691,0.11052631578947368,0.75,0.008478308742567716,0.9999999999999999
Pellucidar VIIVahşi Pellucidar,Kitap > Edebiyat > Bilimkurgu-Fantazya,Edgar Rice Burroughs,FİHRİST KİTAP,5 / 5 (6 oy),40.0,9.0,0,2.0,"329,50",08.03.2024,TÜRKÇE,238,Karton Kapak,13 x 19.5 cm,Kitap Kağıdı,64.0,2.0,5.0,6.0,329.5,2024.0,238.0,Edebiyat,0,1,3,Edebiyat,0,0,0,1,0,0,0,0,0,0,0,0.63342776203966,0.36394557823129253,0.1381692573402418,0.016363636363636365,0.0,0.002098635886673662,0.005263157894736842,1.0,0.0005505395287381633,0.1308411214953271
Son Kızıl Elma Viyana 1683,Kitap > Edebiyat > Tarihi Roman,Dr. Maksut Sarı,DOĞU KİTABEVİ,5 / 5 (1 oy),20.0,0.0,0,1.0,"480,00",18.07.2024,TÜRKÇE,440,Karton Kapak,13.5 x 19.5 cm,Kitap Kağıdı,6.0,1.0,5.0,1.0,480.0,2024.0,440.0,Edebiyat,0,1,3,Edebiyat,0,0,0,1,0,0,0,0,0,0,0,0.9745042492917846,0.7074829931972788,0.0690846286701209,0.0,0.0,0.001049317943336831,0.002631578947368421,1.0,0.0,0.010384215991692626
Karanlıktan Gelen İblis,Kitap > Edebiyat > Roman (Çeviri),Kresley Cole,PEGASUS YAYINLARI,5 / 5 (43 oy),124.0,18.0,0,43.0,"299,00",15.06.2017,TÜRKÇE,432,Karton Kapak,13.5 x 21 cm,Kitap Kağıdı,248.0,18.0,5.0,43.0,299.0,2017.0,432.0,Edebiyat,0,1,3,Edebiyat,0,0,0,1,0,0,0,0,0,0,0,0.5643059490084985,0.693877551020408,0.4283246977547496,0.03272727272727273,0.0,0.04512067156348374,0.04736842105263158,1.0,0.004624532041400572,0.5129802699896158
Taksi Yolculuğunda Tanrı'yı Buldum.,Kitap > Kişisel Gelişim,Paul Arden,PEGASUS YAYINLARI,4 / 5 (122 oy),289.5,64.0,0,100.0,"249,00",08.03.2016,TÜRKÇE,128,Karton Kapak,12 x 17.8 cm,Kitap Kağıdı,482.5,68.0,4.0,122.0,249.0,2016.0,128.0,Kişisel Gelişim,0,1,3,Kişisel Gelişim,0,0,0,0,0,1,0,0,0,0,0,0.4509915014164305,0.17687074829931973,1.0,0.11636363636363636,0.0,0.1049317943336831,0.17894736842105263,0.75,0.013323056595463553,0.9999999999999999
50 Maddede Korku Sineması,Kitap > Sinema-Tiyatro > Sinema-Genel,Uğur Kılınç,DESTEK YAYIN GRUBU-KAMPANYA,,11.0,2.0,0,2.0,"240,00",10.11.2022,TÜRKÇE,294,Karton Kapak,11.5 x 17.5 cm,Kitap Kağıdı,10.0,0.0,5.0,5.5,240.0,2022.0,294.0,Sinema-Tiyatro,0,1,3,Diger,0,1,0,0,0,0,0,0,0,0,0,0.4305949008498583,0.45918367346938777,0.037996545768566495,0.0036363636363636364,0.0,0.002098635886673662,0.0,1.0,0.000495485575864347,0.018691588785046728
Yedi SigaraGüler G. ve Anberbu Dadı'nın Maceraları,Kitap > Edebiyat > Polisiye,Müzehher Va-Nu,SANAT KRİTİK YAYINCILIK,3 / 5 (1 oy),8.0,2.0,0,0.0,"250,00",29.05.2025,TÜRKÇE,268,Karton Kapak,13.5 x 19.5 cm,Kitap Kağıdı,30.0,0.0,3.0,1.0,250.0,2025.0,268.0,Edebiyat,0,1,3,Edebiyat,0,0,0,1,0,0,0,0,0,0,0,0.45325779036827196,0.41496598639455784,0.027633851468048358,0.0036363636363636364,0.0,0.0,0.0,0.5,0.0,0.060228452751817235
Sularda Resminiz,Kitap > Edebiyat > Şiir (Yerli),Özcan Temel,ARİON YAYINLARI,,1.0,1.0,0,0.0,"260,00",29.01.2022,TÜRKÇE,154,Karton Kapak,15 x 21 cm,Kitap Kağıdı,13.0,0.0,5.0,5.5,260.0,2022.0,154.0,Edebiyat,0,1,3,Edebiyat,0,0,0,1,0,0,0,0,0,0,0,0.4759206798866855,0.22108843537414968,0.0034542314335060447,0.0018181818181818182,0.0,0.0,0.0,1.0,0.000495485575864347,0.024922118380062305
Bu Bi Mucize,Kitap > Sosyoloji > Araştırma-İnceleme,Haluk Ziya Türkmen,HAYY KİTAP - KAMPANYA,4 / 5 (14 oy),152.0,20.0,1,14.0,"200,00",13.04.2020,TÜRKÇE,192,Karton Kapak,13.5 x 21 cm,Kitap Kağıdı,482.5,4.0,4.0,14.0,200.0,2020.0,192.0,Sosyoloji,0,1,3,Sosyoloji,0,0,0,0,0,0,0,1,0,0,0,0.3399433427762039,0.2857142857142857,0.5250431778929188,0.03636363636363636,0.001937984496124031,0.014690451206715634,0.010526315789473684,0.75,0.001431402774719225,0.9999999999999999
Akdeniz Medeniyetleri,Kitap > Tarih > Araştırma-İnceleme,Eric C. Dursteler,SAY YAYIN GRUBU-KAMPANYA,5 / 5 (16 oy),251.0,9.0,1,6.0,"500,00",01.08.2019,TÜRKÇE,576,Karton Kapak,13.5 x 21 cm,2. Hm. Kağıt,169.0,7.0,5.0,16.0,491.25,2019.0,576.0,Tarih,0,1,1,Tarih,0,0,0,0,0,0,0,0,1,0,0,1.0,0.9387755102040816,0.8670120898100172,0.016363636363636365,0.001937984496124031,0.0062959076600209865,0.018421052631578946,1.0,0.0016516185862144902,0.34890965732087226
Dijital Milli Güvenlik PolitikalarıMesele Siber Vatan,Kitap > Siyaset > Araştırma-İnceleme,Cem Bağcı,MOTTO,5 / 5 (1 oy),50.0,3.0,1,2.0,"356,00",27.05.2021,TÜRKÇE,236,Karton Kapak,13 x 19.5 cm,Kitap Kağıdı,118.0,0.0,5.0,1.0,356.0,2021.0,236.0,Siyaset,0,1,3,Siyaset,0,0,0,0,0,0,1,0,0,0,0,0.693484419263456,0.36054421768707484,0.17271157167530224,0.005454545454545455,0.001937984496124031,0.002098635886673662,0.0,1.0,0.0,0.24299065420560745
Kaldırımda Açan Kırk Çiçek,Kitap > Edebiyat > Deneme (Yerli),40'lar Kulübü,40'LAR KULÜBÜ,5 / 5 (2 oy),12.0,1.0,1,2.0,"99,00",23.05.2022,TÜRKÇE,128,Karton Kapak,13.5 x 21 cm,Kitap Kağıdı,11.0,0.0,5.0,2.0,99.0,2022.0,128.0,Edebiyat,0,1,3,Edebiyat,0,0,0,1,0,0,0,0,0,0,0,0.11104815864022662,0.17687074829931973,0.04145077720207253,0.0018181818181818182,0.001937984496124031,0.002098635886673662,0.0,1.0,0.00011010790574763268,0.020768431983385256
Ve Ben Beni Anladığımda,Kitap > Edebiyat > Roman (Yerli),Serdar Yeşilyurt,PATARA KİTAP,5 / 5 (1 oy),3.0,0.0,0,0.0,"259,00",25.08.2023,TÜRKÇE,264,Karton Kapak,13.5 x 19.5 cm,Kitap Kağıdı,77.0,0.0,5.0,1.0,259.0,2023.0,264.0,Edebiyat,0,1,3,Edebiyat,0,0,0,1,0,0,0,0,0,0,0,0.4736543909348442,0.40816326530612246,0.010362694300518133,0.0,0.0,0.0,0.0,1.0,0.0,0.15784008307372793
Cotard,Kitap > Edebiyat > Roman (Yerli),E. G. Kadam,KENT KİTAP,5 / 5 (2 oy),10.0,4.0,0,1.0,"292,00",02.05.2024,TÜRKÇE,300,Karton Kapak,13.5 x 19.5 cm,Kitap Kağıdı,47.0,2.0,5.0,2.0,292.0,2024.0,300.0,Edebiyat,0,1,3,Edebiyat,0,0,0,1,0,0,0,0,0,0,0,0.5484419263456091,0.46938775510204084,0.03454231433506045,0.007272727272727273,0.0,0.001049317943336831,0.005263157894736842,1.0,0.00011010790574763268,0.09553478712357218
Türkiye'nin Suyu 1.Cilt81 İlin Su Kaynakları / Potansiyeli ve Kalitesi,Kitap > Başvuru Kitapları,Eşref Atabey,SARMAL KİTABEVİ,,18.0,1.0,0,0.0,"550,00",31.07.2024,TÜRKÇE,445,Karton Kapak,16 x 24 cm,Kitap Kağıdı,22.0,0.0,5.0,5.5,491.25,2024.0,445.0,Başvuru Kitapları,0,1,3,Diger,0,1,0,0,0,0,0,0,0,0,0,1.0,0.7159863945578231,0.06217616580310881,0.0018181818181818182,0.0,0.0,0.0,1.0,0.000495485575864347,0.04361370716510903
Madam Sourdis ve Diğer Öyküler,Kitap > Edebiyat > Hikaye (Çeviri),Emile Zola,FİHRİST KİTAP,5 / 5 (5 oy),54.0,9.0,0,1.0,"224,50",18.04.2023,TÜRKÇE,150,Karton Kapak,13 x 19.5 cm,Kitap Kağıdı,108.0,1.0,5.0,5.0,224.5,2023.0,150.0,Edebiyat,0,1,3,Edebiyat,0,0,0,1,0,0,0,0,0,0,0,0.39546742209631724,0.2142857142857143,0.18652849740932642,0.016363636363636365,0.0,0.001049317943336831,0.002631578947368421,1.0,0.00044043162299053066,0.2222222222222222
Kanlı Parmak İzi,Kitap > Edebiyat > Roman (Çeviri),R. Austin Freeman,DEDALUS KİTAP,4 / 5 (1 oy),34.0,6.0,0,2.0,"240,00",10.07.2023,TÜRKÇE,242,Karton Kapak,13 x 20 cm,Kitap Kağıdı,97.0,0.0,4.0,1.0,240.0,2023.0,242.0,Edebiyat,0,1,3,Edebiyat,0,0,0,1,0,0,0,0,0,0,0,0.4305949008498583,0.37074829931972786,0.11744386873920552,0.01090909090909091,0.0,0.002098635886673662,0.0,0.75,0.0,0.19937694704049844
Yaşamın Şifresini DeğiştirmekGen Düzenleme Geleceğimizi Nasıl Yeniden Yazacak?,Kitap > Bilim & Mühendislik > Popüler Bilim,Nessa Carey,SAY YAYIN GRUBU-KAMPANYA,5 / 5 (4 oy),289.5,10.0,2,5.0,"250,00",23.02.2021,TÜRKÇE,192,Karton Kapak,13.5 x 21 cm,Kitap Kağıdı,199.0,2.0,5.0,4.0,250.0,2021.0,192.0,Bilim & Mühendislik,0,1,3,Bilim & Mühendislik,1,0,0,0,0,0,0,0,0,0,0,0.45325779036827196,0.2857142857142857,1.0,0.01818181818181818,0.003875968992248062,0.005246589716684156,0.005263157894736842,1.0,0.00033032371724289804,0.411214953271028
Genç Toplumbilimcilere 37 Ahlaki Buyruk,Kitap > Sosyoloji > Diğer,Gary T. Marx,URZENİ,,14.0,0.0,0,0.0,"150,00",22.01.2024,TÜRKÇE,94,Karton Kapak,13.5 x 19.5 cm,Kitap Kağıdı,15.0,0.0,5.0,5.5,150.0,2024.0,94.0,Sosyoloji,0,1,3,Sosyoloji,0,0,0,0,0,0,0,1,0,0,0,0.22662889518413593,0.11904761904761904,0.048359240069084625,0.0,0.0,0.0,0.0,1.0,0.000495485575864347,0.029075804776739357
Beklenti,Kitap > Diğer > Gençlik Kitapları > Edebiyat > Kitap > Orijinal Dil > İngilizce,Maggie Stiefvater,PEGASUS YAYINLARI,4 / 5 (40 oy),235.0,23.0,1,41.0,"299,00",23.11.2015,TÜRKÇE,384,Karton Kapak,13.5 x 21 cm,Kitap Kağıdı,222.0,15.0,4.0,40.0,299.0,2015.0,384.0,Diğer,0,1,3,Diğer,0,0,1,0,0,0,0,0,0,0,0,0.5643059490084985,0.6122448979591836,0.8117443868739205,0.04181818181818182,0.001937984496124031,0.04302203567681007,0.039473684210526314,0.75,0.004294208324157674,0.45898234683281414
Hacı Ali Amerika'da Bir Osmanlı Kovboyu 1. Kitap,Kitap > Edebiyat > Roman (Yerli),Eser Baykuş,ONUR KİTAP,,16.0,0.0,0,0.0,"450,00",19.03.2024,TÜRKÇE,389,Karton Kapak,13.5 x 21 cm,Kitap Kağıdı,5.0,0.0,5.0,5.5,450.0,2024.0,389.0,Edebiyat,0,1,3,Edebiyat,0,0,0,1,0,0,0,0,0,0,0,0.9065155807365439,0.6207482993197279,0.055267702936096716,0.0,0.0,0.0,0.0,1.0,0.000495485575864347,0.008307372793354102
Özgür Olmak İçin Güzel Bir Gün,Kitap > Edebiyat > Roman (Yerli),Özkan Sağın,HAYY KİTAP - KAMPANYA,5 / 5 (5 oy),127.0,19.0,1,5.0,"150,00",02.03.2022,TÜRKÇE,160,Karton Kapak,13.5 x 21 cm,Kitap Kağıdı,186.0,3.0,5.0,5.0,150.0,2022.0,160.0,Edebiyat,0,1,3,Edebiyat,0,0,0,1,0,0,0,0,0,0,0,0.22662889518413593,0.2312925170068027,0.4386873920552677,0.034545454545454546,0.001937984496124031,0.005246589716684156,0.007894736842105263,1.0,0.00044043162299053066,0.3842159916926272
Rabarba,Kitap > Edebiyat > Hikaye (Yerli),Kasım Hasan Ünal,HAYY KİTAP - KAMPANYA,5 / 5 (2 oy),27.0,5.0,0,3.0,"150,00",18.02.2021,TÜRKÇE,112,Karton Kapak,13.5 x 19.5 cm,Kitap Kağıdı,25.0,0.0,5.0,2.0,150.0,2021.0,112.0,Edebiyat,0,1,3,Edebiyat,0,0,0,1,0,0,0,0,0,0,0,0.22662889518413593,0.14965986394557823,0.09326424870466321,0.00909090909090909,0.0,0.0031479538300104933,0.0,1.0,0.00011010790574763268,0.04984423676012461
CandideYahut İyimserlik,Kitap > Edebiyat > Roman (Çeviri),Voltaire,SAY YAYIN GRUBU-KAMPANYA,5 / 5 (24 oy),289.5,20.0,0,29.0,"200,00",23.03.2022,TÜRKÇE,144,Karton Kapak,13 x 19.5 cm,Kitap Kağıdı,470.0,9.0,5.0,24.0,200.0,2022.0,144.0,Edebiyat,0,1,3,Edebiyat,0,0,0,1,0,0,0,0,0,0,0,0.3399433427762039,0.20408163265306123,1.0,0.03636363636363636,0.0,0.030430220356768102,0.02368421052631579,1.0,0.0025324818321955517,0.9740394600207684
Önemsiz Günler ve Haftalar,Kitap > Edebiyat > Deneme (Yerli),Haydar Ergülen,DESTEK YAYIN GRUBU-KAMPANYA,5 / 5 (1 oy),4.0,2.0,0,0.0,"150,00",22.04.2021,TÜRKÇE,192,Karton Kapak,13.5 x 19.5 cm,Kitap Kağıdı,11.0,1.0,5.0,1.0,150.0,2021.0,192.0,Edebiyat,0,1,3,Edebiyat,0,0,0,1,0,0,0,0,0,0,0,0.22662889518413593,0.2857142857142857,0.013816925734024179,0.0036363636363636364,0.0,0.0,0.002631578947368421,1.0,0.0,0.020768431983385256
Sansür ve İktidarCumhuriyet Dönemi Tehdit Algıları,Kitap > Tarih > Sosyal Tarih > Kitap > Tarih > Araştırma-İnceleme > Kitap > Diğer > İletişim-Medya,Deniz Güner,YEDİTEPE YAYINEVİ-KAMPANYA,5 / 5 (24 oy),141.0,11.0,1,6.0,"380,00",04.01.2016,TÜRKÇE,416,Karton Kapak,13.5 x 21 cm,Kitap Kağıdı,160.0,8.0,5.0,24.0,380.0,2016.0,416.0,Tarih,0,1,3,Tarih,0,0,0,0,0,0,0,0,1,0,0,0.7478753541076487,0.6666666666666666,0.4870466321243523,0.02,0.001937984496124031,0.0062959076600209865,0.021052631578947368,1.0,0.0025324818321955517,0.3302180685358255
Felaket Henry ve Mumyanın Gazabı,"Kitap > Çocuk Kitapları > 6-12 Yaş > Hikaye, Roman & Masal > Kitap > Orijinal Dil > İngilizce",Francesca Simon,İLETİŞİM YAYINLARI KAMPANYA,5 / 5 (11 oy),68.0,3.0,0,11.0,"73,00",01.08.2014,TÜRKÇE,87,Karton Kapak,13 x 19.5 cm,Kitap Kağıdı,338.0,4.0,5.0,11.0,73.0,2014.0,87.0,Çocuk Kitapları,0,1,3,Çocuk Kitapları,0,0,0,0,0,0,0,0,0,1,0,0.05212464589235129,0.10714285714285715,0.23488773747841105,0.005454545454545455,0.0,0.011542497376705142,0.010526315789473684,1.0,0.001101079057476327,0.699896157840083
Ganj'ın Gözyaşları,Kitap > Edebiyat > Roman (Yerli),İlhan Akın,PARŞÖMEN,5 / 5 (3 oy),22.0,1.0,0,2.0,"250,00",06.03.2025,TÜRKÇE,258,Karton Kapak,13.5 x 19.5 cm,Kitap Kağıdı,130.0,1.0,5.0,3.0,250.0,2025.0,258.0,Edebiyat,0,1,3,Edebiyat,0,0,0,1,0,0,0,0,0,0,0,0.45325779036827196,0.3979591836734694,0.07599309153713299,0.0018181818181818182,0.0,0.002098635886673662,0.002631578947368421,1.0,0.00022021581149526536,0.2679127725856698
Alevilikte Yüce Güç İnsan,Kitap > İslam > Tasavvuf > Kitap > İslam > Alevilik-Bektaşilik,İsmail Metin,URZENİ,1 / 5 (1 oy),9.0,1.0,0,0.0,"220,00",10.08.2023,TÜRKÇE,198,Karton Kapak,11 x 17 cm,Kitap Kağıdı,22.0,1.0,1.0,1.0,220.0,2023.0,198.0,İslam,0,1,3,İslam,0,0,0,0,0,0,0,0,0,0,1,0.38526912181303113,0.29591836734693877,0.031088082901554404,0.0018181818181818182,0.0,0.0,0.002631578947368421,0.0,0.0,0.04361370716510903
Mrksn,Kitap > Edebiyat > Roman (Yerli),Fatih Balkış,EPONA KİTAP,5 / 5 (1 oy),7.0,2.0,1,1.0,"158,00",27.08.2024,TÜRKÇE,104,Karton Kapak,12.5 x 19.5 cm,Kitap Kağıdı,148.0,0.0,5.0,1.0,158.0,2024.0,104.0,Edebiyat,0,1,3,Edebiyat,0,0,0,1,0,0,0,0,0,0,0,0.2447592067988668,0.1360544217687075,0.024179620034542312,0.0036363636363636364,0.001937984496124031,0.001049317943336831,0.0,1.0,0.0,0.3052959501557633
Kara KökenAntik Mısır’ın Tarih Öncesi Kökeni,Kitap > Tarih > Araştırma-İnceleme,Robert Bauval,SAY YAYIN GRUBU-KAMPANYA,4 / 5 (7 oy),126.0,8.0,0,6.0,"400,00",16.09.2020,TÜRKÇE,408,Karton Kapak,13.5 x 21 cm,Kitap Kağıdı,136.0,4.0,4.0,7.0,400.0,2020.0,408.0,Tarih,0,1,3,Tarih,0,0,0,0,0,0,0,0,1,0,0,0.7932011331444758,0.6530612244897959,0.43523316062176165,0.014545454545454545,0.0,0.0062959076600209865,0.010526315789473684,0.75,0.0006606474344857962,0.28037383177570097
Safranbolulu İzzet Mehmed Paşa ve DönemiBir Osmanlı Paşasının 69 Yıllık Serencamı,Kitap > Tarih > Türk-Osmanlı > Kitap > Tarih > Kişiler,Şefaattin Deniz,BİLGE KÜLTÜR SANAT,4 / 5 (4 oy),59.0,6.0,0,1.0,"250,00",10.02.2016,TÜRKÇE,352,Karton Kapak,12.5 x 19.5 cm,Kitap Kağıdı,51.0,2.0,4.0,4.0,250.0,2016.0,352.0,Tarih,0,1,3,Tarih,0,0,0,0,0,0,0,0,1,0,0,0.45325779036827196,0.5578231292517006,0.20379965457685664,0.01090909090909091,0.0,0.001049317943336831,0.005263157894736842,0.75,0.00033032371724289804,0.10384215991692627
Zaman ve Balık,Kitap > Edebiyat > Şiir (Yerli),Axel O. Karamercan,FİHRİST KİTAP,5 / 5 (1 oy),17.0,5.0,0,3.0,"144,50",24.07.2023,TÜRKÇE,80,Karton Kapak,13 x 19.5 cm,Kitap Kağıdı,41.0,1.0,5.0,1.0,144.5,2023.0,80.0,Edebiyat,0,1,3,Edebiyat,0,0,0,1,0,0,0,0,0,0,0,0.21416430594900848,0.09523809523809523,0.05872193436960276,0.00909090909090909,0.0,0.0031479538300104933,0.002631578947368421,1.0,0.0,0.08307372793354102
Bizim ÇocuklarUbuntu,Kitap > Çocuk Kitapları > Diğer,Gazi Koç,LOTİ KİTAP,5 / 5 (3 oy),26.0,8.0,0,4.0,"150,00",15.03.2023,TÜRKÇE,144,Karton Kapak,13.5 x 19.5 cm,Kitap Kağıdı,482.5,3.0,5.0,3.0,150.0,2023.0,144.0,Çocuk Kitapları,0,1,3,Çocuk Kitapları,0,0,0,0,0,0,0,0,0,1,0,0.22662889518413593,0.20408163265306123,0.08981001727115716,0.014545454545454545,0.0,0.004197271773347324,0.007894736842105263,1.0,0.00022021581149526536,0.9999999999999999
Çekirge Etkisi,Kitap > Siyaset > Araştırma-İnceleme,Gary A. Haugen,PİNHAN YAYINCILIK-KAMPANYA,5 / 5 (24 oy),140.0,10.0,2,13.0,"570,00",07.12.2015,TÜRKÇE,392,Karton Kapak,13.5 x 21.5 cm,Kitap Kağıdı,179.0,12.0,5.0,24.0,491.25,2015.0,392.0,Siyaset,0,1,3,Siyaset,0,0,0,0,0,0,1,0,0,0,0,1.0,0.6258503401360543,0.48359240069084625,0.01818181818181818,0.003875968992248062,0.013641133263378805,0.031578947368421054,1.0,0.0025324818321955517,0.36967808930425755
Ve Şarkılar Ölümü Çağırır,Kitap > Edebiyat > Roman (Yerli),M. Dilek Kızmaz,FİHRİST KİTAP,5 / 5 (6 oy),26.0,2.0,0,8.0,"459,50",07.06.2022,TÜRKÇE,352,Karton Kapak,13 x 19.5 cm,Kitap Kağıdı,63.0,5.0,5.0,6.0,459.5,2022.0,352.0,Edebiyat,0,1,3,Edebiyat,0,0,0,1,0,0,0,0,0,0,0,0.9280453257790366,0.5578231292517006,0.08981001727115716,0.0036363636363636364,0.0,0.008394543546694649,0.013157894736842105,1.0,0.0005505395287381633,0.12876427829698855
Türklerin Gözünden Akdeniz,Kitap > Akademik > Tarih İnceleme,Ergenekon Savrun,NET KİTAPLIK YAYINCILIK,5 / 5 (1 oy),25.0,0.0,0,0.0,"290,00",27.01.2023,TÜRKÇE,160,Karton Kapak,13 x 20 cm,Kitap Kağıdı,12.0,0.0,5.0,1.0,290.0,2023.0,160.0,Akademik,0,1,3,Diger,0,1,0,0,0,0,0,0,0,0,0,0.5439093484419263,0.2312925170068027,0.08635578583765112,0.0,0.0,0.0,0.0,1.0,0.0,0.02284527518172378
21. KoğuşNeyzen'le Akif,Kitap > Edebiyat > Hikaye (Yerli),Hüseyin Sorgun,LEJAND,4 / 5 (3 oy),33.0,3.0,0,1.0,"210,00",29.12.2021,TÜRKÇE,234,Karton Kapak,13 x 19.5 cm,Kitap Kağıdı,378.0,2.0,4.0,3.0,210.0,2021.0,234.0,Edebiyat,0,1,3,Edebiyat,0,0,0,1,0,0,0,0,0,0,0,0.3626062322946175,0.35714285714285715,0.11398963730569947,0.005454545454545455,0.0,0.001049317943336831,0.005263157894736842,0.75,0.00022021581149526536,0.782969885773624
Duan Kadar Varsın,Kitap > Edebiyat > Roman (Yerli),Bilal Civelek,YEDİVEREN YAYIN GRUBU - KAMPANYA,5 / 5 (4 oy),58.0,4.0,1,3.0,"189,00",27.03.2023,TÜRKÇE,232,Karton Kapak,13.5 x 19.5 cm,Kitap Kağıdı,55.0,3.0,5.0,4.0,189.0,2023.0,232.0,Edebiyat,0,1,3,Edebiyat,0,0,0,1,0,0,0,0,0,0,0,0.315014164305949,0.35374149659863946,0.2003454231433506,0.007272727272727273,0.001937984496124031,0.0031479538300104933,0.007894736842105263,1.0,0.00033032371724289804,0.11214953271028037
Arkadaşlığımız Sonsuza Kadar Sürecek,Kitap > Edebiyat > Roman (Yerli),Mina Şimal Alioğlu,DESTEK YAYIN GRUBU-KAMPANYA,5 / 5 (1 oy),2.0,0.0,0,0.0,"160,00",31.03.2020,TÜRKÇE,168,Karton Kapak,11.5 x 17.5 cm,Kitap Kağıdı,1.0,1.0,5.0,1.0,160.0,2020.0,168.0,Edebiyat,0,1,3,Edebiyat,0,0,0,1,0,0,0,0,0,0,0,0.24929178470254953,0.24489795918367346,0.0069084628670120895,0.0,0.0,0.0,0.002631578947368421,1.0,0.0,0.0
Faust,Kitap > Edebiyat > Roman (Çeviri) > Kitap > Edebiyat > 100 Temel Eser,Johann Wolfgang Goethe,İSKELE YAYINCILIK,4 / 5 (68 oy),1.069,72.0,7,83.0,"195,00",27.10.2022,TÜRKÇE,332,Karton Kapak,13.5 x 19.5 cm,Kitap Kağıdı,482.5,39.0,4.0,68.0,195.0,2022.0,332.0,Edebiyat,0,1,3,Edebiyat,0,0,0,1,0,0,0,0,0,0,0,0.32861189801699714,0.5238095238095237,0.0036925734024179616,0.13090909090909092,0.013565891472868217,0.08709338929695698,0.10263157894736842,0.75,0.007377229685091389,0.9999999999999999
Erdemliler Cemiyeti Hılfü’l-fudûl,Kitap > Edebiyat > Diğer,Kaan Demirdöven,DESTEK YAYIN GRUBU-KAMPANYA,,8.0,1.0,0,0.0,"180,00",25.10.2024,TÜRKÇE,152,Karton Kapak,13.5 x 19.5 cm,Kitap Kağıdı,12.0,0.0,5.0,5.5,180.0,2024.0,152.0,Edebiyat,0,1,3,Edebiyat,0,0,0,1,0,0,0,0,0,0,0,0.29461756373937675,0.217687074829932,0.027633851468048358,0.0018181818181818182,0.0,0.0,0.0,1.0,0.000495485575864347,0.02284527518172378
Üniversiteler Üzerine,Kitap > Felsefe-Düşünce > Diğer,John Stuart Mill,FİHRİST KİTAP,5 / 5 (6 oy),163.0,6.0,0,10.0,"164,50",10.08.2021,TÜRKÇE,96,Karton Kapak,13 x 19.5 cm,Kitap Kağıdı,270.0,3.0,5.0,6.0,164.5,2021.0,96.0,Felsefe-Düşünce,0,1,3,Felsefe-Düşünce,0,0,0,0,1,0,0,0,0,0,0,0.25949008498583565,0.12244897959183673,0.5630397236614852,0.01090909090909091,0.0,0.010493179433368312,0.007894736842105263,1.0,0.0005505395287381633,0.5586708203530633
Meskalin 60 Draje,Kitap > Edebiyat > Deneme (Yerli),Murathan Mungan,METİS YAYINLARI,5 / 5 (10 oy),171.0,9.0,0,14.0,"285,00",15.09.2017,TÜRKÇE,259,Karton Kapak,13 x 19.5 cm,3. Hm. Kağıt,218.0,8.0,5.0,10.0,285.0,2017.0,259.0,Edebiyat,0,1,2,Edebiyat,0,0,0,1,0,0,0,0,0,0,0,0.5325779036827195,0.39965986394557823,0.5906735751295337,0.016363636363636365,0.0,0.014690451206715634,0.021052631578947368,1.0,0.000990971151728694,0.45067497403946005
Tarzan VITarzan'ın Orman Öyküleri,Kitap > Edebiyat > Bilimkurgu-Fantazya,Edgar Rice Burroughs,FİHRİST KİTAP,5 / 5 (5 oy),37.0,14.0,1,1.0,"284,50",17.10.2023,TÜRKÇE,202,Karton Kapak,13 x 19.5 cm,Kitap Kağıdı,161.0,2.0,5.0,5.0,284.5,2023.0,202.0,Edebiyat,0,1,3,Edebiyat,0,0,0,1,0,0,0,0,0,0,0,0.5314447592067988,0.30272108843537415,0.12780656303972365,0.025454545454545455,0.001937984496124031,0.001049317943336831,0.005263157894736842,1.0,0.00044043162299053066,0.3322949117341641
Düğün Gecesi,Kitap > Edebiyat > Roman (Çeviri),Sophie Jordan,PEGASUS YAYINLARI,4 / 5 (57 oy),289.5,12.0,3,67.0,"299,00",02.04.2010,TÜRKÇE,383,Karton Kapak,13.5 x 21 cm,Kitap Kağıdı,482.5,41.0,4.0,57.0,299.0,2010.0,383.0,Edebiyat,0,1,3,Edebiyat,0,0,0,1,0,0,0,0,0,0,0,0.5643059490084985,0.6105442176870748,1.0,0.02181818181818182,0.005813953488372093,0.07030430220356769,0.10789473684210527,0.75,0.00616604272186743,0.9999999999999999
Kıbrıs Sorununun İngiltere Parlamentosundaki Yansımaları,Kitap > Siyaset > Araştırma-İnceleme,Çağdaş Yüksel,URZENİ,,21.0,1.0,0,0.0,"190,00",01.11.2022,TÜRKÇE,127,Karton Kapak,13 x 20 cm,Kitap Kağıdı,31.0,0.0,5.0,5.5,190.0,2022.0,127.0,Siyaset,0,1,3,Siyaset,0,0,0,0,0,0,1,0,0,0,0,0.31728045325779036,0.17517006802721088,0.07253886010362694,0.0018181818181818182,0.0,0.0,0.0,1.0,0.000495485575864347,0.06230529595015576
İnsan Nedir?,Kitap > Edebiyat > Roman (Çeviri),Mark Twain,SARMAL KİTABEVİ,,17.0,0.0,0,0.0,"170,00",05.04.2023,TÜRKÇE,106,Karton Kapak,13.5 x 21 cm,Kitap Kağıdı,20.0,0.0,5.0,5.5,170.0,2023.0,106.0,Edebiyat,0,1,3,Edebiyat,0,0,0,1,0,0,0,0,0,0,0,0.27195467422096314,0.13945578231292519,0.05872193436960276,0.0,0.0,0.0,0.0,1.0,0.000495485575864347,0.039460020768431976
Müzmin Bekar,Kitap > Edebiyat > Roman (Çeviri),Katie Heaney,PEGASUS YAYINLARI,3 / 5 (64 oy),278.0,57.0,4,48.0,"249,00",09.10.2017,TÜRKÇE,280,Karton Kapak,13.5 x 21 cm,Kitap Kağıdı,482.5,30.0,3.0,64.0,249.0,2017.0,280.0,Edebiyat,0,1,3,Edebiyat,0,0,0,1,0,0,0,0,0,0,0,0.4509915014164305,0.43537414965986393,0.9602763385146804,0.10363636363636364,0.007751937984496124,0.05036726128016789,0.07894736842105263,0.5,0.006936798062100858,0.9999999999999999
Gönül Verip SevdiğimDede Korkut Hikayelerinden Seçmeler,Kitap > Edebiyat > Hikaye (Yerli),Mehmet Kara,LEJAND,,9.0,1.0,0,0.0,"196,00",21.05.2021,TÜRKÇE,190,Karton Kapak,13 x 19.5 cm,Kitap Kağıdı,84.0,0.0,5.0,5.5,196.0,2021.0,190.0,Edebiyat,0,1,3,Edebiyat,0,0,0,1,0,0,0,0,0,0,0,0.3308781869688385,0.282312925170068,0.031088082901554404,0.0018181818181818182,0.0,0.0,0.0,1.0,0.000495485575864347,0.1723779854620976
Yaşama AyarlanHayat Seni Bekliyor,Kitap > Kişisel Gelişim > Kitap > Sağlık-Tıp > Kitap > Sağlık-Tıp > Diğer,Nilgün Sarar,SARMAL KİTABEVİ,5 / 5 (1 oy),17.0,0.0,0,0.0,"270,00",13.10.2021,TÜRKÇE,214,Karton Kapak,13.5 x 21 cm,Kitap Kağıdı,12.0,1.0,5.0,1.0,270.0,2021.0,214.0,Kişisel Gelişim,0,1,3,Kişisel Gelişim,0,0,0,0,0,1,0,0,0,0,0,0.49858356940509907,0.32312925170068024,0.05872193436960276,0.0,0.0,0.0,0.002631578947368421,1.0,0.0,0.02284527518172378
Ezilenler,Kitap > Edebiyat > Roman (Çeviri),Fyodor Mihailoviç Dostoyevski,İSKELE YAYINCILIK,5 / 5 (80 oy),1.094,62.0,8,102.0,"210,00",31.07.2005,TÜRKÇE,368,Karton Kapak,13.5 x 19.5 cm,Kitap Kağıdı,482.5,52.0,5.0,80.0,210.0,2005.0,368.0,Edebiyat,0,1,3,Edebiyat,0,0,0,1,0,0,0,0,0,0,0,0.3626062322946175,0.5850340136054422,0.0037789291882556132,0.11272727272727273,0.015503875968992248,0.10703043022035677,0.1368421052631579,1.0,0.00869852455406298,0.9999999999999999
Altı Haftada Aman Tanrım,Kitap > Sağlık-Tıp > Sağlıklı Beslenme-Diyet > Kitap > Orijinal Dil > İngilizce,Venice A. Fulton,PEGASUS YAYINLARI,4 / 5 (109 oy),289.5,87.0,15,80.0,"269,00",18.07.2014,TÜRKÇE,288,Karton Kapak,13.5 x 21 cm,Kitap Kağıdı,482.5,51.0,4.0,109.0,269.0,2014.0,288.0,Sağlık-Tıp,0,1,3,Diger,0,1,0,0,0,0,0,0,0,0,0,0.49631728045325774,0.4489795918367347,1.0,0.15818181818181817,0.029069767441860465,0.0839454354669465,0.13421052631578947,0.75,0.011891653820744329,0.9999999999999999
Kutsal Beşgen-Batı'nın Batışı,Kitap > Edebiyat > Roman (Yerli),İbrahim Hakkı Gündoğdu,MOTTO,4 / 5 (6 oy),39.0,2.0,0,7.0,"385,00",08.02.2023,TÜRKÇE,298,Karton Kapak,13.5 x 21 cm,Kitap Kağıdı,216.0,2.0,4.0,6.0,385.0,2023.0,298.0,Edebiyat,0,1,3,Edebiyat,0,0,0,1,0,0,0,0,0,0,0,0.7592067988668555,0.46598639455782315,0.13471502590673576,0.0036363636363636364,0.0,0.007345225603357817,0.005263157894736842,0.75,0.0005505395287381633,0.446521287642783
Otomatik Portakal (Ciltsiz),Kitap > Edebiyat > Roman (Çeviri) > Kitap > Orijinal Dil > İngilizce,Anthony Burgess,TÜRKİYE İŞ BANKASI KÜLTÜR YAYINLARI,4 / 5 (9083 oy),36.164,4.774,418,10.913,"92,00",10.09.2019,TÜRKÇE,171,Karton Kapak,12.5 x 20.5 cm,Kitap Kağıdı,482.5,3.985,4.0,9083.0,92.0,2019.0,171.0,Edebiyat,0,1,3,Edebiyat,0,0,0,1,0,0,0,0,0,0,0,0.09518413597733712,0.25,0.1249188255613126,0.00868,0.810077519379845,0.011451206715634838,0.010486842105263157,0.75,1.0,0.9999999999999999
Kelamın 200'ü,Kitap > İslam > Kültür,Hilmi Karaağaç,OTTO,5 / 5 (12 oy),64.0,7.0,0,7.0,"300,00",18.10.2017,TÜRKÇE,328,Karton Kapak,16 x 21 cm,Kitap Kağıdı,114.0,6.0,5.0,12.0,300.0,2017.0,328.0,İslam,0,1,3,İslam,0,0,0,0,0,0,0,0,0,0,1,0.5665722379603398,0.5170068027210883,0.22107081174438686,0.012727272727272728,0.0,0.007345225603357817,0.015789473684210527,1.0,0.0012111869632239595,0.23468328141225336
Ummadık Taş Baş YararGüler G. ve Anberbu Dadı'nın Maceraları,Kitap > Edebiyat > Roman (Yerli),Müzehher Va-Nu,SANAT KRİTİK YAYINCILIK,5 / 5 (2 oy),17.0,6.0,0,0.0,"300,00",08.07.2024,TÜRKÇE,250,Karton Kapak,13.5 x 19.5 cm,Kitap Kağıdı,200.0,0.0,5.0,2.0,300.0,2024.0,250.0,Edebiyat,0,1,3,Edebiyat,0,0,0,1,0,0,0,0,0,0,0,0.5665722379603398,0.3843537414965986,0.05872193436960276,0.01090909090909091,0.0,0.0,0.0,1.0,0.00011010790574763268,0.4132917964693666
İçten Dışa,Kitap > Kişisel Gelişim,Dadi Janki,SİYASAL YAYIN GRUBU - KAMPANYA,4 / 5 (1 oy),39.0,4.0,0,2.0,"200,00",01.06.2016,TÜRKÇE,136,Karton Kapak,13.5 x 19.5 cm,2. Hm. Kağıt,57.0,1.0,4.0,1.0,200.0,2016.0,136.0,Kişisel Gelişim,0,1,1,Kişisel Gelişim,0,0,0,0,0,1,0,0,0,0,0,0.3399433427762039,0.19047619047619047,0.13471502590673576,0.007272727272727273,0.0,0.002098635886673662,0.002631578947368421,0.75,0.0,0.11630321910695743
0-12 Yaş Korkularına Çözüm,Kitap > Psikoloji > Çocuk Psikolojisi,Öznur Simav,KUTLU YAYINEVİ,,21.0,0.0,0,0.0,"650,00",28.03.2023,TÜRKÇE,144,Karton Kapak,13.5 x 19.5 cm,Kitap Kağıdı,47.0,0.0,5.0,5.5,491.25,2023.0,144.0,Psikoloji,0,1,3,Diger,0,1,0,0,0,0,0,0,0,0,0,1.0,0.20408163265306123,0.07253886010362694,0.0,0.0,0.0,0.0,1.0,0.000495485575864347,0.09553478712357218
Kadim Gemi,Kitap > Edebiyat > Roman (Çeviri),Zhang Wei,YEDİTEPE YAYINEVİ-KAMPANYA,5 / 5 (6 oy),102.0,16.0,0,12.0,"450,00",12.05.2017,TÜRKÇE,560,Karton Kapak,13.5 x 21 cm,Kitap Kağıdı,102.0,0.0,5.0,6.0,450.0,2017.0,560.0,Edebiyat,0,1,3,Edebiyat,0,0,0,1,0,0,0,0,0,0,0,0.9065155807365439,0.91156462585034,0.35233160621761656,0.02909090909090909,0.0,0.012591815320041973,0.0,1.0,0.0005505395287381633,0.20976116303219106
Vedanın Kırk Öyküsü,Kitap > Edebiyat > Hikaye (Çeviri),Kolektif,40'LAR KULÜBÜ,5 / 5 (1 oy),14.0,2.0,0,1.0,"99,00",22.03.2018,TÜRKÇE,205,Karton Kapak,13.5 x 21 cm,Kitap Kağıdı,18.0,1.0,5.0,1.0,99.0,2018.0,205.0,Edebiyat,0,1,3,Edebiyat,0,0,0,1,0,0,0,0,0,0,0,0.11104815864022662,0.3078231292517007,0.048359240069084625,0.0036363636363636364,0.0,0.001049317943336831,0.002631578947368421,1.0,0.0,0.03530633437175493
Frezya,Kitap > Edebiyat > Deneme (Yerli),Ezgi Hasret Bodur,HAYY KİTAP - KAMPANYA,4 / 5 (4 oy),26.0,1.0,1,1.0,"150,00",19.12.2019,TÜRKÇE,120,Karton Kapak,13.5 x 21 cm,Kitap Kağıdı,47.0,3.0,4.0,4.0,150.0,2019.0,120.0,Edebiyat,0,1,3,Edebiyat,0,0,0,1,0,0,0,0,0,0,0,0.22662889518413593,0.163265306122449,0.08981001727115716,0.0018181818181818182,0.001937984496124031,0.001049317943336831,0.007894736842105263,0.75,0.00033032371724289804,0.09553478712357218
Alevilikte Cem Uygulamaları,Kitap > İslam > Tasavvuf,İsmail Özmen,SARMAL KİTABEVİ,4 / 5 (5 oy),19.0,1.0,0,3.0,"500,00",19.09.2022,TÜRKÇE,726,Karton Kapak,14 x 22 cm,Kitap Kağıdı,57.0,4.0,4.0,5.0,491.25,2022.0,612.0,İslam,0,1,3,İslam,0,0,0,0,0,0,0,0,0,0,1,1.0,1.0,0.06563039723661485,0.0018181818181818182,0.0,0.0031479538300104933,0.010526315789473684,0.75,0.00044043162299053066,0.11630321910695743
Utanmaz,Kitap > Edebiyat > Diğer,Selda Terek Bilecen,DESTEK YAYIN GRUBU-KAMPANYA,,5.0,0.0,0,0.0,"320,00",22.12.2022,TÜRKÇE,352,Karton Kapak,13.5 x 19.5 cm,Kitap Kağıdı,5.0,0.0,5.0,5.5,320.0,2022.0,352.0,Edebiyat,0,1,3,Edebiyat,0,0,0,1,0,0,0,0,0,0,0,0.6118980169971671,0.5578231292517006,0.017271157167530225,0.0,0.0,0.0,0.0,1.0,0.000495485575864347,0.008307372793354102
Kemik Titreten,Kitap > Edebiyat > Roman (Çeviri),Cherie Priest,KARA KEDİ YAYINLARI,4 / 5 (11 oy),69.0,8.0,1,6.0,"380,00",09.11.2012,TÜRKÇE,460,Karton Kapak,12.5 x 19.5 cm,Kitap Kağıdı,78.0,3.0,4.0,11.0,380.0,2012.0,460.0,Edebiyat,0,1,3,Edebiyat,0,0,0,1,0,0,0,0,0,0,0,0.7478753541076487,0.7414965986394557,0.23834196891191708,0.014545454545454545,0.001937984496124031,0.0062959076600209865,0.007894736842105263,0.75,0.001101079057476327,0.15991692627206644
"Aşk TarifleriHeyecan, Gözyaşı, Kahkaha",Kitap > Edebiyat > Roman (Çeviri) > Kitap > Orijinal Dil > İngilizce,Giulia Melucci,PEGASUS YAYINLARI,4 / 5 (56 oy),289.5,57.0,7,55.0,"249,00",08.05.2013,TÜRKÇE,288,Karton Kapak,13.5 x 21 cm,Kitap Kağıdı,482.5,27.0,4.0,56.0,249.0,2013.0,288.0,Edebiyat,0,1,3,Edebiyat,0,0,0,1,0,0,0,0,0,0,0,0.4509915014164305,0.4489795918367347,1.0,0.10363636363636364,0.013565891472868217,0.05771248688352571,0.07105263157894737,0.75,0.006055934816119797,0.9999999999999999
"Modern MitlerEvren, Dünya ve Yaşamın Evrimini Bugün Nasıl Açıklıyoruz?",Kitap > Bilim & Mühendislik > Popüler Bilim,Oren Harman,SAY YAYIN GRUBU-KAMPANYA,4 / 5 (3 oy),165.0,11.0,1,3.0,"300,00",14.06.2019,TÜRKÇE,232,Karton Kapak,13.5 x 21 cm,Kitap Kağıdı,85.0,0.0,4.0,3.0,300.0,2019.0,232.0,Bilim & Mühendislik,0,1,3,Bilim & Mühendislik,1,0,0,0,0,0,0,0,0,0,0,0.5665722379603398,0.35374149659863946,0.5699481865284974,0.02,0.001937984496124031,0.0031479538300104933,0.0,0.75,0.00022021581149526536,0.17445482866043613
Görüşün Ölümü,Kitap > Edebiyat > Şiir (Yerli),Batuhan Çağlayan,FİHRİST KİTAP,5 / 5 (3 oy),17.0,2.0,0,3.0,"129,50",19.03.2021,TÜRKÇE,66,Karton Kapak,13 x 19.5 cm,Kitap Kağıdı,159.0,3.0,5.0,3.0,129.5,2021.0,66.0,Edebiyat,0,1,3,Edebiyat,0,0,0,1,0,0,0,0,0,0,0,0.1801699716713881,0.07142857142857142,0.05872193436960276,0.0036363636363636364,0.0,0.0031479538300104933,0.007894736842105263,1.0,0.00022021581149526536,0.328141225337487
Baskerville Tazısı / Sherlock Holmes,Kitap > Edebiyat > Roman (Çeviri),Sir Arthur Conan Doyle,ÇINARALTI YAYINCILIK,5 / 5 (1 oy),80.0,3.0,0,6.0,"300,00",10.12.2019,TÜRKÇE,312,Karton Kapak,13.5 x 21 cm,Kitap Kağıdı,124.0,1.0,5.0,1.0,300.0,2019.0,312.0,Edebiyat,0,1,3,Edebiyat,0,0,0,1,0,0,0,0,0,0,0,0.5665722379603398,0.489795918367347,0.2763385146804836,0.005454545454545455,0.0,0.0062959076600209865,0.002631578947368421,1.0,0.0,0.25545171339563866
50 Maddede Yeni Dünya Düzeni,Kitap > Siyaset > Araştırma-İnceleme,Doğan Satmış,DESTEK YAYIN GRUBU-KAMPANYA,5 / 5 (1 oy),21.0,1.0,1,0.0,"240,00",29.09.2020,TÜRKÇE,280,Karton Kapak,13.5 x 19.5 cm,Kitap Kağıdı,10.0,1.0,5.0,1.0,240.0,2020.0,280.0,Siyaset,0,1,3,Siyaset,0,0,0,0,0,0,1,0,0,0,0,0.4305949008498583,0.43537414965986393,0.07253886010362694,0.0018181818181818182,0.001937984496124031,0.0,0.002631578947368421,1.0,0.0,0.018691588785046728
Tatlı Aşk,Kitap > Edebiyat > Roman (Çeviri) > Kitap > Orijinal Dil > İngilizce,Susan Mallery,PEGASUS YAYINLARI,4 / 5 (27 oy),116.0,11.0,0,34.0,"269,00",21.03.2015,TÜRKÇE,320,Karton Kapak,13.5 x 21 cm,Kitap Kağıdı,244.0,9.0,4.0,27.0,269.0,2015.0,320.0,Edebiyat,0,1,3,Edebiyat,0,0,0,1,0,0,0,0,0,0,0,0.49631728045325774,0.5034013605442176,0.4006908462867012,0.02,0.0,0.035676810073452254,0.02368421052631579,0.75,0.0028628055494384495,0.5046728971962616
Beyaz Ülkenin İstilası,Kitap > Edebiyat > Şiir (Yerli),Ercan Üzümcü,MERGEN YAYINLARI,5 / 5 (1 oy),8.0,0.0,0,1.0,"140,00",02.05.2023,TÜRKÇE,94,Karton Kapak,13 x 19.5 cm,Kitap Kağıdı,71.0,0.0,5.0,1.0,140.0,2023.0,94.0,Edebiyat,0,1,3,Edebiyat,0,0,0,1,0,0,0,0,0,0,0,0.20396600566572237,0.11904761904761904,0.027633851468048358,0.0,0.0,0.001049317943336831,0.0,1.0,0.0,0.14537902388369678
Gökkuşağının Görünmeyen Yüzü,Kitap > Sağlık-Tıp > Diğer,Gözde Hazal Yılmaz,URZENİ,,11.0,1.0,0,0.0,"200,00",08.03.2021,TÜRKÇE,142,Karton Kapak,13 x 20 cm,Kitap Kağıdı,10.0,0.0,5.0,5.5,200.0,2021.0,142.0,Sağlık-Tıp,0,1,3,Diger,0,1,0,0,0,0,0,0,0,0,0,0.3399433427762039,0.20068027210884354,0.037996545768566495,0.0018181818181818182,0.0,0.0,0.0,1.0,0.000495485575864347,0.018691588785046728
Gel Dünyayı KeşfedelimGezgin Bir Tarihçinin Seyahat Defteri,Kitap > Tarih > Seyahatname > Kitap > Turizm-Gezi > Diğer,Prof. Dr. İlber Ortaylı,KRONİK KİTAP,5 / 5 (125 oy),3.915,274.0,35,147.0,"295,00",20.05.2024,TÜRKÇE,288,Karton Kapak,13.5 x 21 cm,Kitap Kağıdı,482.5,72.0,5.0,125.0,295.0,2024.0,288.0,Tarih,0,1,3,Tarih,0,0,0,0,0,0,0,0,1,0,0,0.5552407932011331,0.4489795918367347,0.013523316062176166,0.49818181818181817,0.06782945736434108,0.15424973767051417,0.18947368421052632,1.0,0.013653380312706452,0.9999999999999999
Osmanlı - Napoli İlişkileri (1737-1759)151 Numaralı Divan-ı Hümayun Düveli Ecnebiye Defteri,Kitap > Tarih > Araştırma-İnceleme,Fatih Karabulut,URZENİ,5 / 5 (1 oy),28.0,3.0,0,1.0,"170,00",01.11.2022,TÜRKÇE,130,Karton Kapak,13 x 20 cm,Kitap Kağıdı,38.0,0.0,5.0,1.0,170.0,2022.0,130.0,Tarih,0,1,3,Tarih,0,0,0,0,0,0,0,0,1,0,0,0.27195467422096314,0.18027210884353742,0.09671848013816925,0.005454545454545455,0.0,0.001049317943336831,0.0,1.0,0.0,0.07684319833852545
Hayvanlar Olmadan Asla 1,Kitap > Hobi > Hayvanlar,Meral Filiz,ALASKA YAYINEVİ,5 / 5 (4 oy),16.0,2.0,1,1.0,"260,00",23.08.2024,TÜRKÇE,320,Karton Kapak,13.5 x 21 cm,Kitap Kağıdı,96.0,4.0,5.0,4.0,260.0,2024.0,320.0,Hobi,0,1,3,Diger,0,1,0,0,0,0,0,0,0,0,0,0.4759206798866855,0.5034013605442176,0.055267702936096716,0.0036363636363636364,0.001937984496124031,0.001049317943336831,0.010526315789473684,1.0,0.00033032371724289804,0.1973001038421599
Dünya Dışı Zeka Arayışı,Kitap > Bilim & Mühendislik > Diğer,Keith Cooper,SAY YAYIN GRUBU-KAMPANYA,5 / 5 (1 oy),145.0,5.0,2,0.0,"450,00",20.05.2022,TÜRKÇE,384,Karton Kapak,13.5 x 21 cm,Kitap Kağıdı,42.0,0.0,5.0,1.0,450.0,2022.0,384.0,Bilim & Mühendislik,0,1,3,Bilim & Mühendislik,1,0,0,0,0,0,0,0,0,0,0,0.9065155807365439,0.6122448979591836,0.5008635578583764,0.00909090909090909,0.003875968992248062,0.0,0.0,1.0,0.0,0.08515057113187954
Balkon Sefası,Kitap > Edebiyat > Diğer,İsmail Saymaz,İLETİŞİM YAYINLARI KAMPANYA,5 / 5 (29 oy),156.0,16.0,0,43.0,"95,00",10.06.2020,TÜRKÇE,124,Karton Kapak,13 x 19.5 cm,Kitap Kağıdı,482.5,12.0,5.0,29.0,95.0,2020.0,124.0,Edebiyat,0,1,3,Edebiyat,0,0,0,1,0,0,0,0,0,0,0,0.1019830028328612,0.17006802721088435,0.538860103626943,0.02909090909090909,0.0,0.04512067156348374,0.031578947368421054,1.0,0.0030830213609337152,0.9999999999999999
Sergüzeşt,Kitap > Edebiyat > Roman (Yerli) > Kitap > Edebiyat > 100 Temel Eser,Samipaşazade Sezai,İSKELE YAYINCILIK,4 / 5 (30 oy),228.0,8.0,5,74.0,"85,00",31.07.2005,TÜRKÇE,128,Karton Kapak,13.5 x 19.53 cm,Kitap Kağıdı,482.5,15.0,4.0,30.0,85.0,2005.0,128.0,Edebiyat,0,1,3,Edebiyat,0,0,0,1,0,0,0,0,0,0,0,0.07932011331444759,0.17687074829931973,0.7875647668393781,0.014545454545454545,0.009689922480620155,0.0776495278069255,0.039473684210526314,0.75,0.003193129266681348,0.9999999999999999
Çağdaş bir Ütopya,Kitap > Edebiyat > Bilimkurgu-Fantazya,Herbert George Wells,FİHRİST KİTAP,5 / 5 (11 oy),128.0,9.0,1,12.0,"344,50",27.04.2021,TÜRKÇE,332,Karton Kapak,13 x 19.5 cm,Kitap Kağıdı,252.0,7.0,5.0,11.0,344.5,2021.0,332.0,Edebiyat,0,1,3,Edebiyat,0,0,0,1,0,0,0,0,0,0,0,0.6674220963172804,0.5238095238095237,0.4421416234887737,0.016363636363636365,0.001937984496124031,0.012591815320041973,0.018421052631578946,1.0,0.001101079057476327,0.5212876427829698
Görmek,Kitap > Edebiyat > Roman (Çeviri),Jose Saramago,KIRMIZI KEDİ YAYINEVİ,4 / 5 (29 oy),2.261,69.0,5,111.0,"400,00",16.07.2024,TÜRKÇE,296,Karton Kapak,13.5 x 19.5 cm,Kitap Kağıdı,482.5,21.0,4.0,29.0,400.0,2024.0,296.0,Edebiyat,0,1,3,Edebiyat,0,0,0,1,0,0,0,0,0,0,0,0.7932011331444758,0.46258503401360546,0.007810017271157168,0.12545454545454546,0.009689922480620155,0.11647429171038826,0.05526315789473684,0.75,0.0030830213609337152,0.9999999999999999
Ahmet Hamdi Tanpınar Sözlüğü,Kitap > Edebiyat > İnceleme,Sefa Kaplan,HOLDEN KİTAP,4 / 5 (14 oy),289.5,28.0,2,17.0,"250,00",05.10.2021,TÜRKÇE,352,Karton Kapak,12.5 x 19.5 cm,Kitap Kağıdı,272.0,4.0,4.0,14.0,250.0,2021.0,352.0,Edebiyat,0,1,3,Edebiyat,0,0,0,1,0,0,0,0,0,0,0,0.45325779036827196,0.5578231292517006,1.0,0.05090909090909091,0.003875968992248062,0.017838405036726127,0.010526315789473684,0.75,0.001431402774719225,0.5628245067497404
Balkan Bektaşileri,Kitap > İslam > Tasavvuf,Barış Tülü,URZENİ,5 / 5 (3 oy),42.0,4.0,1,3.0,"270,00",07.05.2021,TÜRKÇE,248,Karton Kapak,13 x 20 cm,Kitap Kağıdı,97.0,2.0,5.0,3.0,270.0,2021.0,248.0,İslam,0,1,3,İslam,0,0,0,0,0,0,0,0,0,0,1,0.49858356940509907,0.38095238095238093,0.14507772020725387,0.007272727272727273,0.001937984496124031,0.0031479538300104933,0.005263157894736842,1.0,0.00022021581149526536,0.19937694704049844
İçebakış,Kitap > Kişisel Gelişim,Swami Purnachaitanya,DESTEK YAYIN GRUBU-KAMPANYA,,6.0,0.0,0,0.0,"160,00",06.06.2024,TÜRKÇE,144,Karton Kapak,13.5 x 21 cm,Kitap Kağıdı,13.0,0.0,5.0,5.5,160.0,2024.0,144.0,Kişisel Gelişim,0,1,3,Kişisel Gelişim,0,0,0,0,0,1,0,0,0,0,0,0.24929178470254953,0.20408163265306123,0.020725388601036267,0.0,0.0,0.0,0.0,1.0,0.000495485575864347,0.024922118380062305
"Aşk, Saplantı ve İntikam Cinayetleri",Kitap > Edebiyat > Roman (Çeviri),Mitzi Szereto,SAY YAYIN GRUBU-KAMPANYA,5 / 5 (6 oy),60.0,5.0,0,1.0,"400,00",01.10.2022,TÜRKÇE,320,Karton Kapak,13.5 x 21 cm,Kitap Kağıdı,33.0,3.0,5.0,6.0,400.0,2022.0,320.0,Edebiyat,0,1,3,Edebiyat,0,0,0,1,0,0,0,0,0,0,0,0.7932011331444758,0.5034013605442176,0.20725388601036268,0.00909090909090909,0.0,0.001049317943336831,0.007894736842105263,1.0,0.0005505395287381633,0.06645898234683281
Bu Hasret Biter mi?,Kitap > Edebiyat > Roman (Yerli),Nurten  Kaşıkara,ALAN YAYINCILIK,,7.0,0.0,0,1.0,"364,00",23.06.2022,TÜRKÇE,352,Karton Kapak,13.5 x 19.5 cm,Kitap Kağıdı,184.0,0.0,5.0,5.5,364.0,2022.0,352.0,Edebiyat,0,1,3,Edebiyat,0,0,0,1,0,0,0,0,0,0,0,0.7116147308781869,0.5578231292517006,0.024179620034542312,0.0,0.0,0.001049317943336831,0.0,1.0,0.000495485575864347,0.38006230529595014
Mcluhan’ın KehanetiEnformasyon ve İletişim Bilimleri Üzerine Disiplinlerarası Notlar,Kitap > Din > Felsefe-Sosyoloji-Psikoloji,B. Aykut Arıkan,URZENİ,5 / 5 (1 oy),21.0,2.0,0,1.0,"240,00",20.01.2023,TÜRKÇE,157,Karton Kapak,13.5 x 21 cm,Kitap Kağıdı,62.0,1.0,5.0,1.0,240.0,2023.0,157.0,Din,0,1,3,Diger,0,1,0,0,0,0,0,0,0,0,0,0.4305949008498583,0.22619047619047616,0.07253886010362694,0.0036363636363636364,0.0,0.001049317943336831,0.002631578947368421,1.0,0.0,0.12668743509865005
Büyüsünü Bozma,Kitap > Edebiyat > Deneme (Yerli),Erol Egeli,HAYY KİTAP - KAMPANYA,5 / 5 (2 oy),17.0,0.0,0,2.0,"150,00",21.04.2021,TÜRKÇE,104,Karton Kapak,13.5 x 19.5 cm,Kitap Kağıdı,24.0,2.0,5.0,2.0,150.0,2021.0,104.0,Edebiyat,0,1,3,Edebiyat,0,0,0,1,0,0,0,0,0,0,0,0.22662889518413593,0.1360544217687075,0.05872193436960276,0.0,0.0,0.002098635886673662,0.005263157894736842,1.0,0.00011010790574763268,0.04776739356178608
Amerikan Siyasal Parametrelerine Göre Türkiye'de Partilerin Sağ Ve Sol Ekseninde Hizalanması,Kitap > Siyaset > Araştırma-İnceleme,Oğuzhan Manioğlu,URZENİ,5 / 5 (2 oy),41.0,2.0,0,0.0,"320,00",11.01.2021,TÜRKÇE,324,Karton Kapak,13 x 20 cm,Kitap Kağıdı,106.0,1.0,5.0,2.0,320.0,2021.0,324.0,Siyaset,0,1,3,Siyaset,0,0,0,0,0,0,1,0,0,0,0,0.6118980169971671,0.510204081632653,0.14162348877374784,0.0036363636363636364,0.0,0.0,0.002631578947368421,1.0,0.00011010790574763268,0.21806853582554517
İçeri,Kitap > Edebiyat > Deneme (Yerli),Prof.Dr. Emre Erol,FİHRİST KİTAP,,11.0,2.0,0,0.0,"134,50",01.03.2021,TÜRKÇE,72,Karton Kapak,13 x 19.5 cm,Kitap Kağıdı,73.0,0.0,5.0,5.5,134.5,2021.0,72.0,Edebiyat,0,1,3,Edebiyat,0,0,0,1,0,0,0,0,0,0,0,0.19150141643059487,0.0816326530612245,0.037996545768566495,0.0036363636363636364,0.0,0.0,0.0,1.0,0.000495485575864347,0.14953271028037382
VakıflıTürkiye'nin Tek Ermeni Köyü,Kitap > Kültür,Serap Aksoy,LEJAND,4 / 5 (1 oy),20.0,1.0,0,2.0,"230,00",18.10.2023,TÜRKÇE,236,Karton Kapak,13 x 19.5 cm,Kitap Kağıdı,188.0,0.0,4.0,1.0,230.0,2023.0,236.0,Kültür,0,1,3,Diger,0,1,0,0,0,0,0,0,0,0,0,0.40793201133144474,0.36054421768707484,0.0690846286701209,0.0018181818181818182,0.0,0.002098635886673662,0.0,0.75,0.0,0.3883696780893043
Basübadelmevt,Kitap > Edebiyat > Roman (Yerli),Murat S. Dural,EPONA KİTAP,4 / 5 (9 oy),76.0,9.0,0,12.0,"168,00",30.10.2023,TÜRKÇE,70,Karton Kapak,12.5 x 19.5 cm,2. Hm. Kağıt,472.0,6.0,4.0,9.0,168.0,2023.0,70.0,Edebiyat,0,1,1,Edebiyat,0,0,0,1,0,0,0,0,0,0,0,0.2674220963172804,0.0782312925170068,0.2625215889464594,0.016363636363636365,0.0,0.012591815320041973,0.015789473684210527,0.75,0.0008808632459810614,0.9781931464174454
Seni Özlemekle Başlar Bütün Yolculuklar,Kitap > Edebiyat > Deneme (Yerli),Enes Çelik,HAYY KİTAP - KAMPANYA,,30.0,1.0,0,0.0,"150,00",06.08.2021,TÜRKÇE,104,Karton Kapak,13.5 x 19.5 cm,Kitap Kağıdı,53.0,0.0,5.0,5.5,150.0,2021.0,104.0,Edebiyat,0,1,3,Edebiyat,0,0,0,1,0,0,0,0,0,0,0,0.22662889518413593,0.1360544217687075,0.10362694300518134,0.0018181818181818182,0.0,0.0,0.0,1.0,0.000495485575864347,0.10799584631360333
Tribünde Var Bir İyi AdamKoray Şener Kitabı,Kitap > Edebiyat > Anı (Hatırat),,SARMAL KİTABEVİ,,6.0,0.0,0,0.0,"220,00",13.10.2021,TÜRKÇE,217,Karton Kapak,13.5 x 21 cm,Kitap Kağıdı,39.0,0.0,5.0,5.5,220.0,2021.0,217.0,Edebiyat,0,1,3,Edebiyat,0,0,0,1,0,0,0,0,0,0,0,0.38526912181303113,0.3282312925170068,0.020725388601036267,0.0,0.0,0.0,0.0,1.0,0.000495485575864347,0.07892004153686397
İkimizin Son Türkçesi,Kitap > Edebiyat > Şiir (Yerli),Tugay Kaban,MAVİ GÖK YAYINLARI,4 / 5 (1 oy),8.0,2.0,0,0.0,"135,00",12.02.2024,TÜRKÇE,72,Karton Kapak,13 x 19.5 cm,Kitap Kağıdı,50.0,1.0,4.0,1.0,135.0,2024.0,72.0,Edebiyat,0,1,3,Edebiyat,0,0,0,1,0,0,0,0,0,0,0,0.19263456090651554,0.0816326530612245,0.027633851468048358,0.0036363636363636364,0.0,0.0,0.002631578947368421,0.75,0.0,0.10176531671858775
Hepinizden Tiksiniyorum,Kitap > Edebiyat > Roman (Çeviri),Anna Breslaw,PEGASUS YAYINLARI,4 / 5 (84 oy),289.5,81.0,9,67.0,"249,00",09.10.2017,TÜRKÇE,304,Karton Kapak,13.5 x 21 cm,Kitap Kağıdı,482.5,43.0,4.0,84.0,249.0,2017.0,304.0,Edebiyat,0,1,3,Edebiyat,0,0,0,1,0,0,0,0,0,0,0,0.4509915014164305,0.4761904761904762,1.0,0.14727272727272728,0.01744186046511628,0.07030430220356769,0.1131578947368421,0.75,0.009138956177053513,0.9999999999999999
Nietzsche: Kaderin Hayatındır,Kitap > Edebiyat > Biyografi-Otobiyografi,Anthony Ludovici,URZENİ,5 / 5 (1 oy),64.0,2.0,0,1.0,"160,00",24.05.2021,TÜRKÇE,86,Karton Kapak,13 x 20 cm,Kitap Kağıdı,47.0,0.0,5.0,1.0,160.0,2021.0,86.0,Edebiyat,0,1,3,Edebiyat,0,0,0,1,0,0,0,0,0,0,0,0.24929178470254953,0.1054421768707483,0.22107081174438686,0.0036363636363636364,0.0,0.001049317943336831,0.0,1.0,0.0,0.09553478712357218
Ve Tanrı Öl Dedi İnsana,Kitap > Edebiyat > Deneme (Yerli),Alparslan Bozkurt,FİHRİST KİTAP,5 / 5 (1 oy),22.0,1.0,0,0.0,"129,50",13.02.2023,TÜRKÇE,68,Karton Kapak,13 x 19.5 cm,Kitap Kağıdı,20.0,0.0,5.0,1.0,129.5,2023.0,68.0,Edebiyat,0,1,3,Edebiyat,0,0,0,1,0,0,0,0,0,0,0,0.1801699716713881,0.07482993197278912,0.07599309153713299,0.0018181818181818182,0.0,0.0,0.0,1.0,0.0,0.039460020768431976
Hatıralarım,Kitap > Tarih > Hatıralar,Çerkes Ethem,BİZİM KİTAPLAR YAYINEVİ,4 / 5 (18 oy),278.0,18.0,1,14.0,"250,00",18.11.2021,TÜRKÇE,232,Karton Kapak,13.5 x 21 cm,Kitap Kağıdı,325.0,11.0,4.0,18.0,250.0,2021.0,232.0,Tarih,0,1,3,Tarih,0,0,0,0,0,0,0,0,1,0,0,0.45325779036827196,0.35374149659863946,0.9602763385146804,0.03272727272727273,0.001937984496124031,0.014690451206715634,0.02894736842105263,0.75,0.0018718343977097555,0.6728971962616822
İçimde İntihar Korkusu Var,Kitap > Edebiyat > Diğer,Faruk Yiğit Araz,HAYY KİTAP - KAMPANYA,5 / 5 (2 oy),49.0,5.0,0,2.0,"150,00",06.10.2020,TÜRKÇE,128,Karton Kapak,13.5 x 21 cm,Kitap Kağıdı,22.0,0.0,5.0,2.0,150.0,2020.0,128.0,Edebiyat,0,1,3,Edebiyat,0,0,0,1,0,0,0,0,0,0,0,0.22662889518413593,0.17687074829931973,0.1692573402417962,0.00909090909090909,0.0,0.002098635886673662,0.0,1.0,0.00011010790574763268,0.04361370716510903
YolHacı Şahin Hesenli’nin Hayatı ve Seçilmiş Konuşmaları,Kitap > İslam > Dini Hikayeler-Menkıbeler,Hüseyin Atam,Mİ YAYINLARI,,3.0,0.0,1,0.0,"340,00",28.02.2024,TÜRKÇE,200,Karton Kapak,13 x 20 cm,Kitap Kağıdı,7.0,0.0,5.0,5.5,340.0,2024.0,200.0,İslam,0,1,3,İslam,0,0,0,0,0,0,0,0,0,0,1,0.6572237960339943,0.29931972789115646,0.010362694300518133,0.0,0.001937984496124031,0.0,0.0,1.0,0.000495485575864347,0.012461059190031154
Bar FilozofuEn İyi Biralar ve En İlginç Felsefi Bilmeceler,Kitap > Eğlence-Mizah > Bilmece-Bulmaca,Matt Lawrence,SAY YAYIN GRUBU-KAMPANYA,4 / 5 (2 oy),47.0,3.0,0,4.0,"300,00",18.06.2012,TÜRKÇE,304,Karton Kapak,13.5 x 21 cm,Kitap Kağıdı,47.0,1.0,4.0,2.0,300.0,2012.0,304.0,Eğlence-Mizah,0,1,3,Diger,0,1,0,0,0,0,0,0,0,0,0,0.5665722379603398,0.4761904761904762,0.1623488773747841,0.005454545454545455,0.0,0.004197271773347324,0.002631578947368421,0.75,0.00011010790574763268,0.09553478712357218
Kaçkın Ruhlar,Kitap > Edebiyat > Roman (Yerli),Tayyip Yelen,ANEMON YAYINLARI,,4.0,0.0,0,0.0,"250,00",18.11.2021,TÜRKÇE,226,Karton Kapak,13.5 x 21 cm,Kitap Kağıdı,4.0,0.0,5.0,5.5,250.0,2021.0,226.0,Edebiyat,0,1,3,Edebiyat,0,0,0,1,0,0,0,0,0,0,0,0.45325779036827196,0.3435374149659864,0.013816925734024179,0.0,0.0,0.0,0.0,1.0,0.000495485575864347,0.006230529595015576
Benim Bir Hikayem Var,Kitap > Kişisel Gelişim,Selin Özen,YEDİVEREN YAYIN GRUBU - KAMPANYA,,17.0,0.0,0,0.0,"156,00",13.04.2023,TÜRKÇE,152,Karton Kapak,13.5 x 19.5 cm,Kitap Kağıdı,11.0,0.0,5.0,5.5,156.0,2023.0,152.0,Kişisel Gelişim,0,1,3,Kişisel Gelişim,0,0,0,0,0,1,0,0,0,0,0,0.2402266288951841,0.217687074829932,0.05872193436960276,0.0,0.0,0.0,0.0,1.0,0.000495485575864347,0.020768431983385256
M'ars,Kitap > Edebiyat > Roman (Yerli),Mehmet Arslan,FENİKS KİTAP KAMPANYA,4 / 5 (44 oy),240.0,21.0,1,10.0,"120,00",03.10.2018,TÜRKÇE,320,Karton Kapak,13.5 x 21 cm,Kitap Kağıdı,392.0,9.0,4.0,44.0,120.0,2018.0,320.0,Edebiyat,0,1,3,Edebiyat,0,0,0,1,0,0,0,0,0,0,0,0.15864022662889515,0.5034013605442176,0.8290155440414507,0.038181818181818185,0.001937984496124031,0.010493179433368312,0.02368421052631579,0.75,0.004734639947148205,0.8120456905503634
Büyümeyen Çocuklar,Kitap > Siyaset > Bölgeler-Ülkeler > Kitap > Siyaset > Araştırma-İnceleme,Elşad Eyvazlı,YEDİTEPE YAYINEVİ-KAMPANYA,5 / 5 (11 oy),95.0,8.0,0,14.0,"150,00",09.03.2015,TÜRKÇE,104,Karton Kapak,14 x 21 cm,Kuşe Kağıt,150.0,5.0,5.0,11.0,150.0,2015.0,104.0,Siyaset,0,1,4,Siyaset,0,0,0,0,0,0,1,0,0,0,0,0.22662889518413593,0.1360544217687075,0.32815198618307423,0.014545454545454545,0.0,0.014690451206715634,0.013157894736842105,1.0,0.001101079057476327,0.3094496365524403
Hayat Her Gün Yeniden Başlar,Kitap > Edebiyat > Deneme (Yerli),Osman İlhan,HAYY KİTAP - KAMPANYA,4 / 5 (33 oy),289.5,24.0,4,26.0,"150,00",11.12.2019,TÜRKÇE,144,Karton Kapak,13.5 x 21 cm,Kitap Kağıdı,482.5,9.0,4.0,33.0,150.0,2019.0,144.0,Edebiyat,0,1,3,Edebiyat,0,0,0,1,0,0,0,0,0,0,0,0.22662889518413593,0.20408163265306123,1.0,0.04363636363636364,0.007751937984496124,0.02728226652675761,0.02368421052631579,0.75,0.0035234529839242457,0.9999999999999999
Eyvah Çocuğum Dijital,Kitap > Eğitim > Annelik-Babalık-Aile,Buğra Ayan,ABAKÜS KİTAP - KAMPANYA,5 / 5 (11 oy),88.0,8.0,1,6.0,"140,00",11.02.2021,TÜRKÇE,104,Karton Kapak,21 x 27.5 cm,Kitap Kağıdı,217.0,5.0,5.0,11.0,140.0,2021.0,104.0,Eğitim,0,1,3,Diger,0,1,0,0,0,0,0,0,0,0,0,0.20396600566572237,0.1360544217687075,0.30397236614853196,0.014545454545454545,0.001937984496124031,0.0062959076600209865,0.013157894736842105,1.0,0.001101079057476327,0.4485981308411215
Cultural Policy Yearbook 2017-2018 / Cultural Policy and Populism,Kitap > Diğer Dildeki Yayınlar > İngilizce,Milena Dragicevic Sesic,İLETİŞİM YAYINLARI KAMPANYA,5 / 5 (2 oy),23.0,2.0,0,0.0,"155,00",21.09.2018,İNGİLİZCE,192,Karton Kapak,19 x 24 cm,Kitap Kağıdı,51.0,0.0,5.0,2.0,155.0,2018.0,192.0,Diğer Dildeki Yayınlar,1,1,3,Diger,0,1,0,0,0,0,0,0,0,0,0,0.23796033994334276,0.2857142857142857,0.07944732297063903,0.0036363636363636364,0.0,0.0,0.0,1.0,0.00011010790574763268,0.10384215991692627
Sinemada Bilimkurgu ve Kıyamet,Kitap > Sinema-Tiyatro > Senaryo (Yerli),Mikail Boz,FİHRİST KİTAP,5 / 5 (13 oy),60.0,8.0,0,9.0,"439,50",27.07.2022,TÜRKÇE,334,Karton Kapak,13 x 19.5 cm,Kitap Kağıdı,72.0,7.0,5.0,13.0,439.5,2022.0,334.0,Sinema-Tiyatro,0,1,3,Diger,0,1,0,0,0,0,0,0,0,0,0,0.8827195467422095,0.5272108843537414,0.20725388601036268,0.014545454545454545,0.0,0.00944386149003148,0.018421052631578946,1.0,0.0013212948689715921,0.14745586708203529
Tuğla Ay,Kitap > Edebiyat > Bilimkurgu-Fantazya,Edward Everett Hale,FİHRİST KİTAP,5 / 5 (7 oy),42.0,7.0,0,5.0,"204,50",27.04.2021,TÜRKÇE,132,Karton Kapak,13 x 19.5 cm,Kitap Kağıdı,185.0,1.0,5.0,7.0,204.5,2021.0,132.0,Edebiyat,0,1,3,Edebiyat,0,0,0,1,0,0,0,0,0,0,0,0.35014164305949,0.1836734693877551,0.14507772020725387,0.012727272727272728,0.0,0.005246589716684156,0.002631578947368421,1.0,0.0006606474344857962,0.3821391484942887
Söyleyemem Sevdiğimi,Kitap > Edebiyat > Roman (Çeviri),Nicola Cornick,PEGASUS YAYINLARI,4 / 5 (16 oy),289.5,6.0,0,18.0,"299,00",01.03.2011,TÜRKÇE,384,Karton Kapak,13.5 x 21 cm,Kitap Kağıdı,285.0,11.0,4.0,16.0,299.0,2011.0,384.0,Edebiyat,0,1,3,Edebiyat,0,0,0,1,0,0,0,0,0,0,0,0.5643059490084985,0.6122448979591836,1.0,0.01090909090909091,0.0,0.01888772298006296,0.02894736842105263,0.75,0.0016516185862144902,0.5898234683281411
DarksideHesap Günü,Kitap > Siyaset > Araştırma-İnceleme,Kaan Mumcuoğlu,MOTTO,,8.0,0.0,0,0.0,"314,00",15.02.2022,TÜRKÇE,169,Karton Kapak,13.5 x 21 cm,Kitap Kağıdı,164.0,0.0,5.0,5.5,314.0,2022.0,169.0,Siyaset,0,1,3,Siyaset,0,0,0,0,0,0,1,0,0,0,0,0.598300283286119,0.2465986394557823,0.027633851468048358,0.0,0.0,0.0,0.0,1.0,0.000495485575864347,0.33852544132917967
Not: Seni Seviyorum,Kitap > Edebiyat > Roman (Çeviri),Cecelia Ahern,PEGASUS YAYINLARI,5 / 5 (30 oy),289.5,25.0,0,51.0,"299,00",23.03.2016,TÜRKÇE,432,Karton Kapak,13.5 x 21 cm,Kitap Kağıdı,378.0,18.0,5.0,30.0,299.0,2016.0,432.0,Edebiyat,0,1,3,Edebiyat,0,0,0,1,0,0,0,0,0,0,0,0.5643059490084985,0.693877551020408,1.0,0.045454545454545456,0.0,0.053515215110178385,0.04736842105263158,1.0,0.003193129266681348,0.782969885773624
Vazgeçmediğin Sürece Zorluklar Geçicidir,Kitap > Kişisel Gelişim,Seda Eroğlu,DESTEK YAYIN GRUBU-KAMPANYA,,6.0,0.0,0,0.0,"180,00",17.03.2022,TÜRKÇE,168,Karton Kapak,13.5 x 21 cm,Kitap Kağıdı,6.0,0.0,5.0,5.5,180.0,2022.0,168.0,Kişisel Gelişim,0,1,3,Kişisel Gelişim,0,0,0,0,0,1,0,0,0,0,0,0.29461756373937675,0.24489795918367346,0.020725388601036267,0.0,0.0,0.0,0.0,1.0,0.000495485575864347,0.010384215991692626
Felsefi SağaltımFelsefeyle İyileşme Kuramı,Kitap > Felsefe-Düşünce > Diğer,Prof. Dr. Şahin Filiz,SARMAL KİTABEVİ,5 / 5 (1 oy),37.0,5.0,0,1.0,"250,00",30.10.2023,TÜRKÇE,262,Karton Kapak,13.5 x 19.5 cm,Kitap Kağıdı,78.0,0.0,5.0,1.0,250.0,2023.0,262.0,Felsefe-Düşünce,0,1,3,Felsefe-Düşünce,0,0,0,0,1,0,0,0,0,0,0,0.45325779036827196,0.40476190476190477,0.12780656303972365,0.00909090909090909,0.0,0.001049317943336831,0.0,1.0,0.0,0.15991692627206644
Mezarlık Meyvesi,Kitap > Edebiyat > Hikaye (Yerli),Ayşenur Kara Subaşı,EPONA KİTAP,4 / 5 (1 oy),18.0,0.0,0,3.0,"153,00",26.07.2024,TÜRKÇE,86,Karton Kapak,12.5 x 19.5 cm,Kitap Kağıdı,301.0,1.0,4.0,1.0,153.0,2024.0,86.0,Edebiyat,0,1,3,Edebiyat,0,0,0,1,0,0,0,0,0,0,0,0.23342776203966004,0.1054421768707483,0.06217616580310881,0.0,0.0,0.0031479538300104933,0.002631578947368421,0.75,0.0,0.6230529595015576
DeşifreAçık Kaynak İstihbaratında Söylem Analizinin Önemi: FETÖ Örneği,Kitap > Akademik > Siyaset İnceleme,Alper Volkan Ertem,NET KİTAPLIK YAYINCILIK,5 / 5 (1 oy),44.0,3.0,0,2.0,"330,00",03.08.2022,TÜRKÇE,196,Karton Kapak,13 x 20 cm,Kitap Kağıdı,66.0,1.0,5.0,1.0,330.0,2022.0,196.0,Akademik,0,1,3,Diger,0,1,0,0,0,0,0,0,0,0,0,0.6345609065155807,0.2925170068027211,0.15198618307426598,0.005454545454545455,0.0,0.002098635886673662,0.002631578947368421,1.0,0.0,0.13499480789200413
Hıristiyanların İslamı'ndan Müslümanların İslam'ına,Kitap > Din > İslamiyet,,ATAÇ YAYINLARI - KAMPANYA,5 / 5 (3 oy),80.0,5.0,1,0.0,"140,00",21.11.2005,TÜRKÇE,189,Karton Kapak,,Kitap Kağıdı,100.0,3.0,5.0,3.0,140.0,2005.0,189.0,Din,0,1,3,Diger,0,1,0,0,0,0,0,0,0,0,0,0.20396600566572237,0.28061224489795916,0.2763385146804836,0.00909090909090909,0.001937984496124031,0.0,0.007894736842105263,1.0,0.00022021581149526536,0.205607476635514
Kalbin Aşk Vakti,Kitap > İslam > Tasavvuf,Vefa Önal,HAYY KİTAP - KAMPANYA,4 / 5 (4 oy),30.0,2.0,0,1.0,"150,00",06.11.2019,TÜRKÇE,104,Karton Kapak,13.5 x 19.5 cm,Kitap Kağıdı,62.0,2.0,4.0,4.0,150.0,2019.0,104.0,İslam,0,1,3,İslam,0,0,0,0,0,0,0,0,0,0,1,0.22662889518413593,0.1360544217687075,0.10362694300518134,0.0036363636363636364,0.0,0.001049317943336831,0.005263157894736842,0.75,0.00033032371724289804,0.12668743509865005
Düş'müş,Kitap > Edebiyat > Şiir (Yerli),Özcan Temel,ARİON YAYINLARI,,0.0,1.0,0,1.0,"320,00",29.01.2022,TÜRKÇE,142,Karton Kapak,13.5 x 19.5 cm,Kitap Kağıdı,15.0,0.0,5.0,5.5,320.0,2022.0,142.0,Edebiyat,0,1,3,Edebiyat,0,0,0,1,0,0,0,0,0,0,0,0.6118980169971671,0.20068027210884354,0.0,0.0018181818181818182,0.0,0.001049317943336831,0.0,1.0,0.000495485575864347,0.029075804776739357
Gelenek ve Modernite Arasında Bir Kavram Milliyetçilik,Kitap > Siyaset > Araştırma-İnceleme,Abdulkadir İlgen,NET KİTAPLIK YAYINCILIK,4 / 5 (2 oy),41.0,1.0,0,1.0,"405,00",04.03.2021,TÜRKÇE,248,Karton Kapak,13 x 20 cm,Kitap Kağıdı,87.0,1.0,4.0,2.0,405.0,2021.0,248.0,Siyaset,0,1,3,Siyaset,0,0,0,0,0,0,1,0,0,0,0,0.8045325779036827,0.38095238095238093,0.14162348877374784,0.0018181818181818182,0.0,0.001049317943336831,0.002631578947368421,0.75,0.00011010790574763268,0.17860851505711317
"Sinema, Kültür, İletişim Okumaları",Kitap > Sinema-Tiyatro > Sinema-Genel,A. Barış Kaplan,URZENİ,,65.0,2.0,0,0.0,"350,00",09.07.2019,TÜRKÇE,406,Karton Kapak,13.5 x 21 cm,Kitap Kağıdı,37.0,0.0,5.0,5.5,350.0,2019.0,406.0,Sinema-Tiyatro,0,1,3,Diger,0,1,0,0,0,0,0,0,0,0,0,0.6798866855524078,0.6496598639455782,0.2245250431778929,0.0036363636363636364,0.0,0.0,0.0,1.0,0.000495485575864347,0.07476635514018692
Son Tren,Kitap > Edebiyat > Roman (Yerli),Celil Güven,MOTTO,5 / 5 (1 oy),17.0,0.0,0,0.0,"292,00",13.09.2022,TÜRKÇE,120,Karton Kapak,13.5 x 19.5 cm,Kitap Kağıdı,70.0,0.0,5.0,1.0,292.0,2022.0,120.0,Edebiyat,0,1,3,Edebiyat,0,0,0,1,0,0,0,0,0,0,0,0.5484419263456091,0.163265306122449,0.05872193436960276,0.0,0.0,0.0,0.0,1.0,0.0,0.14330218068535824
Komünizm Nedir? Politik ve Toplumsal Bilginin ABC'si,Kitap > Siyaset > Araştırma-İnceleme,Kharis Sabirov,SARMAL KİTABEVİ,5 / 5 (2 oy),73.0,5.0,0,1.0,"220,00",30.10.2020,TÜRKÇE,203,Karton Kapak,13 x 20 cm,Kitap Kağıdı,81.0,1.0,5.0,2.0,220.0,2020.0,203.0,Siyaset,0,1,3,Siyaset,0,0,0,0,0,0,1,0,0,0,0,0.38526912181303113,0.304421768707483,0.25215889464594127,0.00909090909090909,0.0,0.001049317943336831,0.002631578947368421,1.0,0.00011010790574763268,0.16614745586708202
50 Maddede Cumhuriyetin 100. Yılı,Kitap > Tarih > Araştırma-İnceleme,Doğan Satmış,DESTEK YAYIN GRUBU-KAMPANYA,,9.0,1.0,0,0.0,"300,00",07.11.2023,TÜRKÇE,360,Karton Kapak,11.5 x 17.5 cm,Kitap Kağıdı,9.0,0.0,5.0,5.5,300.0,2023.0,360.0,Tarih,0,1,3,Tarih,0,0,0,0,0,0,0,0,1,0,0,0.5665722379603398,0.5714285714285714,0.031088082901554404,0.0018181818181818182,0.0,0.0,0.0,1.0,0.000495485575864347,0.016614745586708203
Sürpriz Sonlar,Kitap > Edebiyat > Hikaye (Yerli),Talar  Nalcı,BANLİYÖ KİTAP,,6.0,0.0,0,0.0,"200,00",29.03.2024,TÜRKÇE,208,Karton Kapak,13.5 x 19.5 cm,Kitap Kağıdı,252.0,0.0,5.0,5.5,200.0,2024.0,208.0,Edebiyat,0,1,3,Edebiyat,0,0,0,1,0,0,0,0,0,0,0,0.3399433427762039,0.3129251700680272,0.020725388601036267,0.0,0.0,0.0,0.0,1.0,0.000495485575864347,0.5212876427829698
Ötekinin Keşfi,Kitap > Edebiyat > Bilimkurgu-Fantazya,Alice Ilgenfritz Jones,FİHRİST KİTAP,5 / 5 (10 oy),54.0,6.0,0,10.0,"224,50",27.07.2022,TÜRKÇE,150,Karton Kapak,13 x 19.5 cm,Kitap Kağıdı,42.0,7.0,5.0,10.0,224.5,2022.0,150.0,Edebiyat,0,1,3,Edebiyat,0,0,0,1,0,0,0,0,0,0,0,0.39546742209631724,0.2142857142857143,0.18652849740932642,0.01090909090909091,0.0,0.010493179433368312,0.018421052631578946,1.0,0.000990971151728694,0.08515057113187954
Aşk ve Özlem Ansiklopedisi,Kitap > Edebiyat > Roman (Çeviri),Hilde Ostby,DESTEK YAYIN GRUBU-KAMPANYA,5 / 5 (2 oy),23.0,3.0,1,2.0,"260,00",07.09.2017,TÜRKÇE,256,Karton Kapak,13.5 x 19.5 cm,Kitap Kağıdı,22.0,0.0,5.0,2.0,260.0,2017.0,256.0,Edebiyat,0,1,3,Edebiyat,0,0,0,1,0,0,0,0,0,0,0,0.4759206798866855,0.3945578231292517,0.07944732297063903,0.005454545454545455,0.001937984496124031,0.002098635886673662,0.0,1.0,0.00011010790574763268,0.04361370716510903
Güzel Ölüler / 1. Kitap Jonas,Kitap > Edebiyat > Roman (Çeviri) > Kitap > Orijinal Dil > İngilizce,Eden Maguire,PEGASUS YAYINLARI,4 / 5 (12 oy),151.0,7.0,0,8.0,"249,00",24.10.2011,TÜRKÇE,272,Karton Kapak,13.5 x 21 cm,Kitap Kağıdı,73.0,7.0,4.0,12.0,249.0,2011.0,272.0,Edebiyat,0,1,3,Edebiyat,0,0,0,1,0,0,0,0,0,0,0,0.4509915014164305,0.42176870748299317,0.5215889464594128,0.012727272727272728,0.0,0.008394543546694649,0.018421052631578946,0.75,0.0012111869632239595,0.14953271028037382
The Roanoke Star,Kitap > Edebiyat > Diğer,Fatih Balkış,EPONA KİTAP,4 / 5 (3 oy),11.0,0.0,0,1.0,"158,00",03.05.2024,TÜRKÇE,72,Karton Kapak,12 x 19 cm,Kitap Kağıdı,133.0,0.0,4.0,3.0,158.0,2024.0,72.0,Edebiyat,0,1,3,Edebiyat,0,0,0,1,0,0,0,0,0,0,0,0.2447592067988668,0.0816326530612245,0.037996545768566495,0.0,0.0,0.001049317943336831,0.0,0.75,0.00022021581149526536,0.2741433021806854
Buruk ŞenlikEnformasyon Toplumunda Anomi ve Yabancılaşmanın Yeni Biçimleri,Kitap > Sosyoloji > Araştırma-İnceleme,Ali Ergur,SİYASAL YAYIN GRUBU - KAMPANYA,5 / 5 (3 oy),39.0,3.0,0,1.0,"360,00",13.12.2016,TÜRKÇE,352,Karton Kapak,16 x 24 cm,Kitap Kağıdı,85.0,1.0,5.0,3.0,360.0,2016.0,352.0,Sosyoloji,0,1,3,Sosyoloji,0,0,0,0,0,0,0,1,0,0,0,0.7025495750708215,0.5578231292517006,0.13471502590673576,0.005454545454545455,0.0,0.001049317943336831,0.002631578947368421,1.0,0.00022021581149526536,0.17445482866043613
Siyaset Olarak HayatSıradan İnsanlar Ortadoğu’yu Nasıl Değiştiriyor?,Kitap > Siyaset > Bölgeler-Ülkeler,Asef Bayat,METİS YAYINLARI,5 / 5 (8 oy),203.0,15.0,2,5.0,"460,00",19.02.2016,TÜRKÇE,464,Karton Kapak,13 x 19.5 cm,Kitap Kağıdı,219.0,1.0,5.0,8.0,460.0,2016.0,464.0,Siyaset,0,1,3,Siyaset,0,0,0,0,0,0,1,0,0,0,0,0.9291784702549575,0.7482993197278911,0.7012089810017271,0.02727272727272727,0.003875968992248062,0.005246589716684156,0.002631578947368421,1.0,0.0007707553402334288,0.45275181723779856
Sadako,Kitap > Çocuk Kitapları > Roman,Takayukı  Ishıı,YAKAMOZ YAYINCILIK,5 / 5 (44 oy),289.5,66.0,9,148.0,"150,00",18.01.2022,TÜRKÇE,160,Karton Kapak,13.5 x 19.5 cm,Kitap Kağıdı,482.5,27.0,5.0,44.0,150.0,2022.0,160.0,Çocuk Kitapları,0,1,3,Çocuk Kitapları,0,0,0,0,0,0,0,0,0,1,0,0.22662889518413593,0.2312925170068027,1.0,0.12,0.01744186046511628,0.155299055613851,0.07105263157894737,1.0,0.004734639947148205,0.9999999999999999
Tuzak / Dönüşüm Serisi -4,Kitap > Edebiyat > Roman (Çeviri) > Kitap > Orijinal Dil > İngilizce,Rachel Vincent,PEGASUS YAYINLARI,5 / 5 (31 oy),285.0,16.0,0,43.0,"299,00",06.08.2012,TÜRKÇE,440,Karton Kapak,13.5 x 21 cm,Kitap Kağıdı,235.0,13.0,5.0,31.0,299.0,2012.0,440.0,Edebiyat,0,1,3,Edebiyat,0,0,0,1,0,0,0,0,0,0,0,0.5643059490084985,0.7074829931972788,0.9844559585492227,0.02909090909090909,0.0,0.04512067156348374,0.034210526315789476,1.0,0.0033032371724289805,0.48598130841121495
Kayıp Kapı Ayasofya,Kitap > Edebiyat > Polisiye,Orhan T. Özdemir,SARMAL KİTABEVİ,4 / 5 (5 oy),40.0,3.0,0,2.0,"270,00",03.12.2020,TÜRKÇE,250,Karton Kapak,13 x 20 cm,Kitap Kağıdı,48.0,2.0,4.0,5.0,270.0,2020.0,250.0,Edebiyat,0,1,3,Edebiyat,0,0,0,1,0,0,0,0,0,0,0,0.49858356940509907,0.3843537414965986,0.1381692573402418,0.005454545454545455,0.0,0.002098635886673662,0.005263157894736842,0.75,0.00044043162299053066,0.0976116303219107
Kendine Değer Katabilmek,Kitap > Kişisel Gelişim,Levent Uysal,DESTEK YAYIN GRUBU-KAMPANYA,5 / 5 (1 oy),4.0,1.0,0,0.0,"240,00",08.11.2022,TÜRKÇE,216,Karton Kapak,13.5 x 21 cm,Kitap Kağıdı,6.0,0.0,5.0,1.0,240.0,2022.0,216.0,Kişisel Gelişim,0,1,3,Kişisel Gelişim,0,0,0,0,0,1,0,0,0,0,0,0.4305949008498583,0.32653061224489793,0.013816925734024179,0.0018181818181818182,0.0,0.0,0.0,1.0,0.0,0.010384215991692626
Dünyayı Yöneten Gizli Cemiyetler,Kitap > Tarih > Araştırma-İnceleme > Kitap > Siyaset > Kurumlar-Örgütler,Kürşad Berkkan,YEDİVEREN YAYIN GRUBU - KAMPANYA,4 / 5 (17 oy),257.0,11.0,1,9.0,"150,00",19.09.2016,TÜRKÇE,184,Karton Kapak,13.5 x 21 cm,Kitap Kağıdı,251.0,6.0,4.0,17.0,150.0,2016.0,184.0,Tarih,0,1,3,Tarih,0,0,0,0,0,0,0,0,1,0,0,0.22662889518413593,0.272108843537415,0.8877374784110535,0.02,0.001937984496124031,0.00944386149003148,0.015789473684210527,0.75,0.0017617264919621229,0.5192107995846313
Seni BeklerkenBir Umut Hikayesi,Kitap > Edebiyat > Hikaye (Yerli),Merve Öztürk,SİYAH KUĞU KAMPANYA,5 / 5 (58 oy),89.0,31.0,5,52.0,"110,00",01.01.2018,TÜRKÇE,200,Karton Kapak,13.5 x 21 cm,Kitap Kağıdı,482.5,32.0,5.0,58.0,110.0,2018.0,200.0,Edebiyat,0,1,3,Edebiyat,0,0,0,1,0,0,0,0,0,0,0,0.1359773371104816,0.29931972789115646,0.307426597582038,0.056363636363636366,0.009689922480620155,0.05456453305351522,0.08421052631578947,1.0,0.006276150627615063,0.9999999999999999
Geç Kalmış Aşk,Kitap > Edebiyat > Roman (Çeviri),Cathy Maxwell,PEGASUS YAYINLARI,4 / 5 (29 oy),118.0,10.0,2,28.0,"299,00",19.07.2016,TÜRKÇE,336,Karton Kapak,13.5 x 21 cm,Kitap Kağıdı,265.0,11.0,4.0,29.0,299.0,2016.0,336.0,Edebiyat,0,1,3,Edebiyat,0,0,0,1,0,0,0,0,0,0,0,0.5643059490084985,0.5306122448979591,0.4075993091537133,0.01818181818181818,0.003875968992248062,0.02938090241343127,0.02894736842105263,0.75,0.0030830213609337152,0.5482866043613707
Cennet,Kitap > Edebiyat > Roman (Çeviri) > Kitap > Diğer > Gençlik Kitapları > Edebiyat > Kitap > Orijinal Dil > İngilizce,Alexandra Adornetto,PEGASUS YAYINLARI,4 / 5 (31 oy),266.0,11.0,1,38.0,"299,00",02.10.2013,TÜRKÇE,416,Karton Kapak,13.5 x 21 cm,Kitap Kağıdı,257.0,3.0,4.0,31.0,299.0,2013.0,416.0,Edebiyat,0,1,3,Edebiyat,0,0,0,1,0,0,0,0,0,0,0,0.5643059490084985,0.6666666666666666,0.918825561312608,0.02,0.001937984496124031,0.03987408184679958,0.007894736842105263,0.75,0.0033032371724289805,0.5316718587746625
Hayatımın Aşkı,Kitap > Edebiyat > Roman (Çeviri) > Kitap > Orijinal Dil > İngilizce,Louise Douglas,PEGASUS YAYINLARI,4 / 5 (14 oy),188.0,5.0,0,18.0,"299,00",29.04.2014,TÜRKÇE,336,Karton Kapak,13.5 x 21 cm,Kitap Kağıdı,113.0,4.0,4.0,14.0,299.0,2014.0,336.0,Edebiyat,0,1,3,Edebiyat,0,0,0,1,0,0,0,0,0,0,0,0.5643059490084985,0.5306122448979591,0.6493955094991364,0.00909090909090909,0.0,0.01888772298006296,0.010526315789473684,0.75,0.001431402774719225,0.23260643821391483
İkinci VatanTansu Çiller’in ABD Macerası,Kitap > Siyaset > Araştırma-İnceleme,Turan Yavuz,DESTEK YAYIN GRUBU-KAMPANYA,5 / 5 (1 oy),35.0,0.0,0,0.0,"260,00",12.09.2019,TÜRKÇE,272,Karton Kapak,13.5 x 21 cm,Kitap Kağıdı,12.0,0.0,5.0,1.0,260.0,2019.0,272.0,Siyaset,0,1,3,Siyaset,0,0,0,0,0,0,1,0,0,0,0,0.4759206798866855,0.42176870748299317,0.12089810017271156,0.0,0.0,0.0,0.0,1.0,0.0,0.02284527518172378
Hayat Yarım Bırakır Sen Ellerimi Tut,Kitap > Edebiyat > Deneme (Yerli),Rabia Aysel,HAYY KİTAP - KAMPANYA,5 / 5 (1 oy),32.0,4.0,0,0.0,"150,00",06.08.2021,TÜRKÇE,126,Karton Kapak,13.5 x 19.5 cm,Kitap Kağıdı,22.0,0.0,5.0,1.0,150.0,2021.0,126.0,Edebiyat,0,1,3,Edebiyat,0,0,0,1,0,0,0,0,0,0,0,0.22662889518413593,0.17346938775510204,0.11053540587219343,0.007272727272727273,0.0,0.0,0.0,1.0,0.0,0.04361370716510903
Çölün LanetiAmarran Çölleri Serisi Birinci Kitap,Kitap > Edebiyat > Bilimkurgu-Fantazya,Özlem Dokuyucu,KENT KİTAP,5 / 5 (1 oy),19.0,2.0,0,0.0,"329,00",28.11.2023,TÜRKÇE,508,Karton Kapak,13.5 x 19.5 cm,Kitap Kağıdı,100.0,0.0,5.0,1.0,329.0,2023.0,508.0,Edebiyat,0,1,3,Edebiyat,0,0,0,1,0,0,0,0,0,0,0,0.6322946175637393,0.8231292517006802,0.06563039723661485,0.0036363636363636364,0.0,0.0,0.0,1.0,0.0,0.205607476635514
Türkiye'nin Suyu 2.Cilt81 İlin Su Kaynakları / Potansiyeli ve Kalitesi,Kitap > Başvuru Kitapları,Eşref Atabey,SARMAL KİTABEVİ,,16.0,1.0,0,0.0,"550,00",31.07.2024,TÜRKÇE,455,Karton Kapak,16 x 24 cm,Kitap Kağıdı,16.0,0.0,5.0,5.5,491.25,2024.0,455.0,Başvuru Kitapları,0,1,3,Diger,0,1,0,0,0,0,0,0,0,0,0,1.0,0.7329931972789115,0.055267702936096716,0.0018181818181818182,0.0,0.0,0.0,1.0,0.000495485575864347,0.03115264797507788
Söylenmemiş Son Söz,Kitap > Edebiyat > Anlatı,Concita De Gregorio,DESTEK YAYIN GRUBU-KAMPANYA,,1.0,0.0,0,0.0,"180,00",14.03.2024,TÜRKÇE,168,Karton Kapak,13.5 x 19.5 cm,Kitap Kağıdı,1.0,0.0,5.0,5.5,180.0,2024.0,168.0,Edebiyat,0,1,3,Edebiyat,0,0,0,1,0,0,0,0,0,0,0,0.29461756373937675,0.24489795918367346,0.0034542314335060447,0.0,0.0,0.0,0.0,1.0,0.000495485575864347,0.0
Aforizmalar,Kitap > Felsefe-Düşünce > Diğer,Albert Einstein,SARMAL KİTABEVİ,5 / 5 (2 oy),147.0,7.0,0,8.0,"190,00",23.02.2023,TÜRKÇE,144,Karton Kapak,13.5 x 21 cm,Kitap Kağıdı,111.0,1.0,5.0,2.0,190.0,2023.0,144.0,Felsefe-Düşünce,0,1,3,Felsefe-Düşünce,0,0,0,0,1,0,0,0,0,0,0,0.31728045325779036,0.20408163265306123,0.5077720207253886,0.012727272727272728,0.0,0.008394543546694649,0.002631578947368421,1.0,0.00011010790574763268,0.2284527518172378
Sabahın Sözcükleri,Kitap > Edebiyat > Roman (Yerli),Akgün Akova,DESTEK YAYIN GRUBU-KAMPANYA,5 / 5 (1 oy),9.0,2.0,0,0.0,"180,00",02.06.2025,TÜRKÇE,232,Karton Kapak,13.5 x 19.5 cm,Kitap Kağıdı,15.0,1.0,5.0,1.0,180.0,2025.0,232.0,Edebiyat,0,1,3,Edebiyat,0,0,0,1,0,0,0,0,0,0,0,0.29461756373937675,0.35374149659863946,0.031088082901554404,0.0036363636363636364,0.0,0.0,0.002631578947368421,1.0,0.0,0.029075804776739357
Ezik Serisi Takım Set (3 Kitap),Kitap > Edebiyat > Roman (Çeviri),Andrew Smith,PEGASUS YAYINLARI,4 / 5 (10 oy),289.5,17.0,2,8.0,"897,00",31.01.2020,TÜRKÇE,1248,Karton Kapak,13.5 x 21 cm,Kitap Kağıdı,250.0,4.0,4.0,10.0,491.25,2020.0,612.0,Edebiyat,0,1,3,Edebiyat,0,0,0,1,0,0,0,0,0,0,0,1.0,1.0,1.0,0.03090909090909091,0.003875968992248062,0.008394543546694649,0.010526315789473684,0.75,0.000990971151728694,0.5171339563862928
Seyyah,Kitap > Edebiyat > Roman (Çeviri) > Kitap > Orijinal Dil > Fince,Mika Waltari,BİLGE KÜLTÜR SANAT,4 / 5 (14 oy),102.0,6.0,0,17.0,"380,00",18.04.2007,TÜRKÇE,480,Karton Kapak,13.5 x 19.5 cm,Kitap Kağıdı,125.0,6.0,4.0,14.0,380.0,2007.0,480.0,Edebiyat,0,1,3,Edebiyat,0,0,0,1,0,0,0,0,0,0,0,0.7478753541076487,0.7755102040816326,0.35233160621761656,0.01090909090909091,0.0,0.017838405036726127,0.015789473684210527,0.75,0.001431402774719225,0.25752855659397716
Anonim Bir Bizans Hicvi,Kitap > Tarih > Araştırma-İnceleme,Timarion,URZENİ,5 / 5 (12 oy),73.0,4.0,0,4.0,"140,00",28.10.2020,TÜRKÇE,84,Karton Kapak,13.5 x 21 cm,Kitap Kağıdı,122.0,8.0,5.0,12.0,140.0,2020.0,84.0,Tarih,0,1,3,Tarih,0,0,0,0,0,0,0,0,1,0,0,0.20396600566572237,0.10204081632653061,0.25215889464594127,0.007272727272727273,0.0,0.004197271773347324,0.021052631578947368,1.0,0.0012111869632239595,0.2512980269989616
Gömülü Şehirler,Kitap > Kültür > Arkeoloji,Jennie Hall,URZENİ,5 / 5 (1 oy),32.0,0.0,0,2.0,"240,00",07.05.2021,TÜRKÇE,200,Karton Kapak,11 x 17 cm,Kitap Kağıdı,14.0,1.0,5.0,1.0,240.0,2021.0,200.0,Kültür,0,1,3,Diger,0,1,0,0,0,0,0,0,0,0,0,0.4305949008498583,0.29931972789115646,0.11053540587219343,0.0,0.0,0.002098635886673662,0.002631578947368421,1.0,0.0,0.026998961578400833
Çilekeş Kardeşler,Kitap > Edebiyat > Roman (Yerli),Agâh Ensar Can,FİHRİST KİTAP,5 / 5 (13 oy),29.0,5.0,2,13.0,"289,50",18.05.2022,TÜRKÇE,202,Karton Kapak,13 x 19.5 cm,Kitap Kağıdı,145.0,13.0,5.0,13.0,289.5,2022.0,202.0,Edebiyat,0,1,3,Edebiyat,0,0,0,1,0,0,0,0,0,0,0,0.5427762039660056,0.30272108843537415,0.1001727115716753,0.00909090909090909,0.003875968992248062,0.013641133263378805,0.034210526315789476,1.0,0.0013212948689715921,0.2990654205607477
Sincaplı Buda,Kitap > Edebiyat > Roman (Yerli),Iraz Şensöz,HOLDEN KİTAP,5 / 5 (4 oy),16.0,6.0,0,0.0,"115,00",28.10.2021,TÜRKÇE,180,Karton Kapak,12.5 x 19.5 cm,Kitap Kağıdı,235.0,1.0,5.0,4.0,115.0,2021.0,180.0,Edebiyat,0,1,3,Edebiyat,0,0,0,1,0,0,0,0,0,0,0,0.14730878186968838,0.2653061224489796,0.055267702936096716,0.01090909090909091,0.0,0.0,0.002631578947368421,1.0,0.00033032371724289804,0.48598130841121495
Kırk Adımda Trabzon,Kitap > Şehir Kitapları > Trabzon,40'lar Kulübü,40'LAR KULÜBÜ,4 / 5 (3 oy),70.0,0.0,0,2.0,"149,00",09.09.2016,TÜRKÇE,164,Karton Kapak,13.5 x 21 cm,Kitap Kağıdı,41.0,1.0,4.0,3.0,149.0,2016.0,164.0,Şehir Kitapları,0,1,3,Diger,0,1,0,0,0,0,0,0,0,0,0,0.2243626062322946,0.23809523809523808,0.24179620034542312,0.0,0.0,0.002098635886673662,0.002631578947368421,0.75,0.00022021581149526536,0.08307372793354102
Müziğin Öyküsü,Kitap > Müzik > Kavram-Kuram,Dr. Vural Yiğit,SARMAL KİTABEVİ,5 / 5 (1 oy),14.0,1.0,0,0.0,"270,00",15.12.2023,TÜRKÇE,264,Karton Kapak,13.5 x 19.5 cm,Kitap Kağıdı,22.0,1.0,5.0,1.0,270.0,2023.0,264.0,Müzik,0,1,3,Diger,0,1,0,0,0,0,0,0,0,0,0,0.49858356940509907,0.40816326530612246,0.048359240069084625,0.0018181818181818182,0.0,0.0,0.002631578947368421,1.0,0.0,0.04361370716510903
Yük Yukarı,Kitap > Edebiyat > Şiir (Yerli),Berat Yılmaz,FİHRİST KİTAP,5 / 5 (1 oy),13.0,5.0,0,1.0,"144,50",01.03.2021,TÜRKÇE,80,Karton Kapak,13 x 19.5 cm,Kitap Kağıdı,137.0,0.0,5.0,1.0,144.5,2021.0,80.0,Edebiyat,0,1,3,Edebiyat,0,0,0,1,0,0,0,0,0,0,0,0.21416430594900848,0.09523809523809523,0.04490500863557858,0.00909090909090909,0.0,0.001049317943336831,0.0,1.0,0.0,0.2824506749740395
Elektrosfer,Kitap > Edebiyat > Bilimkurgu-Fantazya,Uraz Sarı,FİHRİST KİTAP,5 / 5 (5 oy),26.0,5.0,1,4.0,"334,50",07.11.2022,TÜRKÇE,242,Karton Kapak,13 x 19.5 cm,Kitap Kağıdı,32.0,2.0,5.0,5.0,334.5,2022.0,242.0,Edebiyat,0,1,3,Edebiyat,0,0,0,1,0,0,0,0,0,0,0,0.6447592067988668,0.37074829931972786,0.08981001727115716,0.00909090909090909,0.001937984496124031,0.004197271773347324,0.005263157894736842,1.0,0.00044043162299053066,0.06438213914849429
Kayıp Mirasİkinci İşgal,Kitap > Edebiyat > Roman (Yerli),Köksal Gülerkaya,PEGASUS YAYINLARI,4 / 5 (138 oy),238.0,88.0,8,92.0,"269,00",14.06.2014,TÜRKÇE,320,Karton Kapak,13.5 x 21 cm,Kitap Kağıdı,482.5,65.0,4.0,138.0,269.0,2014.0,320.0,Edebiyat,0,1,3,Edebiyat,0,0,0,1,0,0,0,0,0,0,0,0.49631728045325774,0.5034013605442176,0.8221070811744386,0.16,0.015503875968992248,0.09653725078698847,0.17105263157894737,0.75,0.015084783087425677,0.9999999999999999
Türk Dış Politikası Mülakatları,Kitap > Siyaset > Bölgeler-Ülkeler,Prof. Dr. Ozan Örmeci,URZENİ,5 / 5 (1 oy),17.0,0.0,0,1.0,"270,00",20.08.2024,TÜRKÇE,195,Karton Kapak,13.5 x 19.5 cm,Kitap Kağıdı,10.0,0.0,5.0,1.0,270.0,2024.0,195.0,Siyaset,0,1,3,Siyaset,0,0,0,0,0,0,1,0,0,0,0,0.49858356940509907,0.29081632653061223,0.05872193436960276,0.0,0.0,0.001049317943336831,0.0,1.0,0.0,0.018691588785046728
Telefon Tofi,"Kitap > Çocuk Kitapları > 6-12 Yaş > Hikaye, Roman & Masal",Yeşim Özen Açıl,ABAKÜS KİTAP - KAMPANYA,5 / 5 (7 oy),46.0,1.0,0,6.0,"85,00",03.07.2019,TÜRKÇE,24,Karton Kapak,22 x 22 cm,Kitap Kağıdı,183.0,3.0,5.0,7.0,85.0,2019.0,24.0,Çocuk Kitapları,0,1,3,Çocuk Kitapları,0,0,0,0,0,0,0,0,0,1,0,0.07932011331444759,0.0,0.15889464594127806,0.0018181818181818182,0.0,0.0062959076600209865,0.007894736842105263,1.0,0.0006606474344857962,0.37798546209761164
Kırklama Çay,Kitap > Edebiyat > Deneme (Yerli),40'lar Kulübü,40'LAR KULÜBÜ,5 / 5 (6 oy),31.0,4.0,2,3.0,"99,00",20.07.2022,TÜRKÇE,108,Karton Kapak,13.5 x 21 cm,Kitap Kağıdı,34.0,4.0,5.0,6.0,99.0,2022.0,108.0,Edebiyat,0,1,3,Edebiyat,0,0,0,1,0,0,0,0,0,0,0,0.11104815864022662,0.14285714285714285,0.1070811744386874,0.007272727272727273,0.003875968992248062,0.0031479538300104933,0.010526315789473684,1.0,0.0005505395287381633,0.06853582554517135
Tarihsel Zenginliğimiz Müzeler  2,Kitap > Tarih > Araştırma-İnceleme,Hatice Opak,ALAN YAYINCILIK,,8.0,0.0,0,0.0,"215,00",29.04.2024,TÜRKÇE,,Karton Kapak,13.5 x 19.5 cm,Kitap Kağıdı,7.0,0.0,5.0,5.5,215.0,2024.0,236.5,Tarih,0,1,3,Tarih,0,0,0,0,0,0,0,0,1,0,0,0.3739376770538243,0.36139455782312924,0.027633851468048358,0.0,0.0,0.0,0.0,1.0,0.000495485575864347,0.012461059190031154
Yara İzi,Kitap > Edebiyat > Deneme (Yerli),Güven Kemerkaya,HAYY KİTAP - KAMPANYA,4 / 5 (4 oy),46.0,6.0,2,4.0,"150,00",15.11.2018,TÜRKÇE,120,Karton Kapak,13.5 x 21 cm,Kitap Kağıdı,147.0,2.0,4.0,4.0,150.0,2018.0,120.0,Edebiyat,0,1,3,Edebiyat,0,0,0,1,0,0,0,0,0,0,0,0.22662889518413593,0.163265306122449,0.15889464594127806,0.01090909090909091,0.003875968992248062,0.004197271773347324,0.005263157894736842,0.75,0.00033032371724289804,0.3032191069574247
Fihi Ma Fih,Kitap > İslam > Araştırma-İnceleme,Mevlana Celaleddin-i Rumi,SARMAL KİTABEVİ,1 / 5 (1 oy),93.0,5.0,0,4.0,"320,00",07.02.2022,TÜRKÇE,297,Karton Kapak,14 x 22 cm,Kitap Kağıdı,136.0,1.0,1.0,1.0,320.0,2022.0,297.0,İslam,0,1,3,İslam,0,0,0,0,0,0,0,0,0,0,1,0.6118980169971671,0.46428571428571425,0.32124352331606215,0.00909090909090909,0.0,0.004197271773347324,0.002631578947368421,0.0,0.0,0.28037383177570097
Psikanaliz Düşünür Müsünüz?,Kitap > Psikoloji > İnceleme,Karen Horney,SARMAL KİTABEVİ,,60.0,2.0,0,0.0,"240,00",06.02.2024,TÜRKÇE,193,Karton Kapak,13.5 x 19.5 cm,Kitap Kağıdı,51.0,0.0,5.0,5.5,240.0,2024.0,193.0,Psikoloji,0,1,3,Diger,0,1,0,0,0,0,0,0,0,0,0,0.4305949008498583,0.28741496598639454,0.20725388601036268,0.0036363636363636364,0.0,0.0,0.0,1.0,0.000495485575864347,0.10384215991692627
Ateş,Kitap > Edebiyat > Roman (Yerli) > Kitap > Edebiyat > Diğer,Ertürk Akşun,DESTEK YAYIN GRUBU-KAMPANYA,4 / 5 (71 oy),121.0,35.0,6,55.0,"300,00",26.05.2016,TÜRKÇE,368,Karton Kapak,13.5 x 19.5 cm,Kitap Kağıdı,356.0,25.0,4.0,71.0,300.0,2016.0,368.0,Edebiyat,0,1,3,Edebiyat,0,0,0,1,0,0,0,0,0,0,0,0.5665722379603398,0.5850340136054422,0.4179620034542314,0.06363636363636363,0.011627906976744186,0.05771248688352571,0.06578947368421052,0.75,0.007707553402334286,0.7372793354101764
Pamphylia - Isauria - Lykaonia,Kitap > Turizm-Gezi > Tarihi Mekanlar (Dünya),Prof. Dr. Bilge Umar,İNKILAP KİTABEVİ-KAMPANYA,5 / 5 (15 oy),84.0,14.0,1,8.0,"590,00",07.06.2011,TÜRKÇE,285,Karton Kapak,13.5 x 19.5 cm,Kitap Kağıdı,257.0,4.0,5.0,15.0,491.25,2011.0,285.0,Turizm-Gezi,0,1,3,Diger,0,1,0,0,0,0,0,0,0,0,0,1.0,0.44387755102040816,0.29015544041450775,0.025454545454545455,0.001937984496124031,0.008394543546694649,0.010526315789473684,1.0,0.0015415106804668576,0.5316718587746625
Aklım Uzaklarda,Kitap > Turizm-Gezi > Gezi Kitapları,Ahmet Arpad,SİYAH KUĞU KAMPANYA,4 / 5 (5 oy),17.0,6.0,0,5.0,"140,00",07.12.2017,TÜRKÇE,272,Karton Kapak,14 x 23 cm,Kitap Kağıdı,105.0,4.0,4.0,5.0,140.0,2017.0,272.0,Turizm-Gezi,0,1,3,Diger,0,1,0,0,0,0,0,0,0,0,0,0.20396600566572237,0.42176870748299317,0.05872193436960276,0.01090909090909091,0.0,0.005246589716684156,0.010526315789473684,0.75,0.00044043162299053066,0.21599169262720663
İnsanlığın Öyküsü Sensin,Kitap > Kişisel Gelişim,Jiddu Krishnamurti,SAY YAYIN GRUBU-KAMPANYA,4 / 5 (4 oy),92.0,9.0,0,1.0,"350,00",14.06.2016,TÜRKÇE,240,Karton Kapak,13.5 x 21 cm,Kitap Kağıdı,112.0,1.0,4.0,4.0,350.0,2016.0,240.0,Kişisel Gelişim,0,1,3,Kişisel Gelişim,0,0,0,0,0,1,0,0,0,0,0,0.6798866855524078,0.3673469387755102,0.3177892918825561,0.016363636363636365,0.0,0.001049317943336831,0.002631578947368421,0.75,0.00033032371724289804,0.23052959501557632
Tarih,Kitap > Tarih > Araştırma-İnceleme,Herodot (Herodotos),SAY YAYIN GRUBU-KAMPANYA,3 / 5 (3 oy),145.0,12.0,0,4.0,"500,00",22.03.2017,TÜRKÇE,584,Karton Kapak,13.5 x 21 cm,Kitap Kağıdı,77.0,0.0,3.0,3.0,491.25,2017.0,584.0,Tarih,0,1,3,Tarih,0,0,0,0,0,0,0,0,1,0,0,1.0,0.9523809523809523,0.5008635578583764,0.02181818181818182,0.0,0.004197271773347324,0.0,0.5,0.00022021581149526536,0.15784008307372793
Gençlere İnanç İlmihali,Kitap > İslam > Mantık-Akaid,Nizameddin Saltan,RAĞBET YAYINLARI-KAMPANYA,4 / 5 (5 oy),32.0,5.0,0,3.0,"580,00",16.07.2012,TÜRKÇE,,Karton Kapak,13.5 x 21 cm,Kitap Kağıdı,42.0,0.0,4.0,5.0,491.25,2012.0,236.5,İslam,0,1,3,İslam,0,0,0,0,0,0,0,0,0,0,1,1.0,0.36139455782312924,0.11053540587219343,0.00909090909090909,0.0,0.0031479538300104933,0.0,0.75,0.00044043162299053066,0.08515057113187954
Yavuz'un Kırk Mührü,Kitap > Tarih > Kişiler,40'lar Kulübü,40'LAR KULÜBÜ,4 / 5 (5 oy),44.0,7.0,0,5.0,"149,00",20.07.2022,TÜRKÇE,175,Karton Kapak,13.5 x 21 cm,Kitap Kağıdı,44.0,1.0,4.0,5.0,149.0,2022.0,175.0,Tarih,0,1,3,Tarih,0,0,0,0,0,0,0,0,1,0,0,0.2243626062322946,0.2568027210884354,0.15198618307426598,0.012727272727272728,0.0,0.005246589716684156,0.002631578947368421,0.75,0.00044043162299053066,0.0893042575285566
Bizans İmparatorluğu’nda Ermeniler,Kitap > Tarih,Peter Charanis,URZENİ,4 / 5 (9 oy),78.0,4.0,1,3.0,"200,00",20.02.2021,TÜRKÇE,98,Karton Kapak,13 x 20 cm,Kitap Kağıdı,148.0,4.0,4.0,9.0,200.0,2021.0,98.0,Tarih,0,1,3,Tarih,0,0,0,0,0,0,0,0,1,0,0,0.3399433427762039,0.12585034013605442,0.2694300518134715,0.007272727272727273,0.001937984496124031,0.0031479538300104933,0.010526315789473684,0.75,0.0008808632459810614,0.3052959501557633
Uzayın Derin Karanlığı,Kitap > Edebiyat > Bilimkurgu-Fantazya,Barış Toprak,FİHRİST KİTAP,5 / 5 (9 oy),54.0,11.0,1,1.0,"409,50",05.06.2023,TÜRKÇE,308,Karton Kapak,13 x 19.5 cm,Kitap Kağıdı,307.0,4.0,5.0,9.0,409.5,2023.0,308.0,Edebiyat,0,1,3,Edebiyat,0,0,0,1,0,0,0,0,0,0,0,0.8147308781869688,0.4829931972789116,0.18652849740932642,0.02,0.001937984496124031,0.001049317943336831,0.010526315789473684,1.0,0.0008808632459810614,0.6355140186915887
Disleksinin Sesi,Kitap > Çocuk Kitapları > Diğer,Merve Yurtsever,TRUVA YAYINLARI,5 / 5 (2 oy),14.0,2.0,1,3.0,"140,00",12.03.2024,TÜRKÇE,120,Karton Kapak,13.5 x 21 cm,Kitap Kağıdı,292.0,2.0,5.0,2.0,140.0,2024.0,120.0,Çocuk Kitapları,0,1,3,Çocuk Kitapları,0,0,0,0,0,0,0,0,0,1,0,0.20396600566572237,0.163265306122449,0.048359240069084625,0.0036363636363636364,0.001937984496124031,0.0031479538300104933,0.005263157894736842,1.0,0.00011010790574763268,0.6043613707165109
Aşka Boyanan Kadınlar,Kitap > Edebiyat > Deneme (Yerli),Akın Ok,SARMAL KİTABEVİ,,3.0,0.0,0,0.0,"170,00",13.01.2021,TÜRKÇE,132,Karton Kapak,13 x 20 cm,Kitap Kağıdı,39.0,0.0,5.0,5.5,170.0,2021.0,132.0,Edebiyat,0,1,3,Edebiyat,0,0,0,1,0,0,0,0,0,0,0,0.27195467422096314,0.1836734693877551,0.010362694300518133,0.0,0.0,0.0,0.0,1.0,0.000495485575864347,0.07892004153686397
Ay Ona Gülümsüyordu,Kitap > Edebiyat > Roman (Yerli),Mithat Özcan,ARİON YAYINLARI,,2.0,0.0,0,0.0,"600,00",06.06.2024,TÜRKÇE,340,Karton Kapak,13.5 x 21 cm,Kitap Kağıdı,4.0,0.0,5.0,5.5,491.25,2024.0,340.0,Edebiyat,0,1,3,Edebiyat,0,0,0,1,0,0,0,0,0,0,0,1.0,0.5374149659863945,0.0069084628670120895,0.0,0.0,0.0,0.0,1.0,0.000495485575864347,0.006230529595015576
Gezegen FabrikasıÖtegezegenler ve İkinci Bir Dünya Arayışı,Kitap > Bilim & Mühendislik > Popüler Bilim,Elizabeth Tasker,SAY YAYIN GRUBU-KAMPANYA,5 / 5 (3 oy),155.0,12.0,0,1.0,"450,00",19.07.2022,TÜRKÇE,416,Karton Kapak,13.5 x 21 cm,Kitap Kağıdı,50.0,2.0,5.0,3.0,450.0,2022.0,416.0,Bilim & Mühendislik,0,1,3,Bilim & Mühendislik,1,0,0,0,0,0,0,0,0,0,0,0.9065155807365439,0.6666666666666666,0.5354058721934369,0.02181818181818182,0.0,0.001049317943336831,0.005263157894736842,1.0,0.00022021581149526536,0.10176531671858775
Netflix EtkisiDijital Çağda Ekran Kültürü,Kitap > Kültür > Popüler Kültür,Kenan Duman,URZENİ,5 / 5 (1 oy),61.0,3.0,0,2.0,"320,00",01.04.2022,TÜRKÇE,302,Karton Kapak,13.5 x 21 cm,Kitap Kağıdı,105.0,1.0,5.0,1.0,320.0,2022.0,302.0,Kültür,0,1,3,Diger,0,1,0,0,0,0,0,0,0,0,0,0.6118980169971671,0.47278911564625853,0.21070811744386872,0.005454545454545455,0.0,0.002098635886673662,0.002631578947368421,1.0,0.0,0.21599169262720663
Yolculukİmparatorluk Türkiyesinden Bölük Pörçük Hatıralar,Kitap > Tarih > Hatıralar,Willam Nesbitt Chambers,YEDİTEPE YAYINEVİ-KAMPANYA,4 / 5 (10 oy),114.0,10.0,1,9.0,"220,00",01.12.2016,TÜRKÇE,232,Karton Kapak,13.5 x 21 cm,Kitap Kağıdı,129.0,1.0,4.0,10.0,220.0,2016.0,232.0,Tarih,0,1,3,Tarih,0,0,0,0,0,0,0,0,1,0,0,0.38526912181303113,0.35374149659863946,0.3937823834196891,0.01818181818181818,0.001937984496124031,0.00944386149003148,0.002631578947368421,0.75,0.000990971151728694,0.26583592938733125
Ölüm ve Yeniden Doğuş,Kitap > Kişisel Gelişim,Katherine Tingley,URZENİ,,11.0,1.0,0,0.0,"270,00",27.07.2023,TÜRKÇE,185,Karton Kapak,13.5 x 19.5 cm,Kitap Kağıdı,14.0,0.0,5.0,5.5,270.0,2023.0,185.0,Kişisel Gelişim,0,1,3,Kişisel Gelişim,0,0,0,0,0,1,0,0,0,0,0,0.49858356940509907,0.2738095238095238,0.037996545768566495,0.0018181818181818182,0.0,0.0,0.0,1.0,0.000495485575864347,0.026998961578400833
Osmanlı'da Bir Amerikan Kovboyu 3.Kitap,Kitap > Edebiyat > Roman (Yerli),Eser Baykuş,ONUR KİTAP,,11.0,0.0,0,0.0,"220,00",19.03.2024,TÜRKÇE,176,Karton Kapak,13.5 x 21 cm,Kitap Kağıdı,7.0,0.0,5.0,5.5,220.0,2024.0,176.0,Edebiyat,0,1,3,Edebiyat,0,0,0,1,0,0,0,0,0,0,0,0.38526912181303113,0.2585034013605442,0.037996545768566495,0.0,0.0,0.0,0.0,1.0,0.000495485575864347,0.012461059190031154
Türk Sinemasında Eğlence Kültürü,Kitap > Kültür > Popüler Kültür,Meltem İşler Sevindi,URZENİ,5 / 5 (1 oy),16.0,3.0,0,0.0,"270,00",24.08.2023,TÜRKÇE,271,Karton Kapak,13.5 x 19.5 cm,Kitap Kağıdı,31.0,0.0,5.0,1.0,270.0,2023.0,271.0,Kültür,0,1,3,Diger,0,1,0,0,0,0,0,0,0,0,0,0.49858356940509907,0.4200680272108843,0.055267702936096716,0.005454545454545455,0.0,0.0,0.0,1.0,0.0,0.06230529595015576
Kadere Bak!,Kitap > Edebiyat > Roman (Çeviri),Cecelia Ahern,PEGASUS YAYINLARI,4 / 5 (32 oy),213.0,23.0,4,38.0,"299,00",18.05.2016,TÜRKÇE,448,Karton Kapak,13.5 x 21 cm,Kitap Kağıdı,268.0,14.0,4.0,32.0,299.0,2016.0,448.0,Edebiyat,0,1,3,Edebiyat,0,0,0,1,0,0,0,0,0,0,0,0.5643059490084985,0.7210884353741496,0.7357512953367875,0.04181818181818182,0.007751937984496124,0.03987408184679958,0.03684210526315789,0.75,0.003413345078176613,0.5545171339563862
Anne O Bizden BiriTarihi Kronolojik Atatürk Romanı,Kitap > Siyaset > Mustafa Kemal Atatürk,Yaşar Gürsoy,DESTEK YAYIN GRUBU-KAMPANYA,5 / 5 (1 oy),19.0,2.0,0,0.0,"360,00",10.11.2022,TÜRKÇE,408,Karton Kapak,13.5 x 21 cm,Kitap Kağıdı,20.0,1.0,5.0,1.0,360.0,2022.0,408.0,Siyaset,0,1,3,Siyaset,0,0,0,0,0,0,1,0,0,0,0,0.7025495750708215,0.6530612244897959,0.06563039723661485,0.0036363636363636364,0.0,0.0,0.002631578947368421,1.0,0.0,0.039460020768431976
Tandem,Kitap > Edebiyat > Roman (Çeviri) > Kitap > Edebiyat > Bilimkurgu-Fantazya,Anna Jarzab,PEGASUS YAYINLARI,5 / 5 (35 oy),289.5,32.0,3,37.0,"299,00",27.07.2016,TÜRKÇE,432,Karton Kapak,13.5 x 21 cm,Kitap Kağıdı,209.0,15.0,5.0,35.0,299.0,2016.0,432.0,Edebiyat,0,1,3,Edebiyat,0,0,0,1,0,0,0,0,0,0,0,0.5643059490084985,0.693877551020408,1.0,0.05818181818181818,0.005813953488372093,0.03882476390346275,0.039473684210526314,1.0,0.003743668795419511,0.4319833852544133
Melek SayılarıMeleklerden ve Evrenden Gelen İlahi Rehberlik,Kitap > Diğer > Astroloji,Mark Johnson,SARMAL KİTABEVİ,5 / 5 (1 oy),44.0,1.0,0,2.0,"750,00",18.04.2023,TÜRKÇE,653,Karton Kapak,13.5 x 21 cm,Kitap Kağıdı,90.0,1.0,5.0,1.0,491.25,2023.0,612.0,Diğer,0,1,3,Diğer,0,0,1,0,0,0,0,0,0,0,0,1.0,1.0,0.15198618307426598,0.0018181818181818182,0.0,0.002098635886673662,0.002631578947368421,1.0,0.0,0.18483904465212875
Ateş Kız,Kitap > Edebiyat > Roman (Çeviri),Shannon Hale,KARA KEDİ YAYINLARI,4 / 5 (15 oy),92.0,10.0,0,9.0,"240,00",11.01.2012,TÜRKÇE,288,Karton Kapak,13.5 x 19.5 cm,Kitap Kağıdı,98.0,5.0,4.0,15.0,240.0,2012.0,288.0,Edebiyat,0,1,3,Edebiyat,0,0,0,1,0,0,0,0,0,0,0,0.4305949008498583,0.4489795918367347,0.3177892918825561,0.01818181818181818,0.0,0.00944386149003148,0.013157894736842105,0.75,0.0015415106804668576,0.20145379023883694
Cumhuriyet'in Kaybı ve Derin Tahribatlar,Kitap > Siyaset > Araştırma-İnceleme,Nazım Yavuz,SARMAL KİTABEVİ,,12.0,0.0,0,0.0,"450,00",02.05.2023,TÜRKÇE,363,Karton Kapak,13.5 x 21 cm,Kitap Kağıdı,23.0,0.0,5.0,5.5,450.0,2023.0,363.0,Siyaset,0,1,3,Siyaset,0,0,0,0,0,0,1,0,0,0,0,0.9065155807365439,0.5765306122448979,0.04145077720207253,0.0,0.0,0.0,0.0,1.0,0.000495485575864347,0.04569055036344755
Onu Nasıl Mutlu Edersin,Kitap > Kişisel Gelişim,Serap Sultan,DESTEK YAYIN GRUBU-KAMPANYA,,2.0,0.0,0,0.0,"200,00",19.07.2022,TÜRKÇE,216,Karton Kapak,13.5 x 21 cm,Kitap Kağıdı,6.0,0.0,5.0,5.5,200.0,2022.0,216.0,Kişisel Gelişim,0,1,3,Kişisel Gelişim,0,0,0,0,0,1,0,0,0,0,0,0.3399433427762039,0.32653061224489793,0.0069084628670120895,0.0,0.0,0.0,0.0,1.0,0.000495485575864347,0.010384215991692626
Ölümün Tatlı Kokusu,Kitap > Edebiyat > Roman (Çeviri),Guillermo Arriaga,SİYASAL YAYIN GRUBU - KAMPANYA,,19.0,0.0,0,0.0,"240,00",19.12.2008,TÜRKÇE,189,Karton Kapak,13.5 x 19.5 cm,Kitap Kağıdı,17.0,1.0,5.0,5.5,240.0,2008.0,189.0,Edebiyat,0,1,3,Edebiyat,0,0,0,1,0,0,0,0,0,0,0,0.4305949008498583,0.28061224489795916,0.06563039723661485,0.0,0.0,0.0,0.002631578947368421,1.0,0.000495485575864347,0.033229491173416406
Altüst,Kitap > Edebiyat > Roman (Yerli),Arzu Koç Şenkaya,ALAN YAYINCILIK,,4.0,0.0,0,0.0,"431,00",10.08.2022,TÜRKÇE,340,Karton Kapak,13.5 x 19.5 cm,Kitap Kağıdı,114.0,0.0,5.0,5.5,431.0,2022.0,340.0,Edebiyat,0,1,3,Edebiyat,0,0,0,1,0,0,0,0,0,0,0,0.863456090651558,0.5374149659863945,0.013816925734024179,0.0,0.0,0.0,0.0,1.0,0.000495485575864347,0.23468328141225336
Bir İçim Su,Kitap > Edebiyat > Roman (Yerli),Begül Aybar Ünal,BANLİYÖ KİTAP,5 / 5 (1 oy),15.0,4.0,1,1.0,"134,00",07.10.2023,TÜRKÇE,120,Karton Kapak,12 x 19.5 cm,Kitap Kağıdı,114.0,1.0,5.0,1.0,134.0,2023.0,120.0,Edebiyat,0,1,3,Edebiyat,0,0,0,1,0,0,0,0,0,0,0,0.1903682719546742,0.163265306122449,0.05181347150259067,0.007272727272727273,0.001937984496124031,0.001049317943336831,0.002631578947368421,1.0,0.0,0.23468328141225336
Enerjik Yaratıcılıkİçindeki  Yaratıcı Gücü Açığa Çıkar,Kitap > Kişisel Gelişim,Mary Beth Maziarz,SAY YAYIN GRUBU-KAMPANYA,5 / 5 (3 oy),102.0,4.0,1,2.0,"250,00",08.07.2011,TÜRKÇE,256,Karton Kapak,13.5 x 21 cm,2. Hm. Kağıt,80.0,0.0,5.0,3.0,250.0,2011.0,256.0,Kişisel Gelişim,0,1,1,Kişisel Gelişim,0,0,0,0,0,1,0,0,0,0,0,0.45325779036827196,0.3945578231292517,0.35233160621761656,0.007272727272727273,0.001937984496124031,0.002098635886673662,0.0,1.0,0.00022021581149526536,0.16407061266874348
Siber Savaş Cephesinden Notlar,Kitap > Bilgisayar > Diğer,Alper Başaran,ARİON YAYINLARI,5 / 5 (3 oy),140.0,6.0,2,3.0,"460,00",25.03.2021,TÜRKÇE,260,Karton Kapak,13.5 x 19.5 cm,Kitap Kağıdı,170.0,1.0,5.0,3.0,460.0,2021.0,260.0,Bilgisayar,0,1,3,Diger,0,1,0,0,0,0,0,0,0,0,0,0.9291784702549575,0.4013605442176871,0.48359240069084625,0.01090909090909091,0.003875968992248062,0.0031479538300104933,0.002631578947368421,1.0,0.00022021581149526536,0.3509865005192108
Verda,Kitap > Edebiyat > Roman (Yerli),Serhat Ulağlı,MOTTO,,13.0,1.0,0,1.0,"330,00",03.09.2020,TÜRKÇE,158,Karton Kapak,13.5 x 19.5 cm,Kitap Kağıdı,47.0,0.0,5.0,5.5,330.0,2020.0,158.0,Edebiyat,0,1,3,Edebiyat,0,0,0,1,0,0,0,0,0,0,0,0.6345609065155807,0.227891156462585,0.04490500863557858,0.0018181818181818182,0.0,0.001049317943336831,0.0,1.0,0.000495485575864347,0.09553478712357218
Nil ZambağıCleopatra'nın Kızının Romanı,Kitap > Edebiyat > Roman (Çeviri),Stephanie Dray,KARA KEDİ YAYINLARI,5 / 5 (6 oy),66.0,5.0,0,6.0,"325,00",06.08.2014,TÜRKÇE,400,Karton Kapak,12.5 x 19.5 cm,Kitap Kağıdı,61.0,1.0,5.0,6.0,325.0,2014.0,400.0,Edebiyat,0,1,3,Edebiyat,0,0,0,1,0,0,0,0,0,0,0,0.6232294617563738,0.6394557823129251,0.22797927461139894,0.00909090909090909,0.0,0.0062959076600209865,0.002631578947368421,1.0,0.0005505395287381633,0.12461059190031153
Nur’un Aişe’sine Kırk Kördüğüm,Kitap > İslam > Kültür,40'lar Kulübü,40'LAR KULÜBÜ,4 / 5 (8 oy),32.0,6.0,1,6.0,"149,00",11.04.2022,TÜRKÇE,158,Karton Kapak,13.5 x 21 cm,Kitap Kağıdı,34.0,1.0,4.0,8.0,149.0,2022.0,158.0,İslam,0,1,3,İslam,0,0,0,0,0,0,0,0,0,0,1,0.2243626062322946,0.227891156462585,0.11053540587219343,0.01090909090909091,0.001937984496124031,0.0062959076600209865,0.002631578947368421,0.75,0.0007707553402334288,0.06853582554517135
Herkes İhanet Eder Sevdiğine,Kitap > Edebiyat > Diğer,Tuna Serim,DESTEK YAYIN GRUBU-KAMPANYA,,7.0,0.0,0,0.0,"280,00",08.12.2022,TÜRKÇE,336,Karton Kapak,13.5 x 21 cm,Kitap Kağıdı,52.0,0.0,5.0,5.5,280.0,2022.0,336.0,Edebiyat,0,1,3,Edebiyat,0,0,0,1,0,0,0,0,0,0,0,0.5212464589235127,0.5306122448979591,0.024179620034542312,0.0,0.0,0.0,0.0,1.0,0.000495485575864347,0.1059190031152648
Descartes Bağlamında Tartışılan Delilik,Kitap > Felsefe-Düşünce > Diğer,Ramazan Kurt,URZENİ,4 / 5 (3 oy),48.0,3.0,0,1.0,"220,00",03.09.2020,TÜRKÇE,143,Karton Kapak,13.5 x 21 cm,Kitap Kağıdı,46.0,0.0,4.0,3.0,220.0,2020.0,143.0,Felsefe-Düşünce,0,1,3,Felsefe-Düşünce,0,0,0,0,1,0,0,0,0,0,0,0.38526912181303113,0.20238095238095238,0.16580310880829013,0.005454545454545455,0.0,0.001049317943336831,0.0,0.75,0.00022021581149526536,0.09345794392523364
Türk Sinemasında İntihar,Kitap > Sosyoloji > Araştırma-İnceleme,Cangül Akdaş,URZENİ,5 / 5 (1 oy),20.0,2.0,0,0.0,"550,00",03.10.2022,TÜRKÇE,664,Karton Kapak,13 x 20 cm,Kitap Kağıdı,44.0,0.0,5.0,1.0,491.25,2022.0,612.0,Sosyoloji,0,1,3,Sosyoloji,0,0,0,0,0,0,0,1,0,0,0,1.0,1.0,0.0690846286701209,0.0036363636363636364,0.0,0.0,0.0,1.0,0.0,0.0893042575285566
Örümcekler Uçmayı Öğrenebilir mi? - Jeremy James'in Maceraları 4,"Kitap > Çocuk Kitapları > 6-12 Yaş > Hikaye, Roman & Masal > Kitap > Orijinal Dil > İngilizce",David Henry Wilson,İLETİŞİM YAYINLARI KAMPANYA,5 / 5 (4 oy),58.0,4.0,0,4.0,"76,00",01.08.2006,TÜRKÇE,96,Karton Kapak,13.5 x 19.5 cm,Kitap Kağıdı,275.0,1.0,5.0,4.0,76.0,2006.0,96.0,Çocuk Kitapları,0,1,3,Çocuk Kitapları,0,0,0,0,0,0,0,0,0,1,0,0.05892351274787534,0.12244897959183673,0.2003454231433506,0.007272727272727273,0.0,0.004197271773347324,0.002631578947368421,1.0,0.00033032371724289804,0.569055036344756
Budizm’e Göre İnsan Olma Potansiyeli,Kitap > Kişisel Gelişim,Kutsal Dalai Lama,DESTEK YAYIN GRUBU-KAMPANYA,5 / 5 (2 oy),34.0,2.0,0,1.0,"280,00",21.11.2023,TÜRKÇE,264,Karton Kapak,13.5 x 21 cm,Kitap Kağıdı,38.0,1.0,5.0,2.0,280.0,2023.0,264.0,Kişisel Gelişim,0,1,3,Kişisel Gelişim,0,0,0,0,0,1,0,0,0,0,0,0.5212464589235127,0.40816326530612246,0.11744386873920552,0.0036363636363636364,0.0,0.001049317943336831,0.002631578947368421,1.0,0.00011010790574763268,0.07684319833852545
Kriz Üçgeninde Türkiye Cilt 3,Kitap > Siyaset > Araştırma-İnceleme,Mehmet Hasgüler,URZENİ,5 / 5 (2 oy),16.0,4.0,0,1.0,"300,00",23.03.2023,TÜRKÇE,328,Karton Kapak,13.5 x 21 cm,Kitap Kağıdı,13.0,1.0,5.0,2.0,300.0,2023.0,328.0,Siyaset,0,1,3,Siyaset,0,0,0,0,0,0,1,0,0,0,0,0.5665722379603398,0.5170068027210883,0.055267702936096716,0.007272727272727273,0.0,0.001049317943336831,0.002631578947368421,1.0,0.00011010790574763268,0.024922118380062305
Yenik Düşme Zamana,Kitap > Edebiyat > Deneme (Yerli),Halis Karabenli,HAYY KİTAP - KAMPANYA,5 / 5 (8 oy),76.0,1.0,1,10.0,"150,00",11.11.2020,TÜRKÇE,136,Karton Kapak,13.5 x 21 cm,Kitap Kağıdı,132.0,4.0,5.0,8.0,150.0,2020.0,136.0,Edebiyat,0,1,3,Edebiyat,0,0,0,1,0,0,0,0,0,0,0,0.22662889518413593,0.19047619047619047,0.2625215889464594,0.0018181818181818182,0.001937984496124031,0.010493179433368312,0.010526315789473684,1.0,0.0007707553402334288,0.2720664589823468
Nihayetinde Dönülen Yerler,Kitap > Edebiyat > Hikaye (Yerli),Yasemin Onat,EPONA KİTAP,5 / 5 (2 oy),16.0,2.0,0,7.0,"198,00",03.01.2022,TÜRKÇE,150,Karton Kapak,12.5 x 19.5 cm,Kitap Kağıdı,267.0,2.0,5.0,2.0,198.0,2022.0,150.0,Edebiyat,0,1,3,Edebiyat,0,0,0,1,0,0,0,0,0,0,0,0.3354107648725212,0.2142857142857143,0.055267702936096716,0.0036363636363636364,0.0,0.007345225603357817,0.005263157894736842,1.0,0.00011010790574763268,0.5524402907580477
İç Yaşamdan Şiirler,Kitap > Edebiyat > Şiir (Çeviri),Lizzie Doten,LAKİN YAYINLARI,5 / 5 (1 oy),7.0,3.0,0,1.0,"250,00",29.01.2021,TÜRKÇE,152,Karton Kapak,13 x 19.5 cm,Kitap Kağıdı,35.0,1.0,5.0,1.0,250.0,2021.0,152.0,Edebiyat,0,1,3,Edebiyat,0,0,0,1,0,0,0,0,0,0,0,0.45325779036827196,0.217687074829932,0.024179620034542312,0.005454545454545455,0.0,0.001049317943336831,0.002631578947368421,1.0,0.0,0.07061266874350987
Güzellik ve Erdem İdelerimizin Kökeni Üzerine Bir Soruşturma,Kitap > Felsefe-Düşünce > Diğer,Francis Hutcheson,SAY YAYIN GRUBU-KAMPANYA,4 / 5 (2 oy),111.0,0.0,0,4.0,"250,00",29.06.2020,TÜRKÇE,280,Karton Kapak,13.5 x 21 cm,Kitap Kağıdı,83.0,1.0,4.0,2.0,250.0,2020.0,280.0,Felsefe-Düşünce,0,1,3,Felsefe-Düşünce,0,0,0,0,1,0,0,0,0,0,0,0.45325779036827196,0.43537414965986393,0.38341968911917096,0.0,0.0,0.004197271773347324,0.002631578947368421,0.75,0.00011010790574763268,0.17030114226375906
Aynaya  Bakıyor Gibi,Kitap > Edebiyat,Suna Adak,YARIN YAYINCILIK,2 / 5 (1 oy),2.0,1.0,0,1.0,"220,50",17.12.2021,TÜRKÇE,139,Karton Kapak,13.5 x 21 cm,Kitap Kağıdı,7.0,0.0,2.0,1.0,220.5,2021.0,139.0,Edebiyat,0,1,3,Edebiyat,0,0,0,1,0,0,0,0,0,0,0,0.3864022662889518,0.195578231292517,0.0069084628670120895,0.0018181818181818182,0.0,0.001049317943336831,0.0,0.25,0.0,0.012461059190031154
Ebrar Karakurt / Yıldızın Hikayesi,Kitap > Spor > Biyografi,Can Eren,PETA KİTAP YAYINCILIK,,18.0,1.0,1,0.0,"135,00",22.07.2024,TÜRKÇE,120,Karton Kapak,13.5 x 19.5 cm,Kitap Kağıdı,25.0,0.0,5.0,5.5,135.0,2024.0,120.0,Spor,0,1,3,Diger,0,1,0,0,0,0,0,0,0,0,0,0.19263456090651554,0.163265306122449,0.06217616580310881,0.0018181818181818182,0.001937984496124031,0.0,0.0,1.0,0.000495485575864347,0.04984423676012461
Notre Dame'ın Kamburu,Kitap > Edebiyat > Roman (Çeviri),Victor Hugo,İSKELE YAYINCILIK,5 / 5 (177 oy),289.5,104.0,12,168.0,"200,00",31.07.2005,TÜRKÇE,408,Karton Kapak,13.5 x 19.5 cm,Kitap Kağıdı,482.5,93.0,5.0,177.0,200.0,2005.0,408.0,Edebiyat,0,1,3,Edebiyat,0,0,0,1,0,0,0,0,0,0,0,0.3399433427762039,0.6530612244897959,1.0,0.1890909090909091,0.023255813953488372,0.17628541448058763,0.24473684210526314,1.0,0.019378991411583352,0.9999999999999999
Aşk Gecesi,Kitap > Edebiyat > Roman (Çeviri),Kathryn Caskie,PEGASUS YAYINLARI,4 / 5 (16 oy),108.0,15.0,0,16.0,"249,00",18.05.2016,TÜRKÇE,272,Karton Kapak,13.5 x 21 cm,Kitap Kağıdı,211.0,4.0,4.0,16.0,249.0,2016.0,272.0,Edebiyat,0,1,3,Edebiyat,0,0,0,1,0,0,0,0,0,0,0,0.4509915014164305,0.42176870748299317,0.37305699481865284,0.02727272727272727,0.0,0.016789087093389297,0.010526315789473684,0.75,0.0016516185862144902,0.43613707165109034
Ve Şarkılar İçine Kapanır,Kitap > Edebiyat > Roman (Yerli),M. Dilek Kızmaz,FİHRİST KİTAP,5 / 5 (8 oy),35.0,3.0,0,11.0,"479,50",17.11.2021,TÜRKÇE,368,Karton Kapak,13 x 19.5 cm,Kitap Kağıdı,327.0,7.0,5.0,8.0,479.5,2021.0,368.0,Edebiyat,0,1,3,Edebiyat,0,0,0,1,0,0,0,0,0,0,0,0.973371104815864,0.5850340136054422,0.12089810017271156,0.005454545454545455,0.0,0.011542497376705142,0.018421052631578946,1.0,0.0007707553402334288,0.6770508826583592
Kurban,Kitap > Edebiyat > Roman (Çeviri),Barbara Freethy,BİLGE KÜLTÜR SANAT,5 / 5 (11 oy),68.0,3.0,0,8.0,"290,00",02.03.2009,TÜRKÇE,352,Karton Kapak,13.5 x 21.5 cm,Kitap Kağıdı,65.0,8.0,5.0,11.0,290.0,2009.0,352.0,Edebiyat,0,1,3,Edebiyat,0,0,0,1,0,0,0,0,0,0,0,0.5439093484419263,0.5578231292517006,0.23488773747841105,0.005454545454545455,0.0,0.008394543546694649,0.021052631578947368,1.0,0.001101079057476327,0.13291796469366562
Mülteci,Kitap > Edebiyat > Roman (Yerli),Gündoğdu Yıldırım,Logo Yayınevi,,3.0,0.0,0,0.0,"173,50",12.07.2023,TÜRKÇE,216,Karton Kapak,13.5 x 19.5 cm,Kitap Kağıdı,9.0,0.0,5.0,5.5,173.5,2023.0,216.0,Edebiyat,0,1,3,Edebiyat,0,0,0,1,0,0,0,0,0,0,0,0.2798866855524079,0.32653061224489793,0.010362694300518133,0.0,0.0,0.0,0.0,1.0,0.000495485575864347,0.016614745586708203
Son Şaman,Kitap > Edebiyat > Roman (Yerli),Cem Soydemir,ALASKA YAYINEVİ,5 / 5 (3 oy),26.0,4.0,1,2.0,"394,00",17.05.2024,TÜRKÇE,468,Karton Kapak,13.5 x 21 cm,Kitap Kağıdı,77.0,1.0,5.0,3.0,394.0,2024.0,468.0,Edebiyat,0,1,3,Edebiyat,0,0,0,1,0,0,0,0,0,0,0,0.7796033994334277,0.7551020408163265,0.08981001727115716,0.007272727272727273,0.001937984496124031,0.002098635886673662,0.002631578947368421,1.0,0.00022021581149526536,0.15784008307372793
Paradiplomasi Teorisi,Kitap > Siyaset > Araştırma-İnceleme,Yasin Can Gönültaş,NET KİTAPLIK YAYINCILIK,5 / 5 (1 oy),8.0,1.0,0,0.0,"400,00",17.07.2023,TÜRKÇE,244,Karton Kapak,13 x 20 cm,Kitap Kağıdı,6.0,1.0,5.0,1.0,400.0,2023.0,244.0,Siyaset,0,1,3,Siyaset,0,0,0,0,0,0,1,0,0,0,0,0.7932011331444758,0.37414965986394555,0.027633851468048358,0.0018181818181818182,0.0,0.0,0.002631578947368421,1.0,0.0,0.010384215991692626
İsyan / Sürgün 2. Kitap,Kitap > Edebiyat > Roman (Çeviri) > Kitap > Diğer > Gençlik Kitapları > Edebiyat,Lisa M. Stasse,PEGASUS YAYINLARI,5 / 5 (8 oy),96.0,16.0,1,8.0,"299,00",12.05.2016,TÜRKÇE,368,Karton Kapak,13.5 x 21 cm,Kitap Kağıdı,104.0,3.0,5.0,8.0,299.0,2016.0,368.0,Edebiyat,0,1,3,Edebiyat,0,0,0,1,0,0,0,0,0,0,0,0.5643059490084985,0.5850340136054422,0.33160621761658027,0.02909090909090909,0.001937984496124031,0.008394543546694649,0.007894736842105263,1.0,0.0007707553402334288,0.2139148494288681
Aslan Avı,Kitap > Siyaset > Araştırma-İnceleme,Erk Acarer,DESTEK YAYIN GRUBU-KAMPANYA,5 / 5 (3 oy),237.0,36.0,0,18.0,"300,00",24.04.2023,TÜRKÇE,312,Karton Kapak,13.5 x 21 cm,Kitap Kağıdı,71.0,2.0,5.0,3.0,300.0,2023.0,312.0,Siyaset,0,1,3,Siyaset,0,0,0,0,0,0,1,0,0,0,0,0.5665722379603398,0.489795918367347,0.8186528497409326,0.06545454545454546,0.0,0.01888772298006296,0.005263157894736842,1.0,0.00022021581149526536,0.14537902388369678
Harika Yabancı,Kitap > Edebiyat > Roman (Çeviri) > Kitap > Orijinal Dil > İngilizce,Christina Lauren,PEGASUS YAYINLARI,4 / 5 (107 oy),289.5,23.0,5,141.0,"299,00",27.10.2014,TÜRKÇE,328,Karton Kapak,13.5 x 21 cm,Kitap Kağıdı,482.5,22.0,4.0,107.0,299.0,2014.0,328.0,Edebiyat,0,1,3,Edebiyat,0,0,0,1,0,0,0,0,0,0,0,0.5643059490084985,0.5170068027210883,1.0,0.04181818181818182,0.009689922480620155,0.14795383001049317,0.05789473684210526,0.75,0.011671438009249064,0.9999999999999999
"Hayatı, Eserleri ve Meseleleriyle İbn Haldun",Kitap > Tarih > Araştırma-İnceleme,Murat Erten,SAY YAYIN GRUBU-KAMPANYA,5 / 5 (6 oy),161.0,2.0,1,3.0,"550,00",04.06.2020,TÜRKÇE,632,Karton Kapak,13.5 x 21 cm,Kitap Kağıdı,71.0,3.0,5.0,6.0,491.25,2020.0,612.0,Tarih,0,1,3,Tarih,0,0,0,0,0,0,0,0,1,0,0,1.0,1.0,0.5561312607944732,0.0036363636363636364,0.001937984496124031,0.0031479538300104933,0.007894736842105263,1.0,0.0005505395287381633,0.14537902388369678
Şaşkınlık,Kitap > Edebiyat > Şiir (Yerli),Billur C. Yılmazyiğit,SARMAL KİTABEVİ,,1.0,0.0,0,0.0,"270,00",18.10.2023,TÜRKÇE,280,Karton Kapak,13.5 x 19.5 cm,Kitap Kağıdı,9.0,0.0,5.0,5.5,270.0,2023.0,280.0,Edebiyat,0,1,3,Edebiyat,0,0,0,1,0,0,0,0,0,0,0,0.49858356940509907,0.43537414965986393,0.0034542314335060447,0.0,0.0,0.0,0.0,1.0,0.000495485575864347,0.016614745586708203
Son Adam,Kitap > Edebiyat > Bilimkurgu-Fantazya,Jean-Baptiste de Grainville,FİHRİST KİTAP,5 / 5 (7 oy),56.0,7.0,0,9.0,"304,50",27.04.2021,TÜRKÇE,168,Karton Kapak,13 x 19.5 cm,Kitap Kağıdı,229.0,4.0,5.0,7.0,304.5,2021.0,168.0,Edebiyat,0,1,3,Edebiyat,0,0,0,1,0,0,0,0,0,0,0,0.576770538243626,0.24489795918367346,0.1934369602763385,0.012727272727272728,0.0,0.00944386149003148,0.010526315789473684,1.0,0.0006606474344857962,0.4735202492211838
Freud Üzerine,Kitap > Psikoloji > İnceleme,Penelope Balogh,SAY YAYIN GRUBU-KAMPANYA,5 / 5 (3 oy),59.0,4.0,1,1.0,"200,00",12.09.2023,TÜRKÇE,176,Karton Kapak,13.5 x 19.5 cm,Kitap Kağıdı,35.0,0.0,5.0,3.0,200.0,2023.0,176.0,Psikoloji,0,1,3,Diger,0,1,0,0,0,0,0,0,0,0,0,0.3399433427762039,0.2585034013605442,0.20379965457685664,0.007272727272727273,0.001937984496124031,0.001049317943336831,0.0,1.0,0.00022021581149526536,0.07061266874350987
Sade/ce,Kitap > Edebiyat > Şiir (Yerli),Remzi Gümüş,KUTLU YAYINEVİ,,5.0,0.0,0,0.0,"112,00",13.06.2022,TÜRKÇE,126,Karton Kapak,13.5 x 19.5 cm,Kitap Kağıdı,14.0,0.0,5.0,5.5,112.0,2022.0,126.0,Edebiyat,0,1,3,Edebiyat,0,0,0,1,0,0,0,0,0,0,0,0.14050991501416427,0.17346938775510204,0.017271157167530225,0.0,0.0,0.0,0.0,1.0,0.000495485575864347,0.026998961578400833
İdeoloji ve Popüler Protesto,Kitap > Siyaset > Kitap > Siyaset > Araştırma-İnceleme,George Rude,URZENİ,5 / 5 (2 oy),47.0,2.0,1,1.0,"300,00",22.05.2019,TÜRKÇE,255,Karton Kapak,13.5 x 21 cm,Kitap Kağıdı,36.0,1.0,5.0,2.0,300.0,2019.0,255.0,Siyaset,0,1,3,Siyaset,0,0,0,0,0,0,1,0,0,0,0,0.5665722379603398,0.39285714285714285,0.1623488773747841,0.0036363636363636364,0.001937984496124031,0.001049317943336831,0.002631578947368421,1.0,0.00011010790574763268,0.07268951194184839
Almanya Siyasetine Giriş,Kitap > Siyaset > Araştırma-İnceleme,Prof. Dr. Ozan Örmeci,URZENİ,5 / 5 (2 oy),26.0,1.0,2,0.0,"350,00",11.10.2023,TÜRKÇE,632,Karton Kapak,13.5 x 19.5 cm,Kitap Kağıdı,41.0,0.0,5.0,2.0,350.0,2023.0,612.0,Siyaset,0,1,3,Siyaset,0,0,0,0,0,0,1,0,0,0,0,0.6798866855524078,1.0,0.08981001727115716,0.0018181818181818182,0.003875968992248062,0.0,0.0,1.0,0.00011010790574763268,0.08307372793354102
Teşkilat-ı MahsusaCenub-i Garbi Kafkasya Hükümeti ve Cihangiroğlu İbrahim Bey,Kitap > Tarih > Araştırma-İnceleme,Ersin Hakan,TRUVA YAYINLARI,5 / 5 (3 oy),58.0,2.0,0,2.0,"375,00",05.07.2024,TÜRKÇE,440,Karton Kapak,13.5 x 21 cm,Kitap Kağıdı,216.0,0.0,5.0,3.0,375.0,2024.0,440.0,Tarih,0,1,3,Tarih,0,0,0,0,0,0,0,0,1,0,0,0.7365439093484418,0.7074829931972788,0.2003454231433506,0.0036363636363636364,0.0,0.002098635886673662,0.0,1.0,0.00022021581149526536,0.446521287642783
Zarif Adama Kırk Not,Kitap > Edebiyat > Biyografi-Otobiyografi,40'lar Kulübü,40'LAR KULÜBÜ,4 / 5 (5 oy),24.0,1.0,0,5.0,"149,00",20.07.2022,TÜRKÇE,148,Karton Kapak,13.5 x 21 cm,Kitap Kağıdı,26.0,1.0,4.0,5.0,149.0,2022.0,148.0,Edebiyat,0,1,3,Edebiyat,0,0,0,1,0,0,0,0,0,0,0,0.2243626062322946,0.2108843537414966,0.08290155440414507,0.0018181818181818182,0.0,0.005246589716684156,0.002631578947368421,0.75,0.00044043162299053066,0.05192107995846313
Sihir Bağı / Acemi Cadı III,Kitap > Diğer > Gençlik Kitapları > Edebiyat > Kitap > Orijinal Dil > İngilizce,Rachel Hawkins,KARA KEDİ YAYINLARI,5 / 5 (30 oy),113.0,8.0,1,27.0,"240,00",10.09.2013,TÜRKÇE,247,Karton Kapak,12.5 x 19.5 cm,Kitap Kağıdı,239.0,12.0,5.0,30.0,240.0,2013.0,247.0,Diğer,0,1,3,Diğer,0,0,1,0,0,0,0,0,0,0,0,0.4305949008498583,0.3792517006802721,0.39032815198618304,0.014545454545454545,0.001937984496124031,0.02833158447009444,0.031578947368421054,1.0,0.003193129266681348,0.49428868120456904
Osmanlı'nın Ortadoğu'dan Çekilişi (Karton Kapak),Kitap > Tarih > Türk-Osmanlı > Kitap > Tarih > Bölgeler-Ülkeler,Ahmet Özcan,YARIN YAYINCILIK,4 / 5 (7 oy),86.0,5.0,0,5.0,"250,50",17.12.2021,TÜRKÇE,237,Karton Kapak,13.5 x 21 cm,Kitap Kağıdı,156.0,3.0,4.0,7.0,250.5,2021.0,237.0,Tarih,0,1,3,Tarih,0,0,0,0,0,0,0,0,1,0,0,0.4543909348441926,0.3622448979591837,0.2970639032815198,0.00909090909090909,0.0,0.005246589716684156,0.007894736842105263,0.75,0.0006606474344857962,0.32191069574247144
Aşkı Sende Buldum,Kitap > Edebiyat > Roman (Çeviri) > Kitap > Orijinal Dil > İngilizce,Cathy Maxwell,PEGASUS YAYINLARI,4 / 5 (46 oy),289.5,7.0,1,71.0,"249,00",06.10.2010,TÜRKÇE,320,Karton Kapak,13.5 x 21 cm,Kitap Kağıdı,482.5,41.0,4.0,46.0,249.0,2010.0,320.0,Edebiyat,0,1,3,Edebiyat,0,0,0,1,0,0,0,0,0,0,0,0.4509915014164305,0.5034013605442176,1.0,0.012727272727272728,0.001937984496124031,0.07450157397691501,0.10789473684210527,0.75,0.00495485575864347,0.9999999999999999
Uçurumları Sevenin Kanatları Olmalı,Kitap > Edebiyat > Roman (Yerli),Betül Altaylı,BANLİYÖ KİTAP,,2.0,0.0,0,0.0,"166,00",17.07.2024,TÜRKÇE,160,Karton Kapak,13.5 x 19.5 cm,Kitap Kağıdı,187.0,0.0,5.0,5.5,166.0,2024.0,160.0,Edebiyat,0,1,3,Edebiyat,0,0,0,1,0,0,0,0,0,0,0,0.2628895184135977,0.2312925170068027,0.0069084628670120895,0.0,0.0,0.0,0.0,1.0,0.000495485575864347,0.3862928348909657
Doğru Yol Ekspresi,Kitap > Edebiyat > Roman (Yerli),S. N. Elif Alsaran,MOTTO,5 / 5 (8 oy),36.0,3.0,0,9.0,"283,00",11.01.2022,TÜRKÇE,112,Karton Kapak,13.5 x 21 cm,Kitap Kağıdı,219.0,5.0,5.0,8.0,283.0,2022.0,112.0,Edebiyat,0,1,3,Edebiyat,0,0,0,1,0,0,0,0,0,0,0,0.5280453257790367,0.14965986394557823,0.12435233160621761,0.005454545454545455,0.0,0.00944386149003148,0.013157894736842105,1.0,0.0007707553402334288,0.45275181723779856
"FarabiHayatı, Eğitimi, Eserleri, Felsefesi",Kitap > Edebiyat > Biyografi-Otobiyografi,Prof. Dr. Şahin Filiz,SARMAL KİTABEVİ,5 / 5 (2 oy),62.0,2.0,1,2.0,"160,00",11.01.2024,TÜRKÇE,105,Karton Kapak,13.5 x 19.5 cm,Kitap Kağıdı,95.0,1.0,5.0,2.0,160.0,2024.0,105.0,Edebiyat,0,1,3,Edebiyat,0,0,0,1,0,0,0,0,0,0,0,0.24929178470254953,0.13775510204081634,0.2141623488773748,0.0036363636363636364,0.001937984496124031,0.002098635886673662,0.002631578947368421,1.0,0.00011010790574763268,0.19522326064382137
Büyücünün ÖlümüKaranlık Harlem’de Gizemli Bir Hikaye,Kitap > Edebiyat > Roman (Çeviri),Rudolph Fisher,DEDALUS KİTAP,5 / 5 (1 oy),63.0,3.0,0,3.0,"300,00",25.06.2021,TÜRKÇE,294,Karton Kapak,13 x 20 cm,Kitap Kağıdı,126.0,1.0,5.0,1.0,300.0,2021.0,294.0,Edebiyat,0,1,3,Edebiyat,0,0,0,1,0,0,0,0,0,0,0,0.5665722379603398,0.45918367346938777,0.21761658031088082,0.005454545454545455,0.0,0.0031479538300104933,0.002631578947368421,1.0,0.0,0.25960539979231567
Kanatlar,Kitap > Edebiyat > Roman (Çeviri),Aprilynne Pike,PEGASUS YAYINLARI,4 / 5 (22 oy),289.5,8.0,1,25.0,"269,00",14.10.2016,TÜRKÇE,320,Karton Kapak,13.5 x 21 cm,Kitap Kağıdı,217.0,19.0,4.0,22.0,269.0,2016.0,320.0,Edebiyat,0,1,3,Edebiyat,0,0,0,1,0,0,0,0,0,0,0,0.49631728045325774,0.5034013605442176,1.0,0.014545454545454545,0.001937984496124031,0.026232948583420776,0.049999999999999996,0.75,0.0023122660207002864,0.4485981308411215
Juliette Cemiyeti,Kitap > Edebiyat > Roman (Çeviri) > Kitap > Orijinal Dil > İngilizce,Sasha Grey,PEGASUS YAYINLARI,3 / 5 (198 oy),289.5,132.0,9,154.0,"299,00",10.04.2014,TÜRKÇE,352,Karton Kapak,13 x 20 cm,Kitap Kağıdı,482.5,82.0,3.0,198.0,299.0,2014.0,352.0,Edebiyat,0,1,3,Edebiyat,0,0,0,1,0,0,0,0,0,0,0,0.5643059490084985,0.5578231292517006,1.0,0.24,0.01744186046511628,0.161594963273872,0.21578947368421053,0.5,0.021691257432283638,0.9999999999999999
İtaatkar Serisi Takım Set (2 Kitap),Kitap > Edebiyat > Roman (Çeviri),Tara Sue Me,PEGASUS YAYINLARI,4 / 5 (1 oy),20.0,1.0,0,1.0,"598,00",,TÜRKÇE,848,Karton Kapak,13.5 x 21 cm,Kitap Kağıdı,21.0,1.0,4.0,1.0,491.25,2021.0,612.0,Edebiyat,0,1,3,Edebiyat,0,0,0,1,0,0,0,0,0,0,0,1.0,1.0,0.0690846286701209,0.0018181818181818182,0.0,0.001049317943336831,0.002631578947368421,0.75,0.0,0.041536863966770504
Küçük Mucit Muço Zamanda Yolculuk,Kitap > Çocuk Kitapları > Diğer,Pelin Gezeryel,LOTİ KİTAP,5 / 5 (1 oy),8.0,0.0,0,0.0,"126,00",24.04.2024,TÜRKÇE,112,Karton Kapak,13.5 x 19.5 cm,Kitap Kağıdı,482.5,0.0,5.0,1.0,126.0,2024.0,112.0,Çocuk Kitapları,0,1,3,Çocuk Kitapları,0,0,0,0,0,0,0,0,0,1,0,0.17223796033994332,0.14965986394557823,0.027633851468048358,0.0,0.0,0.0,0.0,1.0,0.0,0.9999999999999999
Ne Akilem Ne DivaneAnadolu Bilgeliği Üzerine Felsefi Düşünümler,Kitap > Felsefe-Düşünce > Diğer,Akın Gülyurt,LEJAND,5 / 5 (9 oy),60.0,11.0,0,4.0,"250,00",03.04.2024,TÜRKÇE,312,Karton Kapak,13 x 19.5 cm,Kitap Kağıdı,306.0,4.0,5.0,9.0,250.0,2024.0,312.0,Felsefe-Düşünce,0,1,3,Felsefe-Düşünce,0,0,0,0,1,0,0,0,0,0,0,0.45325779036827196,0.489795918367347,0.20725388601036268,0.02,0.0,0.004197271773347324,0.010526315789473684,1.0,0.0008808632459810614,0.6334371754932502
First Lady,Kitap > Edebiyat > Roman (Çeviri),Susan Elizabeth Phillips,PEGASUS YAYINLARI,5 / 5 (32 oy),152.0,21.0,1,28.0,"299,00",08.09.2020,TÜRKÇE,408,Karton Kapak,13.5 x 21 cm,Kitap Kağıdı,475.0,17.0,5.0,32.0,299.0,2020.0,408.0,Edebiyat,0,1,3,Edebiyat,0,0,0,1,0,0,0,0,0,0,0,0.5643059490084985,0.6530612244897959,0.5250431778929188,0.038181818181818185,0.001937984496124031,0.02938090241343127,0.04473684210526316,1.0,0.003413345078176613,0.984423676012461
Geçmişten Geleceğe Başarı Öyküleri,Kitap > Kişisel Gelişim,Timuçin Fındık,SAY YAYIN GRUBU-KAMPANYA,4 / 5 (9 oy),89.0,3.0,0,6.0,"300,00",14.10.2018,TÜRKÇE,320,Karton Kapak,13.5 x 21 cm,Kitap Kağıdı,199.0,5.0,4.0,9.0,300.0,2018.0,320.0,Kişisel Gelişim,0,1,3,Kişisel Gelişim,0,0,0,0,0,1,0,0,0,0,0,0.5665722379603398,0.5034013605442176,0.307426597582038,0.005454545454545455,0.0,0.0062959076600209865,0.013157894736842105,0.75,0.0008808632459810614,0.411214953271028
İlk 100 EmirKur’an’dan İniş Sırasına Göre,Kitap > İslam > Tasavvuf,Ersin Özdil,SARMAL KİTABEVİ,5 / 5 (2 oy),26.0,2.0,0,3.0,"200,00",07.05.2021,TÜRKÇE,202,Karton Kapak,13.5 x 21 cm,Kitap Kağıdı,56.0,0.0,5.0,2.0,200.0,2021.0,202.0,İslam,0,1,3,İslam,0,0,0,0,0,0,0,0,0,0,1,0.3399433427762039,0.30272108843537415,0.08981001727115716,0.0036363636363636364,0.0,0.0031479538300104933,0.0,1.0,0.00011010790574763268,0.11422637590861891
Habil'in Başına Gelmeyenler,Kitap > Edebiyat > Roman (Yerli),Atakan Mustafa Doğan,MAVİ GÖK YAYINLARI,5 / 5 (25 oy),38.0,1.0,9,15.0,"200,00",12.02.2024,TÜRKÇE,164,Karton Kapak,13 x 19.5 cm,Kitap Kağıdı,190.0,25.0,5.0,25.0,200.0,2024.0,164.0,Edebiyat,0,1,3,Edebiyat,0,0,0,1,0,0,0,0,0,0,0,0.3399433427762039,0.23809523809523808,0.1312607944732297,0.0018181818181818182,0.01744186046511628,0.015739769150052468,0.06578947368421052,1.0,0.0026425897379431843,0.3925233644859813
Çifte İntikamLetaif-i Rivayat,Kitap > Edebiyat > Roman (Yerli),Ahmed Midhat,SANAT KRİTİK YAYINCILIK,5 / 5 (1 oy),7.0,1.0,0,0.0,"200,00",11.03.2024,TÜRKÇE,130,Karton Kapak,12 x 19 cm,Kitap Kağıdı,240.0,0.0,5.0,1.0,200.0,2024.0,130.0,Edebiyat,0,1,3,Edebiyat,0,0,0,1,0,0,0,0,0,0,0,0.3399433427762039,0.18027210884353742,0.024179620034542312,0.0018181818181818182,0.0,0.0,0.0,1.0,0.0,0.4963655244029076
Mutatioİnsanın Dönüşümü,Kitap > Tarih > Araştırma-İnceleme,Erhan Kolbaşı,DESTEK YAYIN GRUBU-KAMPANYA,5 / 5 (1 oy),45.0,2.0,1,3.0,"360,00",05.12.2023,TÜRKÇE,100,Karton Kapak,13.5 x 21 cm,Kitap Kağıdı,130.0,1.0,5.0,1.0,360.0,2023.0,100.0,Tarih,0,1,3,Tarih,0,0,0,0,0,0,0,0,1,0,0,0.7025495750708215,0.1292517006802721,0.15544041450777202,0.0036363636363636364,0.001937984496124031,0.0031479538300104933,0.002631578947368421,1.0,0.0,0.2679127725856698
Kody Keplinger Kitapları Takım Set (2 Kitap),Kitap > Edebiyat > Roman (Çeviri),Kody Keplinger,PEGASUS YAYINLARI,3 / 5 (8 oy),184.0,5.0,0,7.0,"518,00",31.01.2020,TÜRKÇE,608,Karton Kapak,13.5 x 21 cm,Kitap Kağıdı,121.0,3.0,3.0,8.0,491.25,2020.0,608.0,Edebiyat,0,1,3,Edebiyat,0,0,0,1,0,0,0,0,0,0,0,1.0,0.9931972789115646,0.6355785837651122,0.00909090909090909,0.0,0.007345225603357817,0.007894736842105263,0.5,0.0007707553402334288,0.24922118380062305
Divine Order Of The UniverseThe Theory Of Existence From Nothingness,Kitap > Diğer Dildeki Yayınlar > İngilizce,Arif Cengiz Erman,SARMAL KİTABEVİ,,6.0,0.0,0,0.0,"220,00",20.02.2023,İNGİLİZCE,179,Karton Kapak,13.5 x 19.5 cm,Kitap Kağıdı,5.0,0.0,5.0,5.5,220.0,2023.0,179.0,Diğer Dildeki Yayınlar,1,1,3,Diger,0,1,0,0,0,0,0,0,0,0,0,0.38526912181303113,0.26360544217687076,0.020725388601036267,0.0,0.0,0.0,0.0,1.0,0.000495485575864347,0.008307372793354102
11 Ay'ın Sultanı Ramazan (Kod: D36),Kitap > İslam > Kültür,Yusuf Tavaslı,TAVASLI YAYINLARI KAMPANYA,4 / 5 (3 oy),26.0,2.0,1,1.0,"150,00",03.02.2005,TÜRKÇE,256,Karton Kapak,16.3 x 23.5 cm,Kitap Kağıdı,40.0,2.0,4.0,3.0,150.0,2005.0,256.0,İslam,0,1,3,İslam,0,0,0,0,0,0,0,0,0,0,1,0.22662889518413593,0.3945578231292517,0.08981001727115716,0.0036363636363636364,0.001937984496124031,0.001049317943336831,0.005263157894736842,0.75,0.00022021581149526536,0.08099688473520249
Evlilik Oyunu,Kitap > Edebiyat > Roman (Çeviri),Victoria Alexander,PEGASUS YAYINLARI,4 / 5 (45 oy),185.0,19.0,2,46.0,"299,00",09.10.2017,TÜRKÇE,384,Karton Kapak,12 x 19 cm,Kitap Kağıdı,338.0,20.0,4.0,45.0,299.0,2017.0,384.0,Edebiyat,0,1,3,Edebiyat,0,0,0,1,0,0,0,0,0,0,0,0.5643059490084985,0.6122448979591836,0.6390328151986183,0.034545454545454546,0.003875968992248062,0.04826862539349423,0.05263157894736842,0.75,0.004844747852895837,0.699896157840083
Şeytan'ın Çırağı,Kitap > Edebiyat > Roman (Çeviri),Kenneth Bogh Andersen,PEGASUS  ÇOCUK YAYINLARI,4 / 5 (20 oy),173.0,9.0,0,19.0,"250,00",10.02.2012,TÜRKÇE,352,Karton Kapak,13.5 x 21 cm,Kitap Kağıdı,111.0,12.0,4.0,20.0,250.0,2012.0,352.0,Edebiyat,0,1,3,Edebiyat,0,0,0,1,0,0,0,0,0,0,0,0.45325779036827196,0.5578231292517006,0.5975820379965457,0.016363636363636365,0.0,0.01993704092339979,0.031578947368421054,0.75,0.0020920502092050207,0.2284527518172378
İstanbul'daki SuriyelilerGündelik Hayat ve Mekan,Kitap > Sosyoloji > Araştırma-İnceleme,Emine Uçak Erdoğan,LEJAND,,22.0,2.0,0,1.0,"160,00",26.07.2021,TÜRKÇE,146,Karton Kapak,13 x 19.5 cm,Kitap Kağıdı,360.0,0.0,5.0,5.5,160.0,2021.0,146.0,Sosyoloji,0,1,3,Sosyoloji,0,0,0,0,0,0,0,1,0,0,0,0.24929178470254953,0.20748299319727892,0.07599309153713299,0.0036363636363636364,0.0,0.001049317943336831,0.0,1.0,0.000495485575864347,0.7455867082035306
Vurulan Atların Neşesiyle,Kitap > Edebiyat > Şiir (Yerli),Oğulcan Özkan,ARİON YAYINLARI,5 / 5 (2 oy),7.0,0.0,0,4.0,"280,00",09.08.2025,TÜRKÇE,152,Karton Kapak,13.5 x 21 cm,Kitap Kağıdı,187.0,2.0,5.0,2.0,280.0,2025.0,152.0,Edebiyat,0,1,3,Edebiyat,0,0,0,1,0,0,0,0,0,0,0,0.5212464589235127,0.217687074829932,0.024179620034542312,0.0,0.0,0.004197271773347324,0.005263157894736842,1.0,0.00011010790574763268,0.3862928348909657
Koreli,Kitap > Edebiyat > Roman (Yerli),Veysel Issı,BANLİYÖ KİTAP,,8.0,2.0,0,1.0,"104,00",25.02.2023,TÜRKÇE,80,Karton Kapak,12 x 19.5 cm,Kitap Kağıdı,482.5,0.0,5.0,5.5,104.0,2023.0,80.0,Edebiyat,0,1,3,Edebiyat,0,0,0,1,0,0,0,0,0,0,0,0.12237960339943342,0.09523809523809523,0.027633851468048358,0.0036363636363636364,0.0,0.001049317943336831,0.0,1.0,0.000495485575864347,0.9999999999999999
Öp Beni ÖldüresiyeOn Bir Paranormal Aşk Hikayesi,Kitap > Edebiyat > Hikaye (Çeviri),Becca Fitzpatrick,KARA KEDİ YAYINLARI,4 / 5 (28 oy),289.5,27.0,2,26.0,"325,00",01.02.2013,TÜRKÇE,416,Karton Kapak,12.5 x 19.5 cm,Kitap Kağıdı,272.0,12.0,4.0,28.0,325.0,2013.0,416.0,Edebiyat,0,1,3,Edebiyat,0,0,0,1,0,0,0,0,0,0,0,0.6232294617563738,0.6666666666666666,1.0,0.04909090909090909,0.003875968992248062,0.02728226652675761,0.031578947368421054,0.75,0.0029729134551860826,0.5628245067497404
GizlerAtlantisten Taş Kürelere Neandarthallerden Antroposen'e,Kitap > Kültür > Genel,Nurdan İnan,SARMAL KİTABEVİ,,34.0,1.0,0,0.0,"200,00",10.03.2023,TÜRKÇE,157,Karton Kapak,13 x 20 cm,Kitap Kağıdı,47.0,0.0,5.0,5.5,200.0,2023.0,157.0,Kültür,0,1,3,Diger,0,1,0,0,0,0,0,0,0,0,0,0.3399433427762039,0.22619047619047616,0.11744386873920552,0.0018181818181818182,0.0,0.0,0.0,1.0,0.000495485575864347,0.09553478712357218
Haçlı Seferleri Tarihi (3. Cilt),Kitap > Tarih > Çağlar-Dönemler,Joseph Francois Michaud,SARMAL KİTABEVİ,5 / 5 (2 oy),108.0,4.0,0,2.0,"450,00",09.07.2024,TÜRKÇE,421,Karton Kapak,13.5 x 19.5 cm,Kitap Kağıdı,89.0,1.0,5.0,2.0,450.0,2024.0,421.0,Tarih,0,1,3,Tarih,0,0,0,0,0,0,0,0,1,0,0,0.9065155807365439,0.6751700680272108,0.37305699481865284,0.007272727272727273,0.0,0.002098635886673662,0.002631578947368421,1.0,0.00011010790574763268,0.1827622014537902
Karşı Kaldırımdaki Adam,Kitap > Edebiyat > Roman (Yerli),Selda Terek Bilecen,DESTEK YAYIN GRUBU-KAMPANYA,,1.0,0.0,0,0.0,"280,00",03.02.2022,TÜRKÇE,336,Karton Kapak,13.5 x 19.5 cm,Kitap Kağıdı,11.0,0.0,5.0,5.5,280.0,2022.0,336.0,Edebiyat,0,1,3,Edebiyat,0,0,0,1,0,0,0,0,0,0,0,0.5212464589235127,0.5306122448979591,0.0034542314335060447,0.0,0.0,0.0,0.0,1.0,0.000495485575864347,0.020768431983385256
Tapınak Şövalyeleri,Kitap > Siyaset > Kurumlar-Örgütler,Kürşad Berkkan,YEDİVEREN YAYIN GRUBU - KAMPANYA,4 / 5 (15 oy),281.0,16.0,1,14.0,"306,00",05.09.2017,TÜRKÇE,512,Karton Kapak,13.5 x 21 cm,Kitap Kağıdı,284.0,3.0,4.0,15.0,306.0,2017.0,512.0,Siyaset,0,1,3,Siyaset,0,0,0,0,0,0,1,0,0,0,0,0.5801699716713881,0.8299319727891156,0.9706390328151986,0.02909090909090909,0.001937984496124031,0.014690451206715634,0.007894736842105263,0.75,0.0015415106804668576,0.5877466251298027
Bridget Jones - Mantığın Sınırı,Kitap > Edebiyat > Roman (Çeviri) > Kitap > Orijinal Dil > İngilizce,Helen Fielding,PEGASUS YAYINLARI,5 / 5 (8 oy),91.0,10.0,0,35.0,"299,00",20.06.2015,TÜRKÇE,400,Karton Kapak,13.5 x 21 cm,Kitap Kağıdı,112.0,3.0,5.0,8.0,299.0,2015.0,400.0,Edebiyat,0,1,3,Edebiyat,0,0,0,1,0,0,0,0,0,0,0,0.5643059490084985,0.6394557823129251,0.3143350604490501,0.01818181818181818,0.0,0.03672612801678909,0.007894736842105263,1.0,0.0007707553402334288,0.23052959501557632
Kısa Almanya TarihiAryanlardan İmparatorluğa,Kitap > Siyaset > Siyasal Tarih,Mary Platt Parmele,LİBERUS,4 / 5 (11 oy),289.5,21.0,1,10.0,"200,00",14.10.2022,TÜRKÇE,152,Karton Kapak,13 x 19.5 cm,Kitap Kağıdı,459.0,3.0,4.0,11.0,200.0,2022.0,152.0,Siyaset,0,1,3,Siyaset,0,0,0,0,0,0,1,0,0,0,0,0.3399433427762039,0.217687074829932,1.0,0.038181818181818185,0.001937984496124031,0.010493179433368312,0.007894736842105263,0.75,0.001101079057476327,0.9511941848390446
Zararlı YazılımlarSiber Kitle İmha Silahları,Kitap > Bilgisayar > Kavramlar,Alper Başaran,ARİON YAYINLARI,5 / 5 (2 oy),173.0,11.0,1,1.0,"400,00",02.05.2019,TÜRKÇE,194,Karton Kapak,14 x 20 cm,Kitap Kağıdı,125.0,1.0,5.0,2.0,400.0,2019.0,194.0,Bilgisayar,0,1,3,Diger,0,1,0,0,0,0,0,0,0,0,0,0.7932011331444758,0.2891156462585034,0.5975820379965457,0.02,0.001937984496124031,0.001049317943336831,0.002631578947368421,1.0,0.00011010790574763268,0.25752855659397716
Unutmak,Kitap > Edebiyat > Roman (Yerli),Sibel Kertik Erkan,ZEMRA YAYINLARI,,8.0,2.0,1,3.0,"341,00",06.07.2022,TÜRKÇE,235,Karton Kapak,13.5 x 21 cm,Kitap Kağıdı,134.0,0.0,5.0,5.5,341.0,2022.0,235.0,Edebiyat,0,1,3,Edebiyat,0,0,0,1,0,0,0,0,0,0,0,0.6594900849858356,0.358843537414966,0.027633851468048358,0.0036363636363636364,0.001937984496124031,0.0031479538300104933,0.0,1.0,0.000495485575864347,0.2762201453790239
"Zaman, Tanrı ve Dört-Boyutçuluk",Kitap > Felsefe-Düşünce > Diğer,Turan Argun Sezer,SARMAL KİTABEVİ,5 / 5 (2 oy),44.0,5.0,0,0.0,"440,00",30.10.2023,TÜRKÇE,466,Karton Kapak,13.5 x 19.5 cm,Kitap Kağıdı,65.0,1.0,5.0,2.0,440.0,2023.0,466.0,Felsefe-Düşünce,0,1,3,Felsefe-Düşünce,0,0,0,0,1,0,0,0,0,0,0,0.8838526912181303,0.7517006802721088,0.15198618307426598,0.00909090909090909,0.0,0.0,0.002631578947368421,1.0,0.00011010790574763268,0.13291796469366562
Kış Öpücüğü,Kitap > Edebiyat > Roman (Çeviri),Kresley Cole,PEGASUS YAYINLARI,5 / 5 (42 oy),164.0,18.0,1,56.0,"269,00",10.03.2016,TÜRKÇE,336,Karton Kapak,13.5 x 21 cm,Kitap Kağıdı,279.0,13.0,5.0,42.0,269.0,2016.0,336.0,Edebiyat,0,1,3,Edebiyat,0,0,0,1,0,0,0,0,0,0,0,0.49631728045325774,0.5306122448979591,0.5664939550949913,0.03272727272727273,0.001937984496124031,0.05876180482686254,0.034210526315789476,1.0,0.00451442413565294,0.57736240913811
Okul Öncesi Eğitimde Yaratıcı DramaOyun Destekli Beslenme Eğitimi,Kitap > Eğitim > Çocuk Eğitimi,Erol Sabır,SARMAL KİTABEVİ,,83.0,0.0,0,0.0,"220,00",13.05.2022,TÜRKÇE,177,Karton Kapak,13.5 x 19.5 cm,Kitap Kağıdı,73.0,0.0,5.0,5.5,220.0,2022.0,177.0,Eğitim,0,1,3,Diger,0,1,0,0,0,0,0,0,0,0,0,0.38526912181303113,0.2602040816326531,0.2867012089810017,0.0,0.0,0.0,0.0,1.0,0.000495485575864347,0.14953271028037382
Susanlara Hiçbir Şey Sormayınız,Kitap > Psikoloji > İnceleme,Sefa Kaplan,HOLDEN KİTAP,5 / 5 (7 oy),68.0,10.0,2,2.0,"250,00",25.08.2021,TÜRKÇE,448,Karton Kapak,12.5 x 19.5 cm,Kitap Kağıdı,295.0,3.0,5.0,7.0,250.0,2021.0,448.0,Psikoloji,0,1,3,Diger,0,1,0,0,0,0,0,0,0,0,0,0.45325779036827196,0.7210884353741496,0.23488773747841105,0.01818181818181818,0.003875968992248062,0.002098635886673662,0.007894736842105263,1.0,0.0006606474344857962,0.6105919003115264
Uykunun Gözleri,Kitap > Edebiyat > Hikaye (Yerli),Kolektif,BANLİYÖ KİTAP,5 / 5 (1 oy),11.0,1.0,0,1.0,"126,00",25.01.2024,TÜRKÇE,112,Karton Kapak,13.5 x 19.5 cm,Kitap Kağıdı,365.0,1.0,5.0,1.0,126.0,2024.0,112.0,Edebiyat,0,1,3,Edebiyat,0,0,0,1,0,0,0,0,0,0,0,0.17223796033994332,0.14965986394557823,0.037996545768566495,0.0018181818181818182,0.0,0.001049317943336831,0.002631578947368421,1.0,0.0,0.7559709241952232
Küresel Sırlar,Kitap > Akademik > Siyaset İnceleme,Kürşad Berkkan,YEDİVEREN YAYIN GRUBU - KAMPANYA,4 / 5 (9 oy),252.0,6.0,0,5.0,"299,00",07.10.2023,TÜRKÇE,366,Karton Kapak,13.5 x 21 cm,Kitap Kağıdı,203.0,3.0,4.0,9.0,299.0,2023.0,366.0,Akademik,0,1,3,Diger,0,1,0,0,0,0,0,0,0,0,0,0.5643059490084985,0.5816326530612245,0.8704663212435233,0.01090909090909091,0.0,0.005246589716684156,0.007894736842105263,0.75,0.0008808632459810614,0.41952232606438217
Sarmal,Kitap > Siyaset > Araştırma-İnceleme,Murat Ağırel,KIRMIZI KEDİ YAYINEVİ,4 / 5 (347 oy),2.078,216.0,19,356.0,"400,00",17.04.2024,TÜRKÇE,352,Karton Kapak,13.3 x 23 cm,Kitap Kağıdı,482.5,135.0,4.0,347.0,400.0,2024.0,352.0,Siyaset,0,1,3,Siyaset,0,0,0,0,0,0,1,0,0,0,0,0.7932011331444758,0.5578231292517006,0.007177892918825561,0.3927272727272727,0.036821705426356585,0.37355718782791186,0.35526315789473684,0.75,0.0380973353886809,0.9999999999999999
Endişe Karnavalı,Kitap > Edebiyat > Roman (Yerli),Mehmet Taşdemir,LEJAND,5 / 5 (1 oy),5.0,1.0,1,0.0,"430,00",27.03.2024,TÜRKÇE,140,Karton Kapak,13 x 19.5 cm,Kitap Kağıdı,153.0,0.0,5.0,1.0,430.0,2024.0,140.0,Edebiyat,0,1,3,Edebiyat,0,0,0,1,0,0,0,0,0,0,0,0.8611898016997166,0.19727891156462585,0.017271157167530225,0.0018181818181818182,0.001937984496124031,0.0,0.0,1.0,0.0,0.31568016614745587
Umutlar / Peri Serisi 4. Kitap,Kitap > Edebiyat > Roman (Çeviri) > Kitap > Orijinal Dil > İngilizce,Aprilynne Pike,PEGASUS YAYINLARI,4 / 5 (10 oy),116.0,9.0,0,10.0,"269,00",10.04.2015,TÜRKÇE,320,Karton Kapak,13.5 x 21 cm,Kitap Kağıdı,74.0,4.0,4.0,10.0,269.0,2015.0,320.0,Edebiyat,0,1,3,Edebiyat,0,0,0,1,0,0,0,0,0,0,0,0.49631728045325774,0.5034013605442176,0.4006908462867012,0.016363636363636365,0.0,0.010493179433368312,0.010526315789473684,0.75,0.000990971151728694,0.15160955347871236
Sembolizm,Kitap > Felsefe-Düşünce > Diğer,Alfred North Whitehead,SAY YAYIN GRUBU-KAMPANYA,3 / 5 (2 oy),90.0,3.0,0,4.0,"200,00",17.04.2023,TÜRKÇE,88,Karton Kapak,13.5 x 21 cm,Kitap Kağıdı,60.0,0.0,3.0,2.0,200.0,2023.0,88.0,Felsefe-Düşünce,0,1,3,Felsefe-Düşünce,0,0,0,0,1,0,0,0,0,0,0,0.3399433427762039,0.108843537414966,0.31088082901554404,0.005454545454545455,0.0,0.004197271773347324,0.0,0.5,0.00011010790574763268,0.122533748701973
"Sevilmek, Başarılı Olmak ve Hayallerini Gerçekleştirmek İçin  Yeterlisin",Kitap > Kişisel Gelişim,Panache Desai,SAY YAYIN GRUBU-KAMPANYA,,49.0,4.0,0,0.0,"250,00",11.05.2023,TÜRKÇE,160,Karton Kapak,13.5 x 21 cm,Kitap Kağıdı,30.0,0.0,5.0,5.5,250.0,2023.0,160.0,Kişisel Gelişim,0,1,3,Kişisel Gelişim,0,0,0,0,0,1,0,0,0,0,0,0.45325779036827196,0.2312925170068027,0.1692573402417962,0.007272727272727273,0.0,0.0,0.0,1.0,0.000495485575864347,0.060228452751817235
Yeşilçam Hafiyesi,Kitap > Başvuru Kitapları > Diğer,Kürşat Çetin,YEDİVEREN YAYIN GRUBU - KAMPANYA,5 / 5 (6 oy),79.0,5.0,1,5.0,"312,00",26.11.2020,TÜRKÇE,240,Karton Kapak,13.5 x 19.5 cm,Kitap Kağıdı,127.0,4.0,5.0,6.0,312.0,2020.0,240.0,Başvuru Kitapları,0,1,3,Diger,0,1,0,0,0,0,0,0,0,0,0,0.5937677053824362,0.3673469387755102,0.27288428324697755,0.00909090909090909,0.001937984496124031,0.005246589716684156,0.010526315789473684,1.0,0.0005505395287381633,0.26168224299065423
Denenmiş Şeyler,Kitap > Edebiyat > Şiir (Yerli),Azimet  Avcu,EPONA KİTAP,4 / 5 (9 oy),37.0,4.0,1,7.0,"149,00",01.06.2023,TÜRKÇE,95,Karton Kapak,12.5 x 19.5 cm,Kitap Kağıdı,364.0,2.0,4.0,9.0,149.0,2023.0,95.0,Edebiyat,0,1,3,Edebiyat,0,0,0,1,0,0,0,0,0,0,0,0.2243626062322946,0.12074829931972789,0.12780656303972365,0.007272727272727273,0.001937984496124031,0.007345225603357817,0.005263157894736842,0.75,0.0008808632459810614,0.7538940809968847
Ruh Çıkmazı / Ruh Çığlığı Serisi 3. Kitap,Kitap > Edebiyat > Roman (Çeviri) > Kitap > Diğer > Gençlik Kitapları > Edebiyat > Kitap > Orijinal Dil > İngilizce,Rachel Vincent,PEGASUS YAYINLARI,4 / 5 (17 oy),140.0,13.0,1,18.0,"249,00",03.04.2015,TÜRKÇE,312,Karton Kapak,13.5 x 21 cm,Kitap Kağıdı,104.0,5.0,4.0,17.0,249.0,2015.0,312.0,Edebiyat,0,1,3,Edebiyat,0,0,0,1,0,0,0,0,0,0,0,0.4509915014164305,0.489795918367347,0.48359240069084625,0.023636363636363636,0.001937984496124031,0.01888772298006296,0.013157894736842105,0.75,0.0017617264919621229,0.2139148494288681
Gemisini Kurtaran Anne Baba,Kitap > Psikoloji > Genel > Kitap > Eğitim > Annelik-Babalık-Aile,Soner Yatgın,ARİON YAYINLARI,5 / 5 (11 oy),127.0,4.0,1,9.0,"360,00",09.08.2025,TÜRKÇE,188,Karton Kapak,14 x 20 cm,2. Hm. Kağıt,353.0,8.0,5.0,11.0,360.0,2025.0,188.0,Psikoloji,0,1,1,Diger,0,1,0,0,0,0,0,0,0,0,0,0.7025495750708215,0.2789115646258503,0.4386873920552677,0.007272727272727273,0.001937984496124031,0.00944386149003148,0.021052631578947368,1.0,0.001101079057476327,0.7310488058151609
Her Nefes Bir Umut,Kitap > Edebiyat > Diğer,Ebru Boranlıoğlu Tekin,TRUVA YAYINLARI,5 / 5 (6 oy),22.0,2.0,0,4.0,"210,00",03.06.2024,TÜRKÇE,216,Karton Kapak,13.5 x 21 cm,Kitap Kağıdı,192.0,6.0,5.0,6.0,210.0,2024.0,216.0,Edebiyat,0,1,3,Edebiyat,0,0,0,1,0,0,0,0,0,0,0,0.3626062322946175,0.32653061224489793,0.07599309153713299,0.0036363636363636364,0.0,0.004197271773347324,0.015789473684210527,1.0,0.0005505395287381633,0.39667705088265837
Başka DünyalarUzayda Yaşam Arayışımız,Kitap > Bilim & Mühendislik > Diğer,Özgür Barış Etli,URZENİ,4 / 5 (2 oy),101.0,4.0,0,7.0,"230,00",08.06.2021,TÜRKÇE,122,Karton Kapak,13.5 x 21 cm,Kitap Kağıdı,111.0,2.0,4.0,2.0,230.0,2021.0,122.0,Bilim & Mühendislik,0,1,3,Bilim & Mühendislik,1,0,0,0,0,0,0,0,0,0,0,0.40793201133144474,0.16666666666666666,0.3488773747841105,0.007272727272727273,0.0,0.007345225603357817,0.005263157894736842,0.75,0.00011010790574763268,0.2284527518172378
İstanbul Şehremaneti,Kitap > Edebiyat > İnceleme,Tarkan Oktay,YEDİTEPE YAYINEVİ-KAMPANYA,4 / 5 (27 oy),82.0,12.0,2,10.0,"430,00",01.09.2011,TÜRKÇE,422,Karton Kapak,13.5 x 21 cm,Kitap Kağıdı,234.0,10.0,4.0,27.0,430.0,2011.0,422.0,Edebiyat,0,1,3,Edebiyat,0,0,0,1,0,0,0,0,0,0,0,0.8611898016997166,0.6768707482993197,0.28324697754749567,0.02181818181818182,0.003875968992248062,0.010493179433368312,0.02631578947368421,0.75,0.0028628055494384495,0.48390446521287644
Beklenmedik Koşullar,Kitap > Edebiyat > Roman (Çeviri),Lauren Asher,OLİMPOS YAYINLARI,4 / 5 (59 oy),1.704,98.0,9,106.0,"349,00",06.02.2023,TÜRKÇE,472,Karton Kapak,13.5 x 21 cm,Kitap Kağıdı,482.5,36.0,4.0,59.0,349.0,2023.0,472.0,Edebiyat,0,1,3,Edebiyat,0,0,0,1,0,0,0,0,0,0,0,0.6776203966005665,0.7619047619047619,0.0058860103626943005,0.1781818181818182,0.01744186046511628,0.11122770199370409,0.09473684210526316,0.75,0.006386258533362695,0.9999999999999999
Tek Parça Kadın,Kitap > Edebiyat > Roman (Çeviri),Perumal Murugan,DEDALUS KİTAP,4 / 5 (7 oy),89.0,14.0,0,8.0,"200,00",30.09.2024,TÜRKÇE,180,Karton Kapak,13 x 20 cm,Kitap Kağıdı,161.0,5.0,4.0,7.0,200.0,2024.0,180.0,Edebiyat,0,1,3,Edebiyat,0,0,0,1,0,0,0,0,0,0,0,0.3399433427762039,0.2653061224489796,0.307426597582038,0.025454545454545455,0.0,0.008394543546694649,0.013157894736842105,0.75,0.0006606474344857962,0.3322949117341641
Ruhlar Arasındaki Büyücü,Kitap > Psikoloji > İnceleme,Harry  Houdini,SARMAL KİTABEVİ,5 / 5 (1 oy),10.0,1.0,0,0.0,"300,00",06.02.2024,TÜRKÇE,311,Karton Kapak,13.5 x 19.5 cm,Kitap Kağıdı,9.0,1.0,5.0,1.0,300.0,2024.0,311.0,Psikoloji,0,1,3,Diger,0,1,0,0,0,0,0,0,0,0,0,0.5665722379603398,0.4880952380952381,0.03454231433506045,0.0018181818181818182,0.0,0.0,0.002631578947368421,1.0,0.0,0.016614745586708203
Unutulmaz Yolculukların Hüzünlü Gezgini,Kitap > Edebiyat > Anı (Hatırat),Dr. Filiz Besim,SARMAL KİTABEVİ,,4.0,0.0,0,0.0,"270,00",15.03.2021,TÜRKÇE,170,Karton Kapak,13 x 20 cm,Kitap Kağıdı,8.0,0.0,5.0,5.5,270.0,2021.0,170.0,Edebiyat,0,1,3,Edebiyat,0,0,0,1,0,0,0,0,0,0,0,0.49858356940509907,0.24829931972789115,0.013816925734024179,0.0,0.0,0.0,0.0,1.0,0.000495485575864347,0.014537902388369679
Demokrasilerin EvrimiGeçmişte ve Şimdi,Kitap > Siyaset > Araştırma-İnceleme,Ali Demirsoy,SARMAL KİTABEVİ,5 / 5 (3 oy),56.0,5.0,1,1.0,"250,00",07.07.2023,TÜRKÇE,181,Karton Kapak,13.5 x 19.5 cm,Kitap Kağıdı,119.0,3.0,5.0,3.0,250.0,2023.0,181.0,Siyaset,0,1,3,Siyaset,0,0,0,0,0,0,1,0,0,0,0,0.45325779036827196,0.26700680272108845,0.1934369602763385,0.00909090909090909,0.001937984496124031,0.001049317943336831,0.007894736842105263,1.0,0.00022021581149526536,0.24506749740394598
Yavuz ve MidilliOsmanlı'nın Son Savaşı,Kitap > Tarih > Araştırma-İnceleme,Özer Öner,YEDİTEPE YAYINEVİ-KAMPANYA,5 / 5 (21 oy),179.0,14.0,3,9.0,"600,00",02.02.2012,TÜRKÇE,307,Karton Kapak,20 x 27 cm,Kitap Kağıdı,166.0,8.0,5.0,21.0,491.25,2012.0,307.0,Tarih,0,1,3,Tarih,0,0,0,0,0,0,0,0,1,0,0,1.0,0.4812925170068027,0.618307426597582,0.025454545454545455,0.005813953488372093,0.00944386149003148,0.021052631578947368,1.0,0.002202158114952654,0.3426791277258567
Kolomb Macerası,Kitap > Edebiyat > Roman (Çeviri) > Kitap > Orijinal Dil > İngilizce,Steve Berry,BİLGE KÜLTÜR SANAT,5 / 5 (34 oy),133.0,25.0,2,28.0,"370,00",12.09.2015,TÜRKÇE,504,Karton Kapak,12.5 x 19.5 cm,Kitap Kağıdı,329.0,13.0,5.0,34.0,370.0,2015.0,504.0,Edebiyat,0,1,3,Edebiyat,0,0,0,1,0,0,0,0,0,0,0,0.725212464589235,0.8163265306122448,0.459412780656304,0.045454545454545456,0.003875968992248062,0.02938090241343127,0.034210526315789476,1.0,0.0036335608896718784,0.6812045690550362
Başarının SırrıMehmet Yayla’nın Hayat Öyküsü,Kitap > Edebiyat > Biyografi-Otobiyografi > Kitap > Kişisel Gelişim,Teoman Sabri,HAYY KİTAP - KAMPANYA,3 / 5 (3 oy),55.0,2.0,0,5.0,"150,00",12.03.2020,TÜRKÇE,96,Karton Kapak,13.5 x 21 cm,Kitap Kağıdı,140.0,0.0,3.0,3.0,150.0,2020.0,96.0,Edebiyat,0,1,3,Edebiyat,0,0,0,1,0,0,0,0,0,0,0,0.22662889518413593,0.12244897959183673,0.18998272884283246,0.0036363636363636364,0.0,0.005246589716684156,0.0,0.5,0.00022021581149526536,0.28868120456905505
Yahudi Mezhepleri Ferisilik ve Sadukilik Giriş,Kitap > Tarih > Araştırma-İnceleme,Julius Wellhausen,SAY YAYIN GRUBU-KAMPANYA,3 / 5 (6 oy),164.0,5.0,0,1.0,"350,00",18.10.2023,TÜRKÇE,328,Karton Kapak,13.5 x 21 cm,Kitap Kağıdı,84.0,2.0,3.0,6.0,350.0,2023.0,328.0,Tarih,0,1,3,Tarih,0,0,0,0,0,0,0,0,1,0,0,0.6798866855524078,0.5170068027210883,0.5664939550949913,0.00909090909090909,0.0,0.001049317943336831,0.005263157894736842,0.5,0.0005505395287381633,0.1723779854620976
La BohémeOpera Klasikleri: 08,Kitap > Sanat > Diğer,Giacomo Puccini,FİHRİST KİTAP,4 / 5 (1 oy),22.0,4.0,0,0.0,"229,50",27.03.2024,TÜRKÇE,154,Karton Kapak,13 x 19.5 cm,Kitap Kağıdı,34.0,0.0,4.0,1.0,229.5,2024.0,154.0,Sanat,0,1,3,Diger,0,1,0,0,0,0,0,0,0,0,0,0.406798866855524,0.22108843537414968,0.07599309153713299,0.007272727272727273,0.0,0.0,0.0,0.75,0.0,0.06853582554517135
Bilimkurgu Sinemasında Mitolojik Anlatım,Kitap > Sinema-Tiyatro,Aslı Arıcı Sevinç,URZENİ,5 / 5 (2 oy),30.0,2.0,1,4.0,"200,00",20.02.2021,TÜRKÇE,157,Karton Kapak,13 x 20 cm,Kitap Kağıdı,77.0,1.0,5.0,2.0,200.0,2021.0,157.0,Sinema-Tiyatro,0,1,3,Diger,0,1,0,0,0,0,0,0,0,0,0,0.3399433427762039,0.22619047619047616,0.10362694300518134,0.0036363636363636364,0.001937984496124031,0.004197271773347324,0.002631578947368421,1.0,0.00011010790574763268,0.15784008307372793
Fotoğraftan Sonra İmajların İstilası,Kitap > Sanat > Fotoğraf,H. Murat Filinte,BİYOGRAFİ.NET,5 / 5 (1 oy),19.0,1.0,0,1.0,"150,00",27.05.2021,TÜRKÇE,128,Karton Kapak,14 x 20.5 cm,Kitap Kağıdı,110.0,0.0,5.0,1.0,150.0,2021.0,128.0,Sanat,0,1,3,Diger,0,1,0,0,0,0,0,0,0,0,0,0.22662889518413593,0.17687074829931973,0.06563039723661485,0.0018181818181818182,0.0,0.001049317943336831,0.0,1.0,0.0,0.22637590861889925
50 Maddede Mutluluk,Kitap > Felsefe-Düşünce > Diğer,Orhan Tüleylioğlu,DESTEK YAYIN GRUBU-KAMPANYA,5 / 5 (1 oy),9.0,1.0,0,0.0,"260,00",17.07.2020,TÜRKÇE,304,Karton Kapak,11.5 x 17.5 cm,Kitap Kağıdı,6.0,0.0,5.0,1.0,260.0,2020.0,304.0,Felsefe-Düşünce,0,1,3,Felsefe-Düşünce,0,0,0,0,1,0,0,0,0,0,0,0.4759206798866855,0.4761904761904762,0.031088082901554404,0.0018181818181818182,0.0,0.0,0.0,1.0,0.0,0.010384215991692626
Sorokin’in Toplum Felsefesi,Kitap > Sosyoloji > Sosyologlar,Fahri Atasoy,NET KİTAPLIK YAYINCILIK,4 / 5 (3 oy),47.0,2.0,2,3.0,"270,00",20.07.2023,TÜRKÇE,152,Karton Kapak,13.5 x 21 cm,Kitap Kağıdı,35.0,1.0,4.0,3.0,270.0,2023.0,152.0,Sosyoloji,0,1,3,Sosyoloji,0,0,0,0,0,0,0,1,0,0,0,0.49858356940509907,0.217687074829932,0.1623488773747841,0.0036363636363636364,0.003875968992248062,0.0031479538300104933,0.002631578947368421,0.75,0.00022021581149526536,0.07061266874350987
Türkiye’nin İsrail Politikası,Kitap > Siyaset > Araştırma-İnceleme,Çiğdem Bayraktar Ör,DESTEK YAYIN GRUBU-KAMPANYA,4 / 5 (1 oy),34.0,1.0,0,0.0,"320,00",17.10.2024,TÜRKÇE,368,Karton Kapak,13.5 x 21 cm,Kitap Kağıdı,31.0,1.0,4.0,1.0,320.0,2024.0,368.0,Siyaset,0,1,3,Siyaset,0,0,0,0,0,0,1,0,0,0,0,0.6118980169971671,0.5850340136054422,0.11744386873920552,0.0018181818181818182,0.0,0.0,0.002631578947368421,0.75,0.0,0.06230529595015576
One DirectionHayallerin Peşinde,Kitap > Müzik > Müzisyenler,One Direction,PEGASUS YAYINLARI,4 / 5 (49 oy),289.5,26.0,1,33.0,"299,00",30.01.2013,TÜRKÇE,288,Karton Kapak,15 x 20 cm,Kuşe Kağıt,482.5,21.0,4.0,49.0,299.0,2013.0,288.0,Müzik,0,1,4,Diger,0,1,0,0,0,0,0,0,0,0,0,0.5643059490084985,0.4489795918367347,1.0,0.04727272727272727,0.001937984496124031,0.03462749213011543,0.05526315789473684,0.75,0.005285179475886369,0.9999999999999999
Güzel Ölüler -3,Kitap > Edebiyat > Roman (Çeviri) > Kitap > Orijinal Dil > İngilizce,Eden Maguire,PEGASUS YAYINLARI,4 / 5 (4 oy),80.0,4.0,0,5.0,"249,00",21.06.2013,TÜRKÇE,280,Karton Kapak,13.5 x 21 cm,Kitap Kağıdı,33.0,1.0,4.0,4.0,249.0,2013.0,280.0,Edebiyat,0,1,3,Edebiyat,0,0,0,1,0,0,0,0,0,0,0,0.4509915014164305,0.43537414965986393,0.2763385146804836,0.007272727272727273,0.0,0.005246589716684156,0.002631578947368421,0.75,0.00033032371724289804,0.06645898234683281
Türkiye'de Darbeler ve Darbelerde ABD'nin Rolü,Kitap > Siyaset > Araştırma-İnceleme,Çetin Orhan,ALAN YAYINCILIK,5 / 5 (3 oy),51.0,4.0,0,4.0,"480,00",24.02.2023,TÜRKÇE,472,Karton Kapak,13.5 x 19.5 cm,Kitap Kağıdı,131.0,2.0,5.0,3.0,480.0,2023.0,472.0,Siyaset,0,1,3,Siyaset,0,0,0,0,0,0,1,0,0,0,0,0.9745042492917846,0.7619047619047619,0.17616580310880828,0.007272727272727273,0.0,0.004197271773347324,0.005263157894736842,1.0,0.00022021581149526536,0.2699896157840083
Avolon Okçuları Serisi Özel Set (3 Kitap),Kitap > Edebiyat > Roman (Çeviri),Chelsea Fine,PEGASUS YAYINLARI,4 / 5 (21 oy),289.5,19.0,0,27.0,"847,00",,TÜRKÇE,1208,Karton Kapak,13.5 x 21 cm,Kitap Kağıdı,299.0,14.0,4.0,21.0,491.25,2021.0,612.0,Edebiyat,0,1,3,Edebiyat,0,0,0,1,0,0,0,0,0,0,0,1.0,1.0,1.0,0.034545454545454546,0.0,0.02833158447009444,0.03684210526315789,0.75,0.002202158114952654,0.6188992731048806
Hans Huckebein: Talihsiz KuzgunTüftüfCumartesi Akşamı Banyosu,Kitap > Eğlence-Mizah > Çizgi Roman,Wilhelm Busch,FİHRİST KİTAP,5 / 5 (9 oy),67.0,10.0,1,11.0,"119,50",21.08.2023,TÜRKÇE,60,Karton Kapak,13 x 19.5 cm,Kitap Kağıdı,78.0,6.0,5.0,9.0,119.5,2023.0,60.0,Eğlence-Mizah,0,1,3,Diger,0,1,0,0,0,0,0,0,0,0,0,0.1575070821529745,0.06122448979591837,0.231433506044905,0.01818181818181818,0.001937984496124031,0.011542497376705142,0.015789473684210527,1.0,0.0008808632459810614,0.15991692627206644
Türkiye’de ve Dünya’da Engelli Dostu Sosyal Politikalar,Kitap > Siyaset > Diğer > Kitap > Sosyoloji > Diğer,Prof. Dr. Ali Seyyar,RAĞBET YAYINLARI-KAMPANYA,4 / 5 (9 oy),33.0,4.0,2,6.0,"744,00",15.10.2015,TÜRKÇE,496,Karton Kapak,15.5 x 23.5 cm,Kitap Kağıdı,173.0,2.0,4.0,9.0,491.25,2015.0,496.0,Siyaset,0,1,3,Siyaset,0,0,0,0,0,0,1,0,0,0,0,1.0,0.802721088435374,0.11398963730569947,0.007272727272727273,0.003875968992248062,0.0062959076600209865,0.005263157894736842,0.75,0.0008808632459810614,0.3572170301142264
Dördüncü Bozgun,Kitap > Siyaset > Araştırma-İnceleme,Hüseyin Özbek,DOĞU KİTABEVİ,5 / 5 (1 oy),9.0,1.0,0,0.0,"364,00",23.06.2022,TÜRKÇE,304,Karton Kapak,13.5 x 19.5 cm,Kitap Kağıdı,211.0,0.0,5.0,1.0,364.0,2022.0,304.0,Siyaset,0,1,3,Siyaset,0,0,0,0,0,0,1,0,0,0,0,0.7116147308781869,0.4761904761904762,0.031088082901554404,0.0018181818181818182,0.0,0.0,0.0,1.0,0.0,0.43613707165109034
Geronimo,Kitap > Tarih > Kişiler > Kitap > Kültür > Kültür Tarihi,S. M. Barret,DESTEK YAYIN GRUBU-KAMPANYA,4 / 5 (19 oy),138.0,10.0,3,19.0,"140,00",27.05.2021,TÜRKÇE,152,Karton Kapak,13.5 x 21 cm,Kitap Kağıdı,147.0,8.0,4.0,19.0,140.0,2021.0,152.0,Tarih,0,1,3,Tarih,0,0,0,0,0,0,0,0,1,0,0,0.20396600566572237,0.217687074829932,0.47668393782383417,0.01818181818181818,0.005813953488372093,0.01993704092339979,0.021052631578947368,0.75,0.001981942303457388,0.3032191069574247
Şairin 12'si,Kitap > Diğer > Söyleşi,Ayhan Şahin,FİHRİST KİTAP,,16.0,1.0,0,1.0,"234,50",10.03.2022,TÜRKÇE,156,Karton Kapak,13 x 19.5 cm,Kitap Kağıdı,15.0,0.0,5.0,5.5,234.5,2022.0,156.0,Diğer,0,1,3,Diğer,0,0,1,0,0,0,0,0,0,0,0,0.4181303116147308,0.22448979591836737,0.055267702936096716,0.0018181818181818182,0.0,0.001049317943336831,0.0,1.0,0.000495485575864347,0.029075804776739357
Büyük Frederik Anti-Makyavel,Kitap > Edebiyat > Deneme (Çeviri),Voltaire,YEDİTEPE YAYINEVİ-KAMPANYA,5 / 5 (32 oy),289.5,26.0,1,22.0,"150,00",06.10.2016,TÜRKÇE,160,Karton Kapak,13.5 x 21 cm,Kitap Kağıdı,473.0,9.0,5.0,32.0,150.0,2016.0,160.0,Edebiyat,0,1,3,Edebiyat,0,0,0,1,0,0,0,0,0,0,0,0.22662889518413593,0.2312925170068027,1.0,0.04727272727272727,0.001937984496124031,0.023084994753410283,0.02368421052631579,1.0,0.003413345078176613,0.9802699896157839
Göçmen Bavulu,Kitap > Sosyoloji > Araştırma-İnceleme,Cemil Şahinöz,LEJAND,5 / 5 (2 oy),52.0,3.0,0,5.0,"130,00",28.07.2022,TÜRKÇE,108,Karton Kapak,13 x 19.5 cm,Kitap Kağıdı,262.0,2.0,5.0,2.0,130.0,2022.0,108.0,Sosyoloji,0,1,3,Sosyoloji,0,0,0,0,0,0,0,1,0,0,0,0.18130311614730876,0.14285714285714285,0.17962003454231432,0.005454545454545455,0.0,0.005246589716684156,0.005263157894736842,1.0,0.00011010790574763268,0.5420560747663551
Gözlemci Olarak Buradayız,Kitap > Edebiyat > Roman (Yerli),Emirhan Burak Aydın,DEDALUS KİTAP,4 / 5 (40 oy),142.0,38.0,2,28.0,"60,00",02.01.2018,TÜRKÇE,238,Karton Kapak,13 x 20 cm,Kitap Kağıdı,482.5,15.0,4.0,40.0,60.0,2018.0,238.0,Edebiyat,0,1,3,Edebiyat,0,0,0,1,0,0,0,0,0,0,0,0.022662889518413595,0.36394557823129253,0.4905008635578584,0.06909090909090909,0.003875968992248062,0.02938090241343127,0.039473684210526314,0.75,0.004294208324157674,0.9999999999999999
Takı Yapım Teknikleri 2,Kitap > Hobi > El İşleri,Nuran Sarısoy,İNKILAP KİTABEVİ-KAMPANYA,5 / 5 (4 oy),144.0,0.0,1,1.0,"415,00",22.02.2007,TÜRKÇE,208,Karton Kapak,21 x 29.5 cm,Kitap Kağıdı,135.0,1.0,5.0,4.0,415.0,2007.0,208.0,Hobi,0,1,3,Diger,0,1,0,0,0,0,0,0,0,0,0,0.8271954674220963,0.3129251700680272,0.49740932642487046,0.0,0.001937984496124031,0.001049317943336831,0.002631578947368421,1.0,0.00033032371724289804,0.2782969885773624
Doğa ve Yaşam,Kitap > Felsefe-Düşünce > Diğer,Alfred North Whitehead,SAY YAYIN GRUBU-KAMPANYA,3 / 5 (2 oy),77.0,3.0,1,3.0,"150,00",20.01.2023,TÜRKÇE,64,Karton Kapak,13.5 x 21 cm,Kitap Kağıdı,69.0,0.0,3.0,2.0,150.0,2023.0,64.0,Felsefe-Düşünce,0,1,3,Felsefe-Düşünce,0,0,0,0,1,0,0,0,0,0,0,0.22662889518413593,0.06802721088435373,0.2659758203799654,0.005454545454545455,0.001937984496124031,0.0031479538300104933,0.0,0.5,0.00011010790574763268,0.1412253374870197
Başkaldırı / Eve 3,Kitap > Edebiyat > Roman (Çeviri) > Kitap > Orijinal Dil > İngilizce,Anna Carey,PEGASUS YAYINLARI,5 / 5 (13 oy),68.0,6.0,0,10.0,"269,00",09.10.2015,TÜRKÇE,288,Karton Kapak,13.5 x 21 cm,Kitap Kağıdı,45.0,1.0,5.0,13.0,269.0,2015.0,288.0,Edebiyat,0,1,3,Edebiyat,0,0,0,1,0,0,0,0,0,0,0,0.49631728045325774,0.4489795918367347,0.23488773747841105,0.01090909090909091,0.0,0.010493179433368312,0.002631578947368421,1.0,0.0013212948689715921,0.09138110072689512
Anadolu Tasavvufu,Kitap > Din > Felsefe-Sosyoloji-Psikoloji,Akın Gülyurt,LEJAND,5 / 5 (18 oy),162.0,12.0,1,10.0,"250,00",06.02.2025,TÜRKÇE,270,Karton Kapak,13 x 19.5 cm,Kitap Kağıdı,482.5,9.0,5.0,18.0,250.0,2025.0,270.0,Din,0,1,3,Diger,0,1,0,0,0,0,0,0,0,0,0,0.45325779036827196,0.41836734693877553,0.5595854922279793,0.02181818181818182,0.001937984496124031,0.010493179433368312,0.02368421052631579,1.0,0.0018718343977097555,0.9999999999999999
Ay Çöreği,Kitap > Kültür > Kültür Yazıları > Kitap > Edebiyat > Deneme (Yerli),Mustafa Arslantunalı,İLETİŞİM YAYINLARI KAMPANYA,5 / 5 (6 oy),65.0,16.0,1,2.0,"202,00",09.01.2020,TÜRKÇE,347,Karton Kapak,13 x 19.5 cm,Kitap Kağıdı,130.0,0.0,5.0,6.0,202.0,2020.0,347.0,Kültür,0,1,3,Diger,0,1,0,0,0,0,0,0,0,0,0,0.34447592067988664,0.5493197278911564,0.2245250431778929,0.02909090909090909,0.001937984496124031,0.002098635886673662,0.0,1.0,0.0005505395287381633,0.2679127725856698
Açlık Oyunları Haraçları Tanıyalım,Kitap > Edebiyat > Roman (Çeviri),Kate Egan,PEGASUS YAYINLARI - KAMPANYA,4 / 5 (84 oy),289.5,54.0,3,77.0,"299,00",05.03.2012,TÜRKÇE,128,Karton Kapak,13.3 x 20.3 cm,Kitap Kağıdı,482.5,32.0,4.0,84.0,299.0,2012.0,128.0,Edebiyat,0,1,3,Edebiyat,0,0,0,1,0,0,0,0,0,0,0,0.5643059490084985,0.17687074829931973,1.0,0.09818181818181818,0.005813953488372093,0.080797481636936,0.08421052631578947,0.75,0.009138956177053513,0.9999999999999999
Atatürk’ten Menderes’e Güneydoğu Kalkınması,Kitap > Siyaset,Ramazan Topdemir,TRUVA YAYINLARI,3 / 5 (1 oy),11.0,2.0,0,0.0,"175,00",15.08.2023,TÜRKÇE,168,Karton Kapak,13.5 x 21 cm,Kitap Kağıdı,63.0,0.0,3.0,1.0,175.0,2023.0,168.0,Siyaset,0,1,3,Siyaset,0,0,0,0,0,0,1,0,0,0,0,0.2832861189801699,0.24489795918367346,0.037996545768566495,0.0036363636363636364,0.0,0.0,0.0,0.5,0.0,0.12876427829698855
Yeni Dünya Amerika-Philadelphia 1693,Kitap > Edebiyat > Roman (Yerli),Dr. Maksut Sarı,DOĞU KİTABEVİ,5 / 5 (1 oy),19.0,0.0,0,1.0,"263,00",01.08.2024,TÜRKÇE,208,Karton Kapak,13.5 x 19.5 cm,Kitap Kağıdı,13.0,1.0,5.0,1.0,263.0,2024.0,208.0,Edebiyat,0,1,3,Edebiyat,0,0,0,1,0,0,0,0,0,0,0,0.4827195467422096,0.3129251700680272,0.06563039723661485,0.0,0.0,0.001049317943336831,0.002631578947368421,1.0,0.0,0.024922118380062305
Aynada Başkasını Aramak,Kitap > Edebiyat > Diğer,Emre Ağanoğlu,EPONA KİTAP,,2.0,0.0,0,0.0,"158,00",03.05.2024,TÜRKÇE,48,Karton Kapak,12 x 19 cm,Kitap Kağıdı,24.0,0.0,5.0,5.5,158.0,2024.0,48.0,Edebiyat,0,1,3,Edebiyat,0,0,0,1,0,0,0,0,0,0,0,0.2447592067988668,0.04081632653061224,0.0069084628670120895,0.0,0.0,0.0,0.0,1.0,0.000495485575864347,0.04776739356178608
RomantizmKısa Bir Giriş,Kitap > Felsefe-Düşünce > Diğer,Michael Ferber,SAY YAYIN GRUBU-KAMPANYA,,98.0,3.0,1,0.0,"250,00",12.06.2020,TÜRKÇE,192,Karton Kapak,13.5 x 21 cm,Kitap Kağıdı,69.0,0.0,5.0,5.5,250.0,2020.0,192.0,Felsefe-Düşünce,0,1,3,Felsefe-Düşünce,0,0,0,0,1,0,0,0,0,0,0,0.45325779036827196,0.2857142857142857,0.3385146804835924,0.005454545454545455,0.001937984496124031,0.0,0.0,1.0,0.000495485575864347,0.1412253374870197
Lirik Prenses Tezer,Kitap > Edebiyat > Roman (Yerli),Selda Terek Bilecen,DESTEK YAYIN GRUBU-KAMPANYA,4 / 5 (42 oy),105.0,28.0,5,38.0,"350,00",07.04.2017,TÜRKÇE,312,Karton Kapak,13.5 x 19.5 cm,Kitap Kağıdı,248.0,22.0,4.0,42.0,350.0,2017.0,312.0,Edebiyat,0,1,3,Edebiyat,0,0,0,1,0,0,0,0,0,0,0,0.6798866855524078,0.489795918367347,0.36269430051813467,0.05090909090909091,0.009689922480620155,0.03987408184679958,0.05789473684210526,0.75,0.00451442413565294,0.5129802699896158
Simetrik Can Alıcı Diriliş,Kitap > Edebiyat > Şiir (Yerli),Mehmet Metin Tavukçu,SARMAL KİTABEVİ,,1.0,0.0,0,0.0,"140,00",10.04.2021,TÜRKÇE,89,Karton Kapak,13.5 x 21 cm,Kitap Kağıdı,17.0,0.0,5.0,5.5,140.0,2021.0,89.0,Edebiyat,0,1,3,Edebiyat,0,0,0,1,0,0,0,0,0,0,0,0.20396600566572237,0.11054421768707484,0.0034542314335060447,0.0,0.0,0.0,0.0,1.0,0.000495485575864347,0.033229491173416406
Taş Tüter Duman Çatlar,Kitap > Edebiyat > Hikaye (Yerli),Serkan Gülpınar,EPONA KİTAP,,14.0,4.0,1,1.0,"234,00",26.03.2024,TÜRKÇE,157,Karton Kapak,12.5 x 19.5 cm,Kitap Kağıdı,302.0,0.0,5.0,5.5,234.0,2024.0,157.0,Edebiyat,0,1,3,Edebiyat,0,0,0,1,0,0,0,0,0,0,0,0.4169971671388102,0.22619047619047616,0.048359240069084625,0.007272727272727273,0.001937984496124031,0.001049317943336831,0.0,1.0,0.000495485575864347,0.6251298026998962
Sıradışı Bir Siyasetçi: Kasım GülekHayatı ve Siyasi Faaliyetleri,Kitap > Siyaset > Biyografi-Otobiyografi,Meral Balcı,YEDİTEPE YAYINEVİ-KAMPANYA,5 / 5 (31 oy),144.0,16.0,3,17.0,"320,00",09.04.2015,TÜRKÇE,342,Karton Kapak,13.5 x 21 cm,Kitap Kağıdı,348.0,17.0,5.0,31.0,320.0,2015.0,342.0,Siyaset,0,1,3,Siyaset,0,0,0,0,0,0,1,0,0,0,0,0.6118980169971671,0.5408163265306122,0.49740932642487046,0.02909090909090909,0.005813953488372093,0.017838405036726127,0.04473684210526316,1.0,0.0033032371724289805,0.7206645898234683
Kıbrıs ve Doğu Akdeniz Araştırmaları,Kitap > Kültür > Arkeoloji > Kitap > Siyaset > Kıbrıs > Kitap > Akademik > Tarih İnceleme,Gökçe Yükselen Peler,Mİ YAYINLARI,,32.0,2.0,1,0.0,"999,00",06.02.2024,TÜRKÇE,600,Karton Kapak,15 x 23 cm,Kitap Kağıdı,25.0,0.0,5.0,5.5,491.25,2024.0,600.0,Kültür,0,1,3,Diger,0,1,0,0,0,0,0,0,0,0,0,1.0,0.9795918367346939,0.11053540587219343,0.0036363636363636364,0.001937984496124031,0.0,0.0,1.0,0.000495485575864347,0.04984423676012461
Sen de Vur Hocam,Kitap > Edebiyat > Diğer,Galip  Duman,EMRE YAYINLARI,5 / 5 (1 oy),5.0,0.0,0,1.0,"260,00",01.03.2023,TÜRKÇE,288,Karton Kapak,13.5 x 21 cm,Kitap Kağıdı,482.5,1.0,5.0,1.0,260.0,2023.0,288.0,Edebiyat,0,1,3,Edebiyat,0,0,0,1,0,0,0,0,0,0,0,0.4759206798866855,0.4489795918367347,0.017271157167530225,0.0,0.0,0.001049317943336831,0.002631578947368421,1.0,0.0,0.9999999999999999
"Laik Devlet Kuşatma AltındaAvrupa ve Amerika’da Hıristiyanlık, İslam ve Siyaset",Kitap > Din > İslamiyet > Kitap > Din > Hristiyanlık > Kitap > Siyaset > Araştırma-İnceleme,Christian Joppke,SAY YAYIN GRUBU-KAMPANYA,3 / 5 (6 oy),112.0,4.0,1,1.0,"300,00",14.02.2018,TÜRKÇE,352,Karton Kapak,13.5 x 21 cm,Kitap Kağıdı,61.0,1.0,3.0,6.0,300.0,2018.0,352.0,Din,0,1,3,Diger,0,1,0,0,0,0,0,0,0,0,0,0.5665722379603398,0.5578231292517006,0.386873920552677,0.007272727272727273,0.001937984496124031,0.001049317943336831,0.002631578947368421,0.5,0.0005505395287381633,0.12461059190031153
Halkla İlişkiler Ne Değildir?,Kitap > Diğer > Reklamcılık-Halkla İlişkiler,Kolektif,SAY YAYIN GRUBU-KAMPANYA,5 / 5 (2 oy),17.0,0.0,1,0.0,"300,00",20.05.2014,TÜRKÇE,400,Karton Kapak,13.5 x 21 cm,Kitap Kağıdı,25.0,0.0,5.0,2.0,300.0,2014.0,400.0,Diğer,0,1,3,Diğer,0,0,1,0,0,0,0,0,0,0,0,0.5665722379603398,0.6394557823129251,0.05872193436960276,0.0,0.001937984496124031,0.0,0.0,1.0,0.00011010790574763268,0.04984423676012461
İzmir Çıkmazı,Kitap > Edebiyat > Tarihi Roman,Charles Thoma,BİLGE KÜLTÜR SANAT,4 / 5 (22 oy),111.0,15.0,2,14.0,"360,00",12.02.2016,TÜRKÇE,448,Karton Kapak,12.5 x 19.5 cm,Kitap Kağıdı,263.0,8.0,4.0,22.0,360.0,2016.0,448.0,Edebiyat,0,1,3,Edebiyat,0,0,0,1,0,0,0,0,0,0,0,0.7025495750708215,0.7210884353741496,0.38341968911917096,0.02727272727272727,0.003875968992248062,0.014690451206715634,0.021052631578947368,0.75,0.0023122660207002864,0.5441329179646937
80 Gün Aşkın Rengi,Kitap > Edebiyat > Roman (Çeviri) > Kitap > Orijinal Dil > İngilizce,Vina Jackson,PEGASUS YAYINLARI,4 / 5 (20 oy),132.0,7.0,2,23.0,"299,00",06.07.2013,TÜRKÇE,336,Karton Kapak,13.5 x 21 cm,Kitap Kağıdı,213.0,5.0,4.0,20.0,299.0,2013.0,336.0,Edebiyat,0,1,3,Edebiyat,0,0,0,1,0,0,0,0,0,0,0,0.5643059490084985,0.5306122448979591,0.4559585492227979,0.012727272727272728,0.003875968992248062,0.024134312696747116,0.013157894736842105,0.75,0.0020920502092050207,0.4402907580477674
Sosyalizm,Kitap > Siyaset > Araştırma-İnceleme,Peter Lamb,LİBERUS,4 / 5 (2 oy),102.0,6.0,0,0.0,"220,00",26.05.2023,TÜRKÇE,174,Karton Kapak,13 x 19.5 cm,Kitap Kağıdı,150.0,0.0,4.0,2.0,220.0,2023.0,174.0,Siyaset,0,1,3,Siyaset,0,0,0,0,0,0,1,0,0,0,0,0.38526912181303113,0.25510204081632654,0.35233160621761656,0.01090909090909091,0.0,0.0,0.0,0.75,0.00011010790574763268,0.3094496365524403
Tevhid Adalet Özgürlük / Yeniden Düşünmek,Kitap > İslam > Diğer,Ahmet Özcan,YARIN YAYINCILIK,5 / 5 (5 oy),27.0,3.0,0,2.0,"210,50",21.12.2021,TÜRKÇE,148,Karton Kapak,13.5 x 21 cm,Kitap Kağıdı,85.0,1.0,5.0,5.0,210.5,2021.0,148.0,İslam,0,1,3,İslam,0,0,0,0,0,0,0,0,0,0,1,0.3637393767705382,0.2108843537414966,0.09326424870466321,0.005454545454545455,0.0,0.002098635886673662,0.002631578947368421,1.0,0.00044043162299053066,0.17445482866043613
Hürriyet Adalet Müsavat,Kitap > Tarih > Siyasal Tarih,Mehmet Esat Işık,MAVİ GÖK YAYINLARI,5 / 5 (1 oy),37.0,0.0,0,2.0,"162,00",12.02.2024,TÜRKÇE,56,Karton Kapak,13 x 19.5 cm,Kitap Kağıdı,48.0,0.0,5.0,1.0,162.0,2024.0,56.0,Tarih,0,1,3,Tarih,0,0,0,0,0,0,0,0,1,0,0,0.25382436260623226,0.05442176870748299,0.12780656303972365,0.0,0.0,0.002098635886673662,0.0,1.0,0.0,0.0976116303219107
Gençler İçin Deprem ve TsunamiSoru Oyun Ve Deneylerle Anlama,Kitap > Bilim & Mühendislik > Diğer,Eşref Atabey,SARMAL KİTABEVİ,5 / 5 (1 oy),34.0,3.0,0,3.0,"200,00",25.05.2021,TÜRKÇE,170,Karton Kapak,13 x 19.5 cm,Kitap Kağıdı,38.0,1.0,5.0,1.0,200.0,2021.0,170.0,Bilim & Mühendislik,0,1,3,Bilim & Mühendislik,1,0,0,0,0,0,0,0,0,0,0,0.3399433427762039,0.24829931972789115,0.11744386873920552,0.005454545454545455,0.0,0.0031479538300104933,0.002631578947368421,1.0,0.0,0.07684319833852545
Ay'a Yolculuk,Kitap > Edebiyat > Bilimkurgu-Fantazya,George Tucker,FİHRİST KİTAP,5 / 5 (4 oy),37.0,6.0,0,5.0,"299,50",09.08.2021,TÜRKÇE,214,Karton Kapak,13 x 19.5 cm,Kitap Kağıdı,152.0,1.0,5.0,4.0,299.5,2021.0,214.0,Edebiyat,0,1,3,Edebiyat,0,0,0,1,0,0,0,0,0,0,0,0.5654390934844192,0.32312925170068024,0.12780656303972365,0.01090909090909091,0.0,0.005246589716684156,0.002631578947368421,1.0,0.00033032371724289804,0.31360332294911736
Gaslight,Kitap > Siyaset > Araştırma-İnceleme,Yılmaz Özdil,SİA KİTAP,5 / 5 (125 oy),1.642,237.0,26,196.0,"350,00",25.10.2023,TÜRKÇE,600,Karton Kapak,13.7 x 23 cm,Kitap Kağıdı,482.5,80.0,5.0,125.0,350.0,2023.0,600.0,Siyaset,0,1,3,Siyaset,0,0,0,0,0,0,1,0,0,0,0,0.6798866855524078,0.9795918367346939,0.005671848013816925,0.4309090909090909,0.050387596899224806,0.2056663168940189,0.21052631578947367,1.0,0.013653380312706452,0.9999999999999999
Bosna'da Egemenlik Sorunu- Dayton Anlaşması,Kitap > Siyaset > Bölgeler-Ülkeler > Kitap > Siyaset > Araştırma-İnceleme,Esat Ertaç Erbesler,BİYOGRAFİ.NET,5 / 5 (2 oy),30.0,1.0,0,0.0,"250,00",18.03.2021,TÜRKÇE,224,Karton Kapak,13.5 x 21 cm,Kitap Kağıdı,45.0,1.0,5.0,2.0,250.0,2021.0,224.0,Siyaset,0,1,3,Siyaset,0,0,0,0,0,0,1,0,0,0,0,0.45325779036827196,0.3401360544217687,0.10362694300518134,0.0018181818181818182,0.0,0.0,0.002631578947368421,1.0,0.00011010790574763268,0.09138110072689512
Hayatın Yarası,Kitap > Edebiyat > Anı (Hatırat),,YEDİTEPE YAYINEVİ-KAMPANYA,5 / 5 (4 oy),20.0,5.0,0,1.0,"250,00",13.10.2016,TÜRKÇE,286,Karton Kapak,13.5 x 21 cm,Kitap Kağıdı,31.0,2.0,5.0,4.0,250.0,2016.0,286.0,Edebiyat,0,1,3,Edebiyat,0,0,0,1,0,0,0,0,0,0,0,0.45325779036827196,0.445578231292517,0.0690846286701209,0.00909090909090909,0.0,0.001049317943336831,0.005263157894736842,1.0,0.00033032371724289804,0.06230529595015576
Güç Oyunu,Kitap > Edebiyat > Roman (Çeviri) > Kitap > Orijinal Dil > İngilizce,Joseph Finder,BİLGE KÜLTÜR SANAT,4 / 5 (20 oy),125.0,9.0,0,23.0,"300,00",13.02.2008,TÜRKÇE,336,Karton Kapak,13.5 x 21.5 cm,Kitap Kağıdı,162.0,9.0,4.0,20.0,300.0,2008.0,336.0,Edebiyat,0,1,3,Edebiyat,0,0,0,1,0,0,0,0,0,0,0,0.5665722379603398,0.5306122448979591,0.4317789291882556,0.016363636363636365,0.0,0.024134312696747116,0.02368421052631579,0.75,0.0020920502092050207,0.3343717549325026
İçimdeki Duvarlar / Koşulsuz 1. Kitap,Kitap > Edebiyat > Roman (Yerli),Esra Güntay Beyatlı,SAY YAYIN GRUBU-KAMPANYA,2 / 5 (1 oy),9.0,1.0,0,0.0,"200,00",09.03.2017,TÜRKÇE,272,Karton Kapak,13.5 x 21 cm,Kitap Kağıdı,11.0,0.0,2.0,1.0,200.0,2017.0,272.0,Edebiyat,0,1,3,Edebiyat,0,0,0,1,0,0,0,0,0,0,0,0.3399433427762039,0.42176870748299317,0.031088082901554404,0.0018181818181818182,0.0,0.0,0.0,0.25,0.0,0.020768431983385256
Müslümanların Gözüyle Haçlı Seferleri,Kitap > Tarih > Araştırma-İnceleme,Paul M. Cobb,SAY YAYIN GRUBU-KAMPANYA,5 / 5 (19 oy),285.0,23.0,2,6.0,"400,00",15.11.2018,TÜRKÇE,464,Karton Kapak,13.5 x 21 cm,Kitap Kağıdı,208.0,5.0,5.0,19.0,400.0,2018.0,464.0,Tarih,0,1,3,Tarih,0,0,0,0,0,0,0,0,1,0,0,0.7932011331444758,0.7482993197278911,0.9844559585492227,0.04181818181818182,0.003875968992248062,0.0062959076600209865,0.013157894736842105,1.0,0.001981942303457388,0.42990654205607476
Demir Orkide,Kitap > Edebiyat > Roman (Çeviri),Stuart Woods,BİLGE KÜLTÜR SANAT,4 / 5 (20 oy),70.0,8.0,1,12.0,"240,00",20.08.2007,TÜRKÇE,280,Karton Kapak,13.5 x 21.5 cm,Kitap Kağıdı,143.0,7.0,4.0,20.0,240.0,2007.0,280.0,Edebiyat,0,1,3,Edebiyat,0,0,0,1,0,0,0,0,0,0,0,0.4305949008498583,0.43537414965986393,0.24179620034542312,0.014545454545454545,0.001937984496124031,0.012591815320041973,0.018421052631578946,0.75,0.0020920502092050207,0.2949117341640706
Kuzucuk,Kitap > Çocuk Kitapları > Hikaye,Müjdat Gezen,BİLGE KÜLTÜR SANAT,4 / 5 (14 oy),67.0,8.0,2,3.0,"120,00",01.01.2010,TÜRKÇE,60,Karton Kapak,13.5 x 19.5 cm,Kitap Kağıdı,239.0,2.0,4.0,14.0,120.0,2010.0,60.0,Çocuk Kitapları,0,1,3,Çocuk Kitapları,0,0,0,0,0,0,0,0,0,1,0,0.15864022662889515,0.06122448979591837,0.231433506044905,0.014545454545454545,0.003875968992248062,0.0031479538300104933,0.005263157894736842,0.75,0.001431402774719225,0.49428868120456904
Oscar Pill Serisi Takım Set (2 Kitap),Kitap > Edebiyat > Roman (Çeviri),Eli Anderson,PEGASUS YAYINLARI,5 / 5 (1 oy),61.0,4.0,0,1.0,"590,00",02.03.1970,TÜRKÇE,1184,Karton Kapak,13.5 x 21 cm,Kitap Kağıdı,36.0,1.0,5.0,1.0,491.25,1970.0,612.0,Edebiyat,0,1,3,Edebiyat,0,0,0,1,0,0,0,0,0,0,0,1.0,1.0,0.21070811744386872,0.007272727272727273,0.0,0.001049317943336831,0.002631578947368421,1.0,0.0,0.07268951194184839
Nıetzche'de Kültür ve Hakikat,Kitap > Felsefe-Düşünce > Diğer,Fikret  Demirci,URZENİ,,16.0,0.0,0,0.0,"170,00",05.10.2023,TÜRKÇE,125,Karton Kapak,13.5 x 19.5 cm,Kitap Kağıdı,19.0,0.0,5.0,5.5,170.0,2023.0,125.0,Felsefe-Düşünce,0,1,3,Felsefe-Düşünce,0,0,0,0,1,0,0,0,0,0,0,0.27195467422096314,0.1717687074829932,0.055267702936096716,0.0,0.0,0.0,0.0,1.0,0.000495485575864347,0.037383177570093455
Ye Dua Et EvlenBir Aşk Hikayesi,Kitap > Edebiyat > Roman (Çeviri) > Kitap > Orijinal Dil > İngilizce,Elizabeth Gilbert,PEGASUS YAYINLARI,4 / 5 (19 oy),289.5,7.0,1,29.0,"299,00",01.10.2010,TÜRKÇE,344,Karton Kapak,13.5 x 21 cm,Kitap Kağıdı,319.0,25.0,4.0,19.0,299.0,2010.0,344.0,Edebiyat,0,1,3,Edebiyat,0,0,0,1,0,0,0,0,0,0,0,0.5643059490084985,0.5442176870748299,1.0,0.012727272727272728,0.001937984496124031,0.030430220356768102,0.06578947368421052,0.75,0.001981942303457388,0.660436137071651
Sufi’nin Yolu,Kitap > İslam > Tasavvuf,İdris Şah,DESTEK YAYIN GRUBU-KAMPANYA,5 / 5 (3 oy),26.0,6.0,0,0.0,"300,00",05.07.2022,TÜRKÇE,328,Karton Kapak,13.5 x 21 cm,Kitap Kağıdı,46.0,2.0,5.0,3.0,300.0,2022.0,328.0,İslam,0,1,3,İslam,0,0,0,0,0,0,0,0,0,0,1,0.5665722379603398,0.5170068027210883,0.08981001727115716,0.01090909090909091,0.0,0.0,0.005263157894736842,1.0,0.00022021581149526536,0.09345794392523364
On Dakika,Kitap > Edebiyat > Roman (Çeviri),Chiara Gamberale,PEGASUS YAYINLARI,4 / 5 (169 oy),289.5,136.0,7,178.0,"249,00",22.02.2017,TÜRKÇE,232,Karton Kapak,13.5 x 21 cm,Kitap Kağıdı,482.5,93.0,4.0,169.0,249.0,2017.0,232.0,Edebiyat,0,1,3,Edebiyat,0,0,0,1,0,0,0,0,0,0,0,0.4509915014164305,0.35374149659863946,1.0,0.24727272727272728,0.013565891472868217,0.18677859391395593,0.24473684210526314,0.75,0.01849812816560229,0.9999999999999999
Althusser ve Yeni Marksist Toplumsal Kuram,Kitap > Felsefe-Düşünce > Diğer,Robert P. Resch,URZENİ,,30.0,1.0,0,0.0,"600,00",03.03.2023,TÜRKÇE,619,Karton Kapak,13.5 x 19.5 cm,Kitap Kağıdı,37.0,0.0,5.0,5.5,491.25,2023.0,612.0,Felsefe-Düşünce,0,1,3,Felsefe-Düşünce,0,0,0,0,1,0,0,0,0,0,0,1.0,1.0,0.10362694300518134,0.0018181818181818182,0.0,0.0,0.0,1.0,0.000495485575864347,0.07476635514018692
Aylak Sınıfın Kuramı,Kitap > Sosyoloji > Araştırma-İnceleme,Thorstein Veblen,URZENİ,5 / 5 (9 oy),237.0,12.0,1,5.0,"300,00",07.02.2022,TÜRKÇE,278,Karton Kapak,14 x 22 cm,Kitap Kağıdı,257.0,2.0,5.0,9.0,300.0,2022.0,278.0,Sosyoloji,0,1,3,Sosyoloji,0,0,0,0,0,0,0,1,0,0,0,0.5665722379603398,0.43197278911564624,0.8186528497409326,0.02181818181818182,0.001937984496124031,0.005246589716684156,0.005263157894736842,1.0,0.0008808632459810614,0.5316718587746625
Tapu ve Anahtar,Kitap > Edebiyat > Hikaye (Yerli),Bekir Hamurcu,ARİON YAYINLARI,,3.0,0.0,0,1.0,"360,00",09.08.2025,TÜRKÇE,272,Karton Kapak,13.5 x 21 cm,Kitap Kağıdı,204.0,0.0,5.0,5.5,360.0,2025.0,272.0,Edebiyat,0,1,3,Edebiyat,0,0,0,1,0,0,0,0,0,0,0,0.7025495750708215,0.42176870748299317,0.010362694300518133,0.0,0.0,0.001049317943336831,0.0,1.0,0.000495485575864347,0.4215991692627207
Sırasına Göre Keyfim Gayfe Öte’a’nazi,Kitap > Edebiyat > Şiir (Yerli),Neslihan Yalman,EPONA KİTAP,,6.0,0.0,1,1.0,"178,00",11.02.2022,TÜRKÇE,80,Karton Kapak,12.5 x 19.5 cm,Kitap Kağıdı,172.0,0.0,5.0,5.5,178.0,2022.0,80.0,Edebiyat,0,1,3,Edebiyat,0,0,0,1,0,0,0,0,0,0,0,0.29008498583569403,0.09523809523809523,0.020725388601036267,0.0,0.001937984496124031,0.001049317943336831,0.0,1.0,0.000495485575864347,0.35514018691588783
Olağanüstü Anlar İçin Ev Yapımı Mucizeler,Kitap > Kişisel Gelişim,Bircan Yıldırım,DESTEK YAYIN GRUBU-KAMPANYA,,98.0,6.0,0,1.0,"200,00",17.05.2023,TÜRKÇE,176,Karton Kapak,13.5 x 21 cm,Kitap Kağıdı,129.0,0.0,5.0,5.5,200.0,2023.0,176.0,Kişisel Gelişim,0,1,3,Kişisel Gelişim,0,0,0,0,0,1,0,0,0,0,0,0.3399433427762039,0.2585034013605442,0.3385146804835924,0.01090909090909091,0.0,0.001049317943336831,0.0,1.0,0.000495485575864347,0.26583592938733125
Mustafa Kemal'le Sohbet,Kitap > Siyaset > Araştırma-İnceleme,Cemal Duruk,SARMAL KİTABEVİ,,11.0,0.0,0,1.0,"240,00",06.11.2020,TÜRKÇE,188,Karton Kapak,13 x 20 cm,Kitap Kağıdı,13.0,0.0,5.0,5.5,240.0,2020.0,188.0,Siyaset,0,1,3,Siyaset,0,0,0,0,0,0,1,0,0,0,0,0.4305949008498583,0.2789115646258503,0.037996545768566495,0.0,0.0,0.001049317943336831,0.0,1.0,0.000495485575864347,0.024922118380062305
İlk Acı,Kitap > Edebiyat > Diğer,Melissa P.,DESTEK YAYIN GRUBU-KAMPANYA,,24.0,0.0,0,0.0,"180,00",09.12.2020,TÜRKÇE,192,Karton Kapak,13.5 x 19.5 cm,Kitap Kağıdı,6.0,0.0,5.0,5.5,180.0,2020.0,192.0,Edebiyat,0,1,3,Edebiyat,0,0,0,1,0,0,0,0,0,0,0,0.29461756373937675,0.2857142857142857,0.08290155440414507,0.0,0.0,0.0,0.0,1.0,0.000495485575864347,0.010384215991692626
Vatan Sevdalısı Atatürk,Kitap > Tarih > Araştırma-İnceleme,Mehmet Işık,YEDİVEREN YAYIN GRUBU - KAMPANYA,,26.0,0.0,0,0.0,"224,00",19.11.2020,TÜRKÇE,304,Karton Kapak,13.5 x 19.5 cm,Kitap Kağıdı,8.0,0.0,5.0,5.5,224.0,2020.0,304.0,Tarih,0,1,3,Tarih,0,0,0,0,0,0,0,0,1,0,0,0.3943342776203965,0.4761904761904762,0.08981001727115716,0.0,0.0,0.0,0.0,1.0,0.000495485575864347,0.014537902388369679
Ne Yapmalı,Kitap > Siyaset > Aktüel Siyaset,Metin Aydoğan,SAY YAYIN GRUBU-KAMPANYA,5 / 5 (7 oy),122.0,3.0,1,4.0,"350,00",01.01.2011,TÜRKÇE,232,Karton Kapak,13.5 x 21.5 cm,Kitap Kağıdı,144.0,8.0,5.0,7.0,350.0,2011.0,232.0,Siyaset,0,1,3,Siyaset,0,0,0,0,0,0,1,0,0,0,0,0.6798866855524078,0.35374149659863946,0.42141623488773744,0.005454545454545455,0.001937984496124031,0.004197271773347324,0.021052631578947368,1.0,0.0006606474344857962,0.29698857736240913
II. Meşrutiyet ve Milli Mücadele Yıllarında Kürt-Ermeni İlişkileri,Kitap > Tarih,Bayram Ayna,URZENİ,4 / 5 (3 oy),59.0,5.0,1,3.0,"320,00",20.02.2021,TÜRKÇE,425,Karton Kapak,13 x 20 cm,Kitap Kağıdı,59.0,3.0,4.0,3.0,320.0,2021.0,425.0,Tarih,0,1,3,Tarih,0,0,0,0,0,0,0,0,1,0,0,0.6118980169971671,0.6819727891156462,0.20379965457685664,0.00909090909090909,0.001937984496124031,0.0031479538300104933,0.007894736842105263,0.75,0.00022021581149526536,0.12045690550363447
21.Yüzyılda Planlama,Kitap > Ekonomi > Araştırma-İnceleme,,NİKA YAYINEVİ,5 / 5 (6 oy),30.0,7.0,0,6.0,"250,00",14.12.2013,TÜRKÇE,384,Karton Kapak,13.5 x 19.5 cm,Kitap Kağıdı,152.0,3.0,5.0,6.0,250.0,2013.0,384.0,Ekonomi,0,1,3,Diger,0,1,0,0,0,0,0,0,0,0,0,0.45325779036827196,0.6122448979591836,0.10362694300518134,0.012727272727272728,0.0,0.0062959076600209865,0.007894736842105263,1.0,0.0005505395287381633,0.31360332294911736
Masumların Katli,Kitap > Edebiyat > Roman (Yerli),Çağlayan Babacan,MOTTO,5 / 5 (10 oy),23.0,4.0,0,5.0,"467,00",07.07.2020,TÜRKÇE,492,Karton Kapak,13.5 x 21 cm,Kitap Kağıdı,99.0,8.0,5.0,10.0,467.0,2020.0,492.0,Edebiyat,0,1,3,Edebiyat,0,0,0,1,0,0,0,0,0,0,0,0.9450424929178469,0.7959183673469387,0.07944732297063903,0.007272727272727273,0.0,0.005246589716684156,0.021052631578947368,1.0,0.000990971151728694,0.20353063343717548
Toplumsal Siyaset,Kitap > Siyaset > Siyaset Bilimi,Ayşegül Yaraman,SARMAL KİTABEVİ,5 / 5 (1 oy),13.0,0.0,0,1.0,"300,00",20.03.2024,TÜRKÇE,290,Karton Kapak,13.5 x 19.5 cm,Kitap Kağıdı,30.0,0.0,5.0,1.0,300.0,2024.0,290.0,Siyaset,0,1,3,Siyaset,0,0,0,0,0,0,1,0,0,0,0,0.5665722379603398,0.4523809523809524,0.04490500863557858,0.0,0.0,0.001049317943336831,0.0,1.0,0.0,0.060228452751817235
Ülkem ve Ben,Kitap > Siyaset > Hatıralar > Kitap > Siyaset > Bölgeler-Ülkeler,Esedullah Oğuz,TRUVA YAYINLARI,4 / 5 (13 oy),204.0,17.0,1,21.0,"275,00",20.06.2022,TÜRKÇE,328,Karton Kapak,13.5 x 21 cm,Kitap Kağıdı,381.0,6.0,4.0,13.0,275.0,2022.0,328.0,Siyaset,0,1,3,Siyaset,0,0,0,0,0,0,1,0,0,0,0,0.509915014164306,0.5170068027210883,0.7046632124352331,0.03090909090909091,0.001937984496124031,0.022035676810073453,0.015789473684210527,0.75,0.0013212948689715921,0.7892004153686396
Mutfak,Kitap > Sinema-Tiyatro > Oyun (Yerli),Murathan Mungan,METİS YAYINLARI,4 / 5 (16 oy),161.0,8.0,1,12.0,"196,00",06.12.2021,TÜRKÇE,160,Karton Kapak,12.5 x 19.5 cm,Kitap Kağıdı,139.0,7.0,4.0,16.0,196.0,2021.0,160.0,Sinema-Tiyatro,0,1,3,Diger,0,1,0,0,0,0,0,0,0,0,0,0.3308781869688385,0.2312925170068027,0.5561312607944732,0.014545454545454545,0.001937984496124031,0.012591815320041973,0.018421052631578946,0.75,0.0016516185862144902,0.28660436137071654
Günaydın Deme Sanatı,Kitap > Kişisel Gelişim,Akgün Akova,DESTEK YAYIN GRUBU-KAMPANYA,5 / 5 (1 oy),37.0,1.0,0,1.0,"280,00",30.07.2021,TÜRKÇE,232,Karton Kapak,13.5 x 19.5 cm,Kitap Kağıdı,11.0,1.0,5.0,1.0,280.0,2021.0,232.0,Kişisel Gelişim,0,1,3,Kişisel Gelişim,0,0,0,0,0,1,0,0,0,0,0,0.5212464589235127,0.35374149659863946,0.12780656303972365,0.0018181818181818182,0.0,0.001049317943336831,0.002631578947368421,1.0,0.0,0.020768431983385256
Dört Dilli Zaza Eremedi PivazaMisto'nun Hikayesi,Kitap > Edebiyat > Roman (Yerli),Hasan Sönmez,SARMAL KİTABEVİ,5 / 5 (1 oy),10.0,0.0,0,2.0,"250,00",01.11.2022,TÜRKÇE,265,Karton Kapak,13.5 x 19.5 cm,Kitap Kağıdı,32.0,0.0,5.0,1.0,250.0,2022.0,265.0,Edebiyat,0,1,3,Edebiyat,0,0,0,1,0,0,0,0,0,0,0,0.45325779036827196,0.4098639455782313,0.03454231433506045,0.0,0.0,0.002098635886673662,0.0,1.0,0.0,0.06438213914849429
Sporun DNA Kodları,Kitap > Sağlık-Tıp > Diğer,Gökhan Yılmaz,SİYAH KUĞU KAMPANYA,4 / 5 (5 oy),50.0,7.0,0,2.0,"100,00",03.03.2019,TÜRKÇE,152,Karton Kapak,13.5 x 21 cm,Kitap Kağıdı,113.0,2.0,4.0,5.0,100.0,2019.0,152.0,Sağlık-Tıp,0,1,3,Diger,0,1,0,0,0,0,0,0,0,0,0,0.11331444759206798,0.217687074829932,0.17271157167530224,0.012727272727272728,0.0,0.002098635886673662,0.005263157894736842,0.75,0.00044043162299053066,0.23260643821391483
Uzun YolSeferberlik Anıları,Kitap > Edebiyat > Anı (Hatırat),İsmail Metin,URZENİ,,4.0,0.0,0,1.0,"450,00",24.08.2023,TÜRKÇE,462,Karton Kapak,14 x 22 cm,Kitap Kağıdı,8.0,0.0,5.0,5.5,450.0,2023.0,462.0,Edebiyat,0,1,3,Edebiyat,0,0,0,1,0,0,0,0,0,0,0,0.9065155807365439,0.7448979591836734,0.013816925734024179,0.0,0.0,0.001049317943336831,0.0,1.0,0.000495485575864347,0.014537902388369679
Hüznün Gölgesinde Aşk,Kitap > Edebiyat > Roman (Çeviri) > Kitap > Orijinal Dil > İngilizce,Susan Mallery,PEGASUS YAYINLARI,5 / 5 (31 oy),202.0,9.0,0,39.0,"299,00",31.10.2013,TÜRKÇE,336,Karton Kapak,13.5 x 21 cm,Kitap Kağıdı,228.0,12.0,5.0,31.0,299.0,2013.0,336.0,Edebiyat,0,1,3,Edebiyat,0,0,0,1,0,0,0,0,0,0,0,0.5643059490084985,0.5306122448979591,0.697754749568221,0.016363636363636365,0.0,0.040923399790136414,0.031578947368421054,1.0,0.0033032371724289805,0.4714434060228453
Olumlu Düşünce El Kitabı,Kitap > Kişisel Gelişim,Dr. Şahika Erer,URZENİ,5 / 5 (1 oy),36.0,1.0,0,1.0,"200,00",29.06.2021,TÜRKÇE,132,Karton Kapak,13.5 x 21 cm,Kitap Kağıdı,63.0,1.0,5.0,1.0,200.0,2021.0,132.0,Kişisel Gelişim,0,1,3,Kişisel Gelişim,0,0,0,0,0,1,0,0,0,0,0,0.3399433427762039,0.1836734693877551,0.12435233160621761,0.0018181818181818182,0.0,0.001049317943336831,0.002631578947368421,1.0,0.0,0.12876427829698855
Rüya Depremi / Rüya Avcısı 2. Kitap,Kitap > Diğer > Gençlik Kitapları > Edebiyat > Kitap > Orijinal Dil > İngilizce,Elizabeth Knox,PEGASUS YAYINLARI,5 / 5 (1 oy),58.0,3.0,0,4.0,"299,00",21.08.2014,TÜRKÇE,448,Karton Kapak,13.5 x 21 cm,Kitap Kağıdı,3.0,1.0,5.0,1.0,299.0,2014.0,448.0,Diğer,0,1,3,Diğer,0,0,1,0,0,0,0,0,0,0,0,0.5643059490084985,0.7210884353741496,0.2003454231433506,0.005454545454545455,0.0,0.004197271773347324,0.002631578947368421,1.0,0.0,0.004153686396677051
Tutsak Yüreğim,Kitap > Edebiyat > Roman (Çeviri) > Kitap > Orijinal Dil > İngilizce,Susan Wiggs,PEGASUS YAYINLARI,4 / 5 (22 oy),289.5,9.0,0,30.0,"299,00",16.08.2011,TÜRKÇE,424,Karton Kapak,13.5 x 21 cm,Kitap Kağıdı,295.0,19.0,4.0,22.0,299.0,2011.0,424.0,Edebiyat,0,1,3,Edebiyat,0,0,0,1,0,0,0,0,0,0,0,0.5643059490084985,0.6802721088435374,1.0,0.016363636363636365,0.0,0.031479538300104935,0.049999999999999996,0.75,0.0023122660207002864,0.6105919003115264
Erich Fromm’un Önemi,Kitap > Psikoloji > İnceleme,Rainer Funk,SAY YAYIN GRUBU-KAMPANYA,5 / 5 (3 oy),91.0,4.0,0,4.0,"200,00",02.01.2024,TÜRKÇE,104,Karton Kapak,13.5 x 21 cm,Kitap Kağıdı,59.0,1.0,5.0,3.0,200.0,2024.0,104.0,Psikoloji,0,1,3,Diger,0,1,0,0,0,0,0,0,0,0,0,0.3399433427762039,0.1360544217687075,0.3143350604490501,0.007272727272727273,0.0,0.004197271773347324,0.002631578947368421,1.0,0.00022021581149526536,0.12045690550363447
Tüm Yönleriyle Burçlar,Kitap > Diğer > Astroloji,Nil Peri Gökçe,SİS YAYINCILIK,5 / 5 (3 oy),31.0,2.0,1,4.0,"300,00",07.07.2025,TÜRKÇE,318,Karton Kapak,13.5 x 19.5 cm,Kitap Kağıdı,42.0,3.0,5.0,3.0,300.0,2025.0,318.0,Diğer,0,1,3,Diğer,0,0,1,0,0,0,0,0,0,0,0,0.5665722379603398,0.49999999999999994,0.1070811744386874,0.0036363636363636364,0.001937984496124031,0.004197271773347324,0.007894736842105263,1.0,0.00022021581149526536,0.08515057113187954
Bir Aşk Sayfası,Kitap > Edebiyat > Roman (Çeviri),Emile Zola,İSKELE YAYINCILIK,4 / 5 (41 oy),289.5,38.0,7,57.0,"155,00",31.07.2005,TÜRKÇE,318,Karton Kapak,13.5 x 19.5 cm,Kitap Kağıdı,482.5,27.0,4.0,41.0,155.0,2005.0,318.0,Edebiyat,0,1,3,Edebiyat,0,0,0,1,0,0,0,0,0,0,0,0.23796033994334276,0.49999999999999994,1.0,0.06909090909090909,0.013565891472868217,0.05981112277019937,0.07105263157894737,0.75,0.004404316229905307,0.9999999999999999
Müşfikti Gece,Kitap > Edebiyat > Roman (Çeviri) > Kitap > Orijinal Dil > İngilizce,F. Scott Fitzgerald,BİLGE KÜLTÜR SANAT,4 / 5 (26 oy),289.5,29.0,2,16.0,"320,00",05.04.2010,TÜRKÇE,352,Karton Kapak,13.5 x 21.5 cm,Kitap Kağıdı,351.0,11.0,4.0,26.0,320.0,2010.0,352.0,Edebiyat,0,1,3,Edebiyat,0,0,0,1,0,0,0,0,0,0,0,0.6118980169971671,0.5578231292517006,1.0,0.05272727272727273,0.003875968992248062,0.016789087093389297,0.02894736842105263,0.75,0.002752697643690817,0.7268951194184838
Büyük Aptallıklar KitabıTarihe Geçmiş En Büyük Fiyaskolar,Kitap > Kültür > Popüler Kültür,Ken Lytle,SAY YAYIN GRUBU-KAMPANYA,4 / 5 (10 oy),193.0,4.0,0,3.0,"300,00",01.02.2012,TÜRKÇE,240,Karton Kapak,11.5 x 21 cm,Kitap Kağıdı,104.0,5.0,4.0,10.0,300.0,2012.0,240.0,Kültür,0,1,3,Diger,0,1,0,0,0,0,0,0,0,0,0,0.5665722379603398,0.3673469387755102,0.6666666666666666,0.007272727272727273,0.0,0.0031479538300104933,0.013157894736842105,0.75,0.000990971151728694,0.2139148494288681
Kırk Hikaye Bir Efsane Anadolu,Kitap > Kültür > Genel,40'lar Kulübü,40'LAR KULÜBÜ,5 / 5 (3 oy),25.0,2.0,0,3.0,"149,00",27.10.2015,TÜRKÇE,191,Karton Kapak,13.5 x 21 cm,Kitap Kağıdı,28.0,2.0,5.0,3.0,149.0,2015.0,191.0,Kültür,0,1,3,Diger,0,1,0,0,0,0,0,0,0,0,0,0.2243626062322946,0.28401360544217685,0.08635578583765112,0.0036363636363636364,0.0,0.0031479538300104933,0.005263157894736842,1.0,0.00022021581149526536,0.056074766355140186
Deprem ve Toplumsal Hayat,Kitap > Sosyoloji > Araştırma-İnceleme,Dolunay Şenol,NET KİTAPLIK YAYINCILIK,,13.0,0.0,0,0.0,"750,00",05.06.2023,TÜRKÇE,496,Karton Kapak,13 x 20 cm,Kitap Kağıdı,16.0,0.0,5.0,5.5,491.25,2023.0,496.0,Sosyoloji,0,1,3,Sosyoloji,0,0,0,0,0,0,0,1,0,0,0,1.0,0.802721088435374,0.04490500863557858,0.0,0.0,0.0,0.0,1.0,0.000495485575864347,0.03115264797507788
Bugünün Diliyle Mevlana,Kitap > Edebiyat > İnceleme > Kitap > Edebiyat > Doğu Klasikleri,,SAY YAYIN GRUBU-KAMPANYA,4 / 5 (8 oy),76.0,3.0,0,3.0,"200,00",01.10.2010,TÜRKÇE,160,Karton Kapak,13.5 x 19.5 cm,Kitap Kağıdı,92.0,5.0,4.0,8.0,200.0,2010.0,160.0,Edebiyat,0,1,3,Edebiyat,0,0,0,1,0,0,0,0,0,0,0,0.3399433427762039,0.2312925170068027,0.2625215889464594,0.005454545454545455,0.0,0.0031479538300104933,0.013157894736842105,0.75,0.0007707553402334288,0.1889927310488058
Bilgi Burjuvazisi / Bilginin Ekonomi Politiği Üzerine Bir Deneme,Kitap > Sosyoloji > Araştırma-İnceleme,Ali Necip Kartal Gülbahar,NİKA YAYINEVİ,4 / 5 (12 oy),32.0,8.0,4,3.0,"200,00",01.09.2018,TÜRKÇE,168,Karton Kapak,13.5 x 19.5 cm,Kitap Kağıdı,108.0,3.0,4.0,12.0,200.0,2018.0,168.0,Sosyoloji,0,1,3,Sosyoloji,0,0,0,0,0,0,0,1,0,0,0,0.3399433427762039,0.24489795918367346,0.11053540587219343,0.014545454545454545,0.007751937984496124,0.0031479538300104933,0.007894736842105263,0.75,0.0012111869632239595,0.2222222222222222
Mezarın Ötesindeki Eller,Kitap > Edebiyat > Polisiye,Henry Treat Sperry,KUMRAN YAYINLARI,,9.0,2.0,0,0.0,"290,00",26.08.2024,TÜRKÇE,240,Karton Kapak,12.5 x 19.5 cm,Kitap Kağıdı,5.0,0.0,5.0,5.5,290.0,2024.0,240.0,Edebiyat,0,1,3,Edebiyat,0,0,0,1,0,0,0,0,0,0,0,0.5439093484419263,0.3673469387755102,0.031088082901554404,0.0036363636363636364,0.0,0.0,0.0,1.0,0.000495485575864347,0.008307372793354102
Akademik Bakışla Beşiktaş Jk,Kitap > Spor > Futbol,,URZENİ,,40.0,2.0,0,0.0,"200,00",19.12.2023,TÜRKÇE,228,Karton Kapak,13.5 x 19.5 cm,Kitap Kağıdı,90.0,0.0,5.0,5.5,200.0,2023.0,228.0,Spor,0,1,3,Diger,0,1,0,0,0,0,0,0,0,0,0,0.3399433427762039,0.3469387755102041,0.1381692573402418,0.0036363636363636364,0.0,0.0,0.0,1.0,0.000495485575864347,0.18483904465212875
Batı Anadolu’da Ermeniler19. Yüzyıl Seyyahlarının Gözünden,Kitap > Tarih > Siyasal Tarih,Cengiz  Ergün,LEJAND,5 / 5 (3 oy),57.0,3.0,0,1.0,"215,00",19.08.2021,TÜRKÇE,224,Karton Kapak,13 x 19.5 cm,Kitap Kağıdı,131.0,1.0,5.0,3.0,215.0,2021.0,224.0,Tarih,0,1,3,Tarih,0,0,0,0,0,0,0,0,1,0,0,0.3739376770538243,0.3401360544217687,0.19689119170984454,0.005454545454545455,0.0,0.001049317943336831,0.002631578947368421,1.0,0.00022021581149526536,0.2699896157840083
Köpek Bisiklet Çalmamalı / Jeremy James'in Maceraları 8,"Kitap > Çocuk Kitapları > 6-12 Yaş > Hikaye, Roman & Masal > Kitap > Orijinal Dil > İngilizce",David Henry Wilson,İLETİŞİM YAYINLARI KAMPANYA,5 / 5 (7 oy),51.0,4.0,1,7.0,"80,00",25.04.2007,TÜRKÇE,107,Karton Kapak,13.5 x 19.5 cm,Kitap Kağıdı,280.0,3.0,5.0,7.0,80.0,2007.0,107.0,Çocuk Kitapları,0,1,3,Çocuk Kitapları,0,0,0,0,0,0,0,0,0,1,0,0.06798866855524079,0.141156462585034,0.17616580310880828,0.007272727272727273,0.001937984496124031,0.007345225603357817,0.007894736842105263,1.0,0.0006606474344857962,0.5794392523364486
Küçük Mucit Muço Yaşasın Cumhuriyet 100 Yaşında!,Kitap > Çocuk Kitapları > Diğer,Pelin Gezeryel,LOTİ KİTAP,,3.0,1.0,0,0.0,"118,00",24.04.2024,TÜRKÇE,96,Karton Kapak,13.5 x 19.5 cm,Kitap Kağıdı,482.5,0.0,5.0,5.5,118.0,2024.0,96.0,Çocuk Kitapları,0,1,3,Çocuk Kitapları,0,0,0,0,0,0,0,0,0,1,0,0.15410764872521243,0.12244897959183673,0.010362694300518133,0.0018181818181818182,0.0,0.0,0.0,1.0,0.000495485575864347,0.9999999999999999
Ve Şarkılar Mazide Kalır,Kitap > Edebiyat > Roman (Yerli),M. Dilek Kızmaz,FİHRİST KİTAP,4 / 5 (2 oy),20.0,2.0,0,1.0,"474,50",13.02.2023,TÜRKÇE,362,Karton Kapak,13 x 19.5 cm,Kitap Kağıdı,48.0,1.0,4.0,2.0,474.5,2023.0,362.0,Edebiyat,0,1,3,Edebiyat,0,0,0,1,0,0,0,0,0,0,0,0.9620396600566572,0.5748299319727891,0.0690846286701209,0.0036363636363636364,0.0,0.001049317943336831,0.002631578947368421,0.75,0.00011010790574763268,0.0976116303219107
İçsavaş,Kitap > Tarih > Dünya > Kitap > Tarih > Çağlar-Dönemler,Gaius Julius Caesar,SAY YAYIN GRUBU-KAMPANYA,4 / 5 (20 oy),280.0,18.0,2,16.0,"200,00",05.09.2016,TÜRKÇE,192,Karton Kapak,13.5 x 21 cm,Kitap Kağıdı,226.0,7.0,4.0,20.0,200.0,2016.0,192.0,Tarih,0,1,3,Tarih,0,0,0,0,0,0,0,0,1,0,0,0.3399433427762039,0.2857142857142857,0.9671848013816925,0.03272727272727273,0.003875968992248062,0.016789087093389297,0.018421052631578946,0.75,0.0020920502092050207,0.4672897196261682
"Nuri PakdilHayatı, Edebiyatı ve Eylemiyle",Kitap > Edebiyat > İnceleme,Murat Turna,LEJAND,5 / 5 (3 oy),85.0,3.0,1,3.0,"550,00",25.02.2021,TÜRKÇE,670,Karton Kapak,13 x 19.5 cm,Kitap Kağıdı,137.0,1.0,5.0,3.0,491.25,2021.0,612.0,Edebiyat,0,1,3,Edebiyat,0,0,0,1,0,0,0,0,0,0,0,1.0,1.0,0.2936096718480138,0.005454545454545455,0.001937984496124031,0.0031479538300104933,0.002631578947368421,1.0,0.00022021581149526536,0.2824506749740395
Skandal Aşıklar,Kitap > Edebiyat > Roman (Çeviri) > Kitap > Orijinal Dil > İngilizce,Sophie Jordan,PEGASUS YAYINLARI,4 / 5 (34 oy),110.0,9.0,0,35.0,"269,00",24.03.2015,TÜRKÇE,320,Karton Kapak,13.5 x 21 cm,Kitap Kağıdı,299.0,8.0,4.0,34.0,269.0,2015.0,320.0,Edebiyat,0,1,3,Edebiyat,0,0,0,1,0,0,0,0,0,0,0,0.49631728045325774,0.5034013605442176,0.3799654576856649,0.016363636363636365,0.0,0.03672612801678909,0.021052631578947368,0.75,0.0036335608896718784,0.6188992731048806
Einstein'ın Canavarları,Kitap > Bilim & Mühendislik > Popüler Bilim,Chris Impey,SAY YAYIN GRUBU-KAMPANYA,5 / 5 (5 oy),87.0,3.0,1,3.0,"450,00",03.02.2020,TÜRKÇE,360,Karton Kapak,13.5 x 21 cm,Kitap Kağıdı,53.0,0.0,5.0,5.0,450.0,2020.0,360.0,Bilim & Mühendislik,0,1,3,Bilim & Mühendislik,1,0,0,0,0,0,0,0,0,0,0,0.9065155807365439,0.5714285714285714,0.3005181347150259,0.005454545454545455,0.001937984496124031,0.0031479538300104933,0.0,1.0,0.00044043162299053066,0.10799584631360333
Kadınlar İçin MachiavelliErkek Egemen Bir Dünyada Gücü Yeniden Kazanmak,Kitap > Kadın-Erkek > Kadın Kitapları,Stacey Vanek Smith,DESTEK YAYIN GRUBU-KAMPANYA,5 / 5 (1 oy),11.0,0.0,0,0.0,"340,00",05.01.2023,TÜRKÇE,344,Karton Kapak,13.5 x 21 cm,Kitap Kağıdı,6.0,0.0,5.0,1.0,340.0,2023.0,344.0,Kadın-Erkek,0,1,3,Diger,0,1,0,0,0,0,0,0,0,0,0,0.6572237960339943,0.5442176870748299,0.037996545768566495,0.0,0.0,0.0,0.0,1.0,0.0,0.010384215991692626
Limen: İnsan ve Eşik,Kitap > Felsefe-Düşünce > Diğer,Efe Baştürk,LEJAND,5 / 5 (1 oy),20.0,2.0,1,1.0,"140,00",08.09.2023,TÜRKÇE,122,Karton Kapak,13 x 19.5 cm,Kitap Kağıdı,80.0,0.0,5.0,1.0,140.0,2023.0,122.0,Felsefe-Düşünce,0,1,3,Felsefe-Düşünce,0,0,0,0,1,0,0,0,0,0,0,0.20396600566572237,0.16666666666666666,0.0690846286701209,0.0036363636363636364,0.001937984496124031,0.001049317943336831,0.0,1.0,0.0,0.16407061266874348
Armoni İpek Fabrikası,Kitap > Edebiyat > Roman (Çeviri),Tash Aw,SAY YAYIN GRUBU-KAMPANYA,4 / 5 (2 oy),52.0,1.0,1,1.0,"300,00",15.08.2008,TÜRKÇE,296,Karton Kapak,13.5 x 21 cm,Kitap Kağıdı,40.0,0.0,4.0,2.0,300.0,2008.0,296.0,Edebiyat,0,1,3,Edebiyat,0,0,0,1,0,0,0,0,0,0,0,0.5665722379603398,0.46258503401360546,0.17962003454231432,0.0018181818181818182,0.001937984496124031,0.001049317943336831,0.0,0.75,0.00011010790574763268,0.08099688473520249
Çocuklar için Uygulamalarla Arduino,Kitap > Bilgisayar > Program Eğitimi,Bülent Çobanoğlu,ABAKÜS KİTAP - KAMPANYA,4 / 5 (1 oy),63.0,3.0,0,4.0,"280,00",22.11.2017,TÜRKÇE,184,Karton Kapak,22 x 22 cm,Kitap Kağıdı,95.0,1.0,4.0,1.0,280.0,2017.0,184.0,Bilgisayar,0,1,3,Diger,0,1,0,0,0,0,0,0,0,0,0,0.5212464589235127,0.272108843537415,0.21761658031088082,0.005454545454545455,0.0,0.004197271773347324,0.002631578947368421,0.75,0.0,0.19522326064382137
Türk Adının Anlamı ve Türklerin Menşei,Kitap > Tarih > Araştırma-İnceleme,Engin Öztürk,URZENİ,5 / 5 (13 oy),52.0,3.0,0,3.0,"170,00",13.01.2023,TÜRKÇE,84,Karton Kapak,13.5 x 21 cm,Kitap Kağıdı,73.0,10.0,5.0,13.0,170.0,2023.0,84.0,Tarih,0,1,3,Tarih,0,0,0,0,0,0,0,0,1,0,0,0.27195467422096314,0.10204081632653061,0.17962003454231432,0.005454545454545455,0.0,0.0031479538300104933,0.02631578947368421,1.0,0.0013212948689715921,0.14953271028037382
Vulkan'ın Yaratılışı,Kitap > Edebiyat > Roman (Çeviri),Jack du Brul,BİLGE KÜLTÜR SANAT,4 / 5 (10 oy),44.0,9.0,0,7.0,"285,00",03.11.2009,TÜRKÇE,336,Karton Kapak,13.5 x 21.5 cm,Kitap Kağıdı,83.0,7.0,4.0,10.0,285.0,2009.0,336.0,Edebiyat,0,1,3,Edebiyat,0,0,0,1,0,0,0,0,0,0,0,0.5325779036827195,0.5306122448979591,0.15198618307426598,0.016363636363636365,0.0,0.007345225603357817,0.018421052631578946,0.75,0.000990971151728694,0.17030114226375906
FanatizmBir Fikrin Kullanımları Üzerine,Kitap > Sosyoloji > Araştırma-İnceleme > Kitap > Felsefe-Düşünce > Genel,Alberto Toscano,METİS YAYINLARI,4 / 5 (9 oy),286.0,15.0,1,1.0,"324,00",02.11.2013,TÜRKÇE,312,Karton Kapak,13 x 19.5 cm,Kitap Kağıdı,189.0,2.0,4.0,9.0,324.0,2013.0,312.0,Sosyoloji,0,1,3,Sosyoloji,0,0,0,0,0,0,0,1,0,0,0,0.6209631728045325,0.489795918367347,0.9879101899827288,0.02727272727272727,0.001937984496124031,0.001049317943336831,0.005263157894736842,0.75,0.0008808632459810614,0.3904465212876428
"Başardım, Çünkü...",Kitap > Kişisel Gelişim,Timuçin Fındık,SAY YAYIN GRUBU-KAMPANYA,1 / 5 (1 oy),10.0,0.0,0,0.0,"200,00",08.01.2013,TÜRKÇE,312,Karton Kapak,13.5 x 21 cm,Kitap Kağıdı,15.0,1.0,1.0,1.0,200.0,2013.0,312.0,Kişisel Gelişim,0,1,3,Kişisel Gelişim,0,0,0,0,0,1,0,0,0,0,0,0.3399433427762039,0.489795918367347,0.03454231433506045,0.0,0.0,0.0,0.002631578947368421,0.0,0.0,0.029075804776739357
Ben Kazanmadan Bitmez,Kitap > Kişisel Gelişim,Bircan Yıldırım,DESTEK YAYIN GRUBU-KAMPANYA,5 / 5 (5 oy),1.231,76.0,10,44.0,"260,00",27.05.2020,TÜRKÇE,240,Karton Kapak,13.5 x 21 cm,Kitap Kağıdı,383.0,4.0,5.0,5.0,260.0,2020.0,240.0,Kişisel Gelişim,0,1,3,Kişisel Gelişim,0,0,0,0,0,1,0,0,0,0,0,0.4759206798866855,0.3673469387755102,0.004252158894645941,0.13818181818181818,0.01937984496124031,0.046169989506820566,0.010526315789473684,1.0,0.00044043162299053066,0.7933541017653166
Sebebi Sende Gizli,Kitap > Kişisel Gelişim,Türkân Bayraktar Uzun,DESTEK YAYIN GRUBU-KAMPANYA,,5.0,0.0,0,0.0,"360,00",12.09.2023,TÜRKÇE,392,Karton Kapak,13.5 x 21 cm,Kitap Kağıdı,4.0,0.0,5.0,5.5,360.0,2023.0,392.0,Kişisel Gelişim,0,1,3,Kişisel Gelişim,0,0,0,0,0,1,0,0,0,0,0,0.7025495750708215,0.6258503401360543,0.017271157167530225,0.0,0.0,0.0,0.0,1.0,0.000495485575864347,0.006230529595015576
Altın Çağ,Kitap > Edebiyat > Roman (Çeviri),Tahmima Anam,BİLGE KÜLTÜR SANAT,5 / 5 (4 oy),61.0,3.0,1,8.0,"250,00",06.10.2009,TÜRKÇE,304,Karton Kapak,13.5 x 21.5 cm,Kitap Kağıdı,67.0,1.0,5.0,4.0,250.0,2009.0,304.0,Edebiyat,0,1,3,Edebiyat,0,0,0,1,0,0,0,0,0,0,0,0.45325779036827196,0.4761904761904762,0.21070811744386872,0.005454545454545455,0.001937984496124031,0.008394543546694649,0.002631578947368421,1.0,0.00033032371724289804,0.13707165109034267
Güzelliğin Yol Haritası,Kitap > Kadın-Erkek > Güzellik-Bakım,Oya Arı,BİLGE KÜLTÜR SANAT,5 / 5 (1 oy),25.0,1.0,0,1.0,"340,00",21.05.2007,TÜRKÇE,264,Karton Kapak,22.5 x 24 cm,Kitap Kağıdı,27.0,0.0,5.0,1.0,340.0,2007.0,264.0,Kadın-Erkek,0,1,3,Diger,0,1,0,0,0,0,0,0,0,0,0,0.6572237960339943,0.40816326530612246,0.08635578583765112,0.0018181818181818182,0.0,0.001049317943336831,0.0,1.0,0.0,0.05399792315680166
Geleceğin CumhuriyetiSosyalizm Gerçeği,Kitap > Edebiyat > Bilimkurgu-Fantazya,Anna Bowman Dodd,FİHRİST KİTAP,5 / 5 (7 oy),65.0,4.0,1,6.0,"134,50",10.08.2021,TÜRKÇE,72,Karton Kapak,13 x 19.5 cm,Kitap Kağıdı,156.0,4.0,5.0,7.0,134.5,2021.0,72.0,Edebiyat,0,1,3,Edebiyat,0,0,0,1,0,0,0,0,0,0,0,0.19150141643059487,0.0816326530612245,0.2245250431778929,0.007272727272727273,0.001937984496124031,0.0062959076600209865,0.010526315789473684,1.0,0.0006606474344857962,0.32191069574247144
Soğuk Savaş Sonrası Çin-Hindistan İlişkileri,Kitap > Siyaset,Nezir Oğuş,URZENİ,5 / 5 (1 oy),53.0,4.0,0,1.0,"270,00",20.02.2021,TÜRKÇE,262,Karton Kapak,13 x 20 cm,Kitap Kağıdı,60.0,1.0,5.0,1.0,270.0,2021.0,262.0,Siyaset,0,1,3,Siyaset,0,0,0,0,0,0,1,0,0,0,0,0.49858356940509907,0.40476190476190477,0.18307426597582038,0.007272727272727273,0.0,0.001049317943336831,0.002631578947368421,1.0,0.0,0.122533748701973
Modern İbrani Edebiyatı Tarihi,Kitap > Edebiyat > İnceleme,Gerşon Şaked,SİYASAL YAYIN GRUBU - KAMPANYA,4 / 5 (3 oy),59.0,4.0,0,0.0,"360,00",11.05.2007,TÜRKÇE,310,Karton Kapak,14 x 21.5 cm,Kitap Kağıdı,52.0,0.0,4.0,3.0,360.0,2007.0,310.0,Edebiyat,0,1,3,Edebiyat,0,0,0,1,0,0,0,0,0,0,0,0.7025495750708215,0.4863945578231293,0.20379965457685664,0.007272727272727273,0.0,0.0,0.0,0.75,0.00022021581149526536,0.1059190031152648
Aşk Esiri,Kitap > Edebiyat > Roman (Çeviri),Kathryn Caskie,PEGASUS YAYINLARI,4 / 5 (23 oy),151.0,7.0,0,22.0,"249,00",23.09.2014,TÜRKÇE,272,Karton Kapak,13.5 x 21 cm,Kitap Kağıdı,180.0,2.0,4.0,23.0,249.0,2014.0,272.0,Edebiyat,0,1,3,Edebiyat,0,0,0,1,0,0,0,0,0,0,0,0.4509915014164305,0.42176870748299317,0.5215889464594128,0.012727272727272728,0.0,0.023084994753410283,0.005263157894736842,0.75,0.002422373926447919,0.37175493250259606
Hadisin Anlaşılmasında Arka Plan Bilgisi,Kitap > İslam > Araştırma-İnceleme,Hayati Yılmaz,MOTTO,5 / 5 (2 oy),33.0,5.0,0,4.0,"322,00",05.02.2025,TÜRKÇE,188,Karton Kapak,13.5 x 21 cm,Kitap Kağıdı,187.0,1.0,5.0,2.0,322.0,2025.0,188.0,İslam,0,1,3,İslam,0,0,0,0,0,0,0,0,0,0,1,0.6164305949008498,0.2789115646258503,0.11398963730569947,0.00909090909090909,0.0,0.004197271773347324,0.002631578947368421,1.0,0.00011010790574763268,0.3862928348909657
İslamcı Akımlar,Kitap > İslam > Araştırma-İnceleme,Beşir Musa Nafi,YARIN YAYINCILIK,5 / 5 (4 oy),174.0,11.0,0,3.0,"210,00",14.10.2020,TÜRKÇE,328,Karton Kapak,13.5 x 21 cm,Kitap Kağıdı,151.0,2.0,5.0,4.0,210.0,2020.0,328.0,İslam,0,1,3,İslam,0,0,0,0,0,0,0,0,0,0,1,0.3626062322946175,0.5170068027210883,0.6010362694300518,0.02,0.0,0.0031479538300104933,0.005263157894736842,1.0,0.00033032371724289804,0.31152647975077885
Sessiz Tanık,Kitap > Edebiyat > Roman (Yerli),Orhan T. Özdemir,SARMAL KİTABEVİ,,3.0,0.0,0,0.0,"270,00",11.01.2022,TÜRKÇE,278,Karton Kapak,13.5 x 21 cm,Kitap Kağıdı,6.0,0.0,5.0,5.5,270.0,2022.0,278.0,Edebiyat,0,1,3,Edebiyat,0,0,0,1,0,0,0,0,0,0,0,0.49858356940509907,0.43197278911564624,0.010362694300518133,0.0,0.0,0.0,0.0,1.0,0.000495485575864347,0.010384215991692626
Simyacı Romanındaki Gizemli Mesajların Analizi,Kitap > Edebiyat > Eleştiri,Ersin Özdil,SARMAL KİTABEVİ,5 / 5 (3 oy),66.0,7.0,0,2.0,"240,00",06.11.2020,TÜRKÇE,138,Karton Kapak,13 x 20 cm,Kitap Kağıdı,93.0,0.0,5.0,3.0,240.0,2020.0,138.0,Edebiyat,0,1,3,Edebiyat,0,0,0,1,0,0,0,0,0,0,0,0.4305949008498583,0.19387755102040816,0.22797927461139894,0.012727272727272728,0.0,0.002098635886673662,0.0,1.0,0.00022021581149526536,0.19106957424714432
Beş Çember Kitabı,Kitap > Kişisel Gelişim,Miyamoto Musashi,URZENİ,5 / 5 (3 oy),241.0,14.0,0,12.0,"150,00",27.09.2023,TÜRKÇE,82,Karton Kapak,11 x 17 cm,Kitap Kağıdı,395.0,2.0,5.0,3.0,150.0,2023.0,82.0,Kişisel Gelişim,0,1,3,Kişisel Gelişim,0,0,0,0,0,1,0,0,0,0,0,0.22662889518413593,0.09863945578231292,0.8324697754749568,0.025454545454545455,0.0,0.012591815320041973,0.005263157894736842,1.0,0.00022021581149526536,0.8182762201453789
Bilim Savaşları,Kitap > Felsefe-Düşünce > Felsefe Bilimi,Ömer Faik Anlı,SİYASAL YAYIN GRUBU - KAMPANYA,5 / 5 (13 oy),126.0,11.0,1,9.0,"550,00",23.11.2016,TÜRKÇE,643,Karton Kapak,13.5 x 19.5 cm,Kitap Kağıdı,133.0,4.0,5.0,13.0,491.25,2016.0,612.0,Felsefe-Düşünce,0,1,3,Felsefe-Düşünce,0,0,0,0,1,0,0,0,0,0,0,1.0,1.0,0.43523316062176165,0.02,0.001937984496124031,0.00944386149003148,0.010526315789473684,1.0,0.0013212948689715921,0.2741433021806854
Yeni AmazonyaGelecekten Bir Kesit,Kitap > Edebiyat > Roman (Çeviri),Elizabeth Burgoyne Corbett,DEDALUS KİTAP,5 / 5 (4 oy),49.0,5.0,1,2.0,"160,00",14.06.2021,TÜRKÇE,156,Karton Kapak,13 x 20 cm,Kitap Kağıdı,166.0,1.0,5.0,4.0,160.0,2021.0,156.0,Edebiyat,0,1,3,Edebiyat,0,0,0,1,0,0,0,0,0,0,0,0.24929178470254953,0.22448979591836737,0.1692573402417962,0.00909090909090909,0.001937984496124031,0.002098635886673662,0.002631578947368421,1.0,0.00033032371724289804,0.3426791277258567
Kozmik Hologram,Kitap > Psikoloji > İnceleme,Dr. Jude Currivan,SAY YAYIN GRUBU-KAMPANYA,4 / 5 (5 oy),93.0,6.0,0,1.0,"350,00",18.09.2018,TÜRKÇE,304,Karton Kapak,13.5 x 21 cm,Kitap Kağıdı,91.0,1.0,4.0,5.0,350.0,2018.0,304.0,Psikoloji,0,1,3,Diger,0,1,0,0,0,0,0,0,0,0,0,0.6798866855524078,0.4761904761904762,0.32124352331606215,0.01090909090909091,0.0,0.001049317943336831,0.002631578947368421,0.75,0.00044043162299053066,0.18691588785046728
Kapital'in Ötesi,Kitap > Ekonomi > Doktrinler,Michael A. Lebowitz,SİYASAL YAYIN GRUBU - KAMPANYA,4 / 5 (6 oy),97.0,3.0,0,1.0,"360,00",09.08.2006,TÜRKÇE,317,Karton Kapak,13.5 x 19.5 cm,Kitap Kağıdı,65.0,1.0,4.0,6.0,360.0,2006.0,317.0,Ekonomi,0,1,3,Diger,0,1,0,0,0,0,0,0,0,0,0,0.7025495750708215,0.49829931972789115,0.33506044905008636,0.005454545454545455,0.0,0.001049317943336831,0.002631578947368421,0.75,0.0005505395287381633,0.13291796469366562
İslam ve SınıfAlternatif Mücadele Pratikleri,Kitap > İslam > Kültür,Şennur Özdemir,NİKA YAYINEVİ,5 / 5 (14 oy),45.0,13.0,1,9.0,"390,00",01.11.2021,TÜRKÇE,504,Karton Kapak,13.5 x 19.5 cm,Kitap Kağıdı,142.0,4.0,5.0,14.0,390.0,2021.0,504.0,İslam,0,1,3,İslam,0,0,0,0,0,0,0,0,0,0,1,0.7705382436260623,0.8163265306122448,0.15544041450777202,0.023636363636363636,0.001937984496124031,0.00944386149003148,0.010526315789473684,1.0,0.001431402774719225,0.2928348909657321
Venedik İhaneti,Kitap > Edebiyat > Roman (Çeviri) > Kitap > Orijinal Dil > İngilizce,Füsun Talay,BİLGE KÜLTÜR SANAT,5 / 5 (26 oy),171.0,26.0,2,21.0,"375,00",05.01.2009,TÜRKÇE,488,Karton Kapak,13.5 x 21.5 cm,Kitap Kağıdı,333.0,11.0,5.0,26.0,375.0,2009.0,488.0,Edebiyat,0,1,3,Edebiyat,0,0,0,1,0,0,0,0,0,0,0,0.7365439093484418,0.7891156462585033,0.5906735751295337,0.04727272727272727,0.003875968992248062,0.022035676810073453,0.02894736842105263,1.0,0.002752697643690817,0.6895119418483904
Ortaçağdan Günümüze Hıristiyan Müslüman İlişkileri Tarihi,Kitap > Din > Tarih > Kitap > Din > İslamiyet > Kitap > Din > Hristiyanlık,Hugh Goddard,SAY YAYIN GRUBU-KAMPANYA,5 / 5 (17 oy),249.0,9.0,1,11.0,"350,00",12.02.2018,TÜRKÇE,312,Karton Kapak,13.5 x 21 cm,Kitap Kağıdı,209.0,4.0,5.0,17.0,350.0,2018.0,312.0,Din,0,1,3,Diger,0,1,0,0,0,0,0,0,0,0,0,0.6798866855524078,0.489795918367347,0.8601036269430051,0.016363636363636365,0.001937984496124031,0.011542497376705142,0.010526315789473684,1.0,0.0017617264919621229,0.4319833852544133
Avrupa Birliği’nin Azınlıklar Politikası,Kitap > Siyaset > Araştırma-İnceleme,Gün Taş,URZENİ,,7.0,0.0,1,0.0,"420,00",06.02.2024,TÜRKÇE,462,Karton Kapak,13.5 x 19.5 cm,Kitap Kağıdı,10.0,0.0,5.0,5.5,420.0,2024.0,462.0,Siyaset,0,1,3,Siyaset,0,0,0,0,0,0,1,0,0,0,0,0.838526912181303,0.7448979591836734,0.024179620034542312,0.0,0.001937984496124031,0.0,0.0,1.0,0.000495485575864347,0.018691588785046728
Türk Ordusunda Alman Ruhu,Kitap > Tarih > Araştırma-İnceleme,Gerhard Grüßhaber,SAY YAYIN GRUBU-KAMPANYA,5 / 5 (3 oy),140.0,7.0,1,5.0,"350,00",18.02.2022,TÜRKÇE,448,Karton Kapak,13.5 x 21 cm,Kitap Kağıdı,76.0,1.0,5.0,3.0,350.0,2022.0,448.0,Tarih,0,1,3,Tarih,0,0,0,0,0,0,0,0,1,0,0,0.6798866855524078,0.7210884353741496,0.48359240069084625,0.012727272727272728,0.001937984496124031,0.005246589716684156,0.002631578947368421,1.0,0.00022021581149526536,0.1557632398753894
Postmodernizm ve Popüler Kültür,Kitap > Kültür > Genel,Angela McRobbie,PARŞÖMEN,,32.0,2.0,0,0.0,"400,00",02.06.2023,TÜRKÇE,368,Karton Kapak,13.5 x 19.5 cm,Kitap Kağıdı,41.0,0.0,5.0,5.5,400.0,2023.0,368.0,Kültür,0,1,3,Diger,0,1,0,0,0,0,0,0,0,0,0,0.7932011331444758,0.5850340136054422,0.11053540587219343,0.0036363636363636364,0.0,0.0,0.0,1.0,0.000495485575864347,0.08307372793354102
Relorya,Kitap > Edebiyat > Roman (Yerli),Özgün Özerk,PEGASUS YAYINLARI,4 / 5 (96 oy),282.0,69.0,3,71.0,"249,00",01.12.2011,TÜRKÇE,304,Karton Kapak,13.5 x 21 cm,Kitap Kağıdı,482.5,52.0,4.0,96.0,249.0,2011.0,304.0,Edebiyat,0,1,3,Edebiyat,0,0,0,1,0,0,0,0,0,0,0,0.4509915014164305,0.4761904761904762,0.9740932642487046,0.12545454545454546,0.005813953488372093,0.07450157397691501,0.1368421052631579,0.75,0.010460251046025104,0.9999999999999999
Aşık Kuşlar,Kitap > Edebiyat > Roman (Çeviri) > Kitap > Orijinal Dil > İngilizce,Cecelia Ahern,PEGASUS YAYINLARI,5 / 5 (32 oy),253.0,18.0,1,32.0,"299,00",25.08.2014,TÜRKÇE,352,Karton Kapak,13.5 x 21 cm,Kitap Kağıdı,247.0,17.0,5.0,32.0,299.0,2014.0,352.0,Edebiyat,0,1,3,Edebiyat,0,0,0,1,0,0,0,0,0,0,0,0.5643059490084985,0.5578231292517006,0.8739205526770293,0.03272727272727273,0.001937984496124031,0.033578174186778595,0.04473684210526316,1.0,0.003413345078176613,0.5109034267912772
Ruh Hırsızı / Ruh Çığlığı -1,Kitap > Diğer > Gençlik Kitapları > Edebiyat > Kitap > Orijinal Dil > İngilizce,Rachel Vincent,PEGASUS YAYINLARI,4 / 5 (39 oy),289.5,17.0,1,36.0,"249,00",11.04.2014,TÜRKÇE,312,Karton Kapak,13.5 x 21 cm,Kitap Kağıdı,239.0,17.0,4.0,39.0,249.0,2014.0,312.0,Diğer,0,1,3,Diğer,0,0,1,0,0,0,0,0,0,0,0,0.4509915014164305,0.489795918367347,1.0,0.03090909090909091,0.001937984496124031,0.03777544596012592,0.04473684210526316,0.75,0.0041841004184100415,0.49428868120456904
Göründüğün Kadar Varsın,Kitap > Edebiyat > Diğer,Pelin Kaya,DESTEK YAYIN GRUBU-KAMPANYA,,3.0,0.0,0,0.0,"180,00",02.06.2022,TÜRKÇE,152,Karton Kapak,13.5 x 19.5 cm,Kitap Kağıdı,72.0,0.0,5.0,5.5,180.0,2022.0,152.0,Edebiyat,0,1,3,Edebiyat,0,0,0,1,0,0,0,0,0,0,0,0.29461756373937675,0.217687074829932,0.010362694300518133,0.0,0.0,0.0,0.0,1.0,0.000495485575864347,0.14745586708203529
Hikaye Devam EdiyorBir Canetti Projesi,Kitap > Edebiyat > Diğer,Kolektif,EPONA KİTAP,5 / 5 (2 oy),9.0,0.0,0,1.0,"148,00",05.07.2023,TÜRKÇE,220,Karton Kapak,12.5 x 19.5 cm,Kitap Kağıdı,80.0,1.0,5.0,2.0,148.0,2023.0,220.0,Edebiyat,0,1,3,Edebiyat,0,0,0,1,0,0,0,0,0,0,0,0.22209631728045326,0.3333333333333333,0.031088082901554404,0.0,0.0,0.001049317943336831,0.002631578947368421,1.0,0.00011010790574763268,0.16407061266874348
Kısaca Moskova,Kitap > Tarih > Araştırma-İnceleme,Caroline Brooke,SAY YAYIN GRUBU-KAMPANYA,5 / 5 (3 oy),62.0,3.0,0,1.0,"450,00",17.11.2023,TÜRKÇE,360,Karton Kapak,13.5 x 21 cm,Kitap Kağıdı,30.0,1.0,5.0,3.0,450.0,2023.0,360.0,Tarih,0,1,3,Tarih,0,0,0,0,0,0,0,0,1,0,0,0.9065155807365439,0.5714285714285714,0.2141623488773748,0.005454545454545455,0.0,0.001049317943336831,0.002631578947368421,1.0,0.00022021581149526536,0.060228452751817235
Şiir Diliyle Yüce Allah’ın En Güzel İsimleri ve Kur’an’dan Yansımalar,Kitap > Edebiyat > Şiir (Yerli),Abdulkadir  Güllü,BİYOGRAFİ.NET,,12.0,1.0,0,2.0,"182,00",20.08.2021,TÜRKÇE,192,Karton Kapak,13 x 20 cm,Kitap Kağıdı,86.0,0.0,5.0,5.5,182.0,2021.0,192.0,Edebiyat,0,1,3,Edebiyat,0,0,0,1,0,0,0,0,0,0,0,0.2991501416430595,0.2857142857142857,0.04145077720207253,0.0018181818181818182,0.0,0.002098635886673662,0.0,1.0,0.000495485575864347,0.17653167185877464
Mütevazı Hayat Hikayem,Kitap > Edebiyat > Diğer,Yusuf Sarıkaya,EMRE YAYINLARI,,10.0,3.0,0,2.0,"260,00",03.06.2024,TÜRKÇE,280,Karton Kapak,13.5 x 21 cm,Kitap Kağıdı,446.0,0.0,5.0,5.5,260.0,2024.0,280.0,Edebiyat,0,1,3,Edebiyat,0,0,0,1,0,0,0,0,0,0,0,0.4759206798866855,0.43537414965986393,0.03454231433506045,0.005454545454545455,0.0,0.002098635886673662,0.0,1.0,0.000495485575864347,0.9241952232606437
Babam ve Sevgilim,Kitap > Edebiyat > Roman (Çeviri) > Kitap > Orijinal Dil > İtalyanca,Fabio Volo,PEGASUS YAYINLARI,4 / 5 (134 oy),289.5,110.0,2,117.0,"269,00",21.05.2012,TÜRKÇE,304,Karton Kapak,13.5 x 21 cm,Kitap Kağıdı,482.5,71.0,4.0,134.0,269.0,2012.0,304.0,Edebiyat,0,1,3,Edebiyat,0,0,0,1,0,0,0,0,0,0,0,0.49631728045325774,0.4761904761904762,1.0,0.2,0.003875968992248062,0.12277019937040924,0.1868421052631579,0.75,0.014644351464435146,0.9999999999999999
Türkiye Kaplıcaları,Kitap > Edebiyat > İnceleme,Fevziye Koç,BİLGE KÜLTÜR SANAT,5 / 5 (1 oy),16.0,3.0,0,1.0,"480,00",08.09.2011,TÜRKÇE,424,Karton Kapak,16.5 x 24 cm,Kitap Kağıdı,36.0,0.0,5.0,1.0,480.0,2011.0,424.0,Edebiyat,0,1,3,Edebiyat,0,0,0,1,0,0,0,0,0,0,0,0.9745042492917846,0.6802721088435374,0.055267702936096716,0.005454545454545455,0.0,0.001049317943336831,0.0,1.0,0.0,0.07268951194184839
Mustafa Kemal'in Gönlünde İz Bırakan Kadınlar,Kitap > Siyaset > Araştırma-İnceleme,Muammer Yılmaz,SARMAL KİTABEVİ,,12.0,1.0,0,1.0,"170,00",05.07.2023,TÜRKÇE,96,Karton Kapak,13.5 x 19.5 cm,Kitap Kağıdı,19.0,0.0,5.0,5.5,170.0,2023.0,96.0,Siyaset,0,1,3,Siyaset,0,0,0,0,0,0,1,0,0,0,0,0.27195467422096314,0.12244897959183673,0.04145077720207253,0.0018181818181818182,0.0,0.001049317943336831,0.0,1.0,0.000495485575864347,0.037383177570093455
İçeride Bir Sürü Denyo Var,Kitap > Edebiyat > Hikaye (Yerli),Tarık Tekoğul,EPONA KİTAP,5 / 5 (1 oy),13.0,0.0,0,1.0,"162,00",26.06.2024,TÜRKÇE,95,Karton Kapak,12.5 x 19.5 cm,Kitap Kağıdı,185.0,0.0,5.0,1.0,162.0,2024.0,95.0,Edebiyat,0,1,3,Edebiyat,0,0,0,1,0,0,0,0,0,0,0,0.25382436260623226,0.12074829931972789,0.04490500863557858,0.0,0.0,0.001049317943336831,0.0,1.0,0.0,0.3821391484942887
Sihir Ateşi (Sihir Ateşi 1. Kitap),Kitap > Edebiyat > Bilimkurgu-Fantazya > Kitap > Orijinal Dil > İngilizce,Cate Tiernan,PEGASUS YAYINLARI,4 / 5 (17 oy),169.0,8.0,2,11.0,"299,00",11.06.2014,TÜRKÇE,448,Karton Kapak,13.5 x 21 cm,Kitap Kağıdı,101.0,4.0,4.0,17.0,299.0,2014.0,448.0,Edebiyat,0,1,3,Edebiyat,0,0,0,1,0,0,0,0,0,0,0,0.5643059490084985,0.7210884353741496,0.5837651122625216,0.014545454545454545,0.003875968992248062,0.011542497376705142,0.010526315789473684,0.75,0.0017617264919621229,0.20768431983385252
Alaçko,Kitap > Edebiyat > Şiir (Yerli),Vasfettin Yağız,EPONA KİTAP,4 / 5 (3 oy),9.0,5.0,0,1.0,"148,00",23.01.2024,TÜRKÇE,87,Karton Kapak,12.5 x 19.5 cm,Kitap Kağıdı,256.0,0.0,4.0,3.0,148.0,2024.0,87.0,Edebiyat,0,1,3,Edebiyat,0,0,0,1,0,0,0,0,0,0,0,0.22209631728045326,0.10714285714285715,0.031088082901554404,0.00909090909090909,0.0,0.001049317943336831,0.0,0.75,0.00022021581149526536,0.5295950155763239
Son Cüret,Kitap > Tarih > Türkiye > Kitap > Tarih > Siyasal Tarih > Kitap > Tarih > Önemli Olaylar > Kitap > Siyaset > Siyasal Tarih,Yılmaz Özdil,SİA KİTAP,5 / 5 (678 oy),3.331,550.0,79,953.0,"125,00",08.10.2020,TÜRKÇE,456,Karton Kapak,14 x 23 cm,Kitap Kağıdı,482.5,380.0,5.0,678.0,125.0,2020.0,456.0,Tarih,0,1,3,Tarih,0,0,0,0,0,0,0,0,1,0,0,0.16997167138810199,0.7346938775510203,0.011506044905008636,1.0,0.15310077519379844,1.0,1.0,1.0,0.07454305219114733,0.9999999999999999
"Büyüklere, Küçük Öyküler 2",Kitap > Edebiyat > Hikaye (Yerli),Dr. Vural Yiğit,SARMAL KİTABEVİ,,5.0,0.0,0,0.0,"220,00",28.11.2023,TÜRKÇE,244,Karton Kapak,13.5 x 19.5 cm,Kitap Kağıdı,3.0,0.0,5.0,5.5,220.0,2023.0,244.0,Edebiyat,0,1,3,Edebiyat,0,0,0,1,0,0,0,0,0,0,0,0.38526912181303113,0.37414965986394555,0.017271157167530225,0.0,0.0,0.0,0.0,1.0,0.000495485575864347,0.004153686396677051
Kelimeler ve KalemlerEdebiyat Sosyolojisinin Edebi Mümkinatı,Kitap > Sosyoloji > Diğer,Dr. Taner Tatar,SİYASAL YAYIN GRUBU - KAMPANYA,5 / 5 (2 oy),20.0,3.0,0,0.0,"265,00",30.04.2018,TÜRKÇE,224,Karton Kapak,13.5 x 21 cm,Kitap Kağıdı,22.0,1.0,5.0,2.0,265.0,2018.0,224.0,Sosyoloji,0,1,3,Sosyoloji,0,0,0,0,0,0,0,1,0,0,0,0.4872521246458923,0.3401360544217687,0.0690846286701209,0.005454545454545455,0.0,0.0,0.002631578947368421,1.0,0.00011010790574763268,0.04361370716510903
CHP Parti Müfettişliği ve Raporlarla Bursa Teşkilatı,Kitap > Siyaset > Araştırma-İnceleme,Seda Bayındır Uluskan,YEDİTEPE YAYINEVİ-KAMPANYA,4 / 5 (2 oy),32.0,1.0,1,2.0,"330,00",02.11.2020,TÜRKÇE,448,Karton Kapak,15.5 x 23 cm,Kitap Kağıdı,31.0,0.0,4.0,2.0,330.0,2020.0,448.0,Siyaset,0,1,3,Siyaset,0,0,0,0,0,0,1,0,0,0,0,0.6345609065155807,0.7210884353741496,0.11053540587219343,0.0018181818181818182,0.001937984496124031,0.002098635886673662,0.0,0.75,0.00011010790574763268,0.06230529595015576
Nietzsche Özgürlük Savaşçısı,Kitap > Felsefe-Düşünce > Filozoflar-Düşünürler,Rudolf Steiner,SAY YAYIN GRUBU-KAMPANYA,4 / 5 (12 oy),167.0,5.0,2,4.0,"275,00",14.05.2004,TÜRKÇE,200,Karton Kapak,13.5 x 21 cm,Kitap Kağıdı,124.0,2.0,4.0,12.0,275.0,2004.0,200.0,Felsefe-Düşünce,0,1,3,Felsefe-Düşünce,0,0,0,0,1,0,0,0,0,0,0,0.509915014164306,0.29931972789115646,0.5768566493955095,0.00909090909090909,0.003875968992248062,0.004197271773347324,0.005263157894736842,0.75,0.0012111869632239595,0.25545171339563866
Duyguların Bilgeliği,Kitap > Felsefe-Düşünce > Diğer,Ercan Kuşdoğan,SARMAL KİTABEVİ,,17.0,0.0,0,0.0,"120,00",18.11.2021,TÜRKÇE,66,Karton Kapak,12 x 19 cm,Kitap Kağıdı,20.0,0.0,5.0,5.5,120.0,2021.0,66.0,Felsefe-Düşünce,0,1,3,Felsefe-Düşünce,0,0,0,0,1,0,0,0,0,0,0,0.15864022662889515,0.07142857142857142,0.05872193436960276,0.0,0.0,0.0,0.0,1.0,0.000495485575864347,0.039460020768431976
Mevlana İle SohbetHayat Dersleri ve Öğütler,Kitap > İslam > Araştırma-İnceleme,Ersin Özdil,SARMAL KİTABEVİ,5 / 5 (1 oy),39.0,1.0,0,0.0,"240,00",02.12.2020,TÜRKÇE,256,Karton Kapak,13 x 20 cm,Kitap Kağıdı,50.0,0.0,5.0,1.0,240.0,2020.0,256.0,İslam,0,1,3,İslam,0,0,0,0,0,0,0,0,0,0,1,0.4305949008498583,0.3945578231292517,0.13471502590673576,0.0018181818181818182,0.0,0.0,0.0,1.0,0.0,0.10176531671858775
Geri Dön Her Şey Berbat Edildi,Kitap > Edebiyat > Roman (Yerli),Onurhan Ersoy,EPONA KİTAP,5 / 5 (5 oy),53.0,8.0,0,6.0,"152,00",10.05.2022,TÜRKÇE,136,Karton Kapak,12.5 x 19.5 cm,Kitap Kağıdı,145.0,4.0,5.0,5.0,152.0,2022.0,136.0,Edebiyat,0,1,3,Edebiyat,0,0,0,1,0,0,0,0,0,0,0,0.23116147308781865,0.19047619047619047,0.18307426597582038,0.014545454545454545,0.0,0.0062959076600209865,0.010526315789473684,1.0,0.00044043162299053066,0.2990654205607477
Tablet Tobi,Kitap > Çocuk Kitapları > Diğer,Yeşim Özen Açıl,ABAKÜS KİTAP - KAMPANYA,4 / 5 (5 oy),41.0,1.0,0,3.0,"85,00",06.03.2019,TÜRKÇE,24,Karton Kapak,22 x 22 cm,1. Hm. Kağıt,122.0,0.0,4.0,5.0,85.0,2019.0,24.0,Çocuk Kitapları,0,1,0,Çocuk Kitapları,0,0,0,0,0,0,0,0,0,1,0,0.07932011331444759,0.0,0.14162348877374784,0.0018181818181818182,0.0,0.0031479538300104933,0.0,0.75,0.00044043162299053066,0.2512980269989616
İlahi Kromozom,Kitap > Sosyoloji > Araştırma-İnceleme,Ayfer Albayrak,ATAÇ YAYINLARI - KAMPANYA,5 / 5 (8 oy),22.0,3.0,0,8.0,"100,00",11.03.2016,TÜRKÇE,136,Karton Kapak,13.5 x 21 cm,Kitap Kağıdı,77.0,4.0,5.0,8.0,100.0,2016.0,136.0,Sosyoloji,0,1,3,Sosyoloji,0,0,0,0,0,0,0,1,0,0,0,0.11331444759206798,0.19047619047619047,0.07599309153713299,0.005454545454545455,0.0,0.008394543546694649,0.010526315789473684,1.0,0.0007707553402334288,0.15784008307372793
Delikanlı,Kitap > Edebiyat > Roman (Çeviri),Fyodor Mihailoviç Dostoyevski,İSKELE YAYINCILIK,4 / 5 (16 oy),289.5,25.0,5,38.0,"300,00",31.07.2005,TÜRKÇE,688,Karton Kapak,13.5 x 19.5 cm,Kitap Kağıdı,482.5,6.0,4.0,16.0,300.0,2005.0,612.0,Edebiyat,0,1,3,Edebiyat,0,0,0,1,0,0,0,0,0,0,0,0.5665722379603398,1.0,1.0,0.045454545454545456,0.009689922480620155,0.03987408184679958,0.015789473684210527,0.75,0.0016516185862144902,0.9999999999999999
Arzularımın Listesi,Kitap > Edebiyat > Roman (Çeviri) > Kitap > Orijinal Dil > Fransızca,Gregoire Delacourt,PEGASUS YAYINLARI,4 / 5 (158 oy),289.5,106.0,8,132.0,"249,00",29.09.2014,TÜRKÇE,200,Karton Kapak,13.5 x 21 cm,Kitap Kağıdı,482.5,94.0,4.0,158.0,249.0,2014.0,200.0,Edebiyat,0,1,3,Edebiyat,0,0,0,1,0,0,0,0,0,0,0,0.4509915014164305,0.29931972789115646,1.0,0.19272727272727272,0.015503875968992248,0.1385099685204617,0.24736842105263157,0.75,0.017286941202378333,0.9999999999999999
Fanusa Sıkışmış Hayatlar,Kitap > Edebiyat > Roman (Yerli),Murat Gürvardar,YEDİVEREN YAYIN GRUBU - KAMPANYA,,2.0,0.0,0,1.0,"180,00",15.11.2023,TÜRKÇE,176,Karton Kapak,13.5 x 19.5 cm,Kitap Kağıdı,12.0,0.0,5.0,5.5,180.0,2023.0,176.0,Edebiyat,0,1,3,Edebiyat,0,0,0,1,0,0,0,0,0,0,0,0.29461756373937675,0.2585034013605442,0.0069084628670120895,0.0,0.0,0.001049317943336831,0.0,1.0,0.000495485575864347,0.02284527518172378
Keşiş ve Yabani Kadın,Kitap > Edebiyat > Roman (Çeviri),Edith Wharton,DEDALUS KİTAP,4 / 5 (5 oy),71.0,3.0,0,6.0,"260,00",13.08.2021,TÜRKÇE,256,Karton Kapak,13 x 20 cm,Kitap Kağıdı,156.0,2.0,4.0,5.0,260.0,2021.0,256.0,Edebiyat,0,1,3,Edebiyat,0,0,0,1,0,0,0,0,0,0,0,0.4759206798866855,0.3945578231292517,0.2452504317789292,0.005454545454545455,0.0,0.0062959076600209865,0.005263157894736842,0.75,0.00044043162299053066,0.32191069574247144
Bir Ulu Destan Çanakkale 1915,Kitap > Tarih > Önemli Olaylar > Kitap > Siyaset > Savaşlar,Mehmet Işık,YEDİVEREN YAYIN GRUBU - KAMPANYA,5 / 5 (19 oy),176.0,19.0,1,31.0,"224,00",05.04.2017,TÜRKÇE,296,Karton Kapak,13.5 x 21 cm,Kitap Kağıdı,222.0,6.0,5.0,19.0,224.0,2017.0,296.0,Tarih,0,1,3,Tarih,0,0,0,0,0,0,0,0,1,0,0,0.3943342776203965,0.46258503401360546,0.6079447322970639,0.034545454545454546,0.001937984496124031,0.03252885624344176,0.015789473684210527,1.0,0.001981942303457388,0.45898234683281414
Şimdi Onlar Düşünsün,Kitap > Kişisel Gelişim,Bircan Yıldırım,DESTEK YAYIN GRUBU-KAMPANYA,5 / 5 (1 oy),289.5,19.0,2,17.0,"290,00",22.02.2022,TÜRKÇE,272,Karton Kapak,13.5 x 21 cm,Kitap Kağıdı,309.0,1.0,5.0,1.0,290.0,2022.0,272.0,Kişisel Gelişim,0,1,3,Kişisel Gelişim,0,0,0,0,0,1,0,0,0,0,0,0.5439093484419263,0.42176870748299317,1.0,0.034545454545454546,0.003875968992248062,0.017838405036726127,0.002631578947368421,1.0,0.0,0.6396677050882658
100 Kadın 100 Erkek,Kitap > Edebiyat > Hikaye (Yerli),Yeşim Varol,İNKILAP KİTABEVİ-KAMPANYA,5 / 5 (4 oy),45.0,6.0,1,0.0,"385,00",01.10.2019,TÜRKÇE,384,Karton Kapak,13.7 x 21.5 cm,1. Hm. Kağıt,54.0,1.0,5.0,4.0,385.0,2019.0,384.0,Edebiyat,0,1,0,Edebiyat,0,0,0,1,0,0,0,0,0,0,0,0.7592067988668555,0.6122448979591836,0.15544041450777202,0.01090909090909091,0.001937984496124031,0.0,0.002631578947368421,1.0,0.00033032371724289804,0.11007268951194185
Pandeminin Düşürdüğü MaskelerCOVID-19 Salgınının Muhasebesi,Kitap > Siyaset > Araştırma-İnceleme,,İLETİŞİM YAYINLARI KAMPANYA,5 / 5 (7 oy),75.0,10.0,0,5.0,"172,00",04.03.2021,TÜRKÇE,271,Karton Kapak,13 x 19.5 cm,Kitap Kağıdı,217.0,3.0,5.0,7.0,172.0,2021.0,271.0,Siyaset,0,1,3,Siyaset,0,0,0,0,0,0,1,0,0,0,0,0.27648725212464587,0.4200680272108843,0.25906735751295334,0.01818181818181818,0.0,0.005246589716684156,0.007894736842105263,1.0,0.0006606474344857962,0.4485981308411215
Şansın MantığıOlasılık ve Mantık,Kitap > Bilim & Mühendislik > Diğer,John  Venn,SARMAL KİTABEVİ,5 / 5 (2 oy),77.0,5.0,1,1.0,"520,00",07.09.2024,TÜRKÇE,439,Karton Kapak,13.5 x 19.5 cm,Kitap Kağıdı,55.0,2.0,5.0,2.0,491.25,2024.0,439.0,Bilim & Mühendislik,0,1,3,Bilim & Mühendislik,1,0,0,0,0,0,0,0,0,0,0,1.0,0.70578231292517,0.2659758203799654,0.00909090909090909,0.001937984496124031,0.001049317943336831,0.005263157894736842,1.0,0.00011010790574763268,0.11214953271028037
Hayat Devam EdiyorUnutulmayan Hatıralar,Kitap > Edebiyat > Anı (Hatırat),Hayri Bostan,EMRE YAYINLARI,,7.0,1.0,1,1.0,"260,00",06.04.2023,TÜRKÇE,288,Karton Kapak,13.5 x 21 cm,Kitap Kağıdı,121.0,0.0,5.0,5.5,260.0,2023.0,288.0,Edebiyat,0,1,3,Edebiyat,0,0,0,1,0,0,0,0,0,0,0,0.4759206798866855,0.4489795918367347,0.024179620034542312,0.0018181818181818182,0.001937984496124031,0.001049317943336831,0.0,1.0,0.000495485575864347,0.24922118380062305
Sovyet Propaganda Animasyonları,Kitap > Sinema-Tiyatro > Tiyatro-Genel,Koray Sevindi,URZENİ,5 / 5 (3 oy),72.0,1.0,0,4.0,"300,00",10.04.2021,TÜRKÇE,306,Karton Kapak,13.5 x 21 cm,Kitap Kağıdı,100.0,3.0,5.0,3.0,300.0,2021.0,306.0,Sinema-Tiyatro,0,1,3,Diger,0,1,0,0,0,0,0,0,0,0,0,0.5665722379603398,0.4795918367346939,0.24870466321243523,0.0018181818181818182,0.0,0.004197271773347324,0.007894736842105263,1.0,0.00022021581149526536,0.205607476635514
Hayvanlar Olmadan Asla 2,Kitap > Hobi > Hayvanlar,Meral Filiz,ALASKA YAYINEVİ,5 / 5 (3 oy),20.0,1.0,1,0.0,"288,50",23.08.2024,TÜRKÇE,322,Karton Kapak,13.5 x 21 cm,Kitap Kağıdı,95.0,3.0,5.0,3.0,288.5,2024.0,322.0,Hobi,0,1,3,Diger,0,1,0,0,0,0,0,0,0,0,0,0.5405099150141642,0.5068027210884353,0.0690846286701209,0.0018181818181818182,0.001937984496124031,0.0,0.007894736842105263,1.0,0.00022021581149526536,0.19522326064382137
Tepedelenli Ali Paşa İsyanı,Kitap > Edebiyat > Roman (Çeviri),Maurus Jokai,DESTEK YAYIN GRUBU-KAMPANYA,4 / 5 (4 oy),15.0,1.0,0,2.0,"200,00",27.05.2021,TÜRKÇE,216,Karton Kapak,13.5 x 21 cm,Kitap Kağıdı,21.0,1.0,4.0,4.0,200.0,2021.0,216.0,Edebiyat,0,1,3,Edebiyat,0,0,0,1,0,0,0,0,0,0,0,0.3399433427762039,0.32653061224489793,0.05181347150259067,0.0018181818181818182,0.0,0.002098635886673662,0.002631578947368421,0.75,0.00033032371724289804,0.041536863966770504
Papaz,Kitap > Edebiyat > Roman (Çeviri),Ken Bruen,BİLGE KÜLTÜR SANAT,3 / 5 (18 oy),50.0,5.0,0,16.0,"220,00",04.05.2009,TÜRKÇE,256,Karton Kapak,13.5 x 21.5 cm,Kitap Kağıdı,133.0,11.0,3.0,18.0,220.0,2009.0,256.0,Edebiyat,0,1,3,Edebiyat,0,0,0,1,0,0,0,0,0,0,0,0.38526912181303113,0.3945578231292517,0.17271157167530224,0.00909090909090909,0.0,0.016789087093389297,0.02894736842105263,0.5,0.0018718343977097555,0.2741433021806854
Doğalım GüzelimGenç Kızlar İçin Güzellik ve Bakım Rehberi,Kitap > Kadın-Erkek > Güzellik-Bakım,Caroline Erel,İNKILAP KİTABEVİ-KAMPANYA,,46.0,3.0,0,0.0,"510,00",14.06.2012,TÜRKÇE,72,Karton Kapak,21 x 21 cm,Kuşe Kağıt,10.0,0.0,5.0,5.5,491.25,2012.0,72.0,Kadın-Erkek,0,1,4,Diger,0,1,0,0,0,0,0,0,0,0,0,1.0,0.0816326530612245,0.15889464594127806,0.005454545454545455,0.0,0.0,0.0,1.0,0.000495485575864347,0.018691588785046728
Uyanık'ın Diri Oğlu Hayy Bin YakzanFelsefik Bir Hikaye,Kitap > Çocuk Kitapları > Roman,İbn Tufeyl,SARMAL KİTABEVİ,5 / 5 (2 oy),23.0,1.0,1,0.0,"220,00",12.07.2023,TÜRKÇE,107,Karton Kapak,13.5 x 19.5 cm,Kitap Kağıdı,34.0,0.0,5.0,2.0,220.0,2023.0,107.0,Çocuk Kitapları,0,1,3,Çocuk Kitapları,0,0,0,0,0,0,0,0,0,1,0,0.38526912181303113,0.141156462585034,0.07944732297063903,0.0018181818181818182,0.001937984496124031,0.0,0.0,1.0,0.00011010790574763268,0.06853582554517135
Kültürel KuramKültürün Kültsel Kökenleri,Kitap > Kültür > Antropoloji,Neil J. Smelser,URZENİ,,38.0,4.0,0,0.0,"550,00",28.03.2023,TÜRKÇE,517,Karton Kapak,13.5 x 21 cm,Kitap Kağıdı,41.0,0.0,5.0,5.5,491.25,2023.0,517.0,Kültür,0,1,3,Diger,0,1,0,0,0,0,0,0,0,0,0,1.0,0.8384353741496597,0.1312607944732297,0.007272727272727273,0.0,0.0,0.0,1.0,0.000495485575864347,0.08307372793354102
İnti Aşk,Kitap > Edebiyat > Roman (Yerli),Sena Oruç,MOTTO,1 / 5 (1 oy),13.0,1.0,0,2.0,"421,00",23.10.2021,TÜRKÇE,378,Karton Kapak,13.5 x 19.5 cm,Kitap Kağıdı,117.0,0.0,1.0,1.0,421.0,2021.0,378.0,Edebiyat,0,1,3,Edebiyat,0,0,0,1,0,0,0,0,0,0,0,0.8407932011331444,0.6020408163265305,0.04490500863557858,0.0018181818181818182,0.0,0.002098635886673662,0.0,0.0,0.0,0.24091381100726894
Muhafazakarlık,Kitap > Siyaset > Araştırma-İnceleme,Edmund Neill,LİBERUS,5 / 5 (4 oy),94.0,7.0,0,0.0,"240,00",22.05.2023,TÜRKÇE,198,Karton Kapak,13 x 19.5 cm,Kitap Kağıdı,150.0,1.0,5.0,4.0,240.0,2023.0,198.0,Siyaset,0,1,3,Siyaset,0,0,0,0,0,0,1,0,0,0,0,0.4305949008498583,0.29591836734693877,0.3246977547495682,0.012727272727272728,0.0,0.0,0.002631578947368421,1.0,0.00033032371724289804,0.3094496365524403
Kısaca Viyana,Kitap > Edebiyat > Tarihi Roman,Nicholas T. Parsons,SAY YAYIN GRUBU-KAMPANYA,5 / 5 (4 oy),91.0,8.0,1,4.0,"350,00",09.05.2023,TÜRKÇE,296,Karton Kapak,13.5 x 21 cm,Kitap Kağıdı,92.0,2.0,5.0,4.0,350.0,2023.0,296.0,Edebiyat,0,1,3,Edebiyat,0,0,0,1,0,0,0,0,0,0,0,0.6798866855524078,0.46258503401360546,0.3143350604490501,0.014545454545454545,0.001937984496124031,0.004197271773347324,0.005263157894736842,1.0,0.00033032371724289804,0.1889927310488058
Dağılma,Kitap > Edebiyat > Roman (Yerli),Veysel Nazlı,FİHRİST KİTAP,5 / 5 (1 oy),23.0,4.0,0,2.0,"164,50",26.11.2022,TÜRKÇE,98,Karton Kapak,13 x 19.5 cm,Kitap Kağıdı,35.0,0.0,5.0,1.0,164.5,2022.0,98.0,Edebiyat,0,1,3,Edebiyat,0,0,0,1,0,0,0,0,0,0,0,0.25949008498583565,0.12585034013605442,0.07944732297063903,0.007272727272727273,0.0,0.002098635886673662,0.0,1.0,0.0,0.07061266874350987
Fücur,Kitap > Edebiyat > Roman (Yerli),C. Fırat İzgi,YEDİVEREN YAYIN GRUBU - KAMPANYA,,27.0,1.0,0,3.0,"254,00",11.09.2023,TÜRKÇE,264,Karton Kapak,13.5 x 19.5 cm,Kitap Kağıdı,63.0,0.0,5.0,5.5,254.0,2023.0,264.0,Edebiyat,0,1,3,Edebiyat,0,0,0,1,0,0,0,0,0,0,0,0.4623229461756374,0.40816326530612246,0.09326424870466321,0.0018181818181818182,0.0,0.0031479538300104933,0.0,1.0,0.000495485575864347,0.12876427829698855
Sadece Ben Gördüm,Kitap > Edebiyat > Roman (Yerli),Simge Akpolat,BANLİYÖ KİTAP,5 / 5 (1 oy),5.0,2.0,0,0.0,"220,00",23.10.2023,TÜRKÇE,232,Karton Kapak,13.5 x 19.5 cm,Kitap Kağıdı,37.0,0.0,5.0,1.0,220.0,2023.0,232.0,Edebiyat,0,1,3,Edebiyat,0,0,0,1,0,0,0,0,0,0,0,0.38526912181303113,0.35374149659863946,0.017271157167530225,0.0036363636363636364,0.0,0.0,0.0,1.0,0.0,0.07476635514018692
İnsanlardan Korkan Örümcek,Kitap > Çocuk Kitapları > Diğer,Sevgin Yılmaz,URZENİ,,0.0,0.0,0,0.0,"140,00",04.07.2023,TÜRKÇE,48,Karton Kapak,13.5 x 19.5 cm,Kitap Kağıdı,49.0,0.0,5.0,5.5,140.0,2023.0,48.0,Çocuk Kitapları,0,1,3,Çocuk Kitapları,0,0,0,0,0,0,0,0,0,1,0,0.20396600566572237,0.04081632653061224,0.0,0.0,0.0,0.0,0.0,1.0,0.000495485575864347,0.09968847352024922
Bilgeliğin Yedi Sütunu (2. Cilt),Kitap > Tarih > Araştırma-İnceleme,T.E. Lawrence,URZENİ,4 / 5 (2 oy),44.0,3.0,0,1.0,"500,00",20.03.2024,TÜRKÇE,372,Karton Kapak,13.5 x 19.5 cm,Kitap Kağıdı,38.0,0.0,4.0,2.0,491.25,2024.0,372.0,Tarih,0,1,3,Tarih,0,0,0,0,0,0,0,0,1,0,0,1.0,0.5918367346938774,0.15198618307426598,0.005454545454545455,0.0,0.001049317943336831,0.0,0.75,0.00011010790574763268,0.07684319833852545
Yaşamın Aynası Sensin,Kitap > Kişisel Gelişim,Ayşe Elibol,DOĞU KİTABEVİ,,7.0,2.0,0,0.0,"449,00",07.04.2022,TÜRKÇE,239,Karton Kapak,13.5 x 19.5 cm,Kitap Kağıdı,57.0,0.0,5.0,5.5,449.0,2022.0,239.0,Kişisel Gelişim,0,1,3,Kişisel Gelişim,0,0,0,0,0,1,0,0,0,0,0,0.9042492917847025,0.3656462585034014,0.024179620034542312,0.0036363636363636364,0.0,0.0,0.0,1.0,0.000495485575864347,0.11630321910695743
Pellucidar VIKorku Diyarı,Kitap > Edebiyat > Bilimkurgu-Fantazya,Edgar Rice Burroughs,FİHRİST KİTAP,5 / 5 (6 oy),45.0,10.0,0,3.0,"259,50",08.03.2024,TÜRKÇE,178,Karton Kapak,13 x 19.5 cm,Kitap Kağıdı,87.0,1.0,5.0,6.0,259.5,2024.0,178.0,Edebiyat,0,1,3,Edebiyat,0,0,0,1,0,0,0,0,0,0,0,0.4747875354107648,0.2619047619047619,0.15544041450777202,0.01818181818181818,0.0,0.0031479538300104933,0.002631578947368421,1.0,0.0005505395287381633,0.17860851505711317
Duaların Kayıp Sırları,Kitap > Kişisel Gelişim,Guy Finley,DESTEK YAYIN GRUBU-KAMPANYA,5 / 5 (3 oy),27.0,2.0,0,1.0,"180,00",09.11.2023,TÜRKÇE,168,Karton Kapak,13.5 x 21 cm,Kitap Kağıdı,44.0,2.0,5.0,3.0,180.0,2023.0,168.0,Kişisel Gelişim,0,1,3,Kişisel Gelişim,0,0,0,0,0,1,0,0,0,0,0,0.29461756373937675,0.24489795918367346,0.09326424870466321,0.0036363636363636364,0.0,0.001049317943336831,0.005263157894736842,1.0,0.00022021581149526536,0.0893042575285566
Masonluğun Mistisizmi,Kitap > Tarih > Araştırma-İnceleme,Kolektif,KUMRAN YAYINLARI,5 / 5 (3 oy),28.0,2.0,0,1.0,"275,00",25.09.2024,TÜRKÇE,160,Karton Kapak,13.5 x 21 cm,Kitap Kağıdı,24.0,1.0,5.0,3.0,275.0,2024.0,160.0,Tarih,0,1,3,Tarih,0,0,0,0,0,0,0,0,1,0,0,0.509915014164306,0.2312925170068027,0.09671848013816925,0.0036363636363636364,0.0,0.001049317943336831,0.002631578947368421,1.0,0.00022021581149526536,0.04776739356178608
Kumaş,Kitap > Edebiyat > Şiir (Yerli),Yavuz Türk,EPONA KİTAP,4 / 5 (1 oy),9.0,0.0,0,2.0,"148,00",31.05.2022,TÜRKÇE,64,Karton Kapak,12.5 x 19.5 cm,Kitap Kağıdı,107.0,0.0,4.0,1.0,148.0,2022.0,64.0,Edebiyat,0,1,3,Edebiyat,0,0,0,1,0,0,0,0,0,0,0,0.22209631728045326,0.06802721088435373,0.031088082901554404,0.0,0.0,0.002098635886673662,0.0,0.75,0.0,0.22014537902388367
Pandalar Uçabilir,Kitap > Edebiyat > Deneme (Yerli),Caner Yaman,HAYY KİTAP - KAMPANYA,4 / 5 (32 oy),289.5,52.0,10,46.0,"140,00",09.07.2020,TÜRKÇE,144,Karton Kapak,13.5 x 21 cm,Kitap Kağıdı,482.5,13.0,4.0,32.0,140.0,2020.0,144.0,Edebiyat,0,1,3,Edebiyat,0,0,0,1,0,0,0,0,0,0,0,0.20396600566572237,0.20408163265306123,1.0,0.09454545454545454,0.01937984496124031,0.04826862539349423,0.034210526315789476,0.75,0.003413345078176613,0.9999999999999999
Hayal Fabrikası,Kitap > Edebiyat > Roman (Yerli),Yener Camcı,KUTLU YAYINEVİ,4 / 5 (2 oy),11.0,0.0,0,3.0,"180,00",20.09.2022,TÜRKÇE,148,Karton Kapak,13.5 x 19.5 cm,Kitap Kağıdı,72.0,1.0,4.0,2.0,180.0,2022.0,148.0,Edebiyat,0,1,3,Edebiyat,0,0,0,1,0,0,0,0,0,0,0,0.29461756373937675,0.2108843537414966,0.037996545768566495,0.0,0.0,0.0031479538300104933,0.002631578947368421,0.75,0.00011010790574763268,0.14745586708203529
Anılarınla Barışırsan Özgürleşirsin,Kitap > Edebiyat > Diğer,Ezgin Kılıç,DESTEK YAYIN GRUBU-KAMPANYA,5 / 5 (3 oy),19.0,1.0,0,3.0,"180,00",15.03.2022,TÜRKÇE,160,Karton Kapak,13.5 x 19.5 cm,Kitap Kağıdı,27.0,2.0,5.0,3.0,180.0,2022.0,160.0,Edebiyat,0,1,3,Edebiyat,0,0,0,1,0,0,0,0,0,0,0,0.29461756373937675,0.2312925170068027,0.06563039723661485,0.0018181818181818182,0.0,0.0031479538300104933,0.005263157894736842,1.0,0.00022021581149526536,0.05399792315680166
Konuşmalar(Analektler) Lunyu,Kitap > Felsefe-Düşünce > Diğer,Konfüçyüs,SAY YAYIN GRUBU-KAMPANYA,4 / 5 (28 oy),289.5,35.0,2,19.0,"200,00",23.03.2022,TÜRKÇE,152,Karton Kapak,13 x 19.5 cm,Kitap Kağıdı,461.0,12.0,4.0,28.0,200.0,2022.0,152.0,Felsefe-Düşünce,0,1,3,Felsefe-Düşünce,0,0,0,0,1,0,0,0,0,0,0,0.3399433427762039,0.217687074829932,1.0,0.06363636363636363,0.003875968992248062,0.01993704092339979,0.031578947368421054,0.75,0.0029729134551860826,0.9553478712357216
Çocukluktan Yetişkinliğe Yılmaz BüyükerşenBataklıktan Medeniyete Eskişehir,Kitap > Edebiyat > Biyografi-Otobiyografi,Dr. Sertaç Dalgalıdere,KEDİDEDİ YAYINCILIK,,14.0,0.0,0,1.0,"195,00",28.08.2023,TÜRKÇE,168,Karton Kapak,13.5 x 19.5 cm,Kitap Kağıdı,352.0,0.0,5.0,5.5,195.0,2023.0,168.0,Edebiyat,0,1,3,Edebiyat,0,0,0,1,0,0,0,0,0,0,0,0.32861189801699714,0.24489795918367346,0.048359240069084625,0.0,0.0,0.001049317943336831,0.0,1.0,0.000495485575864347,0.7289719626168224
Satış Serbest,Kitap > Kişisel Gelişim,Doç. Dr. Tuğhan Turan,ALASKA YAYINEVİ,,8.0,0.0,0,1.0,"150,00",16.10.2024,TÜRKÇE,128,Karton Kapak,13.5 x 21 cm,Kitap Kağıdı,66.0,0.0,5.0,5.5,150.0,2024.0,128.0,Kişisel Gelişim,0,1,3,Kişisel Gelişim,0,0,0,0,0,1,0,0,0,0,0,0.22662889518413593,0.17687074829931973,0.027633851468048358,0.0,0.0,0.001049317943336831,0.0,1.0,0.000495485575864347,0.13499480789200413
Açıklamalı Divan Şiiri,Kitap > Edebiyat > İnceleme,Mahmut Kaplan,LEJAND,5 / 5 (2 oy),41.0,2.0,1,0.0,"210,00",29.09.2022,TÜRKÇE,204,Karton Kapak,13 x 19.5 cm,Kitap Kağıdı,162.0,0.0,5.0,2.0,210.0,2022.0,204.0,Edebiyat,0,1,3,Edebiyat,0,0,0,1,0,0,0,0,0,0,0,0.3626062322946175,0.30612244897959184,0.14162348877374784,0.0036363636363636364,0.001937984496124031,0.0,0.0,1.0,0.00011010790574763268,0.3343717549325026
Hayat Bakım İsterYaşam Koçluğu Hakkında Her Şey,Kitap > Kişisel Gelişim,Özdemir Özkan,SAY YAYIN GRUBU-KAMPANYA,,59.0,2.0,0,1.0,"250,00",29.06.2012,TÜRKÇE,256,Karton Kapak,13.5 x 21 cm,Kitap Kağıdı,143.0,1.0,5.0,5.5,250.0,2012.0,256.0,Kişisel Gelişim,0,1,3,Kişisel Gelişim,0,0,0,0,0,1,0,0,0,0,0,0.45325779036827196,0.3945578231292517,0.20379965457685664,0.0036363636363636364,0.0,0.001049317943336831,0.002631578947368421,1.0,0.000495485575864347,0.2949117341640706
Dolaptan TemaşaLetaif-i Rivayat,Kitap > Edebiyat > Roman (Yerli),Ahmet Mithat Efendi,SANAT KRİTİK YAYINCILIK,5 / 5 (1 oy),20.0,1.0,0,0.0,"250,00",11.03.2024,TÜRKÇE,246,Karton Kapak,12 x 19 cm,Kitap Kağıdı,239.0,0.0,5.0,1.0,250.0,2024.0,246.0,Edebiyat,0,1,3,Edebiyat,0,0,0,1,0,0,0,0,0,0,0,0.45325779036827196,0.37755102040816324,0.0690846286701209,0.0018181818181818182,0.0,0.0,0.0,1.0,0.0,0.49428868120456904
Şüphecinin Zihin Rehberi,Kitap > Psikoloji > İnceleme,Dr. Robert A. Burton,SAY YAYIN GRUBU-KAMPANYA,5 / 5 (4 oy),228.0,11.0,0,3.0,"350,00",16.09.2020,TÜRKÇE,288,Karton Kapak,13.5 x 21 cm,Kitap Kağıdı,120.0,0.0,5.0,4.0,350.0,2020.0,288.0,Psikoloji,0,1,3,Diger,0,1,0,0,0,0,0,0,0,0,0,0.6798866855524078,0.4489795918367347,0.7875647668393781,0.02,0.0,0.0031479538300104933,0.0,1.0,0.00033032371724289804,0.24714434060228452
İbn Rüşd / Fikir Mimarları Dizisi,Kitap > İslam > Felsefe > Kitap > Felsefe-Düşünce > Filozoflar-Düşünürler,,SAY YAYIN GRUBU-KAMPANYA,5 / 5 (25 oy),289.5,14.0,5,14.0,"350,00",03.03.2016,TÜRKÇE,208,Karton Kapak,13.5 x 21 cm,Kitap Kağıdı,350.0,10.0,5.0,25.0,350.0,2016.0,208.0,İslam,0,1,3,İslam,0,0,0,0,0,0,0,0,0,0,1,0.6798866855524078,0.3129251700680272,1.0,0.025454545454545455,0.009689922480620155,0.014690451206715634,0.02631578947368421,1.0,0.0026425897379431843,0.7248182762201453
Kudüs… Ey Kudüs,Kitap > Tarih > Dünya,Larry Collins,KRONİK KİTAP,5 / 5 (322 oy),4.445,338.0,43,197.0,"595,00",06.02.2018,TÜRKÇE,640,Karton Kapak,13.5 x 21 cm,Kitap Kağıdı,482.5,144.0,5.0,322.0,491.25,2018.0,612.0,Tarih,0,1,3,Tarih,0,0,0,0,0,0,0,0,1,0,0,1.0,1.0,0.01535405872193437,0.6145454545454545,0.08333333333333333,0.20671563483735572,0.37894736842105264,1.0,0.03534463774499009,0.9999999999999999
Siyah Beyaz Yayından Netflix’e Türkiye’de Televizyonun Kısa Tarihi,Kitap > Diğer > İletişim-Medya,Kenan Duman,URZENİ,4 / 5 (1 oy),17.0,2.0,0,0.0,"240,00",27.07.2023,TÜRKÇE,195,Karton Kapak,13.5 x 21 cm,Kitap Kağıdı,34.0,1.0,4.0,1.0,240.0,2023.0,195.0,Diğer,0,1,3,Diğer,0,0,1,0,0,0,0,0,0,0,0,0.4305949008498583,0.29081632653061223,0.05872193436960276,0.0036363636363636364,0.0,0.0,0.002631578947368421,0.75,0.0,0.06853582554517135
Aşkın Peşinde,Kitap > Edebiyat > Roman (Çeviri) > Kitap > Orijinal Dil > İngilizce,Susan Mallery,PEGASUS YAYINLARI,4 / 5 (30 oy),195.0,7.0,0,46.0,"269,00",23.06.2014,TÜRKÇE,336,Karton Kapak,13.5 x 21 cm,Kitap Kağıdı,245.0,16.0,4.0,30.0,269.0,2014.0,336.0,Edebiyat,0,1,3,Edebiyat,0,0,0,1,0,0,0,0,0,0,0,0.49631728045325774,0.5306122448979591,0.6735751295336787,0.012727272727272728,0.0,0.04826862539349423,0.042105263157894736,0.75,0.003193129266681348,0.5067497403946002
Neden Böyle Olmasın,Kitap > Edebiyat > Şiir (Yerli),Utkucan Yazıcı,EPONA KİTAP,5 / 5 (2 oy),7.0,2.0,1,1.0,"148,00",23.01.2024,TÜRKÇE,101,Karton Kapak,12.5 x 19.5 cm,Kitap Kağıdı,147.0,0.0,5.0,2.0,148.0,2024.0,101.0,Edebiyat,0,1,3,Edebiyat,0,0,0,1,0,0,0,0,0,0,0,0.22209631728045326,0.13095238095238096,0.024179620034542312,0.0036363636363636364,0.001937984496124031,0.001049317943336831,0.0,1.0,0.00011010790574763268,0.3032191069574247
Köpek Bakımı / Çocuklar İçin,Kitap > Hobi > Hayvanlar,Katherine Starke,İLETİŞİM YAYINLARI KAMPANYA,5 / 5 (5 oy),66.0,2.0,0,0.0,"119,00",01.12.2015,TÜRKÇE,38,Karton Kapak,13 x 19.5 cm,Kuşe Kağıt,98.0,0.0,5.0,5.0,119.0,2015.0,38.0,Hobi,0,1,4,Diger,0,1,0,0,0,0,0,0,0,0,0,0.15637393767705382,0.023809523809523815,0.22797927461139894,0.0036363636363636364,0.0,0.0,0.0,1.0,0.00044043162299053066,0.20145379023883694
Yeni Muhafazakar Tehdit,Kitap > Siyaset > Kitap > Siyaset > Güncel Sorunlar > Kitap > Siyaset > Araştırma-İnceleme,Paul Craig Roberts,SAY YAYIN GRUBU-KAMPANYA,4 / 5 (3 oy),85.0,4.0,1,4.0,"500,00",27.07.2016,TÜRKÇE,592,Karton Kapak,13.5 x 21 cm,Kitap Kağıdı,90.0,2.0,4.0,3.0,491.25,2016.0,592.0,Siyaset,0,1,3,Siyaset,0,0,0,0,0,0,1,0,0,0,0,1.0,0.9659863945578231,0.2936096718480138,0.007272727272727273,0.001937984496124031,0.004197271773347324,0.005263157894736842,0.75,0.00022021581149526536,0.18483904465212875
Kişisel Bitişim,Kitap > Edebiyat > Roman (Yerli),Güliz Sütçü,SİYASAL YAYIN GRUBU - KAMPANYA,5 / 5 (3 oy),14.0,1.0,0,4.0,"300,00",07.07.2015,TÜRKÇE,272,Karton Kapak,13.5 x 19.5 cm,Kitap Kağıdı,21.0,3.0,5.0,3.0,300.0,2015.0,272.0,Edebiyat,0,1,3,Edebiyat,0,0,0,1,0,0,0,0,0,0,0,0.5665722379603398,0.42176870748299317,0.048359240069084625,0.0018181818181818182,0.0,0.004197271773347324,0.007894736842105263,1.0,0.00022021581149526536,0.041536863966770504
Kafkasya’da Bir Esir,Kitap > Edebiyat > Tarihi Roman,Lev N. Tolstoy,URZENİ,,21.0,1.0,0,1.0,"170,00",13.04.2020,TÜRKÇE,65,Karton Kapak,13.5 x 21 cm,Kitap Kağıdı,11.0,0.0,5.0,5.5,170.0,2020.0,65.0,Edebiyat,0,1,3,Edebiyat,0,0,0,1,0,0,0,0,0,0,0,0.27195467422096314,0.06972789115646258,0.07253886010362694,0.0018181818181818182,0.0,0.001049317943336831,0.0,1.0,0.000495485575864347,0.020768431983385256
İğde Acısı,Kitap > Edebiyat > Roman (Yerli),Metin Yıldırım,TRUVA YAYINLARI,5 / 5 (1 oy),10.0,3.0,0,2.0,"290,00",30.03.2023,TÜRKÇE,328,Karton Kapak,13.5 x 21 cm,Kitap Kağıdı,63.0,1.0,5.0,1.0,290.0,2023.0,328.0,Edebiyat,0,1,3,Edebiyat,0,0,0,1,0,0,0,0,0,0,0,0.5439093484419263,0.5170068027210883,0.03454231433506045,0.005454545454545455,0.0,0.002098635886673662,0.002631578947368421,1.0,0.0,0.12876427829698855
Hacı AliAmerika'da Bir Osmanlı,Kitap > Edebiyat > Biyografi-Otobiyografi,Dr. Vural Yiğit,SARMAL KİTABEVİ,,9.0,0.0,0,0.0,"300,00",28.11.2023,TÜRKÇE,284,Karton Kapak,13.5 x 19.5 cm,Kitap Kağıdı,12.0,0.0,5.0,5.5,300.0,2023.0,284.0,Edebiyat,0,1,3,Edebiyat,0,0,0,1,0,0,0,0,0,0,0,0.5665722379603398,0.4421768707482993,0.031088082901554404,0.0,0.0,0.0,0.0,1.0,0.000495485575864347,0.02284527518172378
Özünde Herkes İyidir,Kitap > Edebiyat > Şiir (Yerli),Özcan  Tekdemir,SİYAH KUĞU KAMPANYA,4 / 5 (7 oy),38.0,7.0,1,5.0,"60,00",21.02.2018,TÜRKÇE,112,Karton Kapak,13.5 x 21 cm,Kitap Kağıdı,162.0,3.0,4.0,7.0,60.0,2018.0,112.0,Edebiyat,0,1,3,Edebiyat,0,0,0,1,0,0,0,0,0,0,0,0.022662889518413595,0.14965986394557823,0.1312607944732297,0.012727272727272728,0.001937984496124031,0.005246589716684156,0.007894736842105263,0.75,0.0006606474344857962,0.3343717549325026
Yapacak Bir Şey Yok,Kitap > Edebiyat > Roman (Yerli),Veli Karabudak,ÜLGEN YAYINLARI,,3.0,1.0,0,0.0,"139,00",14.04.2022,TÜRKÇE,126,Karton Kapak,13.5 x 21 cm,Kitap Kağıdı,36.0,0.0,5.0,5.5,139.0,2022.0,126.0,Edebiyat,0,1,3,Edebiyat,0,0,0,1,0,0,0,0,0,0,0,0.20169971671388098,0.17346938775510204,0.010362694300518133,0.0018181818181818182,0.0,0.0,0.0,1.0,0.000495485575864347,0.07268951194184839
İyi Geceler Tweetaşkım,Kitap > Edebiyat > Roman (Çeviri),Teresa Medeiros,PEGASUS YAYINLARI,4 / 5 (14 oy),52.0,9.0,1,14.0,"249,00",13.05.2016,TÜRKÇE,232,Karton Kapak,13.5 x 21 cm,Kitap Kağıdı,96.0,5.0,4.0,14.0,249.0,2016.0,232.0,Edebiyat,0,1,3,Edebiyat,0,0,0,1,0,0,0,0,0,0,0,0.4509915014164305,0.35374149659863946,0.17962003454231432,0.016363636363636365,0.001937984496124031,0.014690451206715634,0.013157894736842105,0.75,0.001431402774719225,0.1973001038421599
Berry Bees / Bayan Bonbon ve Üç Süper Ajan,Kitap > Çocuk Kitapları > Diğer,Cat Le Blanc,YAKAMOZ YAYINCILIK,,6.0,0.0,0,0.0,"150,00",15.09.2022,TÜRKÇE,160,Karton Kapak,13.5 x 19.5 cm,Kitap Kağıdı,23.0,0.0,5.0,5.5,150.0,2022.0,160.0,Çocuk Kitapları,0,1,3,Çocuk Kitapları,0,0,0,0,0,0,0,0,0,1,0,0.22662889518413593,0.2312925170068027,0.020725388601036267,0.0,0.0,0.0,0.0,1.0,0.000495485575864347,0.04569055036344755
Türk Hitler,Kitap > Edebiyat > Roman (Yerli),Uğur Önver,DESTEK YAYIN GRUBU-KAMPANYA,,2.0,1.0,0,0.0,"190,00",03.08.2023,TÜRKÇE,176,Karton Kapak,13.5 x 19.5 cm,Kitap Kağıdı,1.0,0.0,5.0,5.5,190.0,2023.0,176.0,Edebiyat,0,1,3,Edebiyat,0,0,0,1,0,0,0,0,0,0,0,0.31728045325779036,0.2585034013605442,0.0069084628670120895,0.0018181818181818182,0.0,0.0,0.0,1.0,0.000495485575864347,0.0
Tokat'a Dair Bir Sakk Mecmuası,Kitap > Tarih > Araştırma-İnceleme > Kitap > Şehir Kitapları > Diğer,Ümit Ekin,BİLGE KÜLTÜR SANAT,4 / 5 (3 oy),54.0,2.0,1,1.0,"280,00",07.04.2010,TÜRKÇE,336,Karton Kapak,13.5 x 21.5 cm,Kitap Kağıdı,53.0,1.0,4.0,3.0,280.0,2010.0,336.0,Tarih,0,1,3,Tarih,0,0,0,0,0,0,0,0,1,0,0,0.5212464589235127,0.5306122448979591,0.18652849740932642,0.0036363636363636364,0.001937984496124031,0.001049317943336831,0.002631578947368421,0.75,0.00022021581149526536,0.10799584631360333
Eskiçağ'da Darbeler,Kitap > Tarih > Araştırma-İnceleme,Suna Yıldırım,URZENİ,4 / 5 (3 oy),56.0,2.0,2,0.0,"200,00",08.03.2021,TÜRKÇE,164,Karton Kapak,13 x 20 cm,Kitap Kağıdı,46.0,1.0,4.0,3.0,200.0,2021.0,164.0,Tarih,0,1,3,Tarih,0,0,0,0,0,0,0,0,1,0,0,0.3399433427762039,0.23809523809523808,0.1934369602763385,0.0036363636363636364,0.003875968992248062,0.0,0.002631578947368421,0.75,0.00022021581149526536,0.09345794392523364
Dijital Emek ve Yabancılaşma,Kitap > Akademik > İş Dünyası,Melek Ekinci,URZENİ,,27.0,0.0,0,0.0,"220,00",06.11.2020,TÜRKÇE,176,Karton Kapak,13 x 20 cm,Kitap Kağıdı,48.0,0.0,5.0,5.5,220.0,2020.0,176.0,Akademik,0,1,3,Diger,0,1,0,0,0,0,0,0,0,0,0,0.38526912181303113,0.2585034013605442,0.09326424870466321,0.0,0.0,0.0,0.0,1.0,0.000495485575864347,0.0976116303219107
Mektub,Kitap > Edebiyat > Anlatı,Paulo Coelho,CAN YAYINLARI,4 / 5 (64 oy),2.315,149.0,12,151.0,"220,00",05.09.2023,TÜRKÇE,200,Karton Kapak,12.5 x 19.5 cm,Kitap Kağıdı,482.5,34.0,4.0,64.0,220.0,2023.0,200.0,Edebiyat,0,1,3,Edebiyat,0,0,0,1,0,0,0,0,0,0,0,0.38526912181303113,0.29931972789115646,0.007996545768566494,0.27090909090909093,0.023255813953488372,0.1584470094438615,0.08947368421052632,0.75,0.006936798062100858,0.9999999999999999
Kutlu Müderris İdris-i Bitlisi,Kitap > Tarih > Kişiler,Prof. Dr. Mehmet Bayrakdar,BİYOGRAFİ.NET,5 / 5 (7 oy),199.0,2.0,0,7.0,"150,00",31.12.2020,TÜRKÇE,128,Karton Kapak,13.5 x 19.5 cm,Kitap Kağıdı,188.0,3.0,5.0,7.0,150.0,2020.0,128.0,Tarih,0,1,3,Tarih,0,0,0,0,0,0,0,0,1,0,0,0.22662889518413593,0.17687074829931973,0.6873920552677029,0.0036363636363636364,0.0,0.007345225603357817,0.007894736842105263,1.0,0.0006606474344857962,0.3883696780893043
Harikasın Gri!,Kitap > Çocuk Kitapları > Okul Öncesi > Masal,Irma Zmiric Çetinkaya,ABAKÜS KİTAP - KAMPANYA,5 / 5 (15 oy),68.0,3.0,1,9.0,"85,00",02.12.2019,TÜRKÇE,36,Karton Kapak,22 x 22 cm,Kitap Kağıdı,183.0,6.0,5.0,15.0,85.0,2019.0,36.0,Çocuk Kitapları,0,1,3,Çocuk Kitapları,0,0,0,0,0,0,0,0,0,1,0,0.07932011331444759,0.020408163265306124,0.23488773747841105,0.005454545454545455,0.001937984496124031,0.00944386149003148,0.015789473684210527,1.0,0.0015415106804668576,0.37798546209761164
Batık Kentin Cadısı,"Kitap > Çocuk Kitapları > 12+ Yaş > Hikaye, Roman & Masal",Orhan T. Özdemir,URZENİ,3 / 5 (1 oy),18.0,1.0,0,1.0,"270,00",31.03.2021,TÜRKÇE,380,Karton Kapak,13.5 x 21 cm,Kitap Kağıdı,55.0,0.0,3.0,1.0,270.0,2021.0,380.0,Çocuk Kitapları,0,1,3,Çocuk Kitapları,0,0,0,0,0,0,0,0,0,1,0,0.49858356940509907,0.6054421768707482,0.06217616580310881,0.0018181818181818182,0.0,0.001049317943336831,0.0,0.5,0.0,0.11214953271028037
Zodyak Serisi Takım Set (2 Kitap),Kitap > Edebiyat > Roman (Çeviri),Romina Russell,PEGASUS YAYINLARI,5 / 5 (38 oy),289.5,51.0,5,42.0,"598,00",03.02.2020,TÜRKÇE,736,Karton Kapak,13.5 x 21 cm,Kitap Kağıdı,482.5,18.0,5.0,38.0,491.25,2020.0,612.0,Edebiyat,0,1,3,Edebiyat,0,0,0,1,0,0,0,0,0,0,0,1.0,1.0,1.0,0.09272727272727273,0.009689922480620155,0.04407135362014691,0.04736842105263158,1.0,0.004073992512662408,0.9999999999999999
Turist,Kitap > Edebiyat > Roman (Çeviri),Olen Steinhauer,BİLGE KÜLTÜR SANAT,5 / 5 (10 oy),87.0,8.0,1,10.0,"380,00",03.02.2011,TÜRKÇE,464,Karton Kapak,13.5 x 21.5 cm,Kitap Kağıdı,123.0,5.0,5.0,10.0,380.0,2011.0,464.0,Edebiyat,0,1,3,Edebiyat,0,0,0,1,0,0,0,0,0,0,0,0.7478753541076487,0.7482993197278911,0.3005181347150259,0.014545454545454545,0.001937984496124031,0.010493179433368312,0.013157894736842105,1.0,0.000990971151728694,0.2533748701973001
Yahudi Kutsal Metinlerinde “Havva”,Kitap > Psikoloji > İnceleme,Ayşe Çetin,URZENİ,5 / 5 (2 oy),42.0,1.0,0,1.0,"240,00",24.06.2022,TÜRKÇE,181,Karton Kapak,13.5 x 21 cm,Kitap Kağıdı,55.0,0.0,5.0,2.0,240.0,2022.0,181.0,Psikoloji,0,1,3,Diger,0,1,0,0,0,0,0,0,0,0,0,0.4305949008498583,0.26700680272108845,0.14507772020725387,0.0018181818181818182,0.0,0.001049317943336831,0.0,1.0,0.00011010790574763268,0.11214953271028037
Gölge Hayatlar 2,Kitap > Edebiyat > Roman (Yerli),Kazım  Kaya,ALASKA YAYINEVİ,5 / 5 (1 oy),1.0,0.0,0,0.0,"130,50",16.08.2024,TÜRKÇE,112,Karton Kapak,13.5 x 21 cm,Kitap Kağıdı,19.0,1.0,5.0,1.0,130.5,2024.0,112.0,Edebiyat,0,1,3,Edebiyat,0,0,0,1,0,0,0,0,0,0,0,0.18243626062322943,0.14965986394557823,0.0034542314335060447,0.0,0.0,0.0,0.002631578947368421,1.0,0.0,0.037383177570093455
80 Gün Tutkunun Rengi,Kitap > Edebiyat > Roman (Çeviri) > Kitap > Orijinal Dil > İngilizce,Vina Jackson,PEGASUS YAYINLARI,4 / 5 (28 oy),163.0,6.0,0,28.0,"299,00",01.04.2013,TÜRKÇE,336,Karton Kapak,13.5 x 21 cm,Kitap Kağıdı,284.0,8.0,4.0,28.0,299.0,2013.0,336.0,Edebiyat,0,1,3,Edebiyat,0,0,0,1,0,0,0,0,0,0,0,0.5643059490084985,0.5306122448979591,0.5630397236614852,0.01090909090909091,0.0,0.02938090241343127,0.021052631578947368,0.75,0.0029729134551860826,0.5877466251298027
Gülün DikeniAlmanya'da Mapus Olmak,Kitap > Edebiyat > Anı (Hatırat),Sara Gül Turan,FA YAYINLARI,4 / 5 (3 oy),7.0,0.0,0,3.0,"120,00",21.12.2021,TÜRKÇE,216,Karton Kapak,13.5 x 19.5 cm,Kitap Kağıdı,14.0,2.0,4.0,3.0,120.0,2021.0,216.0,Edebiyat,0,1,3,Edebiyat,0,0,0,1,0,0,0,0,0,0,0,0.15864022662889515,0.32653061224489793,0.024179620034542312,0.0,0.0,0.0031479538300104933,0.005263157894736842,0.75,0.00022021581149526536,0.026998961578400833
Eğitim Sözlüğü,Kitap > Başvuru Kitapları > Sözlük & İmla Kılavuzu > Kitap > Eğitim > Diğer,Ahmet Cevizci,SAY YAYIN GRUBU-KAMPANYA,5 / 5 (14 oy),220.0,11.0,3,2.0,"500,00",01.10.2010,TÜRKÇE,560,Karton Kapak,13.5 x 21 cm,Kitap Kağıdı,203.0,6.0,5.0,14.0,491.25,2010.0,560.0,Başvuru Kitapları,0,1,3,Diger,0,1,0,0,0,0,0,0,0,0,0,1.0,0.91156462585034,0.7599309153713298,0.02,0.005813953488372093,0.002098635886673662,0.015789473684210527,1.0,0.001431402774719225,0.41952232606438217
Işıl Işıl Güzellik,Kitap > Kadın-Erkek > Güzellik-Bakım,Işıl Akkoyunlu,PEGASUS YAYINLARI,4 / 5 (34 oy),154.0,25.0,1,23.0,"299,00",27.11.2008,TÜRKÇE,208,Karton Kapak,16 x 23 cm,Kitap Kağıdı,482.5,16.0,4.0,34.0,299.0,2008.0,208.0,Kadın-Erkek,0,1,3,Diger,0,1,0,0,0,0,0,0,0,0,0,0.5643059490084985,0.3129251700680272,0.5319516407599308,0.045454545454545456,0.001937984496124031,0.024134312696747116,0.042105263157894736,0.75,0.0036335608896718784,0.9999999999999999
Cizreli İzzeddin Şir Bey ve İsyanı,Kitap > Tarih > Türk-Osmanlı > Kitap > Tarih > Kişiler,Tuncay Öğün,YEDİTEPE YAYINEVİ-KAMPANYA,5 / 5 (18 oy),114.0,12.0,0,9.0,"450,00",01.11.2010,TÜRKÇE,464,Karton Kapak,13.5 x 21 cm,Kitap Kağıdı,211.0,6.0,5.0,18.0,450.0,2010.0,464.0,Tarih,0,1,3,Tarih,0,0,0,0,0,0,0,0,1,0,0,0.9065155807365439,0.7482993197278911,0.3937823834196891,0.02181818181818182,0.0,0.00944386149003148,0.015789473684210527,1.0,0.0018718343977097555,0.43613707165109034
