Kitap Adı,Kitabın kategorisi,Kitap Yazarı,Yayınevi,100 Üzerinden Aldığı Puan,Favorilere Ekleyen Kişi Sayısı,Okuyacağım olarak işaretlenmiş sayısı,Okuyorum olarak işaretlenmiş sayısı,Okudum olarak işaretlenmiş sayısı,Liste Fiyatı,Yayın Tarihi,Dil,Sayfa Sayısı,Cilt Tipi,Boyut,Kağıt Cinsi,Toplam Satılma Sayısı,Toplam Yorum Sayısı
Böyle Buyurdu Zerdüşt,Kitap > Edebiyat > Roman (Çeviri),Friedrich Nietzsche,KAPRA YAYINCILIK,5 / 5 (233 oy),7.144,482,56,486,"30,00",28.11.2020,TÜRKÇE,300,Karton Kapak,12.5 x 19.5 cm,Kitap Kağıdı,18253,120
Açlık,Kitap > Edebiyat > Roman (Çeviri),Knut Hamsun,KAPRA YAYINCILIK,5 / 5 (207 oy),4.205,283,41,396,"30,00",01.01.2023,TÜRKÇE,192,Karton Kapak,12.5 x 19.5 cm,Kitap Kağıdı,14466,119
Okumayı Söken Çocuk,Kitap > Çocuk Kitapları > Hikaye,Doç. Dr. Saniye Bencik Kangal,ELMA YAYINEVİ,5 / 5 (58 oy),1.011,57,10,121,"95,00",12.12.2024,TÜRKÇE,32,Karton Kapak,15 x 21.5 cm,Kitap Kağıdı,6366,34
Hıhıcık,Kitap > Çocuk Kitapları > Hikaye,Şermin Yaşar,DOĞAN ÇOCUK,5 / 5 (160 oy),3.401,186,23,422,"189,00",23.11.2021,TÜRKÇE,40,Karton Kapak,13.5 x 19.5 cm,Kitap Kağıdı,12236,84
Simyacı (Ciltsiz),Kitap > Edebiyat > Roman (Çeviri) > Kitap > Orijinal Dil > Portekizce,Paulo Coelho,CAN YAYINLARI,5 / 5 (16605 oy),68.273,6.079,784,25.926,"295,00",28.09.2021,TÜRKÇE,184,Karton Kapak,12 x 19.5 cm,Kitap Kağıdı,211764,8.031
Mira Stres Kulübesinden Ayrılıyor / Duygu Günlüğüm,Kitap > Çocuk Kitapları > Kitap > Çocuk Kitapları > Hikaye,Oya Doğan,TİMAŞ ÇOCUK YAYINLARI,5 / 5 (74 oy),1.552,91,8,169,"100,00",23.09.2023,TÜRKÇE,48,Karton Kapak,15 x 21 cm,Kitap Kağıdı,7142,48
Dijital Dedektifler 4 / Tablet Firarda,Kitap > Çocuk Kitapları > Diğer,Orhan Toker,ACAYİP KİTAPLAR,5 / 5 (38 oy),683,50,4,55,"149,00",31.10.2024,TÜRKÇE,120,Karton Kapak,12 x 19.5 cm,Kitap Kağıdı,2996,21
Geçmişe Bay Bay Geleceğe Hay Hay,Kitap > Kişisel Gelişim,Dilek Cesur,KRONİK KİTAP,5 / 5 (19 oy),791,71,11,29,"245,00",08.05.2025,TÜRKÇE,224,Karton Kapak,13.5 x 19.5 cm,Kitap Kağıdı,2216,13
Bir İdam Mahkumunun Son Günü,Kitap > Edebiyat > Roman (Çeviri),Victor Hugo,KAPRA YAYINCILIK,5 / 5 (440 oy),11.002,746,84,1.257,"20,00",28.11.2020,TÜRKÇE,128,Karton Kapak,12.5 x 19.5 cm,Kitap Kağıdı,31209,268
Uzun Kulak,Kitap > Çocuk Kitapları > Hikaye,Anıl Basılı,TİMAŞ ÇOCUK YAYINLARI,5 / 5 (46 oy),1.035,44,3,113,"90,00",12.01.2024,TÜRKÇE,32,Karton Kapak,15 x 21 cm,Kitap Kağıdı,4782,26
Mutlu Olma Sanatı,Kitap > Felsefe-Düşünce,Epikür,KAPRA YAYINCILIK,5 / 5 (77 oy),1.930,110,8,77,"20,00",16.09.2021,TÜRKÇE,104,Karton Kapak,12.5 x 19.5 cm,Kitap Kağıdı,4888,31
Azdahak,Kitap > Edebiyat > Roman (Yerli),Prof. Dr. İskender Pala,KAPI YAYINLARI,5 / 5 (295 oy),6.010,640,69,491,"395,00",20.08.2025,TÜRKÇE,376,Karton Kapak,13.5 x 19.5 cm,Kitap Kağıdı,11615,190
Zeytindağı (Özgün Metin),Kitap > Siyaset > Siyasal Hayat (Türkiye) > Kitap > Edebiyat > 100 Temel Eser,Falih Rıfkı Atay,POZİTİF YAYINLARI,4 / 5 (2955 oy),22.348,2.023,209,3.451,"150,00",09.06.2023,TÜRKÇE,176,Karton Kapak,13.5 x 21 cm,Kitap Kağıdı,56073,1.398
Ortaya Karışık / Hayat Dediğin 4,Kitap > Çocuk Kitapları > Roman,Doç. Dr. Saniye Bencik Kangal,KRONİK KİTAP,5 / 5 (143 oy),925,102,3,103,"195,00",05.06.2024,TÜRKÇE,96,Karton Kapak,13.5 x 19.5 cm,Kitap Kağıdı,3588,124
Kelebek Zihinli Çocuk,Kitap > Edebiyat > Roman (Çeviri),Victoria Williamson,TİMAŞ GENÇ,5 / 5 (128 oy),2.567,165,16,278,"265,00",01.03.2022,TÜRKÇE,272,Karton Kapak,13.5 x 20.5 cm,Kitap Kağıdı,6571,71
Yabancı,Kitap > Edebiyat > Roman (Çeviri),Albert Camus,CAN YAYINLARI,5 / 5 (275 oy),8.855,369,25,893,"200,00",09.04.2021,TÜRKÇE,112,Karton Kapak,12.5 x 19.5 cm,Kitap Kağıdı,13885,155
Engereğin Gözü,Kitap > Edebiyat > Roman (Yerli),Zülfü Livaneli,İNKILAP KİTABEVİ,5 / 5 (187 oy),7.193,357,27,583,"310,00",09.04.2025,TÜRKÇE,144,Karton Kapak,13.7 x 23 cm,Kitap Kağıdı,13616,126
Dil Belası - Dilin Afetleri,Kitap > İslam > Kültür,İmam Gazali,ÇELİK YAYINEVİ,5 / 5 (442 oy),11.526,648,125,664,"160,00",24.11.2016,TÜRKÇE,248,Karton Kapak,13.5 x 21 cm,Kitap Kağıdı,23261,273
Cesaret Sandığı,Kitap > Çocuk Kitapları > Okul Öncesi > Masal,Şermin Yaşar,ELMA YAYINEVİ,5 / 5 (285 oy),2.417,105,10,356,"189,00",27.04.2017,TÜRKÇE,32,Karton Kapak,19 x 24 cm,Kitap Kağıdı,9154,125
Vejetaryen,Kitap > Edebiyat > Roman (Çeviri),Han Kang,APRIL YAYINCILIK,4 / 5 (404 oy),4.909,328,32,576,"280,00",18.10.2024,TÜRKÇE,160,Karton Kapak,14 x 21 cm,Kitap Kağıdı,8965,220
Şehirdeki Gizemli Sinyal - Faruk,Kitap > Çocuk Kitapları > Hikaye,Caner Sarıoğlu,TİMAŞ ÇOCUK YAYINLARI,5 / 5 (186 oy),2.642,186,29,433,"110,00",19.09.2023,TÜRKÇE,64,Karton Kapak,12.5 x 19.5 cm,Kitap Kağıdı,25050,117
Dijital Dedektifler 1 / Kamera Arkası,Kitap > Çocuk Kitapları > Diğer,Orhan Toker,ACAYİP KİTAPLAR,5 / 5 (115 oy),1.467,109,9,196,"149,00",24.04.2024,TÜRKÇE,120,Karton Kapak,12 x 19.5 cm,Kitap Kağıdı,8335,73
Ayaşlı ile Kiracıları,Kitap > Edebiyat > Roman (Yerli),Memduh Şevket Esendal,KAPRA YAYINCILIK,5 / 5 (108 oy),1.882,141,11,126,"30,00",12.01.2023,TÜRKÇE,248,Karton Kapak,12.5 x 19.5 cm,Kitap Kağıdı,4886,70
Saç Örgüsü,Kitap > Edebiyat > Roman (Çeviri),Laetitia Colombani,YAN PASAJ,5 / 5 (304 oy),8.114,349,38,759,"240,00",12.02.2024,TÜRKÇE,188,Karton Kapak,13.5 x 19.5 cm,Kitap Kağıdı,12508,218
Büyük Dostum,Kitap > Çocuk Kitapları > Hikaye,Anıl Basılı,TİMAŞ İLK GENÇ,5 / 5 (163 oy),2.814,188,35,396,"125,00",10.11.2022,TÜRKÇE,112,Karton Kapak,12.5 x 19.5 cm,Kitap Kağıdı,12313,98
Sevgili Arsız Ölüm,Kitap > Edebiyat > Roman (Yerli),Latife Tekin,CAN YAYINLARI,4 / 5 (539 oy),5.620,389,48,585,"300,00",17.10.2019,TÜRKÇE,248,Karton Kapak,12.5 x 19.5 cm,Kitap Kağıdı,12301,262
BağlanmaAşkı Bulmanın ve Korumanın Bilimsel Yolları,Kitap > Kişisel Gelişim,Amir Levine,AGANTA KİTAP,5 / 5 (194 oy),7.109,310,38,296,"350,00",16.06.2023,TÜRKÇE,239,Karton Kapak,13.6 x 21 cm,Kitap Kağıdı,10746,112
İslamın Dirilişi,Kitap > İslam > Günümüz İslam Düşüncesi > Kitap > Felsefe-Düşünce > Genel,Sezai Karakoç,DİRİLİŞ YAYINLARI,5 / 5 (1803 oy),9.583,1.143,136,1.916,"60,00",09.02.2017,TÜRKÇE,68,Karton Kapak,13 x 19.5 cm,Kitap Kağıdı,43164,697
Yeraltından Notlar,Kitap > Edebiyat > Roman (Çeviri),Fyodor Mihailoviç Dostoyevski,KAPRA YAYINCILIK,5 / 5 (296 oy),8.830,536,77,933,"20,00",28.11.2020,TÜRKÇE,136,Karton Kapak,12.5 x 19.5 cm,Kitap Kağıdı,23864,166
4 Gün 3 Gece,Kitap > Edebiyat > Roman (Yerli),Ayşe Kulin,EVEREST YAYINLARI,4 / 5 (164 oy),3.008,296,30,467,"225,00",10.05.2024,TÜRKÇE,160,Karton Kapak,13.5 x 19.5 cm,Kitap Kağıdı,7588,120
Bir Delikanlının Büyüme Rehberi (Larvadan Kurbağaya),Kitap > Psikoloji > İnceleme,Hatice Kübra Tongar,AİLE YAYINLARI,5 / 5 (20 oy),679,47,1,30,"190,00",10.10.2024,TÜRKÇE,112,Karton Kapak,13.5 x 21 cm,Kitap Kağıdı,2154,12
Sarmal,Kitap > Siyaset > Araştırma-İnceleme,Murat Ağırel,KIRMIZI KEDİ YAYINEVİ,4 / 5 (347 oy),2.071,216,18,356,"400,00",17.04.2024,TÜRKÇE,352,Karton Kapak,13.3 x 23 cm,Kitap Kağıdı,11954,135
"Çocuk, Köstebek, Tilki ve At",Kitap > Çocuk Kitapları > Diğer,Charlie Mackesy,MUNDİ,5 / 5 (228 oy),7.519,305,18,418,"725,00",15.08.2023,TÜRKÇE,128,Ciltli,16.5 x 21.5 cm,Kitap Kağıdı,9583,151
Rezonans Kanunu,Kitap > Kişisel Gelişim,Pierre Franckh,KORİDOR YAYINCILIK,5 / 5 (473 oy),18.424,1.047,202,1.202,"240,00",07.03.2019,TÜRKÇE,206,Karton Kapak,13.5 x 19.5 cm,Kitap Kağıdı,36874,330
Yedek Kaleci,Kitap > Çocuk Kitapları > Hikaye,Hüseyin Keleş,TİMAŞ ÇOCUK YAYINLARI,5 / 5 (94 oy),1.418,77,14,190,"110,00",08.03.2024,TÜRKÇE,64,Karton Kapak,12.5 x 19.5 cm,Kitap Kağıdı,8172,50
Büyük Defter - Kanıt - Üçüncü Yalan,Kitap > Edebiyat > Roman (Çeviri),Agota Kristof,YAPI KREDİ YAYINLARI,5 / 5 (231 oy),6.786,340,42,423,"250,00",23.01.2024,TÜRKÇE,372,Karton Kapak,13.5 x 21 cm,Kitap Kağıdı,7815,133
Hayal Orkestrası,Kitap > Çocuk Kitapları > Hikaye,Sezer Ortadağ,TİMAŞ ÇOCUK YAYINLARI,5 / 5 (23 oy),606,26,1,40,"140,00",07.10.2024,TÜRKÇE,96,Karton Kapak,12.5 x 19.5 cm,Kitap Kağıdı,2958,17
Zamanı Durdurmanın Yolları,Kitap > Edebiyat > Roman (Çeviri),Matt Haig,DOMİNGO YAYINEVİ,5 / 5 (704 oy),12.897,795,95,1.189,"295,00",05.11.2018,TÜRKÇE,328,Karton Kapak,14 x 21 cm,Kitap Kağıdı,20142,390
Süper Gazeteciler 1,Kitap > Çocuk Kitapları > Roman,Aytül Akal,TUDEM YAYINEVİ,5 / 5 (46 oy),874,65,9,96,"240,00",10.09.2021,TÜRKÇE,192,Karton Kapak,13.5 x 19.5 cm,Kitap Kağıdı,6697,20
Çıkmaz Sokağın Ressamı,Kitap > Çocuk Kitapları > Roman,Yaşar Bayraktar,TİMAŞ İLK GENÇ,5 / 5 (24 oy),441,20,1,26,"150,00",04.12.2024,TÜRKÇE,128,Karton Kapak,12.5 x 19.5 cm,Kitap Kağıdı,2809,9
İnsancıklar,Kitap > Edebiyat > Roman (Çeviri),Fyodor Mihailoviç Dostoyevski,KAPRA YAYINCILIK,5 / 5 (281 oy),9.177,447,44,686,"50,00",13.01.2021,TÜRKÇE,176,Karton Kapak,12.5 x 19.5 cm,Kitap Kağıdı,21848,151
Sen Annen Değilsin,Kitap > Psikoloji > İnceleme,Hatice Kübra Tongar,AİLE YAYINLARI,5 / 5 (110 oy),1.797,145,20,54,"290,00",06.12.2024,TÜRKÇE,192,Karton Kapak,15.5 x 23 cm,Kitap Kağıdı,3533,104
Gün Olur Asra Bedel,Kitap > Edebiyat > Roman (Çeviri),Cengiz Aytmatov,KETEBE YAYINEVİ,5 / 5 (307 oy),6.387,441,57,778,"135,00",02.06.2021,TÜRKÇE,444,Karton Kapak,13.5 x 21 cm,Kitap Kağıdı,13098,168
Birbirimize Her Şeyi Söyleyebilirdik,Kitap > Edebiyat > Anı (Hatırat),Judith Hermann,SİA KİTAP,4 / 5 (39 oy),2.189,103,8,50,"200,00",07.01.2025,TÜRKÇE,160,Karton Kapak,13.5 x 19.5 cm,Kitap Kağıdı,2198,18
Genç Werther’in Acıları,Kitap > Edebiyat > Roman (Çeviri),Johann Wolfgang Goethe,KAPRA YAYINCILIK,5 / 5 (231 oy),5.788,363,48,664,"20,00",21.01.2021,TÜRKÇE,120,Karton Kapak,12.5 x 19.5 cm,Kitap Kağıdı,15835,126
Yuan Huan’ın Kulübesi,Kitap > Çocuk Kitapları > Diğer,Miyase Sertbarut,TUDEM YAYINEVİ,5 / 5 (223 oy),3.604,225,20,429,"180,00",04.10.2024,TÜRKÇE,136,Karton Kapak,13.5 x 19.5 cm,Kitap Kağıdı,21592,126
Kadın Beyni Erkek Beyni,Kitap > Bilim & Mühendislik > Popüler Bilim > Kitap > Kişisel Gelişim,Serkan Karaismailoğlu,ELMA YAYINEVİ,5 / 5 (1477 oy),12.925,925,99,1.852,"240,00",03.02.2016,TÜRKÇE,224,Karton Kapak,13.5 x 21 cm,Kitap Kağıdı,29940,847
Kitaplardan Korkan Çocuk,"Kitap > Çocuk Kitapları > 6-12 Yaş > Hikaye, Roman & Masal > Kitap > Orijinal Dil > İtalyanca",Susanna Tamaro,CAN ÇOCUK YAYINLARI,5 / 5 (1989 oy),9.183,785,89,2.161,"150,00",31.10.2019,TÜRKÇE,44,Karton Kapak,12.5 x 19.5 cm,Kitap Kağıdı,68261,864
Benim Zürafam Uçabilir,Kitap > Çocuk Kitapları > Diğer,Mert Arık,TİMAŞ ÇOCUK YAYINLARI,5 / 5 (959 oy),10.787,842,130,2.304,"125,00",14.10.2021,TÜRKÇE,64,Karton Kapak,12.5 x 19.5 cm,Kitap Kağıdı,71194,594
Gurur ve Önyargı,Kitap > Edebiyat > Roman (Çeviri),Jane Austen,KAPRA YAYINCILIK,5 / 5 (140 oy),5.026,245,35,331,"33,00",23.06.2021,TÜRKÇE,368,Karton Kapak,12.5 x 19.5 cm,Kitap Kağıdı,11238,85
Yaşamak Cesaret İster,Kitap > Kişisel Gelişim,Yılmaz Özdil,SİA KİTAP,5 / 5 (72 oy),1.842,221,25,130,"250,00",06.11.2024,TÜRKÇE,256,Karton Kapak,13.7 x 23 cm,Kitap Kağıdı,4452,44
Masumiyet Müzesi,Kitap > Edebiyat > Roman (Yerli),Orhan Pamuk,YAPI KREDİ YAYINLARI,4 / 5 (2340 oy),37.713,2.049,250,3.539,"460,00",14.02.2024,TÜRKÇE,524,Karton Kapak,13.5 x 21 cm,Kitap Kağıdı,51829,1.209
Tersine Okul,Kitap > Çocuk Kitapları > Hikaye,Funda Uçuk Er,TİMAŞ ÇOCUK YAYINLARI,5 / 5 (20 oy),551,30,5,23,"110,00",08.07.2025,TÜRKÇE,64,Karton Kapak,12.5 x 19.5 cm,Kitap Kağıdı,2433,15
Bir Ömür Nasıl Yaşanır?Hayatta Doğru Seçimler İçin Öneriler,Kitap > Kişisel Gelişim,Prof. Dr. İlber Ortaylı,KRONİK KİTAP,5 / 5 (8357 oy),41.473,4.335,863,8.142,"295,00",23.07.2025,TÜRKÇE,288,Karton Kapak,13.5 x 21 cm,Kitap Kağıdı,171566,4.224
Adem’den Önce,Kitap > Edebiyat > Roman (Çeviri),Jack London,KAPRA YAYINCILIK,5 / 5 (170 oy),2.887,228,16,313,"20,00",28.11.2020,TÜRKÇE,120,Karton Kapak,12.5 x 19.5 cm,Kitap Kağıdı,8560,94
Kuyucaklı Yusuf,Kitap > Edebiyat > Roman (Yerli) > Kitap > Edebiyat > 100 Temel Eser,Sabahattin Ali,YAPI KREDİ YAYINLARI,5 / 5 (10709 oy),29.709,3.996,521,16.048,"65,00",06.08.2019,TÜRKÇE,221,Karton Kapak,13.5 x 21 cm,Kitap Kağıdı,136287,4.943
Suç ve Ceza (2 Cilt),Kitap > Edebiyat > Roman (Çeviri) > Kitap > Edebiyat > 100 Temel Eser,Fyodor Mihailoviç Dostoyevski,KAPRA YAYINCILIK,5 / 5 (155 oy),3.739,312,42,439,"120,00",16.04.2021,TÜRKÇE,636,Karton Kapak,12.5 x 19.5 cm,Kitap Kağıdı,11799,98
Platin Üyelik 1 Aylık Abonelik,Çeşitli > Abonelik > Çeşitli > Dijital Ürün,Bilgi Yok,KİTAPYURDU,5 / 5 (403 oy),1.320,0,0,0,,01.07.2022,Bilgi Yok,Bilgi Yok,Bilgi Yok,Bilgi Yok,Bilgi Yok,Bilgi Yok,220
Hyunam - Dong Kitabevi,Kitap > Edebiyat > Roman (Çeviri),Hwang Bo - Reum,ATHİCA YAYINLARI,4 / 5 (218 oy),9.586,442,85,535,"300,00",07.03.2024,TÜRKÇE,288,Karton Kapak,13.5 x 21 cm,Kitap Kağıdı,10994,146
Gençlere Tavsiyeler (Eyyühe’l-VeledKavaidü’l-Aşar),Kitap > İslam > Eğitim-Öğretim,İmam Gazali,ÇELİK YAYINEVİ,5 / 5 (132 oy),6.485,253,28,233,"95,00",31.08.2022,TÜRKÇE,68,Karton Kapak,13.5 x 21 cm,Kitap Kağıdı,8841,79
Dinozorlar Kitabı (Bez Çanta Hediyeli),Kitap > Başvuru Kitapları > Ansiklopedi,Kolektif,MATARA ÇOCUK,5 / 5 (59 oy),1.511,146,36,95,"240,00",29.07.2021,TÜRKÇE,104,Karton Kapak,21 x 30 cm,Kuşe Kağıt,2240,32
Tatar Çölü,Kitap > Edebiyat > Roman (Çeviri) > Kitap > Orijinal Dil > İtalyanca,Dino Buzzati,İLETİŞİM YAYINLARI,5 / 5 (1336 oy),13.708,853,87,1.602,"300,00",03.08.2021,TÜRKÇE,232,Karton Kapak,13.5 x 19.5 cm,Kitap Kağıdı,21577,731
İçimdeki Hayal,Kitap > Çocuk Kitapları > Hikaye,Sharon M. Draper,TİMAŞ GENÇ,5 / 5 (40 oy),1.808,131,10,70,"270,00",07.05.2025,TÜRKÇE,288,Karton Kapak,13.5 x 20.5 cm,Kitap Kağıdı,3481,24
Kraliçeyi Kurtarmak,"Kitap > Çocuk Kitapları > 6-12 Yaş > Hikaye, Roman & Masal",Vladimir Tumanov,GÜNIŞIĞI KİTAPLIĞI,5 / 5 (1522 oy),6.775,733,93,1.816,"285,00",15.09.2025,TÜRKÇE,160,Karton Kapak,12 x 18 cm,Kitap Kağıdı,63621,690
Esir Şehrin İnsanları,Kitap > Edebiyat > Roman (Yerli),Kemal Tahir,KETEBE YAYINEVİ,5 / 5 (175 oy),7.237,320,34,297,"399,00",08.12.2022,TÜRKÇE,448,Karton Kapak,13.5 x 21 cm,Kitap Kağıdı,10120,89
Yeşil Peri Gecesi,Kitap > Edebiyat > Roman (Yerli),Ayfer Tunç,CAN YAYINLARI,5 / 5 (585 oy),9.271,491,56,905,"490,00",20.04.2022,TÜRKÇE,472,Karton Kapak,13.5 x 19.5 cm,Kitap Kağıdı,15281,366
Dönüşüm,Kitap > Edebiyat > Roman (Çeviri),Franz Kafka,KAPRA YAYINCILIK,5 / 5 (187 oy),4.045,211,26,841,"20,00",21.12.2020,TÜRKÇE,64,Karton Kapak,12.5 x 19.5 cm,Kitap Kağıdı,12673,113
Zengin Baba Yoksul Baba,Kitap > Ekonomi > İş Dünyası > Kitap > Orijinal Dil > İngilizce,Robert T. Kiyosaki,ALFA YAYINLARI,4 / 5 (316 oy),10.117,586,74,557,"495,00",15.12.2023,TÜRKÇE,400,Karton Kapak,13.5 x 21 cm,Kitap Kağıdı,13115,221
Bu Kadar Tantana Yeter,Kitap > Çocuk Kitapları > Hikaye,Mert Arık,TİMAŞ ÇOCUK YAYINLARI,5 / 5 (178 oy),3.016,130,13,383,"90,00",02.04.2024,TÜRKÇE,32,Karton Kapak,15 x 21 cm,Kitap Kağıdı,15383,107
Hachiko (Karton Kapak),Kitap > Edebiyat > Roman (Çeviri),Leslea Newman,YAKAMOZ YAYINCILIK,5 / 5 (75 oy),888,65,13,165,"150,00",14.01.2022,TÜRKÇE,160,Karton Kapak,13.5 x 19.5 cm,Kitap Kağıdı,6949,36
Senden Ayrı,Kitap > Edebiyat > Roman (Çeviri),Krista Ritchie,MARTI YAYINLARI,4 / 5 (12 oy),590,24,0,33,"295,00",16.01.2023,TÜRKÇE,368,Karton Kapak,13.5 x 21 cm,Kitap Kağıdı,551,7
Yelekler Arası / Hayat Dediğin 1,Kitap > Çocuk Kitapları > Roman,Doç. Dr. Saniye Bencik Kangal,KRONİK KİTAP,5 / 5 (115 oy),1.447,113,8,235,"195,00",20.02.2024,TÜRKÇE,96,Karton Kapak,13.5 x 19.5 cm,Kitap Kağıdı,7756,69
Diken ve KaranfilFilistin’in Bilinmeyen Hikâyesi,Kitap > Edebiyat > Anı (Hatırat),Yahya Sinvar,EKİN YAYINLARI,5 / 5 (104 oy),2.400,239,58,129,"450,00",26.04.2024,TÜRKÇE,462,Karton Kapak,13.5 x 21 cm,Kitap Kağıdı,4382,76
Prens,Kitap > Siyaset > Araştırma-İnceleme,Niccolo Machiavelli,KAPRA YAYINCILIK,5 / 5 (88 oy),2.749,144,29,177,"20,00",16.04.2021,TÜRKÇE,112,Karton Kapak,12.5 x 19.5 cm,Kitap Kağıdı,8023,49
Gel Dünyayı KeşfedelimGezgin Bir Tarihçinin Seyahat Defteri,Kitap > Tarih > Seyahatname > Kitap > Turizm-Gezi > Diğer,Prof. Dr. İlber Ortaylı,KRONİK KİTAP,5 / 5 (125 oy),3.888,275,34,145,"295,00",20.05.2024,TÜRKÇE,288,Karton Kapak,13.5 x 21 cm,Kitap Kağıdı,6750,72
İnsanları Etkileme Sanatı,Kitap > Felsefe-Düşünce > Diğer,Jocelyn Davis,SALTOKUR,4 / 5 (28 oy),4.356,207,20,62,"220,00",27.04.2024,TÜRKÇE,266,Karton Kapak,13 x 20 cm,Kitap Kağıdı,2202,12
Fatih Sultan Mehmed,Kitap > Tarih > Türk-Osmanlı,Prof. Dr. İlber Ortaylı,KRONİK KİTAP,5 / 5 (109 oy),3.351,387,39,124,"345,00",23.07.2025,TÜRKÇE,448,Karton Kapak,13.5 x 21 cm,Kitap Kağıdı,5446,54
Sınır Var Sinir Yok (Karton Kapak),Kitap > Eğitim > Çocuk Eğitimi,Doç. Dr. Saniye Bencik Kangal,DOĞAN KİTAP,5 / 5 (80 oy),3.456,243,39,136,"195,00",11.02.2025,TÜRKÇE,200,Karton Kapak,13.7 x 21 cm,Kitap Kağıdı,10043,54
Zerdali / Dedemle Bir Yıl,Kitap > Çocuk Kitapları > Hikaye,Yaşar Bayraktar,TİMAŞ İLK GENÇ,5 / 5 (125 oy),2.341,147,23,269,,14.03.2025,TÜRKÇE,144,Karton Kapak,12.5 x 19.5 cm,Kitap Kağıdı,15481,73
Bir Genç Kızın Büyüme Rehberi (Tırtıldan Kelebeğe),Kitap > Psikoloji > İnceleme,Hatice Kübra Tongar,AİLE YAYINLARI,5 / 5 (27 oy),1.308,96,10,66,"190,00",10.10.2024,TÜRKÇE,112,Karton Kapak,13.5 x 21 cm,Kitap Kağıdı,3824,16
Emanet Çocuk,Kitap > Edebiyat > Roman (Çeviri),Claire Keegan,JAGUAR KİTAP,5 / 5 (214 oy),3.439,165,10,354,"150,00",30.04.2021,TÜRKÇE,80,Karton Kapak,12.8 x 19.7 cm,Kitap Kağıdı,5136,109
Müziğin Rengi,Kitap > Çocuk Kitapları > Roman,Ferhat Taştekin,TİMAŞ İLK GENÇ,5 / 5 (24 oy),477,29,3,34,,09.04.2025,TÜRKÇE,128,Karton Kapak,12.5 x 19.5 cm,Kitap Kağıdı,2459,8
Beş Sevgi Dili- Sevdiğiniz İnsana Yürekten Bağlılığınızı Nasıl İfade Edersiniz,Kitap > Kişisel Gelişim,Gary Chapman,KORİDOR YAYINCILIK,5 / 5 (1200 oy),11.304,630,100,1.372,"220,00",01.01.2012,TÜRKÇE,226,Karton Kapak,13.5 x 19.5 cm,Kitap Kağıdı,30610,766
Uzaya Giden Tren,Kitap > Çocuk Kitapları > Diğer,Mert Arık,TİMAŞ ÇOCUK YAYINLARI,5 / 5 (635 oy),9.393,649,102,1.642,"125,00",22.09.2023,TÜRKÇE,64,Karton Kapak,12.5 x 19.5 cm,Kitap Kağıdı,57347,380
Japon Çocuk Öyküleri,Kitap > Edebiyat > Hikaye (Çeviri),Kolektif,İTHAKİ YAYINLARI,4 / 5 (15 oy),514,25,1,26,"120,00",08.08.2023,TÜRKÇE,136,Karton Kapak,12.5 x 19.5 cm,Kitap Kağıdı,498,4
Zoe'nin Masasından,Kitap > Çocuk Kitapları > Roman,Janae Marks,TİMAŞ GENÇ,5 / 5 (86 oy),1.984,164,24,196,"230,00",26.02.2024,TÜRKÇE,240,Karton Kapak,13.5 x 20.5 cm,Kitap Kağıdı,5037,50
Muhtelif 1İslam'a Yönelik İtirazlar ve Cevaplar,Kitap > Din > İslamiyet,Altay Cem Meriç,İNSAN YAYINLARI,5 / 5 (318 oy),5.219,656,103,445,"190,00",03.07.2023,TÜRKÇE,184,Karton Kapak,13.5 x 21 cm,Kitap Kağıdı,15276,185
Yazıyı Bulan Çocuk,Kitap > Çocuk Kitapları > Roman,Sinan Yaşar,FOM KİTAP,5 / 5 (344 oy),3.537,227,27,625,"192,00",04.03.2024,TÜRKÇE,120,Karton Kapak,13 x 21 cm,Kitap Kağıdı,23503,193
Bahtına Düştüm Ya Rab!,Kitap > Din > Diğer,Mehmet  Yıldız,TİMAŞ YAYINLARI,5 / 5 (136 oy),2.062,161,24,93,"290,00",20.04.2024,TÜRKÇE,232,Karton Kapak,13.5 x 21 cm,Kitap Kağıdı,6396,120
1984,Kitap > Edebiyat > Roman (Çeviri) > Kitap > Orijinal Dil > İngilizce,George Orwell,CAN YAYINLARI,5 / 5 (18882 oy),59.704,9.196,1.450,22.563,"155,00",25.04.2019,TÜRKÇE,352,Karton Kapak,12.5 x 19.5 cm,Kitap Kağıdı,196994,8.313
Nefs Terbiyesi ve Ahlakı Güzelleştirme,Kitap > İslam > Araştırma-İnceleme,İmam Gazali,ÇELİK YAYINEVİ,5 / 5 (280 oy),10.233,637,100,551,"110,00",19.01.2021,TÜRKÇE,125,Karton Kapak,13.5 x 21 cm,Kitap Kağıdı,19390,143
Sisin Sakladıkları 1,"Kitap > Çocuk Kitapları > 12+ Yaş > Hikaye, Roman & Masal",Miyase Sertbarut,TUDEM YAYINEVİ,5 / 5 (329 oy),1.707,209,23,356,"240,00",01.10.2018,TÜRKÇE,224,Karton Kapak,13.4 x 19.5 cm,Kitap Kağıdı,16632,133
Türkiye'nin Maarif Davası,Kitap > Kültür > Kültür Yazıları > Kitap > Siyaset > Siyasal Yazılar-Tezler > Kitap > Eğitim > Diğer,Nurettin Topçu,DERGAH YAYINLARI,5 / 5 (1582 oy),7.517,894,119,1.293,"250,00",27.07.2016,TÜRKÇE,203,Karton Kapak,13.5 x 21 cm,Kitap Kağıdı,29585,676
Bugün Kalan Hayatımın İlk Günü,Kitap > Edebiyat > Roman (Çeviri),Maud Ankaoua,YAN PASAJ,4 / 5 (79 oy),5.175,216,27,230,"290,00",15.06.2023,TÜRKÇE,304,Karton Kapak,13.5 x 19.5 cm,Kitap Kağıdı,6238,58
Muhtelif 2 / İslam’a İtirazlar ve Cevapları,Kitap > Din > İslamiyet,Altay Cem Meriç,TİN YAYINLARI,5 / 5 (76 oy),1.866,152,22,81,"225,00",22.02.2025,TÜRKÇE,192,Karton Kapak,13.5 x 21 cm,Kitap Kağıdı,3420,39
Martin Eden,Kitap > Edebiyat > Roman (Çeviri) > Kitap > Orijinal Dil > İngilizce,Jack London,TÜRKİYE İŞ BANKASI KÜLTÜR YAYINLARI,5 / 5 (3312 oy),24.043,2.332,307,3.680,"170,00",18.08.2023,TÜRKÇE,520,Karton Kapak,13 x 19.5 cm,Kitap Kağıdı,33612,1.716
Dijital Dedektifler 2 / Oyunun Sonu,Kitap > Çocuk Kitapları > Diğer,Orhan Toker,ACAYİP KİTAPLAR,5 / 5 (93 oy),1.415,93,8,180,"149,00",05.06.2024,TÜRKÇE,128,Karton Kapak,12 x 19.5 cm,Kitap Kağıdı,11209,54
Mutlu Evliliğin Sırları,Kitap > Eğitim > Annelik-Babalık-Aile,Mehmet  Yıldız,TİMAŞ YAYINLARI,5 / 5 (87 oy),1.093,151,9,39,"350,00",08.10.2024,TÜRKÇE,296,Karton Kapak,13.5 x 21 cm,Kitap Kağıdı,6231,82
"Tüfek, Mikrop ve Çelik (Karton Kapak)",Kitap > Bilim & Mühendislik > Popüler Bilim,Jared Diamond,PEGASUS YAYINLARI,5 / 5 (3514 oy),26.592,3.389,516,2.537,"799,98",28.09.2018,TÜRKÇE,664,Karton Kapak,13.5 x 21 cm,Kitap Kağıdı,72712,1.599
Geliştiren Anne-Baba,Kitap > Çocuk Kitapları > Ana-Baba kitapları > Kitap > Eğitim > Annelik-Babalık-Aile,Doğan Cüceloğlu,KRONİK KİTAP,5 / 5 (345 oy),13.142,583,103,719,"245,00",08.11.2021,TÜRKÇE,192,Karton Kapak,13.5 x 21 cm,Kitap Kağıdı,27535,207
İntihar Dükkanı,Kitap > Edebiyat > Roman (Çeviri),Jean Teule,SEL YAYINCILIK,4 / 5 (467 oy),8.598,390,41,753,"180,00",23.09.2022,TÜRKÇE,144,Karton Kapak,13.5 x 21 cm,Kitap Kağıdı,9884,278
İnsan Vücudu Tiyatrosu,Kitap > Çocuk Kitapları > Kaynak Kitaplar > Bilim,Maris Wicks,DOMİNGO ÇOCUK,5 / 5 (965 oy),7.631,597,120,1.197,"380,00",19.09.2022,TÜRKÇE,240,Karton Kapak,15.5 x 22 cm,Kitap Kağıdı,32408,630
İyilik Timi,Kitap > Çocuk Kitapları > Roman,Metin Özdamarlar,TİMAŞ İLK GENÇ,5 / 5 (269 oy),3.634,322,54,453,"145,00",18.07.2025,TÜRKÇE,144,Karton Kapak,12.5 x 19.5 cm,Kitap Kağıdı,34201,178
Algernon'a Çiçekler,Kitap > Edebiyat > Roman (Çeviri) > Kitap > Orijinal Dil > İngilizce,Daniel Keyes,KORİDOR YAYINCILIK,5 / 5 (1397 oy),16.281,1.039,158,2.204,"270,00",18.03.2015,TÜRKÇE,325,Karton Kapak,13.5 x 21 cm,Kitap Kağıdı,27831,861
"Öfke, Kin, Haset ve Kurtuluş Yolları",Kitap > İslam > Tasavvuf,İmam Gazali,ÇELİK YAYINEVİ,5 / 5 (66 oy),4.131,114,18,103,"160,00",01.04.2022,TÜRKÇE,176,Karton Kapak,13.5 x 21 cm,Kitap Kağıdı,4736,42
Dört Anlaşma: Toltek Bilgelik Kitabı,Kitap > Kişisel Gelişim,Don Miguel Ruiz,ÖTESİ YAYINCILIK,5 / 5 (1183 oy),10.976,712,105,1.547,"200,00",30.07.2021,TÜRKÇE,122,Karton Kapak,13.5 x 19.5 cm,Kitap Kağıdı,38996,614
Bağırmayalım da Ne Yapalım?,Kitap > Eğitim > Çocuk Eğitimi,Hatice Kübra Tongar,AİLE YAYINLARI,5 / 5 (83 oy),1.129,105,20,38,"200,00",04.07.2025,TÜRKÇE,208,Karton Kapak,15.5 x 23 cm,Kitap Kağıdı,5427,75
Günübirlik Hayatlar,Kitap > Psikoloji > İnceleme > Kitap > Orijinal Dil > İngilizce,Irvin D. Yalom,PEGASUS YAYINLARI,4 / 5 (1542 oy),19.381,1.307,120,1.916,"299,98",15.03.2016,TÜRKÇE,208,Karton Kapak,13.5 x 21 cm,Kitap Kağıdı,34772,744
Toplum Sözleşmesi,Kitap > Siyaset > Araştırma-İnceleme,Jean Jacques Rousseau,KAPRA YAYINCILIK,5 / 5 (262 oy),5.604,422,54,376,"40,00",28.11.2020,TÜRKÇE,144,Karton Kapak,12.5 x 19.5 cm,Kitap Kağıdı,16577,123
Yaşamak,Kitap > Edebiyat > Roman (Çeviri),Yu Hua,JAGUAR KİTAP,5 / 5 (2355 oy),37.464,2.288,223,4.199,"240,00",28.11.2019,TÜRKÇE,210,Karton Kapak,12.8 x 19.7 cm,Kitap Kağıdı,60948,1.460
İnci,Kitap > Edebiyat > Roman (Çeviri),John Steinbeck,İLETİŞİM YAYINLARI,5 / 5 (74 oy),2.812,113,7,211,"185,00",12.10.2023,TÜRKÇE,92,Karton Kapak,13 x 19.5 cm,Kitap Kağıdı,4003,46
Pal Sokağı Çocukları,Kitap > Edebiyat > Roman (Çeviri),Ferenc Molnar,KAPRA YAYINCILIK,5 / 5 (203 oy),6.476,360,33,484,"40,00",01.01.2023,TÜRKÇE,200,Karton Kapak,12.5 x 19.5 cm,Kitap Kağıdı,19156,129
Beni Kandıramaz,Kitap > Çocuk Kitapları > Diğer,Orhan Toker,ACAYİP KİTAPLAR,5 / 5 (33 oy),1.217,136,27,69,"110,00",28.05.2025,TÜRKÇE,72,Karton Kapak,12 x 19.5 cm,Kitap Kağıdı,3243,21
Söyleme Bilmesinler,Kitap > Edebiyat > Roman (Yerli),Şermin Yaşar,DOĞAN KİTAP,5 / 5 (848 oy),12.751,952,108,2.058,"220,00",22.12.2023,TÜRKÇE,200,Karton Kapak,13.5 x 19.5 cm,Kitap Kağıdı,30241,684
Tanturalı Kadın,Kitap > Edebiyat > Roman (Çeviri),Radva Aşur,KETEBE YAYINEVİ,5 / 5 (104 oy),1.294,118,17,126,"339,00",14.11.2024,TÜRKÇE,400,Karton Kapak,13.5 x 21 cm,Kitap Kağıdı,3118,53
Yaşlı Adam ve Deniz,Kitap > Çocuk Kitapları > 100 Temel Eser > Kitap > Edebiyat > Roman (Çeviri),Ernest Hemingway,BİLGİ YAYINEVİ,5 / 5 (2153 oy),17.866,1.253,91,3.050,"180,00",01.04.2019,TÜRKÇE,88,Karton Kapak,13.5 x 19.5 cm,Kitap Kağıdı,36059,1.042
İlham Çobanı,Kitap > Çocuk Kitapları > Hikaye,Tuğba Coşkuner,CEZVE ÇOCUK,5 / 5 (34 oy),1.360,108,17,86,"215,00",03.02.2025,TÜRKÇE,96,Karton Kapak,16.5 x 23.5 cm,Kitap Kağıdı,2540,19
Pediatrik Acil Servis Order-Reçete El Kitabı,Kitap > Sağlık-Tıp,Dr. Muhammed Emrullah Yıldırım,KİTAPYURDU DOĞRUDAN YAYINCILIK (KDY),5 / 5 (12 oy),278,8,3,6,,26.07.2024,TÜRKÇE,126,Karton Kapak,15 x 22.5 cm,1. Hm. Kağıt,4105,7
Dijital Dedektifler 3 / Sosyal Maskara,Kitap > Çocuk Kitapları > Diğer,Orhan Toker,ACAYİP KİTAPLAR,5 / 5 (66 oy),909,71,6,134,"149,00",06.06.2024,TÜRKÇE,128,Karton Kapak,12 x 19.5 cm,Kitap Kağıdı,4495,33
Serenad,Kitap > Edebiyat > Roman (Yerli),Zülfü Livaneli,İNKILAP KİTABEVİ,5 / 5 (217 oy),9.313,296,57,1.184,"455,00",16.11.2021,TÜRKÇE,416,Karton Kapak,13.7 x 23 cm,Kitap Kağıdı,11763,171
Biomortem / Glia,Kitap > Edebiyat > Roman (Yerli),Serkan Karaismailoğlu,ORTAPİA,5 / 5 (115 oy),2.973,276,29,178,"295,00",22.04.2025,TÜRKÇE,261,Karton Kapak,13.5 x 21 cm,Kitap Kağıdı,7035,79
Can Borcu,Kitap > Edebiyat > Roman (Yerli),Piraye,MONA KİTAP,4 / 5 (40 oy),1.883,97,21,82,"575,00",04.09.2025,TÜRKÇE,592,Karton Kapak,13.5 x 21 cm,Kitap Kağıdı,3533,23
Şu Hortumlu Dünyada Fil Yalnız Bir Hayvandır (ciltsiz),Kitap > Kişisel Gelişim,Ahmet Şerif İzgören,ELMA YAYINEVİ,5 / 5 (2199 oy),10.731,783,89,2.833,"179,00",02.04.2019,TÜRKÇE,176,Karton Kapak,14 x 21 cm,Kitap Kağıdı,35998,1.277
Arachnoid Mater,Kitap > Edebiyat > Roman (Yerli),Serkan Karaismailoğlu,ELMA YAYINEVİ,5 / 5 (851 oy),7.237,590,72,1.384,"360,00",03.09.2020,TÜRKÇE,488,Karton Kapak,13.5 x 21 cm,Kitap Kağıdı,21195,502
Kapak Kızı,Kitap > Edebiyat > Hikaye (Yerli),Ayfer Tunç,CAN YAYINLARI,5 / 5 (596 oy),9.197,501,55,1.079,"365,00",27.09.2021,TÜRKÇE,264,Karton Kapak,12.5 x 19.5 cm,Kitap Kağıdı,17589,343
Gece Açan Çiçekler,Kitap > Edebiyat > Roman (Yerli),Tarık Tufan,DOĞAN KİTAP,5 / 5 (180 oy),4.344,295,39,309,"295,00",22.01.2025,TÜRKÇE,312,Karton Kapak,13.5 x 19.5 cm,Kitap Kağıdı,7355,123
Ayı Dönüyor,Kitap > Çocuk Kitapları > Roman,Hannah Gold,TİMAŞ GENÇ,5 / 5 (57 oy),1.208,86,8,123,"265,00",02.04.2024,TÜRKÇE,272,Karton Kapak,13.5 x 20.5 cm,Kitap Kağıdı,3490,35
Kendime Düşünceler,Kitap > Felsefe-Düşünce > Diğer,Marcus Aurelius,CAN YAYINLARI,5 / 5 (62 oy),3.677,142,14,106,"100,00",14.03.2023,TÜRKÇE,184,Karton Kapak,12.5 x 19.5 cm,Kitap Kağıdı,5413,29
Kudüs… Ey Kudüs,Kitap > Tarih > Dünya,Larry Collins,KRONİK KİTAP,5 / 5 (322 oy),4.418,336,43,196,"595,00",06.02.2018,TÜRKÇE,640,Karton Kapak,13.5 x 21 cm,Kitap Kağıdı,5638,144
Bir Aşk Masalı,Kitap > Edebiyat > Roman (Yerli),Ahmet Ümit,YAPI KREDİ YAYINLARI,4 / 5 (548 oy),9.975,1.033,154,1.500,"260,00",10.10.2022,TÜRKÇE,256,Karton Kapak,13.5 x 23 cm,Kitap Kağıdı,23301,377
Başarısızlar Kulübü,Kitap > Çocuk Kitapları > Roman,Anıl Basılı,TİMAŞ İLK GENÇ,5 / 5 (282 oy),4.150,331,46,630,"160,00",07.01.2022,TÜRKÇE,160,Karton Kapak,12.5 x 19.5 cm,Kitap Kağıdı,20693,163
Badem Ağacı,Kitap > Edebiyat > Roman (Çeviri),Michelle Cohen Corasanti,PEGASUS YAYINLARI,5 / 5 (743 oy),5.246,424,32,862,"350,00",13.04.2015,TÜRKÇE,384,Karton Kapak,13.5 x 21 cm,Kitap Kağıdı,9941,424
Uçan Sınıf,"Kitap > Çocuk Kitapları > 6-12 Yaş > Hikaye, Roman & Masal > Kitap > Çocuk Kitapları > 100 Temel Eser > Kitap > Orijinal Dil > Almanca",Erich Kastner,CAN ÇOCUK YAYINLARI,5 / 5 (1528 oy),6.252,683,94,1.343,"265,00",07.03.2019,TÜRKÇE,188,Karton Kapak,12.5 x 19.5 cm,Kitap Kağıdı,50783,495
Veba Geceleri,Kitap > Edebiyat > Roman (Yerli),Orhan Pamuk,YAPI KREDİ YAYINLARI,4 / 5 (780 oy),11.708,1.458,226,1.243,"480,00",22.03.2021,TÜRKÇE,544,Karton Kapak,13.5 x 21 cm,Kitap Kağıdı,26948,420
Beyaz Kitap,Kitap > Edebiyat > Roman (Çeviri),Han Kang,APRIL YAYINCILIK,4 / 5 (68 oy),2.444,110,6,105,"240,00",21.02.2024,TÜRKÇE,152,Karton Kapak,Bilgi Yok,Kitap Kağıdı,2996,35
Ünsüz Youtuberın Günlüğü,Kitap > Çocuk Kitapları > Roman,Miyase Sertbarut,ALTIN KİTAPLAR - ÖZEL ÜRÜN,5 / 5 (220 oy),1.252,148,19,312,"260,00",03.10.2019,TÜRKÇE,184,Karton Kapak,13.5 x 19.5 cm,Kitap Kağıdı,12634,100
Nar Ağacı,Kitap > Edebiyat > Roman (Yerli),Prof. Dr. Nazan Bekiroğlu,TİMAŞ YAYINLARI,5 / 5 (5771 oy),33.805,2.664,345,6.314,"550,00",05.09.2019,TÜRKÇE,536,Karton Kapak,13.5 x 21 cm,Kitap Kağıdı,57091,3.289
Veronika Ölmek İstiyor,Kitap > Edebiyat > Roman (Çeviri) > Kitap > Orijinal Dil > Portekizce,Paulo Coelho,CAN YAYINLARI,5 / 5 (4136 oy),50.179,3.538,332,7.152,"300,00",06.08.2019,TÜRKÇE,198,Karton Kapak,15 x 23 cm,Kitap Kağıdı,84275,2.163
İnce Memed 2,Kitap > Edebiyat > Roman (Yerli),Yaşar Kemal,YAPI KREDİ YAYINLARI,5 / 5 (2426 oy),19.389,1.594,223,3.563,"450,00",27.02.2020,TÜRKÇE,459,Karton Kapak,13.5 x 21 cm,Kitap Kağıdı,42011,1.114
Küçük Kara Balık,Kitap > Edebiyat > Hikaye (Çeviri),Samed Behrengi,KAPRA YAYINCILIK,5 / 5 (156 oy),2.268,132,16,378,"20,00",21.12.2020,TÜRKÇE,56,Karton Kapak,12.5 x 19.5 cm,Kitap Kağıdı,21209,88
Cumhuriyet’in İlk Sabahı,Kitap > Çocuk Kitapları > Roman,Prof. Dr. İlber Ortaylı,KRONİK KİTAP,5 / 5 (620 oy),8.157,779,94,1.379,"245,00",09.08.2025,TÜRKÇE,120,Karton Kapak,13.5 x 21 cm,Kitap Kağıdı,58104,413
Beni Asla Bırakma,Kitap > Edebiyat > Roman (Çeviri) > Kitap > Orijinal Dil > İngilizce,Kazuo Ishiguro,YAPI KREDİ YAYINLARI,4 / 5 (1014 oy),10.803,822,62,1.190,"250,00",30.09.2024,TÜRKÇE,272,Karton Kapak,13.5 x 21 cm,Kitap Kağıdı,15094,524
Şakir Paşa Ailesi,Kitap > Edebiyat > Anı (Hatırat),Şirin Devrim,DOĞAN KİTAP,5 / 5 (69 oy),2.523,123,16,116,"280,00",17.01.2025,TÜRKÇE,296,Karton Kapak,13.7 x 21 cm,Kitap Kağıdı,3568,52
Maneviyatı Yükselten İlkeler,Kitap > İslam > Tasavvuf,İmam Gazali,ÇELİK YAYINEVİ,5 / 5 (42 oy),3.931,116,9,63,"210,00",06.03.2023,TÜRKÇE,216,Karton Kapak,13.5 x 21 cm,Kitap Kağıdı,3620,17
Sineklerin Tanrısı (Karton Kapak),Kitap > Edebiyat > Roman (Çeviri) > Kitap > Orijinal Dil > İngilizce,William Golding,TÜRKİYE İŞ BANKASI KÜLTÜR YAYINLARI,4 / 5 (9318 oy),38.575,5.212,596,10.912,"216,00",25.07.2019,TÜRKÇE,261,Karton Kapak,13 x 19.5 cm,Kitap Kağıdı,115020,4.083
Eyvah Kitap!,"Kitap > Çocuk Kitapları > 12+ Yaş > Hikaye, Roman & Masal",Mine Soysal,GÜNIŞIĞI KİTAPLIĞI,5 / 5 (752 oy),3.220,405,61,797,"215,00",27.07.2020,TÜRKÇE,127,Karton Kapak,13 x 19.5 cm,Kitap Kağıdı,33488,291
Siyah İnci,Kitap > Edebiyat > Roman (Çeviri),Anna Sewell,KAPRA YAYINCILIK,5 / 5 (217 oy),2.970,222,28,333,"30,00",28.11.2020,TÜRKÇE,184,Karton Kapak,12.5 x 19.5 cm,Kitap Kağıdı,11856,127
Tablet / Hiç Göründüğü Gibi Değil,Kitap > Çocuk Kitapları > Hikaye,Gazi Koç,TİMAŞ GÜLCE ÇOCUK,5 / 5 (40 oy),712,28,5,67,"100,00",07.05.2024,TÜRKÇE,64,Karton Kapak,12.5 x 19.5 cm,Kitap Kağıdı,2627,25
Hekaton’la Son Tango,Kitap > Psikoloji > İnceleme,Dr. Mustafa Merter,KETEBE YAYINEVİ,5 / 5 (175 oy),2.157,195,49,169,"249,00",04.12.2023,TÜRKÇE,296,Karton Kapak,13.5 x 21 cm,Kitap Kağıdı,6825,107
Sinekli Bakkal,Kitap > Edebiyat > Roman (Yerli) > Kitap > Edebiyat > 100 Temel Eser,Halide Edib Adıvar,CAN YAYINLARI,5 / 5 (1296 oy),12.419,947,83,1.537,"440,00",22.11.2022,TÜRKÇE,476,Karton Kapak,12.5 x 19.5 cm,Kitap Kağıdı,19320,594
Ayvayı Yedik Müzesi,Kitap > Çocuk Kitapları > Diğer,Mert Arık,TİMAŞ ÇOCUK YAYINLARI,5 / 5 (499 oy),7.636,567,113,1.280,"125,00",08.09.2023,TÜRKÇE,64,Karton Kapak,12.5 x 19.5 cm,Kitap Kağıdı,51010,324
Mermedusa,Kitap > Edebiyat > Bilimkurgu-Fantazya,Thomas Taylor,TİMAŞ GENÇ,5 / 5 (66 oy),1.153,129,10,120,"345,00",10.10.2023,TÜRKÇE,368,Karton Kapak,13.5 x 21 cm,Kitap Kağıdı,3025,40
Palyatif ToplumGünümüzde Acı,Kitap > Edebiyat > Diğer,Byung-Chul Han,METİS YAYINLARI,5 / 5 (155 oy),4.555,211,18,210,"152,00",27.11.2024,TÜRKÇE,80,Karton Kapak,13 x 19.5 cm,Kitap Kağıdı,7430,65
İki Şehveti DizginlemekMide ve Cinsellik,Kitap > İslam > Kültür,İmam Gazali,ÇELİK YAYINEVİ,5 / 5 (99 oy),3.631,155,19,125,"120,00",21.12.2021,TÜRKÇE,128,Karton Kapak,13.5 x 21 cm,Kitap Kağıdı,4744,56
Diriliş Neslinin Amentüsü,Kitap > Felsefe-Düşünce > Genel,Sezai Karakoç,DİRİLİŞ YAYINLARI,5 / 5 (3530 oy),15.492,1.714,229,3.898,"60,00",01.03.2012,TÜRKÇE,68,Karton Kapak,13 x 19.5 cm,Kitap Kağıdı,74621,1.497
İyilik Şampiyonası,Kitap > Çocuk Kitapları > Hikaye,Yavuz Yiğit,TİMAŞ ÇOCUK YAYINLARI,5 / 5 (24 oy),502,21,4,39,"140,00",07.10.2024,TÜRKÇE,80,Karton Kapak,12.5 x 19.5 cm,Kitap Kağıdı,2289,10
LiderlikDünya Stratejisiyle İlgili Altı Ders,Kitap > Tarih > Dünya > Kitap > Siyaset > Kitap > Siyaset > Uluslararası Siyaset > Kitap > Siyaset > Bölgeler-Ülkeler > Kitap > Siyaset > Araştırma-İnceleme,Henry Kissinger,RUNİK KİTAP,5 / 5 (126 oy),5.172,264,40,141,"450,00",29.03.2023,TÜRKÇE,576,Karton Kapak,13.5 x 20.5 cm,Kitap Kağıdı,6483,57
Satranç,Kitap > Edebiyat > Roman (Çeviri),Stefan Zweig,KAPRA YAYINCILIK,5 / 5 (138 oy),3.082,172,14,766,"20,00",21.12.2020,TÜRKÇE,64,Karton Kapak,12.5 x 19.5 cm,Kitap Kağıdı,10546,83
Bu İlişkiyi Konuşmalıyız,Kitap > Diğer > Söyleşi,Gülcan Özer,KRONİK KİTAP,5 / 5 (15 oy),1.047,55,7,25,"245,00",14.04.2025,TÜRKÇE,256,Karton Kapak,13.5 x 21 cm,Kitap Kağıdı,2780,8
Outliers (Çizginin Dışındakiler)Bazı İnsanlar Neden Daha Başarılı Olur?,Kitap > Kişisel Gelişim > Kitap > Orijinal Dil > İngilizce,Malcolm Gladwell,MEDİACAT KİTAPLARI,5 / 5 (1005 oy),18.606,1.264,137,1.201,"380,00",17.06.2020,TÜRKÇE,244,Karton Kapak,14.5 x 21.5 cm,Kitap Kağıdı,30820,511
Takıntılarından Kurtul: Vesvesen,Kitap > Din > Diğer,Mehmet  Yıldız,TİMAŞ YAYINLARI,5 / 5 (66 oy),2.553,152,31,125,"250,00",10.10.2023,TÜRKÇE,184,Karton Kapak,13.5 x 21 cm,Kitap Kağıdı,6718,49
Yaban Bütün Eserleri 1,Kitap > Edebiyat > Roman (Yerli) > Kitap > Edebiyat > 100 Temel Eser,Yakup Kadri Karaosmanoğlu,İLETİŞİM YAYINLARI,5 / 5 (2112 oy),14.321,1.264,124,3.248,"260,00",04.10.2019,TÜRKÇE,215,Karton Kapak,13 x 19 cm,Kitap Kağıdı,37244,1.193
Çöp Plaza 1,"Kitap > Çocuk Kitapları > 6-12 Yaş > Hikaye, Roman & Masal",Miyase Sertbarut,TUDEM YAYINEVİ,5 / 5 (273 oy),1.519,160,25,315,"180,00",16.03.2020,TÜRKÇE,134,Karton Kapak,13.5 x 19.5 cm,Kitap Kağıdı,14873,104
Dinozorumun Saklandığı Yer,Kitap > Çocuk Kitapları > Hikaye,Mert Arık,TİMAŞ ÇOCUK YAYINLARI,5 / 5 (250 oy),3.872,208,30,594,"90,00",10.01.2024,TÜRKÇE,32,Karton Kapak,15 x 21 cm,Kitap Kağıdı,23779,155
Doğu Ekspresinde Cinayet,Kitap > Edebiyat > Polisiye > Kitap > Orijinal Dil > İngilizce,Agatha Christie,ALTIN KİTAPLAR,5 / 5 (1608 oy),15.732,1.070,96,2.402,"290,00",17.01.2025,TÜRKÇE,256,Karton Kapak,13.5 x 19.5 cm,3. Hm. Kağıt,27605,896
Savaşçı,Kitap > Psikoloji > İnceleme,Doğan Cüceloğlu,REMZİ KİTABEVİ,5 / 5 (16 oy),2.024,56,15,73,"470,00",07.02.2024,TÜRKÇE,376,Karton Kapak,14.5 x 21.5 cm,Kitap Kağıdı,1874,10
Fahrenheit 451,Kitap > Edebiyat > Bilimkurgu-Fantazya > Kitap > Orijinal Dil > İngilizce,Ray Bradbury,İTHAKİ YAYINLARI,4 / 5 (11198 oy),49.576,5.677,698,13.276,"200,00",20.08.2021,TÜRKÇE,208,Karton Kapak,13.5 x 21 cm,Kitap Kağıdı,160967,5.254
Yeşil Kafalar 1 / Ormanı Yemek Yasak,"Kitap > Çocuk Kitapları > 6-12 Yaş > Hikaye, Roman & Masal",Tuğba Coşkuner,CEZVE ÇOCUK,5 / 5 (646 oy),3.537,338,53,755,"225,00",09.06.2021,TÜRKÇE,200,Karton Kapak,13.5 x 21 cm,Kitap Kağıdı,21932,311
İnsanın Anlam Arayışı,Kitap > Psikoloji > İnceleme > Kitap > Felsefe-Düşünce > Genel,Viktor Emil Frankl,OKUYAN US YAYIN,5 / 5 (2449 oy),40.746,2.508,272,3.759,"245,00",19.09.2019,TÜRKÇE,170,Karton Kapak,13.5 x 19.5 cm,Kitap Kağıdı,75608,1.231
"Filippo, Ben ve Kiraz Ağacı",Kitap > Çocuk Kitapları > Roman,Paola Peretti,TİMAŞ GENÇ,5 / 5 (191 oy),3.758,306,34,523,"160,00",28.04.2025,TÜRKÇE,144,Karton Kapak,13.5 x 20.5 cm,Kitap Kağıdı,10423,113
Göktürk Kitabeleri,Kitap > Edebiyat > Anlatı,Anonim,KAPRA YAYINCILIK,5 / 5 (138 oy),1.889,183,19,156,"30,00",09.06.2021,TÜRKÇE,184,Karton Kapak,12.5 x 19.5 cm,Kitap Kağıdı,6048,72
Gürültüİnsan Yargısında Hata,Kitap > Psikoloji > İnceleme,Daniel Kahneman,PEGASUS YAYINLARI,5 / 5 (26 oy),2.659,108,11,21,"500,00",07.11.2023,TÜRKÇE,512,Karton Kapak,13.5 x 21 cm,Kitap Kağıdı,2958,7
Uzun Hikaye,Kitap > Edebiyat > Hikaye (Yerli),Mustafa Kutlu,DERGAH YAYINLARI,5 / 5 (3438 oy),15.657,1.418,152,4.867,"150,00",01.10.2012,TÜRKÇE,120,Karton Kapak,13.5 x 21 cm,Kitap Kağıdı,70521,1.731
Beden Kayıt Tutar,Kitap > Psikoloji > Genel,Bessel A. van der Kolk,NOBEL YAŞAM,5 / 5 (380 oy),12.329,619,84,393,"450,00",14.06.2023,TÜRKÇE,464,Karton Kapak,13.5 x 21.5 cm,Kitap Kağıdı,19115,185
Kurtlarla Koşan KadınlarVahşi Kadın Arketipine Dair Mit ve Öyküler,Kitap > Diğer > Mitoloji > Kitap > Kadın-Erkek > Kadın Kitapları > Kitap > Orijinal Dil > İngilizce,Clarissa Pinkola Estes,AYRINTI YAYINLARI,5 / 5 (1105 oy),26.454,1.760,354,1.095,"490,00",19.09.2023,TÜRKÇE,544,Karton Kapak,13.5 x 21.5 cm,Kitap Kağıdı,36168,482
Hayatın  Anlamı,Kitap > Edebiyat > Diğer,Sinan Canan,ALFA YAYINLARI,5 / 5 (85 oy),3.701,267,32,139,"325,00",24.05.2024,TÜRKÇE,272,Karton Kapak,13.5 x 19.5 cm,Kitap Kağıdı,5496,43
Gazap Üzümleri,Kitap > Edebiyat > Roman (Çeviri),John Steinbeck,İLETİŞİM YAYINLARI,5 / 5 (246 oy),13.631,615,68,637,"550,00",28.12.2021,TÜRKÇE,540,Karton Kapak,13 x 19.5 cm,Kitap Kağıdı,10329,135
İnce Memed 3,Kitap > Edebiyat > Roman (Yerli),Yaşar Kemal,YAPI KREDİ YAYINLARI,5 / 5 (1872 oy),16.102,1.373,143,2.555,"480,00",27.02.2020,TÜRKÇE,629,Karton Kapak,13.5 x 21 cm,Kitap Kağıdı,33129,783
Özgüvenim Tam Hata Yapmaktan Korkmam,Kitap > Çocuk Kitapları > Hikaye,Doç. Dr. Saniye Bencik Kangal,TURTA KİTAP,5 / 5 (48 oy),1.724,85,8,107,"169,00",20.08.2024,TÜRKÇE,32,Karton Kapak,19 x 24 cm,Kuşe Kağıt,6027,34
Pal Sokağı Çocukları,Kitap > Çocuk Kitapları > Roman > Kitap > Orijinal Dil > Macarca,Ferenc Molnar,YAPI KREDİ YAYINLARI,5 / 5 (3748 oy),26.721,2.462,217,4.810,"95,00",08.10.2021,TÜRKÇE,235,Karton Kapak,13.5 x 19.5 cm,Kitap Kağıdı,85776,1.832
Zorbalığa Karşı Taktiklerim Var,Kitap > Çocuk Kitapları > Hikaye,Doç. Dr. Saniye Bencik Kangal,TURTA KİTAP,5 / 5 (89 oy),2.368,92,6,164,"169,00",03.02.2023,TÜRKÇE,32,Karton Kapak,19 x 24 cm,Kuşe Kağıt,6756,65
Dua ve Zikir,Kitap > İslam > Kültür,İmam Gazali,ÇELİK YAYINEVİ,5 / 5 (223 oy),4.780,160,28,197,"190,00",04.06.2018,TÜRKÇE,203,Karton Kapak,13.5 x 21 cm,Kitap Kağıdı,5681,119
Kapra Felsefe Seti (10 Kitap),Kitap > Felsefe-Düşünce > Genel,Rene Descartes,KAPRA YAYINCILIK,5 / 5 (526 oy),6.687,921,153,454,"150,00",11.09.2021,TÜRKÇE,984,Karton Kapak,12.5 x 19.5 cm,Kitap Kağıdı,25393,261
Suyun Bizi Götürdüğü Yer (Karton Kapak),Kitap > Çocuk Kitapları > Roman,Alan Barillaro,TİMAŞ GENÇ,5 / 5 (36 oy),1.625,67,3,69,"210,00",03.09.2024,TÜRKÇE,208,Karton Kapak,13.5 x 20.5 cm,Kitap Kağıdı,2009,21
Rüzgarı Dizginleyen Çocuk,Kitap > Edebiyat > Biyografi-Otobiyografi,Bryan Mealer,BEYAZ BALİNA YAYINLARI,5 / 5 (128 oy),2.517,154,16,247,"270,00",12.11.2018,TÜRKÇE,264,Karton Kapak,13.5 x 19.5 cm,Kitap Kağıdı,8072,62
Haritada Kaybolmak,"Kitap > Çocuk Kitapları > 6-12 Yaş > Hikaye, Roman & Masal",Vladimir Tumanov,GÜNIŞIĞI KİTAPLIĞI,5 / 5 (1231 oy),5.127,604,79,1.325,"295,00",28.07.2025,TÜRKÇE,200,Karton Kapak,12 x 18 cm,Kitap Kağıdı,52092,496
Gaslight,Kitap > Siyaset > Araştırma-İnceleme,Yılmaz Özdil,SİA KİTAP,5 / 5 (124 oy),1.641,237,26,195,"350,00",25.10.2023,TÜRKÇE,600,Karton Kapak,13.7 x 23 cm,Kitap Kağıdı,5639,80
Paranın Psikolojisi,Kitap > Ekonomi > Araştırma-İnceleme,Morgan Housel,SCALA YAYINCILIK,5 / 5 (150 oy),7.791,389,40,294,"440,00",17.03.2022,TÜRKÇE,312,Karton Kapak,Bilgi Yok,Kitap Kağıdı,13841,86
Hiç Fena Değil,Kitap > Çocuk Kitapları > Roman,Mustafa Orakçı,TİMAŞ İLK GENÇ,5 / 5 (76 oy),1.409,90,4,142,"135,00",02.04.2024,TÜRKÇE,128,Karton Kapak,12.5 x 19.5 cm,Kitap Kağıdı,5311,41
Biri Daha Var,Kitap > Çocuk Kitapları > Hikaye,Şermin Yaşar,DOĞAN ÇOCUK,5 / 5 (59 oy),2.304,220,30,126,"399,00",14.01.2025,TÜRKÇE,248,Ciltli,11 x 15 cm,Kitap Kağıdı,4528,36
Sıkıntıdan Patlayacağım Sınıfı,Kitap > Çocuk Kitapları > Hikaye,Hatice Kübra Tongar,AİLE YAYINLARI,5 / 5 (121 oy),1.365,115,9,148,"175,00",05.09.2024,TÜRKÇE,64,Karton Kapak,13.5 x 21 cm,Kitap Kağıdı,6369,98
"Antik Mısır’ın Peygamberleri: Hz. İdris, Hz. Yusuf, Hz. Musa",Kitap > Tarih > Araştırma-İnceleme,Bülent Şahin Erdeğer,TİMAŞ YAYINLARI,5 / 5 (75 oy),2.634,168,30,82,"400,00",28.07.2025,TÜRKÇE,336,Karton Kapak,13.5 x 21 cm,Kitap Kağıdı,2791,41
Filler / İlk Okuma,Kitap > Çocuk Kitapları > 6-12 Yaş > Eğitici ve Yardımcı Kitaplar,James Maclaine,TÜBİTAK YAYINLARI,5 / 5 (211 oy),1.023,82,8,242,"29,00",09.08.2017,TÜRKÇE,33,Karton Kapak,15 x 21 cm,Kuşe Kağıt,9288,95
Kitleler Psikolojisi,Kitap > Sosyoloji > Araştırma-İnceleme,Gustave Le Bon,KAPRA YAYINCILIK,5 / 5 (433 oy),9.169,719,82,567,"30,00",28.11.2020,TÜRKÇE,168,Karton Kapak,12.5 x 19.5 cm,Kitap Kağıdı,25707,207
2025 Kediler Ajandası (Büyük Boy),Kırtasiye > Ajanda ve Takvim > Ajanda,Bilgi Yok,ÜÇ HARF YAYINCILIK,5 / 5 (21 oy),398,0,0,0,"105,00",30.10.2024,Bilgi Yok,Bilgi Yok,Bilgi Yok,14 x 23 cm,Bilgi Yok,Bilgi Yok,13
Psikanaliz Üzerine Beş Ders,Kitap > Psikoloji > İnceleme > Kitap > Sosyoloji > Araştırma-İnceleme,Sigmund Freud,KAPRA YAYINCILIK,5 / 5 (75 oy),4.073,156,8,102,"20,00",15.02.2022,TÜRKÇE,72,Karton Kapak,12.5 x 19.5 cm,Kitap Kağıdı,6853,46
Kumarbaz,Kitap > Edebiyat > Roman (Çeviri),Fyodor Mihailoviç Dostoyevski,KAPRA YAYINCILIK,5 / 5 (105 oy),4.001,183,20,358,"30,00",24.11.2021,TÜRKÇE,184,Karton Kapak,12.5 x 19.5 cm,Kitap Kağıdı,11833,57
Kalbin ŞifasıHayatın Zincirlerinden Kurtulmaya Dair İçgörüler,Kitap > İslam > Tasavvuf,Yasmin  Mogahed,TİMAŞ YAYINLARI,5 / 5 (30 oy),1.663,66,3,68,"275,00",07.05.2024,TÜRKÇE,224,Karton Kapak,13.5 x 21 cm,Kitap Kağıdı,2897,18
İçimdeki Müzik,Kitap > Diğer > Gençlik Kitapları > Edebiyat,Sharon M. Draper,TİMAŞ GENÇ,5 / 5 (2753 oy),20.652,1.596,210,4.055,"250,00",10.02.2020,TÜRKÇE,256,Karton Kapak,13.5 x 20.5 cm,Kitap Kağıdı,79813,1.441
Çizgili Pijamalı Çocuk,Kitap > Çocuk Kitapları > Roman > Kitap > Orijinal Dil > İngilizce,John Boyne,TUDEM YAYINEVİ,5 / 5 (2755 oy),24.844,1.653,145,3.600,"330,00",05.03.2016,TÜRKÇE,208,Karton Kapak,13 x 18 cm,Kitap Kağıdı,54423,1.380
Balyanaklar İçin Mahremiyet Kitabı,Kitap > Çocuk Kitapları > Hikaye,Doç. Dr. Saniye Bencik Kangal,TURTA KİTAP,5 / 5 (64 oy),1.824,71,4,149,"169,00",14.03.2024,TÜRKÇE,32,Karton Kapak,19 x 24 cm,Kitap Kağıdı,5574,48
Hayat En Çok İyileri KırarKırıldığımız Yerden Güçlenmenin Yolları,Kitap > Kişisel Gelişim,Prof.Dr. Acar Baltaş,KRONİK KİTAP,5 / 5 (87 oy),2.016,133,21,106,"295,00",09.08.2025,TÜRKÇE,320,Karton Kapak,13.5 x 21 cm,Kitap Kağıdı,5994,47
Sadako / ve Kağıttan Bin Turna Kuşu,"Kitap > Çocuk Kitapları > 6-12 Yaş > Hikaye, Roman & Masal",Eleanor Coerr,BEYAZ BALİNA YAYINLARI,5 / 5 (1524 oy),475,21,3,78,"160,00",01.12.2010,TÜRKÇE,96,Karton Kapak,14 x 21.5 cm,Kitap Kağıdı,38549,710
İyot Giren Eve Doktor Girmez,Kitap > Sağlık-Tıp > Diğer,Dr. Hasan Hüsnü Eren,HAYY KİTAP,5 / 5 (30 oy),867,70,10,45,"350,00",11.10.2024,TÜRKÇE,312,Karton Kapak,15.5 x 23 cm,Kitap Kağıdı,2845,17
Anna Karenina (Ciltsiz),Kitap > Edebiyat > Roman (Çeviri) > Kitap > Orijinal Dil > Rusça,Lev N. Tolstoy,TÜRKİYE İŞ BANKASI KÜLTÜR YAYINLARI,5 / 5 (2073 oy),21.838,1.921,197,2.074,"350,00",21.08.2023,TÜRKÇE,1062,Karton Kapak,12.5 x 20.5 cm,Kitap Kağıdı,21407,913
Hayat Acemileri İçin Yaşam RehberiGüçlü Bir Psikolojiye Sahip Olmanın Yolları,Kitap > Kişisel Gelişim,Beyhan Budak,KRONİK KİTAP,5 / 5 (160 oy),5.468,328,53,230,"245,00",23.07.2025,TÜRKÇE,224,Karton Kapak,13.5 x 21 cm,Kitap Kağıdı,10890,110
Lo,Kitap > Çocuk Kitapları > Roman,Şermin Yaşar,DOĞAN ÇOCUK,5 / 5 (220 oy),4.400,331,47,617,"320,00",21.04.2022,TÜRKÇE,120,Karton Kapak,13.7 x 21 cm,Kitap Kağıdı,16350,140
Hayvan Çiftliği (Ciltsiz),Kitap > Edebiyat > Roman (Çeviri) > Kitap > Orijinal Dil > İngilizce,George Orwell,CAN YAYINLARI,5 / 5 (19471 oy),45.432,6.177,845,25.861,"110,00",04.10.2019,TÜRKÇE,152,Karton Kapak,12.5 x 19.5 cm,Kitap Kağıdı,212980,9.067
Alaycı Kuş,Kitap > Siyaset > Araştırma-İnceleme > Kitap > Sosyoloji > Araştırma-İnceleme,Banu Avar,REMZİ KİTABEVİ,5 / 5 (41 oy),1.512,145,20,68,"210,00",28.02.2025,TÜRKÇE,136,Karton Kapak,13.4 x 19.8 cm,Kitap Kağıdı,1883,26
LabirentBatı ve Hasımları,Kitap > Edebiyat > Deneme (Çeviri),Amin Maalouf,YAPI KREDİ YAYINLARI,5 / 5 (129 oy),5.993,376,28,229,"180,00",11.03.2024,TÜRKÇE,288,Karton Kapak,13.5 x 21 cm,Kitap Kağıdı,8342,72
Beyaz Zambaklar Ülkesinde (Cep Boy) (Tam Metin),Kitap > Tarih > Bölgeler-Ülkeler > Kitap > Siyaset > Bölgeler-Ülkeler > Kitap > Edebiyat > Anı (Hatırat),Grigory Petrov,KARBON KİTAPLAR,5 / 5 (748 oy),4.288,463,51,777,"20,00",14.05.2019,TÜRKÇE,110,Karton Kapak,10.5 x 15 cm,Kitap Kağıdı,30907,359
Robotları Yendiğimiz Gün,Kitap > Çocuk Kitapları > Hikaye,Hüseyin Keleş,TİMAŞ ÇOCUK YAYINLARI,5 / 5 (18 oy),524,34,3,49,"110,00",07.08.2024,TÜRKÇE,64,Karton Kapak,12.5 x 19.5 cm,Kitap Kağıdı,2535,10
Kırmızı Pazartesi,Kitap > Edebiyat > Roman (Çeviri) > Kitap > Orijinal Dil > İspanyolca,Gabriel Garcia Marquez,CAN YAYINLARI,4 / 5 (10488 oy),48.698,4.958,470,13.791,"210,00",15.04.2019,TÜRKÇE,120,Karton Kapak,12.5 x 19.5 cm,Kitap Kağıdı,127196,4.689
Dedemin Kurabiyeleri,Kitap > Çocuk Kitapları > Hikaye,Emine Arlı,TİMAŞ ÇOCUK YAYINLARI,5 / 5 (88 oy),1.772,110,13,203,"110,00",03.06.2025,TÜRKÇE,64,Karton Kapak,12.5 x 19.5 cm,Kitap Kağıdı,7972,53
Kur'an'ın Kalbine YolculukYasin Suresi Tefsiri,Kitap > İslam > Tefsir-Meal,Yasin Pişgin,TİMAŞ YAYINLARI,5 / 5 (335 oy),7.067,426,84,455,"350,00",22.07.2024,TÜRKÇE,336,Karton Kapak,13.5 x 21 cm,Kitap Kağıdı,12624,196
Başarıya Götüren Aile,Kitap > Psikoloji > İnceleme,Doğan Cüceloğlu,KRONİK KİTAP,5 / 5 (52 oy),3.332,93,12,103,"225,00",23.01.2024,TÜRKÇE,160,Karton Kapak,13.5 x 21 cm,Kitap Kağıdı,4691,27
Atomik Alışkanlıklar,Kitap > Kişisel Gelişim,James Clear,PEGASUS YAYINLARI,5 / 5 (915 oy),38.948,2.584,496,1.887,"399,98",08.05.2020,TÜRKÇE,352,Karton Kapak,13.5 x 21 cm,Kitap Kağıdı,73214,542
Çocuk Kalbi,Kitap > Edebiyat > Roman (Çeviri),Edmondo De Amicis,KAPRA YAYINCILIK,5 / 5 (269 oy),4.292,307,31,524,"30,00",28.11.2020,TÜRKÇE,296,Karton Kapak,12.5 x 19.5 cm,Kitap Kağıdı,17814,131
Derviş Kelamı,Kitap > Edebiyat > Roman (Yerli),Funda Uçuk Er,HAYY KİTAP,5 / 5 (192 oy),2.845,192,22,383,"325,00",13.04.2022,TÜRKÇE,200,Karton Kapak,13.5 x 21 cm,Kitap Kağıdı,10405,129
İçimdeki Melodi,Kitap > Çocuk Kitapları > Roman,Sharon M. Draper,TİMAŞ GENÇ,5 / 5 (296 oy),7.561,550,74,715,"290,00",05.11.2022,TÜRKÇE,320,Karton Kapak,13.5 x 20.5 cm,Kitap Kağıdı,15378,189
En Güzel Kıssa,Kitap > İslam > Araştırma-İnceleme,Fatma Bayram,TİMAŞ YAYINLARI,5 / 5 (163 oy),3.584,218,50,188,"325,00",06.06.2023,TÜRKÇE,304,Karton Kapak,13.5 x 21 cm,Kitap Kağıdı,8805,105
Canım Arkadaşım,Kitap > Çocuk Kitapları > Diğer,Özgür Balpınar,TİMAŞ GENÇ,5 / 5 (257 oy),2.432,249,21,413,,03.06.2025,TÜRKÇE,192,Karton Kapak,13.5 x 20.5 cm,Kitap Kağıdı,12553,123
Momo,Kitap > Edebiyat > Roman (Çeviri),Michael Ende,PEGASUS YAYINLARI,5 / 5 (10652 oy),56.950,5.782,698,12.026,"350,00",07.09.2017,TÜRKÇE,304,Karton Kapak,13.5 x 21 cm,Kitap Kağıdı,239331,5.148
On Numara Beş Yıldız Apartmanı,Kitap > Çocuk Kitapları > Hikaye,Ece Erdoğuş Levi,TİMAŞ ÇOCUK YAYINLARI,5 / 5 (60 oy),1.443,69,8,110,"110,00",03.09.2024,TÜRKÇE,64,Karton Kapak,12.5 x 19.5 cm,Kitap Kağıdı,5596,34
Mükemmeller Kulübü,Kitap > Çocuk Kitapları > Roman,Anıl Basılı,TİMAŞ İLK GENÇ,5 / 5 (138 oy),2.213,156,18,342,"135,00",04.04.2023,TÜRKÇE,128,Karton Kapak,12.5 x 19.5 cm,Kitap Kağıdı,11437,80
Dura Mater,Kitap > Bilim & Mühendislik > Popüler Bilim,Serkan Karaismailoğlu,ELMA YAYINEVİ,5 / 5 (478 oy),4.547,580,90,954,"440,00",20.08.2021,TÜRKÇE,560,Karton Kapak,13.5 x 21 cm,Kitap Kağıdı,15857,307
Hayvan Çiftliği,Kitap > Edebiyat > Roman (Çeviri),George Orwell,KAPRA YAYINCILIK,5 / 5 (432 oy),4.001,411,64,1.385,"25,00",05.01.2021,TÜRKÇE,96,Karton Kapak,12.5 x 19.5 cm,Kitap Kağıdı,25168,259
Gizemli Misafir / Kuran Kıssalarından Bugüne,Kitap > Çocuk Kitapları > Hikaye,Ayşe Şeker Kılıç,DİYANET VAKFI YAYINLARI,5 / 5 (22 oy),250,25,13,36,"120,00",25.05.2023,TÜRKÇE,91,Karton Kapak,13.5 x 21 cm,Kitap Kağıdı,2665,9
Kiraz Ağacı ile Aramızdaki Mesafe,"Kitap > Çocuk Kitapları > 12+ Yaş > Hikaye, Roman & Masal",Paola Peretti,TİMAŞ GENÇ,5 / 5 (1350 oy),14.623,1.080,156,2.335,"210,00",18.04.2022,TÜRKÇE,208,Karton Kapak,13.5 x 20.5 cm,Kitap Kağıdı,51065,656
Dünyanın En Korkak Hayvanı,Kitap > Çocuk Kitapları > Hikaye,Caner Sarıoğlu,TİMAŞ ÇOCUK YAYINLARI,5 / 5 (72 oy),1.144,55,8,117,"90,00",08.03.2024,TÜRKÇE,32,Karton Kapak,15 x 21 cm,Kitap Kağıdı,6325,42
Akan Nehir Gibi,Kitap > Edebiyat > Anlatı,Paulo Coelho,CAN YAYINLARI,4 / 5 (26 oy),1.899,83,7,51,"220,00",22.04.2025,TÜRKÇE,240,Karton Kapak,12.5 x 19.5 cm,Kitap Kağıdı,2348,18
Sevme Sanatı / Bir Eylem Olarak Sevmek,Kitap > Edebiyat > Roman (Çeviri),Erich Fromm,SAY YAYINLARI,5 / 5 (208 oy),5.802,248,29,316,"300,00",22.02.2022,TÜRKÇE,200,Karton Kapak,13.5 x 21 cm,Kitap Kağıdı,9839,106
Çöl Çiçeği,Kitap > Edebiyat > Roman (Çeviri),Waris Dirie,BİLGE KÜLTÜR SANAT,5 / 5 (378 oy),7.854,357,38,696,"240,00",21.08.2024,TÜRKÇE,256,Karton Kapak,13.5 x 21.5 cm,Kitap Kağıdı,11540,290
Zeytindağı (Günümüz Türkçesiyle),Kitap > Tarih > Araştırma-İnceleme,Falih Rıfkı Atay,POZİTİF YAYINLARI,5 / 5 (69 oy),2.967,136,22,178,"150,00",18.12.2023,TÜRKÇE,176,Karton Kapak,13.5 x 21 cm,Kitap Kağıdı,4424,46
Peygamberin Şarkısı,Kitap > Edebiyat > Roman (Çeviri),Paul Lynch,DELİDOLU,4 / 5 (53 oy),1.177,92,12,66,"290,00",28.08.2024,TÜRKÇE,240,Karton Kapak,13.5 x 19.5 cm,Kitap Kağıdı,2324,27
Kardeşimin Koruyucusu,Kitap > Diğer > Gençlik Kitapları > Edebiyat,Julie Lee,TİMAŞ GENÇ,5 / 5 (122 oy),2.352,166,16,232,"345,00",19.07.2025,TÜRKÇE,368,Karton Kapak,13.5 x 20.5 cm,Kitap Kağıdı,5350,82
Kuru Kız,Kitap > Edebiyat > Roman (Yerli),Ayfer Tunç,CAN YAYINLARI,5 / 5 (247 oy),5.263,304,34,589,"260,00",05.04.2023,TÜRKÇE,216,Karton Kapak,12.5 x 19.5 cm,Kitap Kağıdı,9695,166
Olasılıksız,Kitap > Edebiyat > Roman (Çeviri) > Kitap > Orijinal Dil > İngilizce,Adam Fawer,APRIL YAYINCILIK,5 / 5 (5047 oy),23.146,2.144,373,8.358,"430,00",07.09.2023,TÜRKÇE,496,Karton Kapak,13.5 x 21 cm,Kitap Kağıdı,36046,4.439
Babil’in En Zengin Adamı,Kitap > Ekonomi > Araştırma-İnceleme,George S. Clason,PANAMA YAYINCILIK,5 / 5 (48 oy),1.412,93,6,78,"290,00",12.02.2024,TÜRKÇE,224,Karton Kapak,13.5 x 21 cm,Kitap Kağıdı,2644,38
Aradığın Şey Kütüphanede Saklı,Kitap > Edebiyat > Roman (Çeviri),Michiko Aoyama,DOMİNGO YAYINEVİ,5 / 5 (70 oy),2.241,81,20,149,"285,00",22.08.2024,TÜRKÇE,224,Karton Kapak,14 x 21 cm,Kitap Kağıdı,2475,46
Telefon Melefon Yok,Kitap > Çocuk Kitapları > Hikaye,Şermin Yaşar,KRONİK KİTAP,5 / 5 (51 oy),2.420,247,19,108,"245,00",29.08.2025,TÜRKÇE,128,Karton Kapak,13.5 x 21 cm,Kitap Kağıdı,10456,30
Kayıp Tanrılar Ülkesi,Kitap > Edebiyat > Roman (Yerli),Ahmet Ümit,YAPI KREDİ YAYINLARI,5 / 5 (1189 oy),17.155,1.697,264,2.800,"460,00",09.08.2023,TÜRKÇE,504,Karton Kapak,13.5 x 23 cm,Kitap Kağıdı,39576,747
Oh Ne Ala Memleket,Kitap > Edebiyat > Roman (Yerli),Şermin Yaşar,DOĞAN ÇOCUK,5 / 5 (253 oy),3.668,269,38,617,"350,00",22.07.2020,TÜRKÇE,168,Karton Kapak,13 x 21 cm,Kitap Kağıdı,15359,149
İyiler Yalnız Değildir,Kitap > Edebiyat > İnceleme,Fatma Bayram,TK KİTAP,5 / 5 (72 oy),2.548,165,22,90,"200,00",22.11.2024,TÜRKÇE,194,Karton Kapak,13.5 x 21 cm,Kitap Kağıdı,4730,38
İlk Okuma - Neden Yeriz,Kitap > Çocuk Kitapları > Kaynak Kitaplar > Bilim > Kitap > Çocuk Kitapları > 6-12 Yaş > Eğitici ve Yardımcı Kitaplar,Stephanie Turnbull,TÜBİTAK YAYINLARI,5 / 5 (347 oy),1.966,136,28,413,"29,00",27.08.2019,TÜRKÇE,31,Karton Kapak,15 x 20.5 cm,Kitap Kağıdı,15841,178
Evlenmeden Önce,Kitap > Psikoloji > İnceleme,Doğan Cüceloğlu,KRONİK KİTAP,5 / 5 (247 oy),11.132,487,64,540,"245,00",10.12.2021,TÜRKÇE,208,Karton Kapak,13.5 x 21 cm,Kitap Kağıdı,18534,143
Harry Potter ve Ateş Kadehi,"Kitap > Çocuk Kitapları > 6-12 Yaş > Hikaye, Roman & Masal > Kitap > Çocuk Kitapları > 12+ Yaş > Hikaye, Roman & Masal > Kitap > Diğer > Gençlik Kitapları > Edebiyat > Kitap > Orijinal Dil > İngilizce",J. K. Rowling,YAPI KREDİ YAYINLARI,5 / 5 (2157 oy),8.999,990,188,3.193,"550,00",31.10.2019,TÜRKÇE,664,Karton Kapak,13.5 x 19.5 cm,Kitap Kağıdı,30298,891
Zaman Bisikleti,"Kitap > Çocuk Kitapları > 6-12 Yaş > Hikaye, Roman & Masal",Bilgin Adalı,CAN ÇOCUK YAYINLARI,5 / 5 (1200 oy),8.554,707,92,1.445,"200,00",06.07.2021,TÜRKÇE,128,Karton Kapak,12.5 x 19.5 cm,Kitap Kağıdı,59591,501
Ölmek İstiyorum Ama Tteokbokki de Yemek İstiyorum,Kitap > Kişisel Gelişim,Baek Sehee,NOVA KİTAP,4 / 5 (40 oy),1.656,53,9,89,"110,00",24.10.2024,TÜRKÇE,144,Karton Kapak,13.5 x 21 cm,Kitap Kağıdı,2203,29
Kiraz Ağacının Ardından,Kitap > Çocuk Kitapları > Roman,Paola Peretti,TİMAŞ GENÇ,5 / 5 (45 oy),1.453,138,18,92,"200,00",04.03.2025,TÜRKÇE,192,Karton Kapak,13.5 x 20.5 cm,Kitap Kağıdı,3441,25
Milli Mücadele KahramanlarıHer Şey Vatan İçin,Kitap > Çocuk Kitapları > Diğer,Metin Özdamarlar,EĞLENCELİ BİLGİ,5 / 5 (36 oy),655,51,11,61,"160,00",06.02.2024,TÜRKÇE,160,Karton Kapak,15 x 19 cm,Kitap Kağıdı,5876,25
Kurt Kanunu,Kitap > Edebiyat > Roman (Yerli),Kemal Tahir,KETEBE YAYINEVİ,5 / 5 (132 oy),3.655,177,19,183,"300,00",08.12.2022,TÜRKÇE,304,Karton Kapak,13.5 x 21 cm,Kitap Kağıdı,5230,55
Robi Çıldırdı,Kitap > Çocuk Kitapları > Roman,Faruk Yıldız,ERDEM ÇOCUK YAYINLARI,5 / 5 (27 oy),431,30,6,63,"150,00",20.05.2022,TÜRKÇE,144,Karton Kapak,12.5 x 21 cm,Kitap Kağıdı,4406,12
Vatan Yahut Silistre,Kitap > Çocuk Kitapları > 100 Temel Eser > Kitap > Edebiyat > Hikaye (Yerli),Namık Kemal,KAPRA YAYINCILIK,5 / 5 (87 oy),2.320,117,11,199,"20,00",16.04.2021,TÜRKÇE,87,Karton Kapak,12.5 x 19.5 cm,Kitap Kağıdı,7109,43
Merhamet Kalbimde İyilik Her Yerde,Kitap > Çocuk Kitapları > Hikaye,Doç. Dr. Saniye Bencik Kangal,TURTA KİTAP,5 / 5 (13 oy),1.042,58,14,47,"169,00",29.05.2025,TÜRKÇE,32,Karton Kapak,19 x 24 cm,Kuşe Kağıt,2237,9
Toprak Ana,Kitap > Edebiyat > Roman (Yerli),Cengiz Aytmatov,ÖTÜKEN NEŞRİYAT,5 / 5 (4550 oy),15.764,1.614,156,5.416,"60,00",11.01.2023,TÜRKÇE,136,Karton Kapak,12 x 19.5 cm,Kitap Kağıdı,52087,2.258
İnsanlığın Dirilişi,Kitap > İslam > Günümüz İslam Düşüncesi > Kitap > Felsefe-Düşünce > Genel,Sezai Karakoç,DİRİLİŞ YAYINLARI,5 / 5 (1212 oy),7.562,840,110,1.227,"130,00",01.05.2011,TÜRKÇE,160,Karton Kapak,13 x 19.5 cm,Kitap Kağıdı,29133,409
İyileştir KalbiniDuygusal ve Manevi İyilik Rehberi,Kitap > Kişisel Gelişim,Yasmin  Mogahed,TİMAŞ YAYINLARI,5 / 5 (118 oy),4.648,197,35,203,"325,00",22.07.2024,TÜRKÇE,288,Karton Kapak,13.5 x 21 cm,Kitap Kağıdı,7419,81
Kaybolduysan Doğru Yerdesin,Kitap > Kişisel Gelişim,Saadet Şen,DESTEK YAYINLARI,5 / 5 (12 oy),948,52,5,18,"260,00",28.07.2025,TÜRKÇE,216,Karton Kapak,13.5 x 21 cm,Kitap Kağıdı,2265,9
Mobius,Kitap > Edebiyat > Roman (Çeviri),Adam Fawer,APRIL YAYINCILIK,4 / 5 (97 oy),2.476,193,23,172,"390,00",10.10.2024,TÜRKÇE,520,Karton Kapak,13.5 x 21 cm,Kitap Kağıdı,4696,62
Hayatı Yeniden Keşfedin,Kitap > Kişisel Gelişim,Jeffrey E. Young,PSİKONET YAYINLARI,5 / 5 (793 oy),14.864,833,199,792,"600,00",01.12.2014,TÜRKÇE,456,Karton Kapak,13.5 x 19.5 cm,Kitap Kağıdı,31834,382
Kınalı Serçe,Kitap > Çocuk Kitapları > Roman,Prof. Dr. İlber Ortaylı,KRONİK KİTAP,5 / 5 (188 oy),4.410,371,43,339,"295,00",27.01.2025,TÜRKÇE,152,Karton Kapak,13.5 x 21 cm,Kitap Kağıdı,15498,127
Namazın Sırları ve Fazileti,Kitap > İslam > Kültür > Kitap > Orijinal Dil > Arapça,İmam Gazali,ÇELİK YAYINEVİ,5 / 5 (164 oy),6.715,241,53,214,"320,00",02.06.2020,TÜRKÇE,344,Karton Kapak,13.5 x 21 cm,Kitap Kağıdı,7776,82
Harry Potter ve Azkaban Tutsağı,"Kitap > Çocuk Kitapları > 6-12 Yaş > Hikaye, Roman & Masal > Kitap > Çocuk Kitapları > 12+ Yaş > Hikaye, Roman & Masal > Kitap > Diğer > Gençlik Kitapları > Edebiyat > Kitap > Orijinal Dil > İngilizce",J. K. Rowling,YAPI KREDİ YAYINLARI,5 / 5 (2473 oy),9.497,1.003,164,3.798,"360,00",30.06.2022,TÜRKÇE,396,Karton Kapak,13.5 x 19.5 cm,Kitap Kağıdı,35253,1.034
Melodi,Kitap > Çocuk Kitapları > Hikaye,Anıl Basılı,TİMAŞ ÇOCUK YAYINLARI,5 / 5 (337 oy),2.482,170,16,575,"125,00",22.09.2023,TÜRKÇE,64,Karton Kapak,12.5 x 19.5 cm,Kitap Kağıdı,15531,167
Kalplerin Keşfi / Mukaşefetü'l Kulüp (Ciltsiz),Kitap > İslam > Tasavvuf,İmam Gazali,ÇELİK YAYINEVİ,5 / 5 (686 oy),12.162,904,279,681,"290,00",11.04.2019,TÜRKÇE,582,Karton Kapak,15 x 22 cm,Kitap Kağıdı,23448,366
Kuyucaklı Yusuf,Kitap > Edebiyat > Roman (Yerli) > Kitap > Edebiyat > 100 Temel Eser,Sabahattin Ali,KAPRA YAYINCILIK,5 / 5 (136 oy),2.232,144,18,438,"30,00",13.01.2021,TÜRKÇE,248,Karton Kapak,12.5 x 19.5 cm,Kitap Kağıdı,11124,77
Robonlar 2 / Bir Hayal Operasyonu,Kitap > Çocuk Kitapları > Roman,Mert Arık,TİMAŞ İLK GENÇ,5 / 5 (65 oy),1.024,86,10,53,"145,00",06.08.2025,TÜRKÇE,144,Karton Kapak,12.5 x 19.5 cm,Kitap Kağıdı,5426,38
Nietzsche Ağladığında,Kitap > Edebiyat > Roman (Çeviri),Irvin D. Yalom,AYRINTI YAYINLARI,5 / 5 (61 oy),5.457,180,16,311,"350,00",05.11.2024,TÜRKÇE,416,Karton Kapak,13 x 19.5 cm,Kitap Kağıdı,4412,47
Semerkant,Kitap > Edebiyat > Roman (Çeviri) > Kitap > Orijinal Dil > Fransızca,Amin Maalouf,YAPI KREDİ YAYINLARI,5 / 5 (6237 oy),38.727,3.110,339,9.123,"220,00",23.09.2021,TÜRKÇE,318,Karton Kapak,13.5 x 21 cm,Kitap Kağıdı,85052,3.573
Beyaz Gemi,Kitap > Edebiyat > Hikaye (Çeviri) > Kitap > Edebiyat > 100 Temel Eser,Cengiz Aytmatov,ÖTÜKEN NEŞRİYAT,5 / 5 (5275 oy),17.544,2.048,273,6.568,"70,00",09.10.2023,TÜRKÇE,168,Karton Kapak,12 x 19.5 cm,Kitap Kağıdı,72851,2.406
Tutunamayanlar / Bütün Eserleri 1,Kitap > Edebiyat > Roman (Yerli),Oğuz Atay,İLETİŞİM YAYINLARI,5 / 5 (5883 oy),53.930,6.745,1.022,6.208,"560,00",08.08.2023,TÜRKÇE,724,Karton Kapak,13 x 19 cm,Kitap Kağıdı,79586,2.689
Kaplanın Sırtında,Kitap > Edebiyat > Roman (Yerli),Zülfü Livaneli,İNKILAP KİTABEVİ,5 / 5 (255 oy),9.027,397,67,843,"415,00",09.01.2023,TÜRKÇE,324,Karton Kapak,13.7 x 23 cm,Kitap Kağıdı,16708,186
Anadolu Yakası,Kitap > Edebiyat > Hikaye (Yerli),Mustafa Kutlu,DERGAH YAYINLARI,5 / 5 (247 oy),1.864,95,6,215,"250,00",18.06.2012,TÜRKÇE,207,Karton Kapak,13.5 x 21 cm,Kitap Kağıdı,3004,104
Kalk Bi Dopamin Demle,Kitap > Bilim & Mühendislik > Popüler Bilim,Serkan Karaismailoğlu,ORTAPİA,5 / 5 (293 oy),7.933,545,100,604,"195,00",14.08.2024,TÜRKÇE,152,Karton Kapak,13.5 x 21 cm,Kitap Kağıdı,18063,202
Çiçeklenmeler,Kitap > Edebiyat > Hikaye (Yerli),Melisa Kesmez,İLETİŞİM YAYINLARI,5 / 5 (63 oy),2.309,104,9,144,"185,00",12.09.2025,TÜRKÇE,113,Karton Kapak,13 x 19.5 cm,Kitap Kağıdı,4162,37
Yırtıcı Kuşlar Zamanı,Kitap > Edebiyat > Roman (Yerli),Ahmet Ümit,YAPI KREDİ YAYINLARI,5 / 5 (459 oy),10.954,918,107,1.122,"360,00",02.10.2024,TÜRKÇE,448,Karton Kapak,13.5 x 23 cm,Kitap Kağıdı,24869,347
"Hayatın Hakkını VermekSağlıklı, Uzun ve Mutlu Yaşamak",Kitap > Psikoloji,Prof.Dr. Acar Baltaş,DOĞAN KİTAP,5 / 5 (77 oy),3.629,186,13,89,"240,00",02.12.2020,TÜRKÇE,344,Karton Kapak,13.6 x 21 cm,Kitap Kağıdı,6620,37
Sokrates’in Savunması,Kitap > Edebiyat > 100 Temel Eser,Platon (Eflatun),KAPRA YAYINCILIK,5 / 5 (164 oy),5.645,236,24,434,"30,00",21.12.2020,TÜRKÇE,56,Karton Kapak,12.5 x 19.5 cm,Kitap Kağıdı,12084,86
Cennetin Doğusu,Kitap > Edebiyat > Roman (Çeviri),John Steinbeck,İLETİŞİM YAYINLARI,5 / 5 (94 oy),6.514,256,31,188,"595,00",16.06.2021,TÜRKÇE,644,Karton Kapak,13 x 19.5 cm,Kitap Kağıdı,4509,54
Sarı Yüz,Kitap > Edebiyat > Roman (Çeviri),R. F. Kuang,İTHAKİ YAYINLARI,4 / 5 (152 oy),7.269,518,61,360,"275,00",07.05.2025,TÜRKÇE,304,Karton Kapak,13.5 x 21 cm,Kitap Kağıdı,12431,112
Çözüm Bakanlığı,Kitap > Edebiyat > Diğer,Sanne Rooseboom,CAN ÇOCUK YAYINLARI,5 / 5 (101 oy),1.460,112,19,193,"250,00",29.08.2024,TÜRKÇE,200,Karton Kapak,12.5 x 19.5 cm,Kitap Kağıdı,7707,54
İyileşme Zamanı,Kitap > Edebiyat > Roman (Yerli),Funda Uçuk Er,HAYY KİTAP,5 / 5 (109 oy),2.729,136,12,238,"325,00",09.11.2023,TÜRKÇE,240,Karton Kapak,13.5 x 21 cm,Kitap Kağıdı,6407,76
Kainatın Efendisi Peygamberimizin Hayatı (Tek Cilt),Kitap > İslam > Siyer,Salih Suruç,NESİL YAYINLARI,5 / 5 (647 oy),5.376,439,181,515,"590,00",02.08.2022,TÜRKÇE,848,Ciltli,16.5 x 24 cm,Şamuha Kağıt,17537,346
Huzur,Kitap > Edebiyat > Roman (Yerli),Ahmet Hamdi Tanpınar,DERGAH YAYINLARI,5 / 5 (31 oy),2.938,101,12,83,"420,00",20.11.2023,TÜRKÇE,384,Karton Kapak,13.5 x 21 cm,Kitap Kağıdı,2773,12
Neden İslam’ın Orta Çağı Yoktu?Antik Çağ’ın Mirası ve Doğu,Kitap > Tarih > Araştırma-İnceleme,Thomas Bauer,RUNİK KİTAP,5 / 5 (260 oy),4.730,376,41,239,"150,00",26.04.2021,TÜRKÇE,162,Karton Kapak,12.5 x 20.5 cm,Kitap Kağıdı,8425,97
Peygamberliğin İspatıHaber Delili,Kitap > İslam > Kültür,Altay Cem Meriç,İNSAN YAYINLARI,5 / 5 (418 oy),6.503,847,195,552,"460,00",24.07.2024,TÜRKÇE,519,Karton Kapak,13.5 x 21 cm,Kitap Kağıdı,18040,267
EneSus Ey Nefsim!,Kitap > Edebiyat > Roman (Yerli),Fatih Duman,NESİL YAYINLARI,5 / 5 (1282 oy),5.601,496,79,1.523,"260,00",02.08.2022,TÜRKÇE,256,Karton Kapak,13.5 x 21 cm,Kitap Kağıdı,21993,791
Bakışınızı Değiştirecek 10 Deney: İnsan,Kitap > Psikoloji > İnceleme,Prof. Dr.  Selçuk Şirin,MUNDİ,5 / 5 (49 oy),1.584,76,13,75,"250,00",05.11.2024,TÜRKÇE,128,Karton Kapak,13.5 x 21 cm,Kitap Kağıdı,3791,31
Gece Yarısı Kütüphanesi,Kitap > Edebiyat > Roman (Çeviri),Matt Haig,DOMİNGO YAYINEVİ,5 / 5 (2915 oy),51.394,4.678,683,8.053,"295,00",22.07.2025,TÜRKÇE,283,Karton Kapak,14 x 21 cm,Kitap Kağıdı,122741,1.976
Saatleri Ayarlama Enstitüsü,Kitap > Edebiyat > Roman (Yerli),Ahmet Hamdi Tanpınar,DERGAH YAYINLARI,5 / 5 (6176 oy),62.082,6.126,691,7.523,"400,00",07.11.2024,TÜRKÇE,344,Karton Kapak,13.5 x 21 cm,Kitap Kağıdı,92811,2.916
Robonlar / Bir Kaçış Operasyonu,Kitap > Çocuk Kitapları > Roman,Mert Arık,TİMAŞ İLK GENÇ,5 / 5 (253 oy),3.852,345,60,466,"125,00",08.11.2024,TÜRKÇE,112,Karton Kapak,12.5 x 19.5 cm,Kitap Kağıdı,26008,147
Öteki,Kitap > Edebiyat > Roman (Çeviri),Fyodor Mihailoviç Dostoyevski,KAPRA YAYINCILIK,5 / 5 (84 oy),2.598,136,13,155,"30,00",24.11.2021,TÜRKÇE,167,Karton Kapak,12.5 x 19.5 cm,Kitap Kağıdı,6377,47
Ölüm Bir Varmış Bir Yokmuş,Kitap > Edebiyat > Roman (Çeviri) > Kitap > Orijinal Dil > Portekizce,Jose Saramago,KIRMIZI KEDİ YAYINEVİ,5 / 5 (1928 oy),12.848,1.137,126,1.911,"330,00",16.04.2025,TÜRKÇE,208,Karton Kapak,13.5 x 19.5 cm,Kitap Kağıdı,24460,957
Gökyüzünde Nehirler Var,Kitap > Edebiyat > Roman (Yerli),Elif Şafak,DOĞAN KİTAP,5 / 5 (18 oy),1.529,106,13,33,"475,00",13.08.2025,TÜRKÇE,560,Karton Kapak,13.5 x 19.5 cm,Kitap Kağıdı,2290,10
Güneşi Bile Tamir Eden Adam,"Kitap > Çocuk Kitapları > 6-12 Yaş > Hikaye, Roman & Masal",Behiç Ak,GÜNIŞIĞI KİTAPLIĞI,5 / 5 (489 oy),3.583,216,20,625,"245,00",31.10.2024,TÜRKÇE,68,Karton Kapak,13 x 19.5 cm,Kuşe Kağıt,26540,217
Düşünmenin Doğru Ölçüsüel-Kıstasü’l-Müstakîm,Kitap > İslam > Tasavvuf,İmam Gazali,KETEBE YAYINEVİ,5 / 5 (84 oy),3.938,145,20,101,"119,00",06.10.2023,TÜRKÇE,120,Karton Kapak,13.5 x 21 cm,Kitap Kağıdı,5182,40
Göğe Tırmanan Çocuk,Kitap > Çocuk Kitapları > Hikaye,Ali Standish,TİMAŞ ÇOCUK YAYINLARI,5 / 5 (147 oy),1.971,102,15,273,"140,00",07.02.2022,TÜRKÇE,96,Karton Kapak,12.5 x 19.5 cm,1. Hm. Kağıt,9332,81
Eşekli Kütüphaneci,Kitap > Edebiyat > Roman (Yerli),Fakir Baykurt,LİTERATÜR YAYINLARI,5 / 5 (726 oy),6.860,412,43,1.101,"200,00",06.03.2024,TÜRKÇE,148,Karton Kapak,13.5 x 21.5 cm,Kitap Kağıdı,15112,430
El Kızı,Kitap > Edebiyat > Roman (Yerli),Orhan Kemal,EVEREST YAYINLARI,5 / 5 (274 oy),11.660,460,44,547,"475,00",21.01.2025,TÜRKÇE,400,Karton Kapak,13.5 x 19.5 cm,Kitap Kağıdı,12425,209
Bilinçaltının GücüZihinsel ve Bedensel İyileşme,Kitap > Psikoloji > Yaklaşımlar,Joseph Murphy,DİYOJEN YAYINCILIK,5 / 5 (317 oy),15.273,619,117,786,"228,00",01.01.2020,TÜRKÇE,286,Karton Kapak,13.5 x 19.5 cm,Kitap Kağıdı,26255,185
Anne Terliği,Kitap > Çocuk Kitapları > Hikaye,Anıl Basılı,TİMAŞ ÇOCUK YAYINLARI,5 / 5 (204 oy),4.796,422,73,444,"165,00",13.01.2025,TÜRKÇE,128,Karton Kapak,12.5 x 19.5 cm,Kitap Kağıdı,21464,129
Yedi Ayet Yedi ŞahsiyetFatiha Suresi Tefsiri,Kitap > İslam > Tefsir-Meal > Kitap > İslam > Araştırma-İnceleme,Yasin Pişgin,TİMAŞ YAYINLARI,5 / 5 (87 oy),3.300,169,23,98,"325,00",08.10.2024,TÜRKÇE,304,Karton Kapak,13.5 x 21 cm,Kitap Kağıdı,4323,44
Yankılı Kayalar,"Kitap > Çocuk Kitapları > 6-12 Yaş > Hikaye, Roman & Masal > Kitap > Çocuk Kitapları > 100 Temel Eser",Ahmet Yılmaz Boyunağa,TİMAŞ İLK GENÇ,5 / 5 (845 oy),2.402,305,41,803,"120,00",18.07.2025,TÜRKÇE,112,Karton Kapak,13.5 x 19.5 cm,Kitap Kağıdı,35390,327
Charlie'nin Çikolata Fabrikası (Ciltsiz),"Kitap > Çocuk Kitapları > 6-12 Yaş > Hikaye, Roman & Masal > Kitap > Orijinal Dil > İngilizce",Roald Dahl,CAN ÇOCUK YAYINLARI,5 / 5 (2463 oy),10.269,988,101,2.551,"275,00",14.01.2022,TÜRKÇE,208,Karton Kapak,12.5 x 19.5 cm,Kitap Kağıdı,65786,1.054
Martıya Uçmayı Öğreten Kedi,"Kitap > Çocuk Kitapları > 6-12 Yaş > Hikaye, Roman & Masal > Kitap > Orijinal Dil > İspanyolca",Luis Sepulveda,CAN ÇOCUK YAYINLARI,5 / 5 (993 oy),6.718,529,59,1.228,"220,00",24.09.2021,TÜRKÇE,128,Karton Kapak,12.5 x 19.5 cm,Kitap Kağıdı,44826,411
Sevme Sanatı / Bir Eylem Olarak Sevmek (Modern Kapak),Kitap > Edebiyat > Roman (Çeviri),Erich Fromm,SAY YAYINLARI,5 / 5 (233 oy),7.070,324,43,432,"300,00",18.10.2023,TÜRKÇE,200,Karton Kapak,13.5 x 21 cm,Kitap Kağıdı,12248,112
Toprak Ana,Kitap > Edebiyat > Roman (Çeviri),Cengiz Aytmatov,KETEBE YAYINEVİ,5 / 5 (256 oy),3.827,275,21,646,"68,00",02.06.2021,TÜRKÇE,148,Karton Kapak,13.5 x 21 cm,Kitap Kağıdı,10512,134
Kürk Mantolu Madonna,Kitap > Edebiyat > Roman (Yerli),Sabahattin Ali,YAPI KREDİ YAYINLARI,5 / 5 (24321 oy),47.115,5.926,1.152,35.658,"45,00",15.08.2023,TÜRKÇE,160,Karton Kapak,13.5 x 21 cm,Kitap Kağıdı,227047,12.636
Siddhartha (Ciltsiz),Kitap > Edebiyat > Roman (Çeviri) > Kitap > Orijinal Dil > Almanca,Hermann Hesse,CAN YAYINLARI,5 / 5 (3357 oy),18.253,1.857,162,4.310,"230,00",28.06.2019,TÜRKÇE,152,Karton Kapak,12.5 x 19.5 cm,Kitap Kağıdı,44876,1.571
Trend Takipçisi,Kitap > Ekonomi > Araştırma-İnceleme,Michael W. Covel,SCALA YAYINCILIK,4 / 5 (88 oy),2.179,125,16,99,"550,00",22.03.2024,TÜRKÇE,514,Karton Kapak,13.5 x 21 cm,Kitap Kağıdı,5414,51
Doğu ve Batı (Ciltli)Mezopotamya: Yunan Sanatının Kaynağı,Kitap > Sanat > Sanat Tarihi,Ekrem Akurgal,KRONİK KİTAP,5 / 5 (32 oy),2.147,115,5,19,"745,00",29.08.2025,TÜRKÇE,256,Ciltli,19 x 21 cm,Kuşe Kağıt,1824,15
Çavdar Tarlasında Çocuklar,Kitap > Edebiyat > Roman (Çeviri) > Kitap > Orijinal Dil > İngilizce,J. D. Salinger,YAPI KREDİ YAYINLARI,4 / 5 (6092 oy),38.221,3.295,325,8.563,"140,00",20.08.2019,TÜRKÇE,198,Karton Kapak,13.5 x 21 cm,3. Hm. Kağıt,82691,2.669
Kendini Aldatan İnsan,Kitap > İslam > Tasavvuf,İmam Gazali,KETEBE YAYINEVİ,5 / 5 (139 oy),4.544,207,40,156,"109,00",03.11.2022,TÜRKÇE,80,Karton Kapak,13.5 x 21 cm,Kitap Kağıdı,6560,65
Çalınan Dikkat,Kitap > Psikoloji > İnceleme,Johann Hari,METİS YAYINLARI,5 / 5 (310 oy),11.966,625,87,482,"368,00",15.03.2024,TÜRKÇE,320,Karton Kapak,13 x 19.5 cm,Kitap Kağıdı,17370,167
İnce Memed 1,Kitap > Edebiyat > Roman (Yerli),Yaşar Kemal,YAPI KREDİ YAYINLARI,5 / 5 (4288 oy),31.773,2.934,364,6.166,"400,00",27.12.2021,TÜRKÇE,436,Karton Kapak,13.5 x 21 cm,Kitap Kağıdı,68752,2.366
İnce Memed 4,Kitap > Edebiyat > Roman (Yerli),Yaşar Kemal,YAPI KREDİ YAYINLARI,5 / 5 (1687 oy),16.507,1.439,109,2.242,"550,00",27.02.2020,TÜRKÇE,639,Karton Kapak,13.5 x 21 cm,Kitap Kağıdı,31079,719
Ya Baki Entel Baki,Kitap > İslam > Araştırma-İnceleme,Mehmet  Yıldız,TİMAŞ YAYINLARI,5 / 5 (90 oy),3.087,255,33,125,"275,00",05.04.2023,TÜRKÇE,224,Karton Kapak,13.5 x 21 cm,Kitap Kağıdı,9057,65
Pia Mater,Kitap > Edebiyat > Roman (Yerli),Serkan Karaismailoğlu,ELMA YAYINEVİ,5 / 5 (2011 oy),14.768,1.079,135,2.396,"320,00",28.05.2019,TÜRKÇE,424,Karton Kapak,13.5 x 21 cm,Kitap Kağıdı,37229,1.218
Cumhuriyet Gibi Bir Kadın Nahit Hanım,Kitap > Edebiyat > Roman (Yerli),Osman Balcıgil,DESTEK YAYINLARI,5 / 5 (28 oy),956,70,7,47,"480,00",17.04.2025,TÜRKÇE,520,Karton Kapak,13.5 x 19.5 cm,Kitap Kağıdı,2037,14
Ekonomi OkuluBir Para Yönetimi Macerası,Kitap > Çocuk Kitapları > Roman,Yaşar Bayraktar,TİMAŞ İLK GENÇ,5 / 5 (75 oy),953,63,10,135,"135,00",10.01.2024,TÜRKÇE,128,Karton Kapak,12.5 x 19.5 cm,Kitap Kağıdı,5422,50
Yitik Cennet,Kitap > İslam > Günümüz İslam Düşüncesi > Kitap > Felsefe-Düşünce > Genel,Sezai Karakoç,DİRİLİŞ YAYINLARI,5 / 5 (1538 oy),9.197,1.027,124,1.613,"120,00",01.05.2013,TÜRKÇE,144,Karton Kapak,13 x 19.5 cm,Kitap Kağıdı,37447,647
Küçük Prens,Kitap > Edebiyat > Roman (Çeviri),Antoine De Saint Exupery,KAPRA YAYINCILIK,5 / 5 (452 oy),6.323,463,70,2.261,"20,00",13.01.2021,TÜRKÇE,96,Karton Kapak,12.5 x 19.5 cm,Kitap Kağıdı,69061,280
Sıfır Noktasındaki Kadın,Kitap > Edebiyat > Roman (Çeviri),Neval el-Saadavi,METİS YAYINLARI,5 / 5 (799 oy),9.289,454,34,1.238,"182,00",09.05.2023,TÜRKÇE,112,Karton Kapak,13 x 19.5 cm,3. Hm. Kağıt,15235,514
Kızıl Veba,Kitap > Edebiyat > Roman (Çeviri),Jack London,KAPRA YAYINCILIK,5 / 5 (171 oy),4.855,251,20,391,"30,00",10.04.2021,TÜRKÇE,64,Karton Kapak,12.5 x 19.5 cm,Kitap Kağıdı,8917,102
Hayatın Kaynağı,Kitap > Kişisel Gelişim,Ayn Rand,PEGASUS YAYINLARI,5 / 5 (111 oy),5.266,298,38,161,"900,00",02.12.2021,TÜRKÇE,992,Karton Kapak,13.5 x 21 cm,Kitap Kağıdı,5005,64
İtiraflarım,Kitap > Edebiyat > Roman (Çeviri),Lev N. Tolstoy,KAPRA YAYINCILIK,5 / 5 (260 oy),4.162,299,27,432,"20,00",28.11.2020,TÜRKÇE,88,Karton Kapak,12.5 x 19.5 cm,Kitap Kağıdı,12084,115
Röveşata Mustafa,Kitap > Çocuk Kitapları > Roman,Sinan Yaşar,FOM KİTAP,5 / 5 (104 oy),1.002,125,12,181,"145,00",20.05.2024,TÜRKÇE,64,Karton Kapak,12.5 x 19.5 cm,Kitap Kağıdı,7359,76
Yıldızlara Yakın,Kitap > Çocuk Kitapları > Roman,Metin Özdamarlar,TİMAŞ İLK GENÇ,5 / 5 (73 oy),1.203,79,6,89,"145,00",09.07.2025,TÜRKÇE,144,Karton Kapak,12.5 x 19.5 cm,Kitap Kağıdı,6848,67
Göğü Yere İndirelim,Kitap > Çocuk Kitapları > Roman,Özgür Balpınar,TİMAŞ GENÇ,5 / 5 (462 oy),3.225,279,32,613,,19.07.2025,TÜRKÇE,152,Karton Kapak,13.5 x 20.5 cm,Kitap Kağıdı,20801,190
Balino,Kitap > Çocuk Kitapları > Hikaye,Anıl Basılı,TİMAŞ ÇOCUK YAYINLARI,5 / 5 (580 oy),2.892,234,23,801,"125,00",22.09.2023,TÜRKÇE,64,Karton Kapak,12.5 x 19.5 cm,Kitap Kağıdı,20063,291
"October, October",Kitap > Çocuk Kitapları > Roman,Katya Balen,TİMAŞ GENÇ,5 / 5 (32 oy),784,75,7,72,"245,00",01.10.2024,TÜRKÇE,248,Karton Kapak,13.5 x 20.5 cm,Kitap Kağıdı,1851,18
İnsanlar Arasındaki Eşitsizliğin Kaynağı,Kitap > Felsefe-Düşünce,Jean Jacques Rousseau,KAPRA YAYINCILIK,5 / 5 (105 oy),3.257,191,18,138,"20,00",16.12.2021,TÜRKÇE,139,Karton Kapak,12.5 x 19.5 cm,Kitap Kağıdı,8120,52
Hakikat Arayışıel-Münkız Mine’d-Dalal,Kitap > İslam > Tasavvuf,İmam Gazali,KETEBE YAYINEVİ,5 / 5 (173 oy),4.681,208,24,217,"100,00",10.12.2020,TÜRKÇE,96,Karton Kapak,13.5 x 21 cm,Kitap Kağıdı,7228,74
Çetin CevizSıra Dışı Bir Ödev Hikayesi,Kitap > Çocuk Kitapları > Roman > Kitap > Çocuk Kitapları > 6-12 Yaş,Sinan Yaşar,FOM KİTAP,5 / 5 (900 oy),4.427,337,62,1.202,"132,00",06.06.2022,TÜRKÇE,64,Karton Kapak,12.5 x 19.5 cm,Kitap Kağıdı,45972,435
İrade Terbiyesi,Kitap > Edebiyat > Deneme (Yerli),Dr. Ethem Bakar,KETEBE YAYINEVİ,5 / 5 (273 oy),6.544,627,118,299,"189,00",16.05.2025,TÜRKÇE,384,Karton Kapak,13.5 x 21 cm,Kitap Kağıdı,14662,130
Çalıkuşu,Kitap > Edebiyat > Roman (Yerli) > Kitap > Edebiyat > 100 Temel Eser,Reşat Nuri Güntekin,İNKILAP KİTABEVİ,5 / 5 (2247 oy),15.144,1.564,294,4.287,"730,00",06.09.2000,TÜRKÇE,384,Karton Kapak,13.7 x 23 cm,3. Hm. Kağıt,19760,1.318
101 Deyim 101 Öykü,Kitap > Çocuk Kitapları > Kaynak Kitaplar > Genel > Kitap > Diğer > Atasözleri & Deyimler,Süleyman Bulut,CAN ÇOCUK YAYINLARI,5 / 5 (892 oy),4.714,399,114,869,"300,00",19.03.2019,TÜRKÇE,204,Karton Kapak,16 x 24 cm,Kitap Kağıdı,38743,417
Yaratılıştaki SırlarEl-Hikmetu Fi Mahlûkatillah,Kitap > İslam > Tasavvuf,İmam Gazali,ÇELİK YAYINEVİ,5 / 5 (97 oy),3.328,138,15,149,"130,00",10.04.2020,TÜRKÇE,136,Karton Kapak,13.5 x 21 cm,Kitap Kağıdı,3854,46
Doğunun Limanları,Kitap > Edebiyat > Roman (Çeviri) > Kitap > Orijinal Dil > Fransızca,Amin Maalouf,YAPI KREDİ YAYINLARI,5 / 5 (3263 oy),20.957,1.529,146,4.778,"250,00",04.12.2019,TÜRKÇE,183,Karton Kapak,13.5 x 21 cm,3. Hm. Kağıt,47042,1.782
Mektub,Kitap > Edebiyat > Anlatı,Paulo Coelho,CAN YAYINLARI,4 / 5 (64 oy),2.304,149,11,150,"220,00",05.09.2023,TÜRKÇE,200,Karton Kapak,12.5 x 19.5 cm,Kitap Kağıdı,2976,34
Kirli Çark,Kitap > Siyaset > Araştırma-İnceleme,Murat Ağırel,KIRMIZI KEDİ YAYINEVİ,5 / 5 (18 oy),562,42,4,24,"400,00",20.02.2025,TÜRKÇE,352,Karton Kapak,13.7 x 23 cm,Kitap Kağıdı,1708,11
Cingo (Karton Kapak),Kitap > Çocuk Kitapları > Hikaye,Şermin Yaşar,DOĞAN EGMONT ÇOCUK KİTAPLARI,5 / 5 (145 oy),2.791,182,30,515,"350,00",07.06.2021,TÜRKÇE,188,Karton Kapak,13.7 x 21 cm,Kitap Kağıdı,11668,102
Uzaydaki Gizemli Robot – Faruk,Kitap > Çocuk Kitapları > Hikaye,Caner Sarıoğlu,TİMAŞ ÇOCUK YAYINLARI,5 / 5 (48 oy),870,39,1,81,"110,00",08.11.2024,TÜRKÇE,64,Karton Kapak,12.5 x 19.5 cm,Kitap Kağıdı,4618,25
Okçu'nun Yolu,Kitap > Edebiyat > Roman (Çeviri),Paulo Coelho,CAN YAYINLARI,4 / 5 (373 oy),6.678,543,40,775,"285,00",23.09.2021,TÜRKÇE,168,Karton Kapak,12.5 x 19.5 cm,Kitap Kağıdı,12856,203
Origami ile Kolay Matematik,Kitap > Çocuk Kitapları > 6-12 Yaş > Eğitici ve Yardımcı Kitaplar,Y. Matematik Müh. Burcu Şansan,MATARA ÇOCUK,5 / 5 (56 oy),1.432,59,15,62,"210,00",22.05.2020,TÜRKÇE,122,Karton Kapak,19.9 x 28.2 cm,Kitap Kağıdı,3067,34
Suzan Defter,Kitap > Edebiyat > Roman (Yerli),Ayfer Tunç,CAN YAYINLARI,5 / 5 (897 oy),7.724,516,43,1.236,"240,00",12.05.2022,TÜRKÇE,128,Karton Kapak,13.5 x 19.5 cm,Kitap Kağıdı,14638,531
İncir Kuşları,Kitap > Edebiyat > Roman (Yerli),Sinan Akyüz,ALFA YAYINLARI,5 / 5 (1327 oy),9.217,474,63,2.142,"375,00",22.07.2025,TÜRKÇE,328,Karton Kapak,13.5 x 19.5 cm,Kitap Kağıdı,13150,1.024
Mai ve Siyah,Kitap > Edebiyat > Roman (Yerli) > Kitap > Edebiyat > 100 Temel Eser,Halid Ziya Uşaklıgil,KAPRA YAYINCILIK,5 / 5 (209 oy),7.992,415,41,479,"30,00",11.02.2021,TÜRKÇE,296,Karton Kapak,12.5 x 19.5 cm,Kitap Kağıdı,17097,115
Kıl Niyazi,Kitap > Çocuk Kitapları > Çizgi Roman,Hatice Kübra Tongar,AİLE YAYINLARI,5 / 5 (176 oy),1.424,171,31,376,"120,00",11.10.2023,TÜRKÇE,56,Karton Kapak,13.5 x 21 cm,Kitap Kağıdı,15227,134
At Şu Adımı,Kitap > Kişisel Gelişim,Ahmet Şerif İzgören,ELMA YAYINEVİ,5 / 5 (128 oy),5.194,340,36,248,"175,00",18.10.2024,TÜRKÇE,160,Karton Kapak,13.5 x 21 cm,Kitap Kağıdı,7117,82
Sevr LozanAynı Antlaşmalar,Kitap > Siyaset > Araştırma-İnceleme,Burak Turna,DESTEK YAYINLARI,4 / 5 (40 oy),684,103,9,49,"300,00",24.10.2024,TÜRKÇE,280,Karton Kapak,13.5 x 21 cm,Kitap Kağıdı,1194,28
Bandırma Roket Kulübü,Kitap > Çocuk Kitapları > Hikaye,Ahmet Şerif İzgören,ELMA YAYINEVİ,5 / 5 (69 oy),768,51,8,120,"149,00",03.09.2020,TÜRKÇE,128,Karton Kapak,13 x 19.5 cm,Kitap Kağıdı,5749,30
İnsan Neyle Yaşar?,Kitap > Çocuk Kitapları > 100 Temel Eser,Lev N. Tolstoy,KAPRA YAYINCILIK,5 / 5 (215 oy),4.892,202,11,693,"30,00",21.12.2020,TÜRKÇE,48,Karton Kapak,12.5 x 19.5 cm,Kitap Kağıdı,15860,144
İnsan Olmak,Kitap > Psikoloji > Psikolojik Danışma,Engin Geçtan,METİS YAYINLARI,5 / 5 (2142 oy),29.849,1.961,280,2.720,"244,00",12.06.2023,TÜRKÇE,192,Karton Kapak,13.5 x 19.5 cm,Kitap Kağıdı,62778,1.116
Dede Korkut Hikayeleri,Kitap > Edebiyat > Hikaye (Yerli) > Kitap > Edebiyat > 100 Temel Eser,Anonim,KAPRA YAYINCILIK,5 / 5 (248 oy),1.862,244,26,247,"30,00",13.01.2021,TÜRKÇE,244,Karton Kapak,12.5 x 19.5 cm,Kitap Kağıdı,15343,124
Hafıza Koleksiyoncusu,Kitap > Edebiyat > Polisiye,Kayahan Demir,TİMAŞ GENÇ,5 / 5 (172 oy),1.984,178,9,289,"190,00",27.09.2024,TÜRKÇE,176,Karton Kapak,13.5 x 20.5 cm,Kitap Kağıdı,7197,84
Asude Bahçe,Kitap > Edebiyat > Hikaye (Yerli),Funda Uçuk Er,CEZVE KİTAP,5 / 5 (225 oy),2.682,170,24,440,"270,00",09.06.2021,TÜRKÇE,256,Karton Kapak,13.5 x 21 cm,Kitap Kağıdı,11100,157
Dervişin Teselli KoleksiyonuDoğu'dan Batı'dan 99 Teselli,Kitap > İslam > Tasavvuf > Kitap > Felsefe-Düşünce > Filozoflar-Düşünürler,Mecit Ömür Öztürk,HAYY KİTAP,5 / 5 (2044 oy),16.682,1.687,403,2.278,"325,00",01.01.2019,TÜRKÇE,344,Karton Kapak,13.5 x 21 cm,Kitap Kağıdı,63711,1.228
Mırıldanan Çocuk,Kitap > Çocuk Kitapları > Roman > Kitap > Edebiyat > Roman (Çeviri),Gabriele Clima,TİMAŞ İLK GENÇ,5 / 5 (312 oy),3.234,283,27,524,"175,00",18.07.2025,TÜRKÇE,184,Karton Kapak,12.5 x 19.5 cm,Kitap Kağıdı,17520,164
Bunun Adı Findel,"Kitap > Çocuk Kitapları > 6-12 Yaş > Hikaye, Roman & Masal > Kitap > Orijinal Dil > İngilizce",Andrew Clements,GÜNIŞIĞI KİTAPLIĞI,5 / 5 (961 oy),5.755,602,75,1.347,"245,00",18.10.2024,TÜRKÇE,112,Karton Kapak,12 x 18 cm,Kitap Kağıdı,57034,430
ErtelemeNedenleri ve Çözümleri,Kitap > Psikoloji > İnceleme,Nihan Kaya,EKSİK PARÇA YAYINLARI,5 / 5 (95 oy),3.613,167,36,147,"249,00",27.09.2023,TÜRKÇE,200,Karton Kapak,13.5 x 21 cm,Kitap Kağıdı,6795,56
Salkım Sokak No:3,Kitap > Edebiyat > Roman (Yerli),İclal Aydın,ARTEMİS YAYINLARI,5 / 5 (145 oy),2.438,162,29,297,"345,00",02.07.2024,TÜRKÇE,336,Karton Kapak,13.5 x 21 cm,Kitap Kağıdı,5438,112
Gökyüzüne Bakmanın Faydaları,Kitap > İslam > Kültür,İmam Gazali,NESİL YAYINLARI,5 / 5 (418 oy),9.361,555,78,608,"120,00",12.01.2023,TÜRKÇE,128,Karton Kapak,13.5 x 21 cm,Kitap Kağıdı,14425,222
Huzura Varınca,Kitap > Din > Diğer > Kitap > İslam > Diğer > Kitap > İslam > Tasavvuf > Kitap > Kişisel Gelişim > Kitap > İslam > Araştırma-İnceleme,Mecit Ömür Öztürk,TİMAŞ YAYINLARI,5 / 5 (57 oy),1.359,85,11,57,"200,00",08.10.2024,TÜRKÇE,176,Karton Kapak,13.5 x 21 cm,Kitap Kağıdı,2703,27
Mira Öfke Gezegeni'nden Ayrılıyor / Duygu Günlüğüm,Kitap > Çocuk Kitapları > Diğer,Oya Doğan,TİMAŞ ÇOCUK YAYINLARI,5 / 5 (45 oy),1.233,66,5,115,"120,00",10.10.2023,TÜRKÇE,64,Karton Kapak,15 x 21 cm,Kitap Kağıdı,5147,25
Robi Kurtar Bizi,Kitap > Çocuk Kitapları > Diğer,Faruk Yıldız,ERDEM ÇOCUK YAYINLARI,5 / 5 (29 oy),323,40,6,41,"130,00",11.10.2024,TÜRKÇE,128,Karton Kapak,12.5 x 21 cm,Kitap Kağıdı,6136,18
Beyaz Gemi,Kitap > Edebiyat > Roman (Yerli),Cengiz Aytmatov,KETEBE YAYINEVİ,5 / 5 (351 oy),6.263,458,39,974,"70,00",02.06.2021,TÜRKÇE,180,Karton Kapak,13.5 x 21 cm,Kitap Kağıdı,17952,186
Çöplük,"Kitap > Çocuk Kitapları > 12+ Yaş > Hikaye, Roman & Masal > Kitap > Orijinal Dil > İngilizce",Andy Mulligan,TUDEM YAYINEVİ,5 / 5 (513 oy),4.269,386,64,678,"240,00",01.01.2015,TÜRKÇE,220,Karton Kapak,13.5 x 19.5 cm,Kitap Kağıdı,21210,233
Hayat İmkansız,Kitap > Edebiyat > Roman (Çeviri),Matt Haig,DOMİNGO YAYINEVİ,5 / 5 (133 oy),5.865,288,47,347,"295,00",09.09.2024,TÜRKÇE,368,Karton Kapak,14 x 21 cm,Kitap Kağıdı,8407,97
Sırça Köşk,Kitap > Edebiyat > Roman (Yerli),Sabahattin Ali,KAPRA YAYINCILIK,5 / 5 (115 oy),3.342,202,24,290,"30,00",13.01.2021,TÜRKÇE,152,Karton Kapak,12.5 x 19.5 cm,Kitap Kağıdı,9859,69
Ulusların Düşüşü,Kitap > Siyaset > Araştırma-İnceleme > Kitap > Orijinal Dil > İngilizce,Daron Acemoğlu,DOĞAN KİTAP,5 / 5 (1117 oy),13.391,1.270,186,937,"395,00",25.10.2024,TÜRKÇE,496,Karton Kapak,14 x 23 cm,Kitap Kağıdı,29427,476
Matilda,"Kitap > Çocuk Kitapları > 6-12 Yaş > Hikaye, Roman & Masal > Kitap > Orijinal Dil > İngilizce",Roald Dahl,CAN ÇOCUK YAYINLARI,5 / 5 (849 oy),5.665,476,56,1.002,"320,00",14.01.2022,TÜRKÇE,256,Karton Kapak,12.5 x 19.5 cm,Kitap Kağıdı,31906,397
Köpek Gibi Büyütülmüş Çocuk,Kitap > Psikoloji > Genel,Maia Szalavitz,KORİDOR YAYINCILIK,5 / 5 (1104 oy),13.365,941,152,1.085,"340,00",06.11.2017,TÜRKÇE,456,Karton Kapak,13.5 x 21 cm,Kitap Kağıdı,22766,603
Seni Yoran Her Şeyi BırakDuygusal Manipülasyondan Kurtulma ve Korunma Metotları,Kitap > Kişisel Gelişim,Müthiş Psikoloji,DESTEK YAYINLARI,4 / 5 (28 oy),4.993,184,17,144,"230,00",15.02.2023,TÜRKÇE,Bilgi Yok,Karton Kapak,13.5 x 21 cm,Kitap Kağıdı,2874,21
Nohut Adam,Kitap > Çocuk Kitapları > Diğer,Anıl Basılı,TİMAŞ ÇOCUK YAYINLARI,5 / 5 (593 oy),6.271,462,67,1.269,"125,00",22.09.2023,TÜRKÇE,64,Karton Kapak,12.5 x 19.5 cm,Kitap Kağıdı,40422,356
Var mısın?Güçlü Bir Yaşam İçin Öneriler,Kitap > Kişisel Gelişim,Doğan Cüceloğlu,KRONİK KİTAP,5 / 5 (2030 oy),32.144,3.643,623,3.637,"295,00",11.01.2021,TÜRKÇE,320,Karton Kapak,13.5 x 21 cm,2. Hm. Kağıt,102131,1.124
Dünyanın En Komik Hayvanı,Kitap > Çocuk Kitapları > Hikaye,Caner Sarıoğlu,TİMAŞ ÇOCUK YAYINLARI,5 / 5 (18 oy),515,12,1,41,"90,00",05.02.2025,TÜRKÇE,32,Karton Kapak,15 x 21 cm,Kitap Kağıdı,3097,12
Yuan Huan 2: Kütüphanedeki Kamera,Kitap > Çocuk Kitapları > Roman,Miyase Sertbarut,TUDEM YAYINEVİ,5 / 5 (44 oy),811,68,4,68,"180,00",07.01.2025,TÜRKÇE,128,Karton Kapak,13.5 x 19.5 cm,Kitap Kağıdı,4019,25
Uğultulu Tepeler,Kitap > Edebiyat > Roman (Çeviri),Emily Bronte,CAN YAYINLARI,5 / 5 (1638 oy),20.373,1.671,165,2.443,"220,00",25.09.2019,TÜRKÇE,408,Karton Kapak,12.5 x 19.5 cm,Kitap Kağıdı,33924,839
Hayta,Kitap > Çocuk Kitapları > Hikaye,Anıl Basılı,TİMAŞ İLK GENÇ,5 / 5 (106 oy),1.478,124,19,255,"135,00",08.08.2023,TÜRKÇE,128,Karton Kapak,12.5 x 19.5 cm,Kitap Kağıdı,8365,69
Duygu Günlüğüm / Mira ve Yekta Zorbalık Adası'nda Mücadele,Kitap > Çocuk Kitapları > Hikaye,Oya Doğan,TİMAŞ ÇOCUK YAYINLARI,5 / 5 (47 oy),1.383,59,8,106,"120,00",08.03.2024,TÜRKÇE,64,Karton Kapak,15 x 21 cm,Kitap Kağıdı,5225,23
Sessiz Hasta,Kitap > Edebiyat > Roman (Çeviri),Alex Michaelides,DOMİNGO YAYINEVİ,5 / 5 (284 oy),4.536,302,25,555,"295,00",22.07.2024,TÜRKÇE,309,Karton Kapak,14 x 21 cm,Kitap Kağıdı,7267,200
Bir Yöneticinin Çocukluğu,Kitap > Edebiyat > Hikaye (Çeviri),Jean Paul Sartre,CAN YAYINLARI,4 / 5 (56 oy),1.268,92,8,70,"190,00",13.10.2021,TÜRKÇE,104,Karton Kapak,12.5 x 19.5 cm,Kitap Kağıdı,1827,33
"Kalk, Çalış, Başarısız Ol!Hayatta Sana Anlatılmayan Gerçekler",Kitap > Kişisel Gelişim,Behçet Yalın Özkara,KRONİK KİTAP,5 / 5 (141 oy),2.312,225,42,170,"245,00",24.10.2024,TÜRKÇE,176,Karton Kapak,13.5 x 21 cm,Kitap Kağıdı,5626,94
Yaralı Şövalye,Kitap > Edebiyat > Roman (Çeviri),L. J. Shen,OLİMPOS YAYINLARI,4 / 5 (14 oy),555,27,0,28,"319,00",18.04.2023,TÜRKÇE,Bilgi Yok,Karton Kapak,13.5 x 21 cm,Kitap Kağıdı,549,10
Aşk Hikayesi,Kitap > Edebiyat > Roman (Yerli),Prof. Dr. İskender Pala,KAPI YAYINLARI,5 / 5 (426 oy),8.713,619,101,982,"295,00",25.10.2023,TÜRKÇE,272,Karton Kapak,13.5 x 19.5 cm,Kitap Kağıdı,15826,311
"İslam, Aydınlanma ve Gelecek",Kitap > İslam > Araştırma-İnceleme,İbrahim Kalın,İNSAN YAYINLARI,5 / 5 (51 oy),3.141,191,20,65,"240,00",18.10.2024,TÜRKÇE,244,Karton Kapak,13.5 x 21 cm,Kitap Kağıdı,2721,26
Puslu Kıtalar Atlası,Kitap > Edebiyat > Roman (Yerli),İhsan Oktay Anar,İLETİŞİM YAYINLARI,5 / 5 (5281 oy),42.647,3.346,350,7.627,"295,00",02.06.2021,TÜRKÇE,238,Karton Kapak,13 x 19.5 cm,Kitap Kağıdı,80785,3.046
Yüzyıllık Yalnızlık (Ciltsiz),Kitap > Edebiyat > Roman (Çeviri) > Kitap > Orijinal Dil > İspanyolca,Gabriel Garcia Marquez,CAN YAYINLARI,4 / 5 (6121 oy),49.476,4.852,471,6.773,"490,00",24.09.2019,TÜRKÇE,464,Karton Kapak,12.5 x 19.5 cm,Kitap Kağıdı,77582,2.543
Güneşsiz 1: Cehennem Diskosu,Kitap > Edebiyat > Roman (Çeviri) > Kitap > Edebiyat > Polisiye > Kitap > Edebiyat > Korku-Gerilim,Jean Christophe Grange,DOĞAN KİTAP,5 / 5 (45 oy),1.215,137,16,61,"375,00",06.08.2025,TÜRKÇE,408,Karton Kapak,13.7 x 23 cm,Kitap Kağıdı,2558,22
İrade Terbiyesi,Kitap > Kişisel Gelişim,Jules Payot,KAPRA YAYINCILIK,5 / 5 (491 oy),13.785,1.045,163,936,"30,00",21.01.2021,TÜRKÇE,232,Karton Kapak,12.5 x 19.5 cm,Kitap Kağıdı,43441,260
Naneyi Yedik Lokantası,Kitap > Çocuk Kitapları > Hikaye,Mert Arık,TİMAŞ ÇOCUK YAYINLARI,5 / 5 (341 oy),5.235,321,53,690,"125,00",06.05.2024,TÜRKÇE,64,Karton Kapak,12.5 x 19.5 cm,Kitap Kağıdı,31102,220
Masal Masal İçinde,Kitap > Çocuk Kitapları,Ahmet Ümit,YAPI KREDİ YAYINLARI,5 / 5 (414 oy),4.637,248,52,802,"200,00",03.08.2023,TÜRKÇE,144,Karton Kapak,13.5 x 19.8 cm,Kitap Kağıdı,24459,234
Cesur Yeni Dünya,Kitap > Edebiyat > Bilimkurgu-Fantazya > Kitap > Orijinal Dil > İngilizce,Aldous Huxley,İTHAKİ YAYINLARI,5 / 5 (7295 oy),49.938,5.256,667,9.334,"220,00",20.08.2021,TÜRKÇE,272,Karton Kapak,11 x 18 cm,Kitap Kağıdı,130064,3.426
Çantamdan Fil Çıktı,Kitap > Çocuk Kitapları > Hikaye,Mert Arık,TİMAŞ ÇOCUK YAYINLARI,5 / 5 (596 oy),9.467,719,125,1.546,"125,00",09.05.2023,TÜRKÇE,64,Karton Kapak,12.5 x 19.5 cm,Kitap Kağıdı,61341,364
Hızlı ve Yavaş Düşünme,Kitap > Kişisel Gelişim > Kitap > Ekonomi > İş Dünyası > Kitap > Orijinal Dil > İngilizce,Daniel Kahneman,VARLIK YAYINLARI,5 / 5 (535 oy),13.728,959,114,406,"450,00",14.11.2017,TÜRKÇE,568,Karton Kapak,13.5 x 19.5 cm,Kitap Kağıdı,21262,244
Milli Şairimiz Mehmet Akif,Kitap > Çocuk Kitapları > 6-12 Yaş > Eğitici ve Yardımcı Kitaplar,Metin Özdamarlar,EĞLENCELİ BİLGİ,5 / 5 (82 oy),694,61,6,130,"160,00",08.06.2022,TÜRKÇE,144,Karton Kapak,15 x 19 cm,Kitap Kağıdı,8314,40
Endişe Ağacı,"Kitap > Çocuk Kitapları > 6-12 Yaş > Hikaye, Roman & Masal",Marianne Musgrove,ALTIN KİTAPLAR - ÖZEL ÜRÜN,5 / 5 (340 oy),3.199,221,34,506,"175,00",08.08.2023,TÜRKÇE,128,Karton Kapak,13.5 x 19.5 cm,Kitap Kağıdı,17857,181
2025 Kitapyurdu Masa Takvimi (Kediler ve Kitap),Kırtasiye > Ajanda ve Takvim > Masa Takvimi,Bilgi Yok,ÜÇ HARF YAYINCILIK,5 / 5 (57 oy),250,0,0,0,"90,00",21.10.2024,Bilgi Yok,Bilgi Yok,Bilgi Yok,16 x 18 cm,Bilgi Yok,Bilgi Yok,31
Dünyanın En Yalnız Beyni,Kitap > Bilim & Mühendislik > Popüler Bilim,Serkan Karaismailoğlu,ORTAPİA,5 / 5 (277 oy),6.044,550,92,581,"295,00",21.07.2023,TÜRKÇE,312,Karton Kapak,13.5 x 21 cm,Kitap Kağıdı,15770,190
Bin Dokuz Yüz Seksen Dört - 1984,Kitap > Edebiyat > Roman (Çeviri),George Orwell,KAPRA YAYINCILIK,5 / 5 (633 oy),6.756,829,131,1.974,"30,00",05.01.2021,TÜRKÇE,296,Karton Kapak,12.5 x 19.5 cm,Kitap Kağıdı,33416,363
Kitap Kurdu Olmak İstemeyen Maya,Kitap > Çocuk Kitapları > Hikaye,Anıl Basılı,TİMAŞ ÇOCUK YAYINLARI,5 / 5 (126 oy),1.644,67,6,206,"90,00",03.06.2024,TÜRKÇE,32,Karton Kapak,15 x 21 cm,1. Hm. Kağıt,5708,63
Hacı Murat,Kitap > Edebiyat > Roman (Çeviri),Lev N. Tolstoy,KAPRA YAYINCILIK,5 / 5 (103 oy),1.907,127,11,180,"30,00",24.11.2021,TÜRKÇE,152,Karton Kapak,12.5 x 19.5 cm,Kitap Kağıdı,5724,54
Yıldız Tozu / Günümüz Çocuk Edebiyatı Dizisi,"Kitap > Çocuk Kitapları > 6-12 Yaş > Hikaye, Roman & Masal",Mustafa Kutlu,ERDEM ÇOCUK YAYINLARI,5 / 5 (577 oy),3.065,226,21,595,"110,00",01.04.2020,TÜRKÇE,64,Karton Kapak,13.5 x 19.5 cm,1. Hm. Kağıt,16469,244
Savaş Sanatı,Kitap > Siyaset > Araştırma-İnceleme,Sun Tzu,KAPRA YAYINCILIK,5 / 5 (153 oy),3.334,211,22,298,"20,00",21.12.2020,TÜRKÇE,64,Karton Kapak,12.5 x 19.5 cm,Kitap Kağıdı,9807,88
Dadanık,Kitap > Çocuk Kitapları > Hikaye,Anıl Basılı,DOĞAN ÇOCUK,5 / 5 (44 oy),896,58,8,90,"180,00",26.03.2024,TÜRKÇE,128,Karton Kapak,13.5 x 19.5 cm,Kitap Kağıdı,3644,26
Harry Potter ve Sırlar Odası,"Kitap > Çocuk Kitapları > 6-12 Yaş > Hikaye, Roman & Masal > Kitap > Çocuk Kitapları > 12+ Yaş > Hikaye, Roman & Masal > Kitap > Diğer > Gençlik Kitapları > Edebiyat > Kitap > Orijinal Dil > İngilizce",J. K. Rowling,YAPI KREDİ YAYINLARI,5 / 5 (2801 oy),10.184,1.149,205,4.476,"280,00",29.08.2019,TÜRKÇE,314,Karton Kapak,13.5 x 19.45 cm,Kitap Kağıdı,43360,1.145
Dikkat Zengin Yapabilir,Kitap > Ekonomi > Araştırma-İnceleme,Cihat E.  Çiçek,ÜÇÜNCÜ GÖZ,5 / 5 (87 oy),1.367,229,45,172,"245,00",31.10.2024,TÜRKÇE,144,Karton Kapak,13.7 x 21.5 cm,3. Hm. Kağıt,6704,76
Martin Eden (Beyaz Kapak),Kitap > Edebiyat > Roman (Çeviri),Jack London,CAN YAYINLARI,5 / 5 (420 oy),9.844,516,69,916,"200,00",25.04.2019,TÜRKÇE,496,Karton Kapak,12.5 x 19.5 cm,Kitap Kağıdı,14255,255
Erişkin Acil Servis Order-Reçete El Kitabı,Kitap > Sağlık-Tıp > Diğer,Dr. Muhammed Emrullah Yıldırım,KİTAPYURDU DOĞRUDAN YAYINCILIK (KDY),4 / 5 (13 oy),477,27,8,13,,26.07.2024,TÜRKÇE,160,Karton Kapak,15 x 22.5 cm,1. Hm. Kağıt,4658,9
Sözcüklerin Kamera Arkası,Kitap > Çocuk Kitapları > Roman,Ferhat Taştekin,TİMAŞ İLK GENÇ,5 / 5 (148 oy),3.333,248,32,316,"145,00",07.08.2024,TÜRKÇE,144,Karton Kapak,12.5 x 19.5 cm,Kitap Kağıdı,24560,80
Eylül,Kitap > Edebiyat > Roman (Yerli),Mehmed Rauf,KAPRA YAYINCILIK,5 / 5 (224 oy),4.584,368,45,475,"30,00",13.01.2021,TÜRKÇE,286,Karton Kapak,12.5 x 19.5 cm,Kitap Kağıdı,12851,118
NeksusTaş Devri’nden Yapay Zekaya Bilgi Ağlarının Kısa Tarihi,Kitap > Tarih > Dünya,Yuval Noah Harari,KOLEKTİF KİTAP,5 / 5 (49 oy),2.019,113,15,54,"550,00",09.10.2024,TÜRKÇE,448,Karton Kapak,15 x 21.5 cm,Kitap Kağıdı,3749,27
Afrikalı Leo,Kitap > Edebiyat > Roman (Çeviri) > Kitap > Orijinal Dil > Fransızca,Amin Maalouf,YAPI KREDİ YAYINLARI,5 / 5 (1932 oy),18.250,1.313,148,2.731,"200,00",28.10.2019,TÜRKÇE,374,Karton Kapak,13.5 x 21 cm,Kitap Kağıdı,29619,1.011
Ayı Olmayan Ayı,Kitap > Çocuk Kitapları > Hikaye,Frank Tashlin,REDHOUSE KIDZ YAYINLARI,5 / 5 (328 oy),1.816,109,11,429,"200,00",25.09.2017,TÜRKÇE,64,Karton Kapak,15.5 x 23 cm,Kitap Kağıdı,13569,177
Görmek,Kitap > Edebiyat > Roman (Çeviri),Jose Saramago,KIRMIZI KEDİ YAYINEVİ,4 / 5 (27 oy),2.203,69,5,104,"400,00",16.07.2024,TÜRKÇE,296,Karton Kapak,13.5 x 19.5 cm,Kitap Kağıdı,1960,20
Balıkçı ve Oğlu,Kitap > Edebiyat > Roman (Yerli),Zülfü Livaneli,İNKILAP KİTABEVİ,5 / 5 (792 oy),12.091,856,89,2.273,"245,00",01.06.2021,TÜRKÇE,140,Karton Kapak,13.7 x 23 cm,Kitap Kağıdı,29849,521
Baharın İlk Şarkısı,Kitap > Edebiyat > Roman (Yerli),Bahar Eriş,ALFA YAYINLARI,5 / 5 (33 oy),1.075,65,7,78,"195,00",18.07.2025,TÜRKÇE,144,Karton Kapak,13.5 x 19.5 cm,Kitap Kağıdı,2538,16
Seyir,Kitap > Edebiyat > Roman (Yerli),Piraye,MONA KİTAP,4 / 5 (192 oy),7.235,475,91,536,"475,00",04.09.2025,TÜRKÇE,408,Karton Kapak,13.5 x 21 cm,Kitap Kağıdı,9975,142
İnsanlığımı Yitirirken,Kitap > Edebiyat > Roman (Çeviri),Osamu Dazai,KAPRA YAYINCILIK,4 / 5 (392 oy),7.436,756,94,916,"20,00",18.11.2023,TÜRKÇE,120,Karton Kapak,12.5 x 19.5 cm,Kitap Kağıdı,34702,239
Kafayı Yemeden Yaşama Sanatı,Kitap > Edebiyat > Deneme (Yerli),Ezgi Akgül,NESİL YAYINLARI,5 / 5 (87 oy),2.503,212,40,145,"190,00",20.09.2024,TÜRKÇE,144,Karton Kapak,13.5 x 21 cm,Kitap Kağıdı,3949,58
Bekle Beni,Kitap > Edebiyat > Roman (Yerli),Zülfü Livaneli,CAN YAYINLARI,5 / 5 (12 oy),1.923,166,8,31,"320,00",23.09.2025,TÜRKÇE,192,Karton Kapak,12.5 x 19.5 cm,Kitap Kağıdı,2469,4
Millete Emanet,Kitap > Siyaset > Araştırma-İnceleme,Yavuz Oğhan,KIRMIZI KEDİ YAYINEVİ,5 / 5 (22 oy),410,101,7,9,"300,00",08.09.2025,TÜRKÇE,216,Karton Kapak,13.7 x 23 cm,Kitap Kağıdı,7022,12
Peri Gazozu,Kitap > Edebiyat > Hikaye (Yerli),Ercan Kesal,İLETİŞİM YAYINLARI,5 / 5 (619 oy),4.973,325,21,726,"240,00",05.05.2025,TÜRKÇE,198,Karton Kapak,13 x 19.5 cm,Kitap Kağıdı,9868,365
Şampiyon Altın Ayak,Kitap > Çocuk Kitapları > Hikaye,Funda Uçuk Er,TİMAŞ ÇOCUK YAYINLARI,5 / 5 (31 oy),796,41,11,64,"110,00",13.01.2025,TÜRKÇE,64,Karton Kapak,12.5 x 19.5 cm,Kitap Kağıdı,4121,19
Dokuz Yüz Katlı İnsan,Kitap > Psikoloji > İnceleme,Dr. Mustafa Merter,KETEBE YAYINEVİ,5 / 5 (28 oy),1.495,73,15,33,"349,00",20.08.2024,TÜRKÇE,464,Karton Kapak,13.5 x 21 cm,Kitap Kağıdı,2143,18
Çocuk Geliyor,Kitap > Edebiyat > Roman (Çeviri),Han Kang,APRIL YAYINCILIK,5 / 5 (115 oy),2.022,127,14,130,"240,00",21.02.2024,TÜRKÇE,168,Karton Kapak,Bilgi Yok,Kitap Kağıdı,2762,53
Yaşasın Ç Harfi Kardeşliği!,"Kitap > Çocuk Kitapları > 6-12 Yaş > Hikaye, Roman & Masal",Behiç Ak,GÜNIŞIĞI KİTAPLIĞI,5 / 5 (384 oy),2.615,232,28,550,"245,00",14.10.2019,TÜRKÇE,104,Karton Kapak,12 x 18 cm,3. Hm. Kağıt,25289,162
Kayıp Ağaçlar Adası,Kitap > Edebiyat > Roman (Yerli),Elif Şafak,DOĞAN KİTAP,5 / 5 (198 oy),3.772,277,46,471,"440,00",21.07.2023,TÜRKÇE,408,Karton Kapak,13.5 x 19.5 cm,Kitap Kağıdı,9277,141
İnsan İnsana,Kitap > Psikoloji > İnceleme,Doğan Cüceloğlu,KRONİK KİTAP,5 / 5 (195 oy),12.141,453,56,378,"275,00",09.08.2025,TÜRKÇE,312,Karton Kapak,13.5 x 21 cm,Kitap Kağıdı,15596,102
Niyet Şifası,Kitap > Edebiyat > Roman (Yerli),Funda Uçuk Er,HAYY KİTAP,5 / 5 (106 oy),1.908,138,21,182,"325,00",01.11.2024,TÜRKÇE,224,Karton Kapak,13.5 x 21 cm,Kitap Kağıdı,5526,78
Linç Çıkmazı,Kitap > Çocuk Kitapları > Roman,Anıl Basılı,TİMAŞ İLK GENÇ,5 / 5 (78 oy),1.433,104,16,171,"190,00",06.02.2024,TÜRKÇE,192,Karton Kapak,12.5 x 19.5 cm,Kitap Kağıdı,5530,47
Fedailerin Kalesi Alamut,Kitap > Edebiyat > Roman (Yerli),Vladimir Bartol,KORİDOR YAYINCILIK,5 / 5 (3576 oy),16.757,1.559,231,4.563,"340,00",09.03.2012,TÜRKÇE,510,Karton Kapak,13.5 x 21 cm,Kitap Kağıdı,36664,1.984
Son Ayı,Kitap > Edebiyat > Roman (Çeviri),Hannah Gold,TİMAŞ GENÇ,5 / 5 (174 oy),3.008,244,26,332,"210,00",08.08.2023,TÜRKÇE,208,Karton Kapak,13.5 x 20.5 cm,Kitap Kağıdı,10099,99
Vücudunuz Hayır DiyorsaDuygusal Stresin Bedelleri,Kitap > Psikoloji > İnceleme,Gabor Mate,İLETİŞİM YAYINLARI,5 / 5 (295 oy),12.495,551,66,328,"460,00",19.12.2022,TÜRKÇE,382,Karton Kapak,13 x 19.5 cm,Kitap Kağıdı,15913,142
Otomatik Portakal (Ciltsiz),Kitap > Edebiyat > Roman (Çeviri) > Kitap > Orijinal Dil > İngilizce,Anthony Burgess,TÜRKİYE İŞ BANKASI KÜLTÜR YAYINLARI,4 / 5 (9080 oy),36.144,4.773,418,10.905,"92,00",10.09.2019,TÜRKÇE,171,Karton Kapak,12.5 x 20.5 cm,Kitap Kağıdı,98499,3.982
Harry Potter ve Zümrüdüanka Yoldaşlığı,"Kitap > Çocuk Kitapları > 6-12 Yaş > Hikaye, Roman & Masal > Kitap > Çocuk Kitapları > 12+ Yaş > Hikaye, Roman & Masal > Kitap > Diğer > Gençlik Kitapları > Edebiyat > Kitap > Orijinal Dil > İngilizce",J. K. Rowling,YAPI KREDİ YAYINLARI,5 / 5 (1950 oy),9.624,998,147,2.860,"750,00",21.09.2023,TÜRKÇE,975,Karton Kapak,13.5 x 19.5 cm,Kitap Kağıdı,28046,866
Dinozorlar / İlk Okuma,Kitap > Çocuk Kitapları > Kaynak Kitaplar > Bilim,Stephanie Turnbull,TÜBİTAK YAYINLARI,5 / 5 (241 oy),1.230,89,21,311,"29,00",09.08.2017,TÜRKÇE,30,Karton Kapak,13.5 x 20 cm,Kuşe Kağıt,9848,120
Martı Jonathan Livingston,Kitap > Edebiyat > Roman (Çeviri) > Kitap > Orijinal Dil > İngilizce,Richard Bach,EPSİLON YAYINEVİ,5 / 5 (5774 oy),22.162,1.919,160,8.252,"225,00",01.01.2015,TÜRKÇE,152,Karton Kapak,13 x 19.5 cm,1. Hm. Kağıt,69460,2.731
Beyinde Ararken Bağırsakta Buldum,Kitap > Kültür > Popüler Kültür,Serkan Karaismailoğlu,ELMA YAYINEVİ,5 / 5 (1336 oy),9.975,800,116,1.618,"340,00",07.07.2017,TÜRKÇE,288,Karton Kapak,13.5 x 21 cm,Kitap Kağıdı,25438,735
Beyaz Zambaklar Ülkesinde,Kitap > Edebiyat > Deneme (Çeviri),Grigory Petrov,KAPRA YAYINCILIK,5 / 5 (501 oy),9.470,610,75,1.532,"20,00",28.11.2020,TÜRKÇE,104,Karton Kapak,12.5 x 19.5 cm,Kitap Kağıdı,39727,290
Yol,Kitap > Edebiyat > Roman (Çeviri),Jack London,KAPRA YAYINCILIK,5 / 5 (216 oy),2.256,192,14,243,"30,00",28.11.2020,TÜRKÇE,158,Karton Kapak,12.5 x 19.5 cm,Kitap Kağıdı,7088,111
Beyaz Diş,Kitap > Edebiyat > Roman (Çeviri) > Kitap > Edebiyat > 100 Temel Eser,Jack London,KAPRA YAYINCILIK,5 / 5 (223 oy),4.143,275,35,652,"30,00",28.11.2020,TÜRKÇE,224,Karton Kapak,12.5 x 19.5 cm,Kitap Kağıdı,16581,117
Sadako,Kitap > Çocuk Kitapları > Roman,Takayukı  Ishıı,YAKAMOZ YAYINCILIK,5 / 5 (44 oy),867,64,9,148,"150,00",18.01.2022,TÜRKÇE,160,Karton Kapak,13.5 x 19.5 cm,Kitap Kağıdı,5034,27
İnsanlar,Kitap > Edebiyat > Diğer,Matt Haig,DOMİNGO YAYINEVİ,5 / 5 (379 oy),11.165,696,100,997,"295,00",01.04.2022,TÜRKÇE,296,Karton Kapak,14 x 21 cm,Kitap Kağıdı,17066,241
Postayla Gelen Deniz Kabuğu,"Kitap > Çocuk Kitapları > 6-12 Yaş > Hikaye, Roman & Masal",Behiç Ak,GÜNIŞIĞI KİTAPLIĞI,5 / 5 (363 oy),3.590,226,31,532,"295,00",18.10.2024,TÜRKÇE,160,Karton Kapak,12 x 18 cm,Kitap Kağıdı,31666,149
Sudaki Umut Benoy,Kitap > Çocuk Kitapları > Hikaye > Kitap > Diğer > Gençlik Kitapları > Edebiyat,Merve Kahraman Öztürk,DİYANET VAKFI YAYINLARI,5 / 5 (15 oy),114,23,4,30,"120,00",10.10.2024,TÜRKÇE,72,Karton Kapak,13.5 x 21 cm,Kitap Kağıdı,2401,8
Bu Ülke,Kitap > Kültür > Kültür Yazıları > Kitap > Sosyoloji > Sosyoloji Yazıları > Kitap > Edebiyat > 100 Temel Eser,Cemil Meriç,İLETİŞİM YAYINLARI,5 / 5 (3513 oy),26.781,2.620,363,3.471,"390,00",12.09.2025,TÜRKÇE,339,Karton Kapak,13 x 19.5 cm,3. Hm. Kağıt,51300,1.667
Nazoşi Teyze Bir Kedi Daha İstiyor,Kitap > Çocuk Kitapları > Hikaye,Anıl Basılı,TİMAŞ ÇOCUK YAYINLARI,5 / 5 (28 oy),668,29,5,70,"90,00",07.08.2024,TÜRKÇE,32,Karton Kapak,15 x 21 cm,Kitap Kağıdı,2529,19
Veda Etmiyorum,Kitap > Edebiyat > Roman (Çeviri),Han Kang,APRIL YAYINCILIK,4 / 5 (104 oy),4.534,242,20,178,"290,00",07.06.2024,TÜRKÇE,264,Karton Kapak,13.5 x 21 cm,Kitap Kağıdı,6439,62
Gizemli Yaprağın Peşinde,Kitap > Çocuk Kitapları > Roman,Faruk Yıldız,ERDEM ÇOCUK YAYINLARI,5 / 5 (75 oy),696,51,7,96,"130,00",11.10.2024,TÜRKÇE,128,Karton Kapak,12.5 x 21 cm,Kitap Kağıdı,8681,34
İntermezzo,Kitap > Edebiyat > Roman (Çeviri),Sally Rooney,CAN YAYINLARI,4 / 5 (66 oy),6.008,234,30,138,"420,00",24.09.2024,TÜRKÇE,412,Karton Kapak,12.5 x 19.5 cm,Kitap Kağıdı,6195,33
"Ben, Kirke",Kitap > Edebiyat > Roman (Çeviri),Madeline Miller,İTHAKİ YAYINLARI,4 / 5 (2064 oy),31.704,2.483,314,3.662,"290,00",25.01.2021,TÜRKÇE,408,Karton Kapak,13.5 x 21 cm,Kitap Kağıdı,59627,1.143
Hapı Yuttuk Eczanesi,Kitap > Çocuk Kitapları > Hikaye,Mert Arık,TİMAŞ ÇOCUK YAYINLARI,5 / 5 (141 oy),3.095,229,24,289,"125,00",05.03.2025,TÜRKÇE,64,Karton Kapak,12.5 x 19.5 cm,Kitap Kağıdı,17123,80
Filozof Meşe,Kitap > Çocuk Kitapları > Roman,Anooshirvan  Miandji,BİLGİ ÇOCUK KİTAPLARI,5 / 5 (176 oy),1.279,61,15,185,"165,00",28.08.2018,TÜRKÇE,64,Karton Kapak,13.3 x 19.5 cm,Kitap Kağıdı,10843,97
İbni Haldun,Kitap > Felsefe-Düşünce > Diğer,Prof. Dr. Ahmet Arslan,ALFA YAYINLARI,5 / 5 (22 oy),2.022,130,13,22,"550,00",10.10.2024,TÜRKÇE,496,Karton Kapak,13.5 x 21 cm,Kitap Kağıdı,1867,8
Malma İstasyonu,Kitap > Edebiyat > Roman (Çeviri),Alex Schulman,TİMAŞ YAYINLARI,5 / 5 (81 oy),3.799,132,12,128,"300,00",14.02.2025,TÜRKÇE,256,Karton Kapak,13.5 x 21 cm,Kitap Kağıdı,4085,49
İyi Hissetmek,Kitap > Psikoloji > Psikolojik Danışma > Kitap > Orijinal Dil > İngilizce,Dr. David D. Burns,PSİKONET YAYINLARI,5 / 5 (2650 oy),32.794,2.301,584,2.473,"640,00",01.04.2012,TÜRKÇE,632,Karton Kapak,13.5 x 19.5 cm,Kitap Kağıdı,73412,1.300
101 Atasözü 101 Öykü,Kitap > Çocuk Kitapları > Kaynak Kitaplar > Genel > Kitap > Diğer > Atasözleri & Deyimler,Süleyman Bulut,CAN ÇOCUK YAYINLARI,5 / 5 (925 oy),4.036,362,106,893,"300,00",01.03.2019,TÜRKÇE,200,Karton Kapak,16 x 24 cm,Kitap Kağıdı,36806,421
Mahallenin En Mutlu Bebeği,Kitap > Eğitim > Çocuk Eğitimi > Kitap > Eğitim > Annelik-Babalık-Aile,Dr. Harvey Karp,YAKAMOZ YAYINCILIK,4 / 5 (387 oy),2.819,206,30,351,"300,00",01.07.2012,TÜRKÇE,392,Karton Kapak,13.5 x 19.5 cm,Kitap Kağıdı,13015,211
Kendine Ait Bir Oda,Kitap > Edebiyat > Roman (Çeviri),Virginia Woolf,KAPRA YAYINCILIK,5 / 5 (235 oy),5.939,373,30,490,"25,00",28.11.2020,TÜRKÇE,120,Karton Kapak,12.5 x 19.5 cm,Kitap Kağıdı,13108,114
Kalk Yerine Yat,Kitap > Edebiyat > Hikaye (Yerli),Şermin Yaşar,DOĞAN KİTAP,5 / 5 (389 oy),7.088,616,91,970,"185,00",21.02.2025,TÜRKÇE,168,Karton Kapak,13.5 x 19.5 cm,Kitap Kağıdı,16193,257
Huzursuzluğun Kitabı,Kitap > Edebiyat > Deneme (Çeviri) > Kitap > Edebiyat > Anlatı > Kitap > Orijinal Dil > Portekizce,Fernando Pessoa,CAN YAYINLARI,5 / 5 (1005 oy),16.667,1.171,169,813,"400,00",21.09.2021,TÜRKÇE,675,Karton Kapak,12.5 x 19.5 cm,Kitap Kağıdı,18933,415
Huşu Ağacı,Kitap > Kişisel Gelişim,Funda Uçuk Er,HAYY KİTAP,5 / 5 (35 oy),1.514,76,13,92,"350,00",13.05.2025,TÜRKÇE,208,Karton Kapak,13.5 x 21 cm,Kitap Kağıdı,1955,29
Mülksüzler,Kitap > Edebiyat > Bilimkurgu-Fantazya > Kitap > Orijinal Dil > İngilizce,Ursula K. Le Guin,METİS YAYINLARI,5 / 5 (1467 oy),18.252,1.536,146,1.576,"358,00",31.05.2021,TÜRKÇE,344,Karton Kapak,13 x 19.5 cm,Kitap Kağıdı,25291,695
Beyaz Geceler,Kitap > Edebiyat > Roman (Çeviri),Fyodor Mihailoviç Dostoyevski,KAPRA YAYINCILIK,5 / 5 (108 oy),3.906,174,18,311,"20,00",05.02.2021,TÜRKÇE,72,Karton Kapak,12.5 x 19.5 cm,Kitap Kağıdı,8800,60
Çalıkuşu (Gençler İçin),Kitap > Edebiyat > Roman (Yerli) > Kitap > Edebiyat > 100 Temel Eser,Reşat Nuri Güntekin,İNKILAP KİTABEVİ,5 / 5 (442 oy),2.447,302,52,584,"265,00",06.09.2000,TÜRKÇE,120,Karton Kapak,13.5 x 19.5 cm,Kitap Kağıdı,11989,208
Allah Sevdiğine Dert Verir,Kitap > Din > Diğer,Mehmet  Yıldız,TİMAŞ YAYINLARI,5 / 5 (169 oy),1.540,141,25,43,"400,00",05.03.2025,TÜRKÇE,320,Karton Kapak,13.5 x 21 cm,Kitap Kağıdı,5484,154
Türkçülüğün Esasları,Kitap > Sosyoloji > Araştırma-İnceleme,Ziya Gökalp,KAPRA YAYINCILIK,5 / 5 (146 oy),2.784,173,18,206,"30,00",13.01.2021,TÜRKÇE,176,Karton Kapak,12.5 x 19.5 cm,Kitap Kağıdı,8763,68
Dedem Kodlama Öğreniyor,Kitap > Çocuk Kitapları > Hikaye,Cansu Demirbağ,ERDEM ÇOCUK YAYINLARI,5 / 5 (21 oy),384,45,11,49,"110,00",12.12.2023,TÜRKÇE,112,Karton Kapak,13.5 x 19.5 cm,Kitap Kağıdı,3032,10
Stoacının Günlüğü,Kitap > Kişisel Gelişim,Ryan Holiday,PEGASUS YAYINLARI,5 / 5 (113 oy),6.556,262,46,131,"499,98",19.01.2021,TÜRKÇE,432,Karton Kapak,13.5 x 21 cm,Kitap Kağıdı,7809,58
Sınıftaki Gizemli Saat – Faruk,Kitap > Çocuk Kitapları > Hikaye,Caner Sarıoğlu,TİMAŞ ÇOCUK YAYINLARI,5 / 5 (100 oy),1.690,106,13,252,"110,00",10.10.2023,TÜRKÇE,64,Karton Kapak,12.5 x 19.5 cm,Kitap Kağıdı,12914,60
Gizli Bir Hazine / Hayat Dediğin 3,Kitap > Çocuk Kitapları > Roman,Doç. Dr. Saniye Bencik Kangal,KRONİK KİTAP,5 / 5 (66 oy),1.021,55,2,134,"195,00",21.03.2024,TÜRKÇE,96,Karton Kapak,13.5 x 19.5 cm,Kitap Kağıdı,4477,41
Rahatlama KitabıSuyun Üstünde Kalmamı Sağlayan Düşünceler,Kitap > Kişisel Gelişim,Matt Haig,DOMİNGO YAYINEVİ,4 / 5 (124 oy),6.752,282,31,254,"280,00",29.07.2022,TÜRKÇE,272,Karton Kapak,13.5 x 20.5 cm,Kitap Kağıdı,7376,61
Uçabileceğini Hayal Eden Tavuk,Kitap > Edebiyat > Roman (Çeviri),Sun-Mı Hwang,TİMAŞ GENÇ,5 / 5 (307 oy),3.491,224,22,532,,13.11.2024,TÜRKÇE,96,Karton Kapak,13.5 x 20.5 cm,Kitap Kağıdı,12360,161
Harry Potter ve Felsefe Taşı,"Kitap > Çocuk Kitapları > 6-12 Yaş > Hikaye, Roman & Masal > Kitap > Çocuk Kitapları > 12+ Yaş > Hikaye, Roman & Masal > Kitap > Diğer > Gençlik Kitapları > Edebiyat > Kitap > Orijinal Dil > İngilizce",J. K. Rowling,YAPI KREDİ YAYINLARI,5 / 5 (3878 oy),13.457,1.872,360,5.986,"250,00",07.10.2023,TÜRKÇE,274,Karton Kapak,13.5 x 19.5 cm,Kitap Kağıdı,60520,1.877
Kur’an’ın Anlattığı Tarih: Türkiye,Kitap > İslam > Araştırma-İnceleme,Talha Uğurluel,TİMAŞ YAYINLARI,5 / 5 (137 oy),4.030,322,44,179,"450,00",08.11.2024,TÜRKÇE,320,Karton Kapak,13.5 x 21 cm,Kitap Kağıdı,6568,93
Aç Niyazi,Kitap > Çocuk Kitapları > Çizgi Roman,Hatice Kübra Tongar,AİLE YAYINLARI,5 / 5 (86 oy),887,94,13,193,"120,00",09.02.2024,TÜRKÇE,64,Karton Kapak,13.5 x 21 cm,Kitap Kağıdı,7558,63
Güneşi Uyandıralım,"Kitap > Çocuk Kitapları > 6-12 Yaş > Hikaye, Roman & Masal > Kitap > Çocuk Kitapları > 12+ Yaş > Hikaye, Roman & Masal > Kitap > Edebiyat > Roman (Çeviri) > Kitap > Orijinal Dil > Portekizce",Jose Mauro De Vasconcelos,CAN YAYINLARI,5 / 5 (4659 oy),32.237,2.812,272,5.932,"385,00",06.08.2019,TÜRKÇE,272,Karton Kapak,12.5 x 19.5 cm,Kitap Kağıdı,76152,2.045
Gülün Adı (Ciltsiz),Kitap > Edebiyat > Roman (Çeviri) > Kitap > Orijinal Dil > İtalyanca,Umberto Eco,CAN YAYINLARI,5 / 5 (2941 oy),24.594,2.660,261,2.745,"565,00",12.09.2019,TÜRKÇE,732,Karton Kapak,12.5 x 19.5 cm,Kitap Kağıdı,40362,1.390
Şeker Portakalı (Ciltsiz),"Kitap > Çocuk Kitapları > 6-12 Yaş > Hikaye, Roman & Masal > Kitap > Çocuk Kitapları > 12+ Yaş > Hikaye, Roman & Masal > Kitap > Çocuk Kitapları > 100 Temel Eser > Kitap > Edebiyat > Roman (Çeviri) > Kitap > Orijinal Dil > Portekizce",Jose Mauro De Vasconcelos,CAN YAYINLARI,5 / 5 (22662 oy),71.571,8.361,1.228,30.283,"295,00",06.09.2019,TÜRKÇE,184,Karton Kapak,12.5 x 19.5 cm,Kitap Kağıdı,300822,10.648
On Kişiydiler (On Küçük Zenci),Kitap > Edebiyat > Polisiye,Agatha Christie,ALTIN KİTAPLAR,5 / 5 (474 oy),10.078,562,64,1.174,"255,00",08.08.2023,TÜRKÇE,224,Karton Kapak,13.5 x 19.5 cm,Kitap Kağıdı,16225,330
İFA - İnsanın Fabrika Ayarları (Genişletilmiş Yeni Baskı),Kitap > Bilim & Mühendislik > Popüler Bilim,Sinan Canan,TUTİ KİTAP,5 / 5 (123 oy),4.163,303,73,169,"570,00",10.10.2022,TÜRKÇE,552,Karton Kapak,14.5 x 23 cm,Kitap Kağıdı,9822,71
Kinyas ve Kayra,Kitap > Edebiyat > Roman (Yerli),Hakan Günday,DOĞAN KİTAP,4 / 5 (1395 oy),17.659,1.234,155,1.858,"440,00",27.04.2022,TÜRKÇE,531,Karton Kapak,13.5 x 19.5 cm,Kitap Kağıdı,21020,753
Ayasofya'da Bir Gece,"Kitap > Çocuk Kitapları > 12+ Yaş > Hikaye, Roman & Masal",Rana Demiriz,TİMAŞ GENÇ,5 / 5 (296 oy),2.778,249,40,411,"200,00",10.03.2020,TÜRKÇE,192,Karton Kapak,13.5 x 20.5 cm,Kitap Kağıdı,14292,131
Kalbi İyi Olanın Yolu Zordur,Kitap > Kişisel Gelişim,Miraç Çağrı Aktaş,İNDİGO KİTAP,5 / 5 (35 oy),2.592,117,22,76,"260,00",10.10.2024,TÜRKÇE,200,Karton Kapak,13.5 x 21 cm,Kitap Kağıdı,3681,24
İktidar (Güç Sahibi Olmanın 48 Yasası),Kitap > Ekonomi > İş Dünyası > Kitap > Orijinal Dil > İngilizce,Robert Greene,ALTIN KİTAPLAR,4 / 5 (443 oy),11.016,762,119,417,"600,00",08.08.2023,TÜRKÇE,622,Karton Kapak,13.5 x 19.5 cm,Kitap Kağıdı,18552,251
İçimizdeki Şeytan,Kitap > Edebiyat > Roman (Yerli),Sabahattin Ali,KAPRA YAYINCILIK,5 / 5 (141 oy),3.242,225,27,480,"50,00",13.01.2021,TÜRKÇE,303,Karton Kapak,12.5 x 19.5 cm,Kitap Kağıdı,10522,81
Bakara Suresi Sohbetleri,Kitap > İslam > Araştırma-İnceleme,Nouman Ali Khan,TİMAŞ YAYINLARI,5 / 5 (160 oy),6.120,310,48,294,"325,00",17.03.2025,TÜRKÇE,288,Karton Kapak,13.5 x 21 cm,Kitap Kağıdı,10157,102
Kendime Düşünceler,Kitap > Felsefe-Düşünce > Diğer,Marcus Aurelius,KAPRA YAYINCILIK,5 / 5 (87 oy),2.837,159,19,137,"30,00",12.06.2023,TÜRKÇE,160,Karton Kapak,12.5 x 19.5 cm,Kitap Kağıdı,7657,50
Sırların Sırrı,Kitap > Edebiyat > Roman (Çeviri),Dan Brown,ALTIN KİTAPLAR,5 / 5 (44 oy),2.763,289,25,51,"690,00",09.09.2025,TÜRKÇE,656,Karton Kapak,13.5 x 21.5 cm,Kitap Kağıdı,4554,25
Hayvanlardan Tanrılara Sapiensİnsan Türünün Kısa Bir Tarihi,Kitap > Bilim & Mühendislik > Popüler Bilim > Kitap > Orijinal Dil > İngilizce,Yuval Noah Harari,KOLEKTİF KİTAP,5 / 5 (5465 oy),29.032,3.802,895,5.792,"520,00",15.03.2017,TÜRKÇE,412,Karton Kapak,15 x 21.5 cm,Kitap Kağıdı,78268,2.368
Malamander,Kitap > Edebiyat > Bilimkurgu-Fantazya,Thomas Taylor,TİMAŞ GENÇ,5 / 5 (275 oy),3.600,338,39,534,"290,00",05.08.2021,TÜRKÇE,320,Karton Kapak,13.5 x 20.5 cm,Kitap Kağıdı,12030,157
En Güzel İsimler 99 Esma Sonsuz Mana,Kitap > İslam > Kültür,Fatma Bayram,DİYANET İŞLERİ BAŞKANLIĞI,5 / 5 (144 oy),3.380,238,104,188,"150,00",01.04.2025,TÜRKÇE,345,Karton Kapak,15.8 x 23.5 cm,Kitap Kağıdı,10686,87
Babil,Kitap > Edebiyat > Roman (Çeviri) > Kitap > Edebiyat > Bilimkurgu-Fantazya,R. F. Kuang,İTHAKİ YAYINLARI,5 / 5 (45 oy),2.821,144,24,82,"540,00",03.10.2024,TÜRKÇE,664,Karton Kapak,13.5 x 21 cm,Kitap Kağıdı,2063,24
Kürk Mantolu Madonna,Kitap > Edebiyat > Roman (Yerli),Sabahattin Ali,KAPRA YAYINCILIK,5 / 5 (147 oy),3.094,184,21,740,"30,00",13.01.2021,TÜRKÇE,176,Karton Kapak,12.5 x 19.5 cm,Kitap Kağıdı,15559,95
İlk Okuma - Yavru Hayvanlar,Kitap > Çocuk Kitapları > Hikaye,Emily Bone,TÜBİTAK YAYINLARI,5 / 5 (161 oy),769,85,8,197,"30,00",04.04.2019,TÜRKÇE,31,Karton Kapak,13.5 x 19.5 cm,Kitap Kağıdı,7066,76
Öfke Dansı,Kitap > Psikoloji > Psikolojik Danışma > Kitap > Orijinal Dil > İngilizce,Harriet Lerner,VARLIK YAYINLARI,5 / 5 (659 oy),8.307,615,89,712,"350,00",16.06.2025,TÜRKÇE,199,Karton Kapak,13.5 x 19.5 cm,Kitap Kağıdı,21273,352
İrade Terbiyesi (Cep Boy) (Tam Metin),Kitap > Kişisel Gelişim,Jules Payot,KARBON KİTAPLAR,5 / 5 (375 oy),3.461,431,62,358,"20,00",13.05.2020,TÜRKÇE,280,Karton Kapak,10.5 x 15 cm,Kitap Kağıdı,18666,180
