Favorilere Ekleyen Kişi Sayısı,Okuyacağım olarak işaretlenmiş sayısı,Okudum olarak işaretlenmiş sayısı,Liste Fiyatı,Sayfa Sayısı,Toplam Satılma Sayısı,Toplam Yorum Sayısı,Puan,Oy_Sayisi,Yayin_Yili,En,Boy,Yazar_Kitap_Sayisi,Yayınevi_DESTEK YAYIN GRUBU-KAMPANYA,Yayınevi_Diğer,Yayınevi_EPONA KİTAP,Yayınevi_FİHRİST KİTAP,Yayınevi_HAYY KİTAP - KAMPANYA,Yayınevi_PEGASUS YAYINLARI,Yayınevi_SARMAL KİTABEVİ,Yayınevi_SAY YAYIN GRUBU-KAMPANYA,Yayınevi_URZENİ,Yayınevi_YEDİVEREN YAYIN GRUBU - KAMPANYA,Ana_Kategori_Diğer,Ana_Kategori_Edebiyat,Ana_Kategori_Felsefe-Düşünce,Ana_Kategori_Kişisel Gelişim,Ana_Kategori_Siyaset,Ana_Kategori_Sosyoloji,Ana_Kategori_Tarih,Ana_Kategori_Çocuk Kitapları,Ana_Kategori_İslam
0.027633851468048358,0.0,0.0851063829787234,0.2150537634408602,0.20408163265306123,0.7019730010384215,0.24,1.0,0.10526315789473684,0.948717948717956,0.625,0.375,1.0,0.0,1.0,0.0,0.0,0.0,0.0,0.0,0.0,0.0,0.0,0.0,0.0,0.0,0.0,0.0,0.0,0.0,1.0,0.0
0.39032815198618304,0.2553191489361702,1.0,0.535483870967742,0.6666666666666666,0.5233644859813084,1.0,1.0,1.0,0.487179487179489,0.625,0.625,1.0,0.0,0.0,0.0,0.0,0.0,1.0,0.0,0.0,0.0,0.0,0.0,1.0,0.0,0.0,0.0,0.0,0.0,0.0,0.0
0.08290155440414507,0.2127659574468085,0.1276595744680851,0.4731182795698925,0.38095238095238093,0.16614745586708202,0.4,1.0,0.2807017543859649,0.487179487179489,0.875,0.625,0.0,0.0,1.0,0.0,0.0,0.0,0.0,0.0,0.0,0.0,0.0,0.0,0.0,0.0,0.0,1.0,0.0,0.0,0.0,0.0
0.12435233160621761,0.2127659574468085,0.0851063829787234,0.26666666666666666,0.4098639455782313,0.14953271028037382,0.0,1.0,0.14035087719298245,0.7435897435897516,0.375,0.375,0.0,0.0,1.0,0.0,0.0,0.0,0.0,0.0,0.0,0.0,0.0,0.0,1.0,0.0,0.0,0.0,0.0,0.0,0.0,0.0
0.3696027633851468,0.5531914893617021,1.0,0.42795698924731185,0.3945578231292517,0.3904465212876428,0.8,0.6000000000000001,1.0,0.487179487179489,0.625,0.625,1.0,0.0,0.0,0.0,0.0,0.0,1.0,0.0,0.0,0.0,0.0,0.0,1.0,0.0,0.0,0.0,0.0,0.0,0.0,0.0
0.037996545768566495,0.0425531914893617,0.0425531914893617,0.2967741935483871,0.37414965986394555,0.6625129802699895,0.08,1.0,0.03508771929824561,0.8974358974358978,0.125,0.375,0.0,0.0,0.0,1.0,0.0,0.0,0.0,0.0,0.0,0.0,0.0,0.0,1.0,0.0,0.0,0.0,0.0,0.0,0.0,0.0
0.17271157167530224,0.5531914893617021,0.1702127659574468,0.9999999999999999,0.8843537414965985,0.19314641744548286,0.4,0.6000000000000001,0.5614035087719298,0.487179487179489,0.625,0.625,0.0,0.0,1.0,0.0,0.0,0.0,0.0,0.0,0.0,0.0,0.0,0.0,0.0,0.0,0.0,0.0,0.0,0.0,0.0,1.0
0.41450777202072536,0.3404255319148936,0.0425531914893617,0.23655913978494625,0.1564625850340136,0.2782969885773624,0.0,1.0,0.17543859649122806,0.8974358974358978,0.375,0.375,0.0,0.0,1.0,0.0,0.0,0.0,0.0,0.0,0.0,0.0,0.0,0.0,0.0,0.0,0.0,1.0,0.0,0.0,0.0,0.0
0.37305699481865284,0.8085106382978723,0.0851063829787234,0.3225806451612903,0.40816326530612246,0.15784008307372793,0.08,1.0,0.17543859649122806,0.0,0.625,0.375,0.0,0.0,0.0,0.0,0.0,0.0,0.0,0.0,1.0,0.0,0.0,0.0,0.0,1.0,0.0,0.0,0.0,0.0,0.0,0.0
0.3143350604490501,0.1702127659574468,0.2978723404255319,0.3225806451612903,0.3129251700680272,0.10176531671858775,0.16,1.0,0.24561403508771928,0.8461538461538538,0.625,0.625,0.0,0.0,0.0,0.0,0.0,0.0,0.0,0.0,1.0,0.0,0.0,0.0,0.0,0.0,0.0,0.0,0.0,1.0,0.0,0.0
0.1692573402417962,0.0425531914893617,0.1702127659574468,0.2150537634408602,0.32653061224489793,0.07268951194184839,0.08,0.6000000000000001,0.07017543859649122,0.7435897435897516,0.625,0.375,0.0,0.0,0.0,0.0,0.0,1.0,0.0,0.0,0.0,0.0,0.0,0.0,1.0,0.0,0.0,0.0,0.0,0.0,0.0,0.0
0.7979274611398963,0.9787234042553191,0.2978723404255319,0.9999999999999999,0.6666666666666666,0.4402907580477674,0.16,0.6000000000000001,0.5263157894736842,0.5384615384615472,0.625,0.708333333333333,1.0,0.0,1.0,0.0,0.0,0.0,0.0,0.0,0.0,0.0,0.0,1.0,0.0,0.0,0.0,0.0,0.0,0.0,0.0,0.0
0.27288428324697755,0.0851063829787234,0.0851063829787234,0.26881720430107525,0.09523809523809523,0.31775700934579443,0.08,1.0,0.07017543859649122,0.948717948717956,0.625,0.625,0.0,0.0,1.0,0.0,0.0,0.0,0.0,0.0,0.0,0.0,0.0,0.0,1.0,0.0,0.0,0.0,0.0,0.0,0.0,0.0
0.1485319516407599,0.1276595744680851,0.1276595744680851,0.6150537634408602,0.3129251700680272,0.21599169262720663,0.16,0.6000000000000001,0.17543859649122806,0.8974358974358978,0.625,0.625,0.8000000000000002,0.0,1.0,0.0,0.0,0.0,0.0,0.0,0.0,0.0,0.0,0.0,1.0,0.0,0.0,0.0,0.0,0.0,0.0,0.0
0.6044905008635578,0.1702127659574468,0.1276595744680851,0.9999999999999999,1.0,0.20353063343717548,0.08,1.0,0.14035087719298245,0.7435897435897516,1.0,0.958333333333333,1.0,0.0,0.0,0.0,0.0,0.0,0.0,0.0,0.0,1.0,0.0,1.0,0.0,0.0,0.0,0.0,0.0,0.0,0.0,0.0
0.07253886010362694,0.0851063829787234,0.0,0.2946236559139785,0.3401360544217687,0.024922118380062305,0.0,0.0,0.0,0.8461538461538538,0.625,0.375,0.0,0.0,0.0,0.0,0.0,0.0,0.0,0.0,0.0,0.0,1.0,0.0,0.0,0.0,0.0,0.0,0.0,1.0,0.0,0.0
0.33160621761658027,0.2978723404255319,0.3829787234042553,0.7956989247311828,0.8843537414965985,0.24299065420560745,0.72,1.0,0.49122807017543857,0.3846153846153868,0.125,0.375,0.0,0.0,0.0,0.0,0.0,0.0,0.0,0.0,0.0,0.0,0.0,0.0,1.0,0.0,0.0,0.0,0.0,0.0,0.0,0.0
0.697754749568221,0.2553191489361702,0.8085106382978723,0.535483870967742,0.5306122448979591,0.45898234683281414,0.64,0.6000000000000001,0.7368421052631579,0.3846153846153868,0.625,0.625,0.4,0.0,0.0,0.0,0.0,0.0,1.0,0.0,0.0,0.0,0.0,0.0,1.0,0.0,0.0,0.0,0.0,0.0,0.0,0.0
0.17616580310880828,0.0425531914893617,0.1702127659574468,0.35698924731182796,0.09523809523809523,0.11214953271028037,0.08,1.0,0.03508771929824561,0.948717948717956,0.375,0.375,0.0,0.0,1.0,0.0,0.0,0.0,0.0,0.0,0.0,0.0,0.0,0.0,0.0,0.0,0.0,1.0,0.0,0.0,0.0,0.0
0.11053540587219343,0.1276595744680851,0.0851063829787234,0.4946236559139785,0.32312925170068024,0.07476635514018692,0.16,0.6000000000000001,0.17543859649122806,0.487179487179489,0.125,0.625,0.0,0.0,1.0,0.0,0.0,0.0,0.0,0.0,0.0,0.0,0.0,0.0,1.0,0.0,0.0,0.0,0.0,0.0,0.0,0.0
0.13471502590673576,0.1276595744680851,0.0,0.535483870967742,0.5034013605442176,0.47767393561786087,0.08,1.0,0.07017543859649122,0.8974358974358978,0.375,0.375,0.0,0.0,1.0,0.0,0.0,0.0,0.0,0.0,0.0,0.0,0.0,0.0,0.0,0.0,0.0,1.0,0.0,0.0,0.0,0.0
0.013816925734024179,0.0,0.0,0.4946236559139785,0.5170068027210883,0.012461059190031154,0.0,1.0,0.03508771929824561,0.7948717948717956,0.625,0.625,0.0,1.0,0.0,0.0,0.0,0.0,0.0,0.0,0.0,0.0,0.0,1.0,0.0,0.0,0.0,0.0,0.0,0.0,0.0,0.0
1.0,1.0,0.6808510638297872,0.3225806451612903,0.2585034013605442,0.9999999999999999,0.64,0.6000000000000001,0.3508771929824561,0.8461538461538538,0.625,0.375,0.0,0.0,1.0,0.0,0.0,0.0,0.0,0.0,0.0,0.0,0.0,0.0,0.0,0.0,1.0,0.0,0.0,0.0,0.0,0.0
0.1623488773747841,0.0851063829787234,0.0851063829787234,0.643010752688172,0.336734693877551,0.122533748701973,0.08,1.0,0.03508771929824561,0.8974358974358978,0.625,0.375,0.8000000000000002,0.0,1.0,0.0,0.0,0.0,0.0,0.0,0.0,0.0,0.0,1.0,0.0,0.0,0.0,0.0,0.0,0.0,0.0,0.0
0.6044905008635578,0.2127659574468085,0.1276595744680851,0.5376344086021505,0.42176870748299317,0.3052959501557633,0.0,0.6000000000000001,0.10526315789473684,0.8461538461538538,0.625,0.625,0.8000000000000002,0.0,0.0,0.0,0.0,0.0,0.0,0.0,1.0,0.0,0.0,0.0,0.0,1.0,0.0,0.0,0.0,0.0,0.0,0.0
0.0690846286701209,0.0851063829787234,0.0425531914893617,0.3655913978494624,0.42517006802721086,0.033229491173416406,0.08,1.0,0.07017543859649122,0.6923076923076934,0.625,0.625,1.0,0.0,0.0,0.0,0.0,0.0,0.0,0.0,0.0,1.0,0.0,0.0,1.0,0.0,0.0,0.0,0.0,0.0,0.0,0.0
0.17962003454231432,0.1276595744680851,0.1702127659574468,0.2150537634408602,0.20408163265306123,0.20353063343717548,0.16,1.0,0.17543859649122806,0.7948717948717956,1.0,0.958333333333333,0.0,0.0,0.0,0.0,0.0,1.0,0.0,0.0,0.0,0.0,0.0,1.0,0.0,0.0,0.0,0.0,0.0,0.0,0.0,0.0
0.05872193436960276,0.0,0.0,0.9999999999999999,0.2312925170068027,0.06438213914849429,0.0,1.0,0.03508771929824561,0.6923076923076934,1.0,0.7916666666666665,0.4,0.0,1.0,0.0,0.0,0.0,0.0,0.0,0.0,0.0,0.0,1.0,0.0,0.0,0.0,0.0,0.0,0.0,0.0,0.0
0.20725388601036268,0.1702127659574468,0.1702127659574468,0.47096774193548385,0.4489795918367347,0.0976116303219107,0.16,0.6000000000000001,0.17543859649122806,0.487179487179489,0.625,0.625,1.0,0.0,0.0,0.0,0.0,0.0,1.0,0.0,0.0,0.0,0.0,0.0,1.0,0.0,0.0,0.0,0.0,0.0,0.0,0.0
0.1381692573402418,0.0851063829787234,0.1276595744680851,0.5268817204301075,0.9931972789115646,0.07892004153686397,0.32,1.0,0.2807017543859649,0.435897435897445,0.625,0.625,0.8000000000000002,0.0,1.0,0.0,0.0,0.0,0.0,0.0,0.0,0.0,0.0,0.0,1.0,0.0,0.0,0.0,0.0,0.0,0.0,0.0
0.25906735751295334,0.2127659574468085,0.0851063829787234,0.17204301075268813,0.163265306122449,0.43613707165109034,0.16,1.0,0.10526315789473684,0.7948717948717956,0.375,0.375,0.8000000000000002,0.0,1.0,0.0,0.0,0.0,0.0,0.0,0.0,0.0,0.0,0.0,1.0,0.0,0.0,0.0,0.0,0.0,0.0,0.0
0.770293609671848,0.7659574468085106,0.3829787234042553,0.4301075268817204,0.5306122448979591,0.2512980269989616,0.64,0.6000000000000001,0.631578947368421,0.5897435897435912,0.625,0.625,0.8000000000000002,0.0,1.0,0.0,0.0,0.0,0.0,0.0,0.0,0.0,0.0,0.0,1.0,0.0,0.0,0.0,0.0,0.0,0.0,0.0
0.35233160621761656,0.851063829787234,0.425531914893617,0.7086021505376344,0.43537414965986393,0.3364485981308411,0.32,1.0,0.3157894736842105,0.8974358974358978,0.375,0.375,1.0,0.0,0.0,0.0,1.0,0.0,0.0,0.0,0.0,0.0,0.0,0.0,1.0,0.0,0.0,0.0,0.0,0.0,0.0,0.0
0.05872193436960276,0.0425531914893617,0.0425531914893617,0.4086021505376344,0.4200680272108843,0.07684319833852545,0.0,0.0,0.0,0.948717948717956,0.625,0.375,0.0,0.0,0.0,0.0,0.0,0.0,0.0,1.0,0.0,0.0,0.0,0.0,0.0,0.0,0.0,0.0,0.0,0.0,0.0,0.0
0.055267702936096716,0.0,0.0,0.9999999999999999,0.8503401360544217,0.06230529595015576,0.0,0.0,0.0,0.948717948717956,0.375,0.45833333333333304,0.8000000000000002,0.0,1.0,0.0,0.0,0.0,0.0,0.0,0.0,0.0,0.0,1.0,0.0,0.0,0.0,0.0,0.0,0.0,0.0,0.0
0.08635578583765112,0.0,0.0,0.9999999999999999,0.7823129251700679,0.016614745586708203,0.0,0.0,0.0,0.8974358974358978,1.0,1.0,0.0,0.0,1.0,0.0,0.0,0.0,0.0,0.0,0.0,0.0,0.0,0.0,0.0,0.0,0.0,0.0,0.0,0.0,0.0,1.0
0.12435233160621761,0.0851063829787234,0.0425531914893617,0.4838709677419355,0.163265306122449,0.07268951194184839,0.0,0.0,0.0,0.8974358974358978,0.625,0.625,0.0,0.0,0.0,0.0,0.0,0.0,0.0,0.0,1.0,0.0,0.0,0.0,0.0,0.0,1.0,0.0,0.0,0.0,0.0,0.0
0.27979274611398963,0.3829787234042553,0.7234042553191489,0.535483870967742,0.6530612244897959,0.3011422637590862,0.48,1.0,0.45614035087719296,0.5897435897435912,0.625,0.625,0.0,0.0,0.0,0.0,0.0,0.0,1.0,0.0,0.0,0.0,0.0,0.0,1.0,0.0,0.0,0.0,0.0,0.0,0.0,0.0
0.05181347150259067,0.1276595744680851,0.0425531914893617,0.643010752688172,0.3333333333333333,0.05815160955347871,0.08,0.0,0.03508771929824561,0.7435897435897516,0.625,0.625,0.4,0.0,1.0,0.0,0.0,0.0,0.0,0.0,0.0,0.0,0.0,0.0,1.0,0.0,0.0,0.0,0.0,0.0,0.0,0.0
0.4006908462867012,0.2978723404255319,0.5957446808510638,0.535483870967742,0.6394557823129251,0.1889927310488058,0.16,0.6000000000000001,0.3157894736842105,0.435897435897445,0.625,0.625,0.4,0.0,1.0,0.0,0.0,0.0,0.0,0.0,0.0,0.0,0.0,0.0,1.0,0.0,0.0,0.0,0.0,0.0,0.0,0.0
0.1001727115716753,0.0851063829787234,0.1276595744680851,0.0,0.42176870748299317,0.12045690550363447,0.0,0.6000000000000001,0.10526315789473684,0.487179487179489,0.625,0.625,0.0,0.0,1.0,0.0,0.0,0.0,0.0,0.0,0.0,0.0,0.0,0.0,0.0,0.0,0.0,1.0,0.0,0.0,0.0,0.0
0.013081174438687391,1.0,1.0,0.8387096774193549,0.6530612244897959,0.9999999999999999,1.0,1.0,1.0,0.8974358974358978,0.625,0.375,0.0,0.0,1.0,0.0,0.0,0.0,0.0,0.0,0.0,0.0,0.0,0.0,1.0,0.0,0.0,0.0,0.0,0.0,0.0,0.0
0.4317789291882556,0.46808510638297873,0.3404255319148936,0.4516129032258064,0.3877551020408163,0.6230529595015576,0.32,1.0,0.3157894736842105,0.8974358974358978,0.375,0.45833333333333304,0.0,0.0,1.0,0.0,0.0,0.0,0.0,0.0,0.0,0.0,0.0,0.0,1.0,0.0,0.0,0.0,0.0,0.0,0.0,0.0
0.19689119170984454,0.0851063829787234,0.0851063829787234,0.4301075268817204,0.2312925170068027,0.08722741433021806,0.0,0.0,0.0,0.8974358974358978,0.625,0.625,0.8000000000000002,0.0,0.0,0.0,0.0,0.0,0.0,1.0,0.0,0.0,0.0,0.0,0.0,0.0,0.0,0.0,0.0,0.0,0.0,0.0
0.11398963730569947,0.1702127659574468,0.0425531914893617,0.3118279569892473,0.3673469387755102,0.06853582554517135,0.0,1.0,0.07017543859649122,0.8461538461538538,0.625,0.375,0.4,0.0,0.0,0.0,0.0,0.0,0.0,0.0,0.0,0.0,1.0,0.0,1.0,0.0,0.0,0.0,0.0,0.0,0.0,0.0
0.0069084628670120895,0.0425531914893617,0.0425531914893617,0.3935483870967742,0.40816326530612246,0.029075804776739357,0.0,0.0,0.0,0.8974358974358978,0.625,0.375,0.0,0.0,0.0,0.0,0.0,0.0,0.0,0.0,0.0,0.0,1.0,0.0,1.0,0.0,0.0,0.0,0.0,0.0,0.0,0.0
0.0038376511226252156,1.0,0.9787234042553191,0.9247311827956989,0.5136054421768707,0.9999999999999999,1.0,1.0,1.0,1.0,0.625,0.375,0.0,0.0,1.0,0.0,0.0,0.0,0.0,0.0,0.0,0.0,0.0,1.0,0.0,0.0,0.0,0.0,0.0,0.0,0.0,0.0
0.32124352331606215,0.3829787234042553,0.1276595744680851,0.9677419354838709,0.7891156462585033,0.15784008307372793,0.16,1.0,0.07017543859649122,0.8461538461538538,0.625,0.625,0.0,0.0,0.0,0.0,0.0,0.0,0.0,0.0,1.0,0.0,0.0,0.0,0.0,0.0,0.0,0.0,0.0,1.0,0.0,0.0
0.6044905008635578,0.425531914893617,0.8085106382978723,0.9999999999999999,0.7755102040816326,0.3883696780893043,1.0,1.0,0.9122807017543859,0.435897435897445,0.625,0.708333333333333,0.0,0.0,1.0,0.0,0.0,0.0,0.0,0.0,0.0,0.0,0.0,0.0,1.0,0.0,0.0,0.0,0.0,0.0,0.0,0.0
0.9464594127806563,0.6382978723404256,1.0,0.47096774193548385,0.4761904761904762,0.7642782969885773,1.0,0.6000000000000001,1.0,0.435897435897445,0.625,0.625,1.0,0.0,0.0,0.0,0.0,0.0,1.0,0.0,0.0,0.0,0.0,0.0,1.0,0.0,0.0,0.0,0.0,0.0,0.0,0.0
0.04145077720207253,0.0,0.0,0.9462365591397849,0.4829931972789116,0.14330218068535824,0.08,1.0,0.03508771929824561,0.8461538461538538,0.375,0.45833333333333304,0.0,0.0,1.0,0.0,0.0,0.0,0.0,0.0,0.0,0.0,0.0,1.0,0.0,0.0,0.0,0.0,0.0,0.0,0.0,0.0
1.0,0.7234042553191489,0.2127659574468085,0.4301075268817204,0.6666666666666666,0.739356178608515,0.16,0.6000000000000001,0.5263157894736842,0.5384615384615472,0.625,0.625,0.0,0.0,1.0,0.0,0.0,0.0,0.0,0.0,0.0,0.0,0.0,1.0,0.0,0.0,0.0,0.0,0.0,0.0,0.0,0.0
0.3454231433506045,0.2553191489361702,0.0851063829787234,0.5580645161290323,0.3401360544217687,0.13499480789200413,0.16,1.0,0.14035087719298245,0.8461538461538538,0.375,0.375,0.0,0.0,0.0,0.0,1.0,0.0,0.0,0.0,0.0,0.0,0.0,0.0,1.0,0.0,0.0,0.0,0.0,0.0,0.0,0.0
0.9602763385146804,0.9361702127659575,1.0,0.2150537634408602,0.19047619047619047,0.9999999999999999,1.0,0.6000000000000001,1.0,0.6923076923076934,0.625,0.625,0.0,0.0,0.0,0.0,0.0,1.0,0.0,0.0,0.0,0.0,0.0,0.0,1.0,0.0,0.0,0.0,0.0,0.0,0.0,0.0
0.17616580310880828,0.2553191489361702,0.1702127659574468,0.1935483870967742,0.11904761904761904,0.3426791277258567,0.08,0.6000000000000001,0.14035087719298245,0.8974358974358978,0.375,0.45833333333333304,0.0,0.0,1.0,0.0,0.0,0.0,0.0,0.0,0.0,0.0,0.0,0.0,0.0,0.0,0.0,0.0,0.0,0.0,0.0,0.0
0.08290155440414507,0.0,0.0,0.3010752688172043,0.24489795918367346,0.04361370716510903,0.0,0.0,0.0,0.8974358974358978,0.625,0.625,0.0,0.0,0.0,0.0,0.0,0.0,0.0,1.0,0.0,0.0,0.0,0.0,1.0,0.0,0.0,0.0,0.0,0.0,0.0,0.0
0.017271157167530225,0.0,0.0,0.9827956989247312,0.272108843537415,0.20145379023883694,0.0,0.0,0.0,0.948717948717956,1.0,0.958333333333333,1.0,0.0,1.0,0.0,0.0,0.0,0.0,0.0,0.0,0.0,0.0,1.0,0.0,0.0,0.0,0.0,0.0,0.0,0.0,0.0
0.03454231433506045,0.0851063829787234,0.1276595744680851,0.1032258064516129,0.0782312925170068,0.3426791277258567,0.08,1.0,0.07017543859649122,0.7948717948717956,0.375,0.375,0.0,0.0,1.0,0.0,0.0,0.0,0.0,0.0,0.0,0.0,0.0,0.0,0.0,0.0,0.0,0.0,0.0,0.0,0.0,1.0
0.0034542314335060447,0.0,0.0,0.15053763440860213,0.1054421768707483,0.09138110072689512,0.0,0.0,0.0,0.5897435897435912,0.625,0.375,0.0,0.0,1.0,0.0,0.0,0.0,0.0,0.0,0.0,0.0,0.0,0.0,1.0,0.0,0.0,0.0,0.0,0.0,0.0,0.0
0.45250431778929184,0.8085106382978723,1.0,0.535483870967742,0.5578231292517006,0.8099688473520249,1.0,1.0,0.8070175438596491,0.7435897435897516,0.625,0.625,0.4,0.0,0.0,0.0,0.0,0.0,1.0,0.0,0.0,0.0,0.0,0.0,1.0,0.0,0.0,0.0,0.0,0.0,0.0,0.0
0.3557858376511226,0.1276595744680851,0.0,0.7526881720430108,0.4489795918367347,0.19522326064382137,0.08,1.0,0.03508771929824561,0.6923076923076934,0.625,0.625,0.0,0.0,0.0,0.0,0.0,0.0,0.0,0.0,1.0,0.0,0.0,0.0,0.0,0.0,1.0,0.0,0.0,0.0,0.0,0.0
0.4801381692573402,0.3404255319148936,1.0,0.42795698924731185,0.3129251700680272,0.5025960539979231,0.32,0.6000000000000001,0.3157894736842105,0.7948717948717956,0.625,0.625,1.0,0.0,0.0,0.0,0.0,0.0,1.0,0.0,0.0,0.0,0.0,0.0,1.0,0.0,0.0,0.0,0.0,0.0,0.0,0.0
0.017271157167530225,0.0,0.1276595744680851,0.1935483870967742,0.20408163265306123,0.37383177570093457,0.0,0.0,0.0,0.7948717948717956,0.625,0.625,0.0,0.0,1.0,0.0,0.0,0.0,0.0,0.0,0.0,0.0,0.0,0.0,1.0,0.0,0.0,0.0,0.0,0.0,0.0,0.0
0.010362694300518133,0.0851063829787234,0.0,0.9999999999999999,0.2857142857142857,0.19522326064382137,0.0,1.0,0.07017543859649122,0.948717948717956,1.0,1.0,0.0,0.0,1.0,0.0,0.0,0.0,0.0,0.0,0.0,0.0,0.0,1.0,0.0,0.0,0.0,0.0,0.0,0.0,0.0,0.0
0.2625215889464594,0.46808510638297873,0.3829787234042553,0.6870967741935484,0.42176870748299317,0.1308411214953271,0.64,1.0,0.45614035087719296,0.8461538461538538,0.375,0.375,0.0,0.0,0.0,0.0,1.0,0.0,0.0,0.0,0.0,0.0,0.0,0.0,1.0,0.0,0.0,0.0,0.0,0.0,0.0,0.0
1.0,1.0,1.0,0.535483870967742,0.693877551020408,0.7185877466251297,1.0,0.6000000000000001,1.0,0.6410256410256494,0.625,0.625,0.0,0.0,0.0,0.0,0.0,0.0,1.0,0.0,0.0,0.0,0.0,0.0,1.0,0.0,0.0,0.0,0.0,0.0,0.0,0.0
0.09326424870466321,0.1276595744680851,0.0,0.4731182795698925,0.39625850340136054,0.05815160955347871,0.0,1.0,0.03508771929824561,0.7948717948717956,0.625,0.625,0.4,0.0,0.0,0.0,0.0,0.0,0.0,0.0,0.0,1.0,0.0,1.0,0.0,0.0,0.0,0.0,0.0,0.0,0.0,0.0
0.23488773747841105,0.1702127659574468,0.0425531914893617,0.9999999999999999,0.46258503401360546,0.36967808930425755,0.08,0.6000000000000001,0.10526315789473684,0.8974358974358978,1.0,1.0,0.0,0.0,1.0,0.0,0.0,0.0,0.0,0.0,0.0,0.0,0.0,1.0,0.0,0.0,0.0,0.0,0.0,0.0,0.0,0.0
0.0690846286701209,0.1702127659574468,0.1702127659574468,0.8817204301075269,0.9659863945578231,0.05815160955347871,0.08,0.6000000000000001,0.24561403508771928,0.7948717948717956,0.625,0.625,0.0,0.0,1.0,0.0,0.0,0.0,0.0,0.0,0.0,0.0,0.0,0.0,1.0,0.0,0.0,0.0,0.0,0.0,0.0,0.0
1.0,1.0,1.0,0.47096774193548385,0.3401360544217687,0.9999999999999999,1.0,0.6000000000000001,1.0,0.5897435897435912,0.625,0.625,0.0,0.0,0.0,0.0,0.0,0.0,1.0,0.0,0.0,0.0,0.0,0.0,0.0,0.0,0.0,1.0,0.0,0.0,0.0,0.0
0.0034542314335060447,0.0,0.0,0.3225806451612903,0.3673469387755102,0.0020768431983385254,0.0,0.0,0.0,0.8974358974358978,0.625,0.375,0.8000000000000002,1.0,0.0,0.0,0.0,0.0,0.0,0.0,0.0,0.0,0.0,0.0,1.0,0.0,0.0,0.0,0.0,0.0,0.0,0.0
0.11744386873920552,0.2978723404255319,0.2978723404255319,0.38602150537634405,0.217687074829932,0.06230529595015576,0.24,1.0,0.21052631578947367,0.8461538461538538,0.375,0.375,0.0,0.0,0.0,0.0,1.0,0.0,0.0,0.0,0.0,0.0,0.0,0.0,1.0,0.0,0.0,0.0,0.0,0.0,0.0,0.0
0.1070811744386874,0.2553191489361702,0.0,0.3870967741935484,0.3469387755102041,0.3052959501557633,0.0,0.0,0.0,0.7948717948717956,0.375,0.375,0.0,0.0,1.0,0.0,0.0,0.0,0.0,0.0,0.0,0.0,0.0,0.0,0.0,0.0,0.0,0.0,0.0,1.0,0.0,0.0
1.0,1.0,1.0,0.42795698924731185,0.17687074829931973,0.9999999999999999,1.0,0.6000000000000001,1.0,0.5384615384615472,0.0,0.09166666666666679,0.0,0.0,0.0,0.0,0.0,0.0,1.0,0.0,0.0,0.0,0.0,0.0,0.0,0.0,1.0,0.0,0.0,0.0,0.0,0.0
0.6424870466321243,1.0,1.0,0.47096774193548385,0.5306122448979591,0.49428868120456904,0.72,1.0,0.9824561403508771,0.5897435897435912,0.625,0.625,0.4,0.0,0.0,0.0,0.0,0.0,1.0,0.0,0.0,0.0,0.0,0.0,1.0,0.0,0.0,0.0,0.0,0.0,0.0,0.0
0.17962003454231432,0.0,0.3404255319148936,0.36344086021505373,0.3299319727891156,0.14537902388369678,0.24,1.0,0.3157894736842105,0.7948717948717956,0.625,0.625,0.8000000000000002,0.0,0.0,0.0,0.0,0.0,0.0,0.0,0.0,0.0,1.0,0.0,0.0,0.0,0.0,0.0,0.0,1.0,0.0,0.0
0.11398963730569947,0.0425531914893617,0.1702127659574468,0.34516129032258064,0.3486394557823129,0.10799584631360333,0.08,1.0,0.10526315789473684,0.7948717948717956,0.625,0.625,1.0,0.0,1.0,0.0,0.0,0.0,0.0,0.0,0.0,0.0,0.0,0.0,1.0,0.0,0.0,0.0,0.0,0.0,0.0,0.0
0.15198618307426598,0.3404255319148936,0.3829787234042553,0.15053763440860213,0.0816326530612245,0.4132917964693666,0.24,0.6000000000000001,0.6666666666666666,0.2307692307692406,0.625,0.375,1.0,0.0,0.0,0.0,0.0,0.0,0.0,0.0,0.0,0.0,0.0,0.0,0.0,0.0,0.0,0.0,0.0,0.0,1.0,0.0
1.0,1.0,1.0,0.535483870967742,0.5034013605442176,0.9999999999999999,1.0,0.6000000000000001,1.0,0.435897435897445,0.625,0.625,1.0,0.0,0.0,0.0,0.0,0.0,1.0,0.0,0.0,0.0,0.0,0.0,1.0,0.0,0.0,0.0,0.0,0.0,0.0,0.0
0.11744386873920552,0.0,0.0,0.3655913978494624,0.3129251700680272,0.08307372793354102,0.0,0.0,0.0,0.8974358974358978,0.625,0.375,0.4,0.0,0.0,0.0,0.0,0.0,0.0,1.0,0.0,0.0,0.0,0.0,0.0,0.0,0.0,1.0,0.0,0.0,0.0,0.0
0.5043177892918825,0.425531914893617,1.0,0.5806451612903226,0.5850340136054422,0.5067497403946002,0.8,1.0,0.7017543859649122,0.2820512820512846,0.625,0.708333333333333,0.0,0.0,0.0,0.0,0.0,0.0,0.0,0.0,0.0,0.0,0.0,0.0,1.0,0.0,0.0,0.0,0.0,0.0,0.0,0.0
0.024179620034542312,0.0,0.0,0.6473118279569893,0.14625850340136054,0.026998961578400833,0.0,0.0,0.0,0.8974358974358978,1.0,1.0,0.4,0.0,1.0,0.0,0.0,0.0,0.0,0.0,0.0,0.0,0.0,1.0,0.0,0.0,0.0,0.0,0.0,0.0,0.0,0.0
0.0690846286701209,0.0425531914893617,0.0,0.7956989247311828,0.7517006802721088,0.060228452751817235,0.0,1.0,0.03508771929824561,0.8974358974358978,0.625,0.375,0.0,0.0,0.0,0.0,0.0,0.0,0.0,0.0,0.0,1.0,0.0,0.0,0.0,0.0,1.0,0.0,0.0,0.0,0.0,0.0
0.7046632124352331,0.6808510638297872,1.0,0.535483870967742,0.7891156462585033,0.7497403946002076,0.4,0.6000000000000001,1.0,0.5384615384615472,0.0,0.2916666666666665,0.8000000000000002,0.0,0.0,0.0,0.0,0.0,1.0,0.0,0.0,0.0,0.0,0.0,1.0,0.0,0.0,0.0,0.0,0.0,0.0,0.0
0.031088082901554404,0.0425531914893617,0.0851063829787234,0.24946236559139784,0.2312925170068027,0.411214953271028,0.16,1.0,0.10526315789473684,0.8461538461538538,0.625,0.375,0.0,0.0,1.0,0.0,0.0,0.0,0.0,0.0,0.0,0.0,0.0,0.0,1.0,0.0,0.0,0.0,0.0,0.0,0.0,0.0
0.19689119170984454,0.1702127659574468,0.0851063829787234,0.4086021505376344,0.3163265306122449,0.041536863966770504,0.08,1.0,0.10526315789473684,0.948717948717956,0.625,0.625,0.4,0.0,0.0,0.0,0.0,0.0,0.0,0.0,0.0,1.0,0.0,1.0,0.0,0.0,0.0,0.0,0.0,0.0,0.0,0.0
0.10362694300518134,0.1702127659574468,0.0851063829787234,0.34301075268817205,0.1870748299319728,0.19106957424714432,0.16,1.0,0.14035087719298245,0.948717948717956,0.375,0.375,0.8000000000000002,0.0,0.0,0.0,1.0,0.0,0.0,0.0,0.0,0.0,0.0,1.0,0.0,0.0,0.0,0.0,0.0,0.0,0.0,0.0
0.10362694300518134,0.0851063829787234,0.1702127659574468,0.5376344086021505,0.46258503401360546,0.6542056074766355,0.08,1.0,0.10526315789473684,0.8461538461538538,0.375,0.45833333333333304,0.0,0.0,1.0,0.0,0.0,0.0,0.0,0.0,0.0,0.0,0.0,0.0,1.0,0.0,0.0,0.0,0.0,0.0,0.0,0.0
0.21761658031088082,0.2127659574468085,0.1702127659574468,0.4086021505376344,0.2653061224489796,0.19522326064382137,0.08,0.6000000000000001,0.14035087719298245,0.6923076923076934,0.625,0.625,0.0,0.0,0.0,0.0,0.0,0.0,0.0,0.0,0.0,1.0,0.0,0.0,0.0,1.0,0.0,0.0,0.0,0.0,0.0,0.0
0.027633851468048358,0.0,0.0,0.3870967741935484,0.32653061224489793,0.008307372793354102,0.0,0.0,0.0,0.8461538461538538,0.625,0.625,0.0,1.0,0.0,0.0,0.0,0.0,0.0,0.0,0.0,0.0,0.0,0.0,1.0,0.0,0.0,0.0,0.0,0.0,0.0,0.0
1.0,1.0,1.0,0.42795698924731185,0.3129251700680272,0.9999999999999999,1.0,0.20000000000000018,1.0,0.3333333333333428,0.625,0.625,0.0,0.0,0.0,0.0,0.0,0.0,1.0,0.0,0.0,0.0,0.0,0.0,1.0,0.0,0.0,0.0,0.0,0.0,0.0,0.0
0.25215889464594127,0.0425531914893617,0.0,0.5376344086021505,0.42176870748299317,0.20145379023883694,0.08,1.0,0.03508771929824561,0.7948717948717956,0.375,0.375,0.0,0.0,1.0,0.0,0.0,0.0,0.0,0.0,0.0,0.0,0.0,0.0,0.0,0.0,0.0,1.0,0.0,0.0,0.0,0.0
0.07253886010362694,0.0851063829787234,0.0,0.9999999999999999,1.0,0.037383177570093455,0.0,1.0,0.03508771929824561,0.5897435897435912,1.0,1.0,0.0,0.0,1.0,0.0,0.0,0.0,0.0,0.0,0.0,0.0,0.0,1.0,0.0,0.0,0.0,0.0,0.0,0.0,0.0,0.0
0.048359240069084625,0.1276595744680851,0.0425531914893617,0.3655913978494624,0.30272108843537415,0.016614745586708203,0.08,1.0,0.03508771929824561,0.6923076923076934,0.625,0.625,0.4,0.0,0.0,0.0,0.0,0.0,0.0,0.0,0.0,1.0,0.0,0.0,1.0,0.0,0.0,0.0,0.0,0.0,0.0,0.0
0.031088082901554404,0.0851063829787234,0.0,0.2150537634408602,0.2312925170068027,0.018691588785046728,0.0,0.0,0.0,0.8974358974358978,0.625,0.375,0.0,0.0,0.0,0.0,0.0,0.0,0.0,0.0,0.0,0.0,1.0,0.0,1.0,0.0,0.0,0.0,0.0,0.0,0.0,0.0
0.14507772020725387,0.0425531914893617,0.0,0.8387096774193549,0.6853741496598639,0.07892004153686397,0.0,1.0,0.03508771929824561,0.8461538461538538,0.375,0.45833333333333304,0.0,0.0,0.0,0.0,0.0,0.0,0.0,0.0,0.0,1.0,0.0,1.0,0.0,0.0,0.0,0.0,0.0,0.0,0.0,0.0
0.06217616580310881,0.0425531914893617,0.0425531914893617,0.3655913978494624,0.2976190476190476,0.05399792315680166,0.08,0.20000000000000018,0.03508771929824561,0.948717948717956,0.625,0.375,0.0,0.0,0.0,0.0,0.0,0.0,0.0,1.0,0.0,0.0,0.0,1.0,0.0,0.0,0.0,0.0,0.0,0.0,0.0,0.0
0.41450777202072536,0.2127659574468085,0.1276595744680851,0.6451612903225806,0.43537414965986393,0.15368639667705086,0.24,0.6000000000000001,0.10526315789473684,0.7435897435897516,0.625,0.625,0.0,0.0,0.0,0.0,0.0,0.0,0.0,0.0,1.0,0.0,0.0,1.0,0.0,0.0,0.0,0.0,0.0,0.0,0.0,0.0
0.6044905008635578,0.5106382978723404,0.6808510638297872,0.535483870967742,0.5578231292517006,0.28868120456905505,0.24,1.0,0.45614035087719296,0.435897435897445,0.625,0.625,1.0,0.0,0.0,0.0,0.0,0.0,1.0,0.0,0.0,0.0,0.0,0.0,1.0,0.0,0.0,0.0,0.0,0.0,0.0,0.0
0.9360967184801381,1.0,1.0,0.6451612903225806,0.7482993197278911,0.9999999999999999,0.8,1.0,0.8421052631578947,0.948717948717956,0.625,0.625,0.0,0.0,1.0,0.0,0.0,0.0,0.0,0.0,0.0,0.0,0.0,0.0,1.0,0.0,0.0,0.0,0.0,0.0,0.0,0.0
0.1001727115716753,0.0,0.0425531914893617,0.9999999999999999,0.6258503401360543,0.23052959501557632,0.16,1.0,0.10526315789473684,0.8461538461538538,0.375,0.45833333333333304,0.0,0.0,1.0,0.0,0.0,0.0,0.0,0.0,0.0,0.0,0.0,1.0,0.0,0.0,0.0,0.0,0.0,0.0,0.0,0.0
0.0690846286701209,0.0425531914893617,0.425531914893617,0.2236559139784946,0.1683673469387755,0.2699896157840083,0.0,1.0,0.03508771929824561,1.0,0.625,0.375,0.0,0.0,1.0,0.0,0.0,0.0,0.0,0.0,0.0,0.0,0.0,0.0,1.0,0.0,0.0,0.0,0.0,0.0,0.0,0.0
0.3246977547495682,0.1702127659574468,0.3404255319148936,0.43870967741935485,0.3724489795918367,0.40290758047767394,0.32,1.0,0.42105263157894735,0.948717948717956,0.625,0.375,0.0,0.0,1.0,0.0,0.0,0.0,0.0,0.0,0.0,0.0,0.0,0.0,1.0,0.0,0.0,0.0,0.0,0.0,0.0,0.0
0.49740932642487046,0.2978723404255319,0.0851063829787234,0.6451612903225806,0.3673469387755102,0.2139148494288681,0.08,1.0,0.07017543859649122,0.487179487179489,0.625,0.625,0.4,0.0,0.0,0.0,0.0,0.0,0.0,0.0,1.0,0.0,0.0,0.0,0.0,0.0,1.0,0.0,0.0,0.0,0.0,0.0
0.055267702936096716,0.0425531914893617,0.0,0.4946236559139785,0.4761904761904762,0.03115264797507788,0.08,1.0,0.03508771929824561,0.8461538461538538,0.625,0.625,0.0,1.0,0.0,0.0,0.0,0.0,0.0,0.0,0.0,0.0,0.0,0.0,0.0,0.0,1.0,0.0,0.0,0.0,0.0,0.0
0.1001727115716753,0.0425531914893617,0.0425531914893617,0.5376344086021505,0.29931972789115646,0.041536863966770504,0.0,0.6000000000000001,0.03508771929824561,0.8974358974358978,0.625,0.625,0.0,0.0,0.0,0.0,0.0,0.0,0.0,0.0,1.0,0.0,0.0,0.0,0.0,1.0,0.0,0.0,0.0,0.0,0.0,0.0
0.5077720207253886,0.2978723404255319,0.0425531914893617,0.9247311827956989,0.8010204081632653,0.20768431983385252,0.16,1.0,0.10526315789473684,0.0,0.875,1.0,0.0,0.0,1.0,0.0,0.0,0.0,0.0,0.0,0.0,0.0,0.0,1.0,0.0,0.0,0.0,0.0,0.0,0.0,0.0,0.0
1.0,1.0,1.0,0.3978494623655914,0.6394557823129251,0.9999999999999999,1.0,1.0,1.0,0.8461538461538538,0.625,0.375,0.4,0.0,1.0,0.0,0.0,0.0,0.0,0.0,0.0,0.0,0.0,0.0,1.0,0.0,0.0,0.0,0.0,0.0,0.0,0.0
0.08635578583765112,0.0425531914893617,0.0851063829787234,0.4731182795698925,0.391156462585034,0.05815160955347871,0.0,1.0,0.07017543859649122,0.8974358974358978,0.625,0.625,0.0,0.0,0.0,0.0,0.0,0.0,0.0,1.0,0.0,0.0,0.0,0.0,1.0,0.0,0.0,0.0,0.0,0.0,0.0,0.0
0.05872193436960276,0.1276595744680851,0.1702127659574468,0.23225806451612901,0.05782312925170068,0.6272066458982346,0.24,0.6000000000000001,0.14035087719298245,0.948717948717956,0.125,0.375,0.0,0.0,0.0,1.0,0.0,0.0,0.0,0.0,0.0,0.0,0.0,0.0,1.0,0.0,0.0,0.0,0.0,0.0,0.0,0.0
0.14507772020725387,0.0,0.0,0.30967741935483867,0.35374149659863946,0.060228452751817235,0.0,0.0,0.0,0.7435897435897516,0.625,0.375,0.0,0.0,0.0,0.0,0.0,0.0,0.0,0.0,0.0,0.0,1.0,1.0,0.0,0.0,0.0,0.0,0.0,0.0,0.0,0.0
0.5215889464594128,0.2127659574468085,0.0,0.3225806451612903,0.2142857142857143,0.45275181723779856,0.0,1.0,0.14035087719298245,0.8974358974358978,0.375,0.375,0.0,0.0,1.0,0.0,0.0,0.0,0.0,0.0,0.0,0.0,0.0,0.0,1.0,0.0,0.0,0.0,0.0,0.0,0.0,0.0
0.15544041450777202,0.0851063829787234,0.0425531914893617,0.29032258064516125,0.3945578231292517,0.08307372793354102,0.0,0.6000000000000001,0.10526315789473684,0.435897435897445,0.125,0.375,0.0,0.0,0.0,0.0,0.0,0.0,0.0,0.0,0.0,0.0,0.0,1.0,0.0,0.0,0.0,0.0,0.0,0.0,0.0,0.0
0.17616580310880828,0.2978723404255319,0.2127659574468085,0.42795698924731185,0.6122448979591836,0.09138110072689512,0.08,1.0,0.21052631578947367,0.487179487179489,0.625,0.625,1.0,0.0,0.0,0.0,0.0,0.0,1.0,0.0,0.0,0.0,0.0,0.0,1.0,0.0,0.0,0.0,0.0,0.0,0.0,0.0
0.031088082901554404,0.0,0.0851063829787234,0.16989247311827954,0.22108843537414968,0.14953271028037382,0.0,1.0,0.07017543859649122,0.8974358974358978,0.625,0.375,0.4,0.0,1.0,0.0,0.0,0.0,0.0,0.0,0.0,0.0,0.0,0.0,1.0,0.0,0.0,0.0,0.0,0.0,0.0,0.0
0.33160621761658027,0.2127659574468085,0.2127659574468085,0.2150537634408602,0.1360544217687075,0.29698857736240913,0.32,0.6000000000000001,0.24561403508771928,0.7948717948717956,0.625,0.625,0.0,0.0,0.0,0.0,0.0,1.0,0.0,0.0,0.0,0.0,0.0,0.0,0.0,0.0,0.0,0.0,0.0,0.0,0.0,1.0
0.010362694300518133,0.0,0.0,0.6752688172043011,0.44387755102040816,0.2949117341640706,0.0,0.0,0.0,0.8974358974358978,0.625,0.375,0.0,0.0,1.0,0.0,0.0,0.0,0.0,0.0,0.0,0.0,0.0,0.0,1.0,0.0,0.0,0.0,0.0,0.0,0.0,0.0
1.0,0.5957446808510638,1.0,0.12903225806451613,0.20408163265306123,0.9999999999999999,0.64,1.0,0.5964912280701754,0.8974358974358978,0.625,0.375,0.0,0.0,1.0,0.0,0.0,0.0,0.0,0.0,0.0,0.0,0.0,0.0,0.0,1.0,0.0,0.0,0.0,0.0,0.0,0.0
0.4075993091537133,0.3829787234042553,0.9361702127659575,0.535483870967742,0.5306122448979591,0.33852544132917967,0.48,0.6000000000000001,0.7017543859649122,0.487179487179489,0.625,0.625,0.0,0.0,0.0,0.0,0.0,0.0,1.0,0.0,0.0,0.0,0.0,0.0,1.0,0.0,0.0,0.0,0.0,0.0,0.0,0.0
0.24870466321243523,0.3829787234042553,0.425531914893617,0.6451612903225806,0.7210884353741496,0.2222222222222222,0.48,0.6000000000000001,0.45614035087719296,0.2307692307692406,0.625,0.708333333333333,0.0,0.0,0.0,0.0,0.0,0.0,0.0,0.0,0.0,0.0,0.0,0.0,1.0,0.0,0.0,0.0,0.0,0.0,0.0,0.0
0.47322970639032813,0.3404255319148936,0.5106382978723404,0.47096774193548385,0.5034013605442176,0.15784008307372793,0.08,1.0,0.42105263157894735,0.487179487179489,0.625,0.625,0.4,0.0,0.0,0.0,0.0,0.0,1.0,0.0,0.0,0.0,0.0,0.0,1.0,0.0,0.0,0.0,0.0,0.0,0.0,0.0
0.027633851468048358,0.0425531914893617,0.1276595744680851,0.1032258064516129,0.0816326530612245,0.5150571131879542,0.0,1.0,0.07017543859649122,0.8974358974358978,0.0,0.375,0.0,0.0,1.0,0.0,0.0,0.0,0.0,0.0,0.0,0.0,0.0,0.0,1.0,0.0,0.0,0.0,0.0,0.0,0.0,0.0
0.18307426597582038,0.1276595744680851,0.1276595744680851,0.6666666666666666,0.4557823129251701,0.4236760124610592,0.08,1.0,0.07017543859649122,0.8974358974358978,0.375,0.375,0.0,0.0,1.0,0.0,0.0,0.0,0.0,0.0,0.0,0.0,0.0,0.0,1.0,0.0,0.0,0.0,0.0,0.0,0.0,0.0
0.15198618307426598,0.0851063829787234,0.425531914893617,0.19247311827956987,0.08843537414965988,0.3883696780893043,0.4,1.0,0.17543859649122806,0.7948717948717956,0.375,0.375,1.0,0.0,0.0,0.0,1.0,0.0,0.0,0.0,0.0,0.0,0.0,0.0,1.0,0.0,0.0,0.0,0.0,0.0,0.0,0.0
0.8151986183074266,0.5106382978723404,0.2553191489361702,0.3440860215053763,0.2108843537414966,0.40498442367601245,0.4,1.0,0.5614035087719298,0.0769230769230802,0.875,0.708333333333333,0.0,0.0,1.0,0.0,0.0,0.0,0.0,0.0,0.0,0.0,0.0,0.0,0.0,0.0,0.0,0.0,0.0,1.0,0.0,0.0
1.0,1.0,1.0,0.535483870967742,0.5578231292517006,0.9999999999999999,1.0,0.6000000000000001,1.0,0.5384615384615472,0.625,0.625,0.0,0.0,0.0,0.0,0.0,0.0,1.0,0.0,0.0,0.0,0.0,0.0,1.0,0.0,0.0,0.0,0.0,0.0,0.0,0.0
0.048359240069084625,0.1276595744680851,0.2127659574468085,0.42795698924731185,0.4489795918367347,0.0893042575285566,0.0,0.6000000000000001,0.07017543859649122,0.435897435897445,0.625,0.625,1.0,0.0,1.0,0.0,0.0,0.0,0.0,0.0,0.0,0.0,0.0,0.0,0.0,0.0,0.0,0.0,0.0,0.0,1.0,0.0
0.010362694300518133,0.0,0.0,0.26881720430107525,0.2108843537414966,0.004153686396677051,0.08,1.0,0.03508771929824561,0.7948717948717956,0.625,0.625,1.0,0.0,1.0,0.0,0.0,0.0,0.0,0.0,0.0,0.0,0.0,0.0,1.0,0.0,0.0,0.0,0.0,0.0,0.0,0.0
0.024179620034542312,0.0,0.0425531914893617,0.7204301075268817,0.5714285714285714,0.20353063343717548,0.08,1.0,0.03508771929824561,0.948717948717956,0.625,0.625,0.0,0.0,1.0,0.0,0.0,0.0,0.0,0.0,0.0,0.0,0.0,0.0,1.0,0.0,0.0,0.0,0.0,0.0,0.0,0.0
0.11053540587219343,0.0,0.0,0.4516129032258064,0.5442176870748299,0.06230529595015576,0.0,1.0,0.03508771929824561,0.7948717948717956,0.625,0.625,0.0,0.0,1.0,0.0,0.0,0.0,0.0,0.0,0.0,0.0,0.0,0.0,1.0,0.0,0.0,0.0,0.0,0.0,0.0,0.0
0.037996545768566495,0.0425531914893617,0.0,0.30967741935483867,0.163265306122449,0.12045690550363447,0.08,1.0,0.03508771929824561,0.948717948717956,0.125,0.375,0.0,0.0,1.0,0.0,0.0,0.0,0.0,0.0,0.0,0.0,0.0,0.0,0.0,0.0,0.0,0.0,1.0,0.0,0.0,0.0
0.11744386873920552,0.0,0.0425531914893617,0.4408602150537634,0.6258503401360543,0.12876427829698855,0.0,1.0,0.07017543859649122,0.6923076923076934,0.0,0.0,0.0,0.0,0.0,0.0,0.0,0.0,0.0,0.0,0.0,0.0,1.0,0.0,0.0,0.0,0.0,0.0,0.0,0.0,1.0,0.0
0.037996545768566495,0.0,0.0,0.27956989247311825,0.16156462585034015,0.02284527518172378,0.0,0.0,0.0,0.7948717948717956,0.625,0.625,0.0,0.0,0.0,0.0,0.0,0.0,0.0,0.0,0.0,1.0,0.0,0.0,0.0,0.0,0.0,0.0,1.0,0.0,0.0,0.0
0.4490500863557858,0.2553191489361702,0.3829787234042553,0.3225806451612903,0.3945578231292517,0.2139148494288681,0.32,0.6000000000000001,0.3508771929824561,0.2307692307692406,0.625,0.375,0.0,0.0,0.0,0.0,0.0,0.0,0.0,0.0,1.0,0.0,0.0,0.0,1.0,0.0,0.0,0.0,0.0,0.0,0.0,0.0
0.11053540587219343,0.0851063829787234,0.0,0.4086021505376344,0.282312925170068,0.07476635514018692,0.0,1.0,0.03508771929824561,0.7435897435897516,0.375,0.45833333333333304,0.0,0.0,0.0,0.0,0.0,0.0,0.0,0.0,0.0,1.0,0.0,0.0,0.0,0.0,0.0,0.0,1.0,0.0,0.0,0.0
0.09671848013816925,1.0,1.0,0.6645161290322581,0.6105442176870748,0.944963655244029,1.0,0.6000000000000001,1.0,0.8974358974358978,0.625,0.375,0.4,0.0,1.0,0.0,0.0,0.0,0.0,0.0,0.0,0.0,0.0,0.0,1.0,0.0,0.0,0.0,0.0,0.0,0.0,0.0
0.027633851468048358,0.1276595744680851,0.1702127659574468,0.7741935483870968,0.3945578231292517,0.16822429906542055,1.0,1.0,0.7017543859649122,0.8974358974358978,0.375,0.45833333333333304,0.0,0.0,1.0,0.0,0.0,0.0,0.0,0.0,0.0,0.0,0.0,0.0,1.0,0.0,0.0,0.0,0.0,0.0,0.0,0.0
0.8117443868739205,1.0,1.0,0.3118279569892473,0.3129251700680272,0.9999999999999999,0.8,1.0,0.3157894736842105,0.8974358974358978,0.625,0.375,0.0,0.0,0.0,0.0,0.0,0.0,0.0,0.0,0.0,0.0,1.0,0.0,1.0,0.0,0.0,0.0,0.0,0.0,0.0,0.0
0.6424870466321243,1.0,1.0,0.3225806451612903,0.25170068027210885,0.9999999999999999,1.0,1.0,1.0,0.8974358974358978,0.375,0.45833333333333304,0.0,0.0,1.0,0.0,0.0,0.0,0.0,0.0,0.0,0.0,0.0,0.0,1.0,0.0,0.0,0.0,0.0,0.0,0.0,0.0
0.0,0.0,0.0,0.48602150537634403,0.04081632653061224,0.06853582554517135,0.0,0.0,0.0,0.8461538461538538,0.875,0.625,0.0,0.0,1.0,0.0,0.0,0.0,0.0,0.0,0.0,0.0,0.0,0.0,0.0,0.0,0.0,0.0,0.0,0.0,1.0,0.0
0.09326424870466321,0.1702127659574468,0.1276595744680851,0.3225806451612903,0.24489795918367346,0.3052959501557633,0.24,1.0,0.17543859649122806,0.8461538461538538,0.625,0.625,0.0,0.0,1.0,0.0,0.0,0.0,0.0,0.0,0.0,0.0,0.0,1.0,0.0,0.0,0.0,0.0,0.0,0.0,0.0,0.0
0.2452504317789292,0.425531914893617,1.0,0.42795698924731185,0.42176870748299317,0.25545171339563866,0.72,0.6000000000000001,0.8070175438596491,0.5384615384615472,0.625,0.625,1.0,0.0,0.0,0.0,0.0,0.0,1.0,0.0,0.0,0.0,0.0,0.0,1.0,0.0,0.0,0.0,0.0,0.0,0.0,0.0
0.07253886010362694,0.0425531914893617,0.0,0.2150537634408602,0.3945578231292517,0.06853582554517135,0.16,0.20000000000000018,0.07017543859649122,0.7435897435897516,0.625,0.625,0.4,0.0,0.0,0.0,0.0,1.0,0.0,0.0,0.0,0.0,0.0,0.0,1.0,0.0,0.0,0.0,0.0,0.0,0.0,0.0
0.5975820379965457,0.5531914893617021,0.425531914893617,0.26881720430107525,0.20408163265306123,0.5275181723779854,0.56,0.6000000000000001,0.5263157894736842,0.6410256410256494,1.0,0.958333333333333,0.0,0.0,0.0,0.0,0.0,1.0,0.0,0.0,0.0,0.0,0.0,1.0,0.0,0.0,0.0,0.0,0.0,0.0,0.0,0.0
1.0,0.5531914893617021,1.0,0.535483870967742,0.7755102040816326,0.9999999999999999,1.0,0.6000000000000001,1.0,0.2307692307692406,0.625,0.625,0.4,0.0,0.0,0.0,0.0,0.0,1.0,0.0,0.0,0.0,0.0,0.0,1.0,0.0,0.0,0.0,0.0,0.0,0.0,0.0
0.31088082901554404,0.6808510638297872,0.6382978723404256,0.15053763440860213,0.163265306122449,0.6583592938733125,1.0,1.0,1.0,0.3846153846153868,0.625,0.625,0.0,0.0,1.0,0.0,0.0,0.0,0.0,0.0,0.0,0.0,0.0,0.0,0.0,0.0,0.0,0.0,0.0,1.0,0.0,0.0
0.538860103626943,0.2978723404255319,0.3829787234042553,0.535483870967742,0.6666666666666666,0.17860851505711317,0.4,1.0,0.49122807017543857,0.3846153846153868,0.625,0.625,0.0,0.0,0.0,0.0,0.0,0.0,1.0,0.0,0.0,0.0,0.0,0.0,1.0,0.0,0.0,0.0,0.0,0.0,0.0,0.0
0.8290155440414507,1.0,1.0,0.42795698924731185,0.35374149659863946,0.9999999999999999,1.0,0.6000000000000001,1.0,0.5384615384615472,0.625,0.625,0.4,0.0,0.0,0.0,0.0,0.0,1.0,0.0,0.0,0.0,0.0,1.0,0.0,0.0,0.0,0.0,0.0,0.0,0.0,0.0
0.24179620034542312,0.3829787234042553,0.5531914893617021,0.535483870967742,0.5442176870748299,0.12668743509865005,0.0,1.0,0.14035087719298245,0.5384615384615472,0.625,0.625,0.4,0.0,0.0,0.0,0.0,0.0,1.0,0.0,0.0,0.0,0.0,0.0,1.0,0.0,0.0,0.0,0.0,0.0,0.0,0.0
0.23834196891191708,0.1276595744680851,0.0851063829787234,0.5806451612903226,0.5068027210884353,0.37798546209761164,0.08,1.0,0.10526315789473684,0.7948717948717956,0.375,0.45833333333333304,0.0,0.0,1.0,0.0,0.0,0.0,0.0,0.0,0.0,0.0,0.0,0.0,1.0,0.0,0.0,0.0,0.0,0.0,0.0,0.0
0.918825561312608,1.0,1.0,0.2150537634408602,0.19047619047619047,0.9999999999999999,1.0,0.0,1.0,0.6923076923076934,0.625,0.625,0.0,0.0,0.0,0.0,0.0,1.0,0.0,0.0,0.0,0.0,0.0,0.0,1.0,0.0,0.0,0.0,0.0,0.0,0.0,0.0
0.04145077720207253,0.0425531914893617,0.0,0.5806451612903226,0.673469387755102,0.1412253374870197,0.0,0.0,0.0,0.7435897435897516,0.875,0.7916666666666665,0.0,0.0,0.0,0.0,0.0,0.0,0.0,0.0,0.0,1.0,0.0,0.0,1.0,0.0,0.0,0.0,0.0,0.0,0.0,0.0
0.05181347150259067,0.0,0.0425531914893617,0.4731182795698925,0.5714285714285714,0.1059190031152648,0.0,0.0,0.0,0.8974358974358978,0.625,0.375,0.4,0.0,0.0,0.0,0.0,0.0,0.0,0.0,0.0,1.0,0.0,1.0,0.0,0.0,0.0,0.0,0.0,0.0,0.0,0.0
0.20725388601036268,0.2127659574468085,0.0851063829787234,0.7526881720430108,0.6768707482993197,0.1412253374870197,0.16,0.6000000000000001,0.21052631578947367,0.8461538461538538,0.375,0.45833333333333304,1.0,0.0,0.0,0.0,0.0,0.0,0.0,1.0,0.0,0.0,0.0,0.0,0.0,0.0,0.0,0.0,0.0,1.0,0.0,0.0
0.08635578583765112,0.1276595744680851,0.0425531914893617,0.10752688172043011,0.20408163265306123,0.0976116303219107,0.08,1.0,0.03508771929824561,0.7435897435897516,1.0,0.958333333333333,0.0,0.0,0.0,0.0,0.0,1.0,0.0,0.0,0.0,0.0,0.0,1.0,0.0,0.0,0.0,0.0,0.0,0.0,0.0,0.0
0.03454231433506045,0.0851063829787234,0.0,0.3365591397849462,0.5714285714285714,0.2741433021806854,0.0,0.0,0.0,0.7948717948717956,0.125,0.375,0.0,0.0,1.0,0.0,0.0,0.0,0.0,0.0,0.0,0.0,0.0,0.0,1.0,0.0,0.0,0.0,0.0,0.0,0.0,0.0
0.12435233160621761,0.0425531914893617,0.0851063829787234,0.443010752688172,0.29931972789115646,0.1723779854620976,0.08,0.6000000000000001,0.07017543859649122,0.8461538461538538,0.0,0.375,0.0,0.0,0.0,1.0,0.0,0.0,0.0,0.0,0.0,0.0,0.0,0.0,1.0,0.0,0.0,0.0,0.0,0.0,0.0,0.0
0.18307426597582038,0.0,0.0425531914893617,0.23655913978494625,0.19047619047619047,0.010384215991692626,0.0,1.0,0.03508771929824561,0.7435897435897516,0.625,0.625,0.0,1.0,0.0,0.0,0.0,0.0,0.0,0.0,0.0,0.0,0.0,0.0,0.0,1.0,0.0,0.0,0.0,0.0,0.0,0.0
0.17271157167530224,0.1702127659574468,0.0425531914893617,0.6451612903225806,0.45068027210884354,0.09345794392523364,0.0,1.0,0.03508771929824561,0.8461538461538538,0.625,0.625,0.4,0.0,0.0,0.0,0.0,0.0,0.0,0.0,0.0,1.0,0.0,1.0,0.0,0.0,0.0,0.0,0.0,0.0,0.0,0.0
0.05872193436960276,0.0425531914893617,0.0,0.3440860215053763,0.3129251700680272,0.004153686396677051,0.0,0.0,0.0,0.8974358974358978,0.625,0.625,0.8000000000000002,1.0,0.0,0.0,0.0,0.0,0.0,0.0,0.0,0.0,0.0,0.0,0.0,1.0,0.0,0.0,0.0,0.0,0.0,0.0
1.0,1.0,1.0,0.2150537634408602,0.20408163265306123,0.9999999999999999,1.0,0.6000000000000001,1.0,0.6923076923076934,0.625,0.625,0.0,0.0,1.0,0.0,0.0,0.0,0.0,0.0,0.0,0.0,0.0,0.0,0.0,0.0,0.0,0.0,0.0,0.0,0.0,1.0
0.3177892918825561,0.6382978723404256,1.0,0.2258064516129032,0.489795918367347,0.8099688473520249,1.0,0.6000000000000001,1.0,0.8461538461538538,0.625,0.625,1.0,0.0,1.0,0.0,0.0,0.0,0.0,0.0,0.0,0.0,0.0,0.0,1.0,0.0,0.0,0.0,0.0,0.0,0.0,0.0
0.2867012089810017,0.2127659574468085,0.2127659574468085,0.1935483870967742,0.1292517006802721,0.48805815160955346,0.32,1.0,0.21052631578947367,0.7948717948717956,0.375,0.45833333333333304,0.0,0.0,1.0,0.0,0.0,0.0,0.0,0.0,0.0,0.0,0.0,0.0,1.0,0.0,0.0,0.0,0.0,0.0,0.0,0.0
1.0,0.425531914893617,0.3404255319148936,0.9999999999999999,1.0,0.31983385254413293,0.4,1.0,0.2807017543859649,0.7435897435897516,0.625,0.625,1.0,0.0,0.0,0.0,0.0,0.0,1.0,0.0,0.0,0.0,0.0,0.0,1.0,0.0,0.0,0.0,0.0,0.0,0.0,0.0
0.0690846286701209,0.0851063829787234,0.0851063829787234,0.10537634408602149,0.17687074829931973,0.016614745586708203,0.08,1.0,0.07017543859649122,0.8461538461538538,0.625,0.625,1.0,0.0,1.0,0.0,0.0,0.0,0.0,0.0,0.0,0.0,0.0,0.0,1.0,0.0,0.0,0.0,0.0,0.0,0.0,0.0
0.8151986183074266,0.851063829787234,0.851063829787234,0.42795698924731185,0.42176870748299317,0.4215991692627207,0.48,0.6000000000000001,0.9824561403508771,0.5897435897435912,0.625,0.0,0.0,0.0,0.0,0.0,0.0,0.0,1.0,0.0,0.0,0.0,0.0,0.0,1.0,0.0,0.0,0.0,0.0,0.0,0.0,0.0
0.048359240069084625,0.2127659574468085,0.0425531914893617,0.610752688172043,0.3469387755102041,0.19937694704049844,0.08,0.6000000000000001,0.07017543859649122,0.8974358974358978,0.625,0.625,0.0,0.0,1.0,0.0,0.0,0.0,0.0,0.0,0.0,0.0,0.0,0.0,0.0,0.0,0.0,1.0,0.0,0.0,0.0,0.0
0.06563039723661485,0.1702127659574468,0.2553191489361702,0.24731182795698925,0.1360544217687075,0.9999999999999999,0.24,1.0,0.07017543859649122,0.948717948717956,0.125,0.375,0.4,0.0,0.0,1.0,0.0,0.0,0.0,0.0,0.0,0.0,0.0,0.0,1.0,0.0,0.0,0.0,0.0,0.0,0.0,0.0
1.0,1.0,1.0,0.043010752688172046,0.6224489795918366,0.9999999999999999,1.0,1.0,1.0,0.7948717948717956,0.125,0.375,0.0,0.0,1.0,0.0,0.0,0.0,0.0,0.0,0.0,0.0,0.0,0.0,1.0,0.0,0.0,0.0,0.0,0.0,0.0,0.0
0.07944732297063903,0.1276595744680851,0.1702127659574468,0.1827956989247312,0.163265306122449,0.1827622014537902,0.08,0.0,0.0,0.948717948717956,0.625,0.375,0.8000000000000002,0.0,1.0,0.0,0.0,0.0,0.0,0.0,0.0,0.0,0.0,1.0,0.0,0.0,0.0,0.0,0.0,0.0,0.0,0.0
0.2556131260794473,0.2553191489361702,0.0425531914893617,0.4301075268817204,0.3401360544217687,0.09553478712357218,0.0,1.0,0.03508771929824561,0.948717948717956,0.625,0.625,0.0,0.0,0.0,0.0,0.0,0.0,0.0,0.0,1.0,0.0,0.0,1.0,0.0,0.0,0.0,0.0,0.0,0.0,0.0,0.0
0.9326424870466321,0.9787234042553191,1.0,0.42795698924731185,0.2585034013605442,0.9999999999999999,1.0,0.20000000000000018,0.8771929824561403,0.1282051282051242,0.6449999999999996,0.625,0.0,0.0,0.0,0.0,0.0,0.0,1.0,0.0,0.0,0.0,0.0,1.0,0.0,0.0,0.0,0.0,0.0,0.0,0.0,0.0
0.09326424870466321,0.0,0.0851063829787234,0.6236559139784946,0.29931972789115646,0.018691588785046728,0.0,0.0,0.0,0.8974358974358978,0.375,0.45833333333333304,0.4,0.0,1.0,0.0,0.0,0.0,0.0,0.0,0.0,0.0,0.0,1.0,0.0,0.0,0.0,0.0,0.0,0.0,0.0,0.0
0.2867012089810017,0.1702127659574468,0.0,0.5376344086021505,0.39285714285714285,0.1059190031152648,0.08,1.0,0.03508771929824561,0.1282051282051242,0.625,0.375,0.0,0.0,0.0,0.0,0.0,0.0,0.0,0.0,1.0,0.0,0.0,1.0,0.0,0.0,0.0,0.0,0.0,0.0,0.0,0.0
0.037996545768566495,0.0851063829787234,0.0425531914893617,0.25806451612903225,0.15306122448979592,0.020768431983385256,0.0,1.0,0.03508771929824561,0.8461538461538538,0.625,0.375,0.8000000000000002,0.0,0.0,0.0,0.0,0.0,0.0,0.0,0.0,1.0,0.0,0.0,1.0,0.0,0.0,0.0,0.0,0.0,0.0,0.0
0.14507772020725387,0.0851063829787234,0.1702127659574468,0.27956989247311825,0.17687074829931973,0.26168224299065423,0.32,1.0,0.17543859649122806,0.8974358974358978,0.625,0.625,0.0,0.0,1.0,0.0,0.0,0.0,0.0,0.0,0.0,0.0,0.0,0.0,0.0,0.0,0.0,0.0,0.0,1.0,0.0,0.0
0.3765112262521589,0.46808510638297873,0.3829787234042553,0.535483870967742,0.6122448979591836,0.15160955347871236,0.56,0.6000000000000001,0.45614035087719296,0.5897435897435912,0.625,0.625,0.8000000000000002,0.0,0.0,0.0,0.0,0.0,1.0,0.0,0.0,0.0,0.0,0.0,1.0,0.0,0.0,0.0,0.0,0.0,0.0,0.0
0.2245250431778929,0.1276595744680851,0.2553191489361702,0.4301075268817204,0.4489795918367347,0.5669781931464174,0.24,1.0,0.10526315789473684,0.8974358974358978,0.625,0.625,0.4,1.0,0.0,0.0,0.0,0.0,0.0,0.0,0.0,0.0,0.0,0.0,1.0,0.0,0.0,0.0,0.0,0.0,0.0,0.0
0.06217616580310881,0.0425531914893617,0.0425531914893617,0.6881720430107526,0.5357142857142857,0.06853582554517135,0.0,1.0,0.03508771929824561,0.8974358974358978,0.625,0.375,0.0,0.0,0.0,0.0,0.0,0.0,0.0,0.0,0.0,1.0,0.0,0.0,0.0,0.0,0.0,1.0,0.0,0.0,0.0,0.0
0.1070811744386874,0.0425531914893617,0.0851063829787234,0.6451612903225806,0.6156462585034013,0.07061266874350987,0.0,1.0,0.07017543859649122,0.7948717948717956,0.375,0.45833333333333304,0.0,0.0,0.0,0.0,0.0,0.0,0.0,0.0,0.0,1.0,0.0,1.0,0.0,0.0,0.0,0.0,0.0,0.0,0.0,0.0
0.10362694300518134,0.0425531914893617,0.0851063829787234,0.6021505376344086,0.3945578231292517,0.19937694704049844,0.08,1.0,0.07017543859649122,0.8461538461538538,0.625,0.625,0.0,0.0,1.0,0.0,0.0,0.0,0.0,0.0,0.0,0.0,0.0,0.0,1.0,0.0,0.0,0.0,0.0,0.0,0.0,0.0
0.12780656303972365,0.1702127659574468,0.0425531914893617,0.26774193548387093,0.14285714285714285,0.31568016614745587,0.0,1.0,0.03508771929824561,0.8974358974358978,0.375,0.375,0.0,0.0,0.0,0.0,1.0,0.0,0.0,0.0,0.0,0.0,0.0,0.0,1.0,0.0,0.0,0.0,0.0,0.0,0.0,0.0
0.09326424870466321,0.0851063829787234,0.0425531914893617,0.4301075268817204,0.46598639455782315,0.2139148494288681,0.16,0.6000000000000001,0.10526315789473684,0.948717948717956,0.375,0.375,0.0,0.0,1.0,0.0,0.0,0.0,0.0,0.0,0.0,0.0,0.0,1.0,0.0,0.0,0.0,0.0,0.0,0.0,0.0,0.0
0.006006908462867012,1.0,1.0,0.5806451612903226,0.6122448979591836,0.9999999999999999,1.0,1.0,1.0,0.8974358974358978,0.625,0.625,0.0,0.0,1.0,0.0,0.0,0.0,0.0,0.0,0.0,0.0,0.0,0.0,1.0,0.0,0.0,0.0,0.0,0.0,0.0,0.0
0.13471502590673576,0.1702127659574468,0.1276595744680851,0.3225806451612903,0.217687074829932,0.28660436137071654,0.24,0.6000000000000001,0.21052631578947367,0.6410256410256494,1.0,1.0,0.0,0.0,1.0,0.0,0.0,0.0,0.0,0.0,0.0,0.0,0.0,1.0,0.0,0.0,0.0,0.0,0.0,0.0,0.0,0.0
0.10362694300518134,0.1702127659574468,0.0851063829787234,0.7526881720430108,0.5612244897959183,0.15991692627206644,0.0,0.6000000000000001,0.07017543859649122,0.6923076923076934,0.875,0.7916666666666665,0.0,0.0,0.0,0.0,0.0,0.0,0.0,0.0,0.0,1.0,0.0,0.0,0.0,0.0,0.0,1.0,0.0,0.0,0.0,0.0
0.0690846286701209,0.0425531914893617,0.0,0.3870967741935484,0.23809523809523808,0.029075804776739357,0.08,0.0,0.0,0.1282051282051242,0.625,0.375,0.4,0.0,1.0,0.0,0.0,0.0,0.0,0.0,0.0,0.0,0.0,0.0,1.0,0.0,0.0,0.0,0.0,0.0,0.0,0.0
0.6873920552677029,1.0,0.7234042553191489,0.9999999999999999,1.0,0.6915887850467289,0.96,1.0,0.9824561403508771,0.7435897435897516,0.625,0.625,0.8000000000000002,0.0,0.0,0.0,0.0,0.0,1.0,0.0,0.0,0.0,0.0,0.0,0.0,0.0,0.0,0.0,0.0,0.0,1.0,0.0
0.14162348877374784,0.0,0.425531914893617,0.9129032258064517,0.5782312925170068,0.2139148494288681,0.24,1.0,0.14035087719298245,0.7948717948717956,0.375,0.375,0.8000000000000002,0.0,0.0,0.0,1.0,0.0,0.0,0.0,0.0,0.0,0.0,0.0,1.0,0.0,0.0,0.0,0.0,0.0,0.0,0.0
0.41450777202072536,0.2127659574468085,0.2553191489361702,0.3225806451612903,0.20408163265306123,0.1827622014537902,0.08,1.0,0.3508771929824561,0.3333333333333428,0.625,0.625,0.0,0.0,0.0,0.0,0.0,0.0,0.0,0.0,1.0,0.0,0.0,0.0,0.0,1.0,0.0,0.0,0.0,0.0,0.0,0.0
0.05181347150259067,0.0425531914893617,0.0425531914893617,0.26881720430107525,0.26360544217687076,0.02284527518172378,0.0,0.0,0.0,0.7948717948717956,0.125,0.375,0.0,0.0,1.0,0.0,0.0,0.0,0.0,0.0,0.0,0.0,0.0,0.0,1.0,0.0,0.0,0.0,0.0,0.0,0.0,0.0
0.7357512953367875,0.1276595744680851,0.851063829787234,0.535483870967742,0.5306122448979591,0.4215991692627207,0.48,0.6000000000000001,0.7017543859649122,0.3333333333333428,0.625,0.625,0.4,0.0,0.0,0.0,0.0,0.0,1.0,0.0,0.0,0.0,0.0,0.0,1.0,0.0,0.0,0.0,0.0,0.0,0.0,0.0
0.07944732297063903,0.1276595744680851,0.0851063829787234,0.2129032258064516,0.26700680272108845,0.07892004153686397,0.08,0.6000000000000001,0.10526315789473684,0.8461538461538538,0.625,0.625,1.0,0.0,1.0,0.0,0.0,0.0,0.0,0.0,0.0,0.0,0.0,0.0,0.0,0.0,0.0,0.0,0.0,0.0,0.0,1.0
0.013816925734024179,0.0,0.0,0.24301075268817202,0.2585034013605442,0.010384215991692626,0.0,0.0,0.0,0.8974358974358978,0.625,0.375,0.0,0.0,0.0,0.0,0.0,0.0,0.0,0.0,0.0,0.0,1.0,0.0,0.0,0.0,1.0,0.0,0.0,0.0,0.0,0.0
0.12780656303972365,0.1276595744680851,0.0851063829787234,0.6881720430107526,0.7329931972789115,0.10799584631360333,0.16,1.0,0.14035087719298245,0.7948717948717956,0.625,0.625,1.0,0.0,0.0,0.0,0.0,0.0,0.0,0.0,0.0,1.0,0.0,0.0,0.0,0.0,0.0,1.0,0.0,0.0,0.0,0.0
0.4490500863557858,0.3829787234042553,0.1702127659574468,0.7526881720430108,0.46258503401360546,0.15368639667705086,0.0,1.0,0.03508771929824561,0.7435897435897516,0.625,0.625,0.0,0.0,0.0,0.0,0.0,0.0,0.0,0.0,1.0,0.0,0.0,0.0,0.0,0.0,0.0,0.0,0.0,0.0,0.0,0.0
0.5561312607944732,0.46808510638297873,0.1702127659574468,0.4301075268817204,0.5034013605442176,0.17445482866043613,0.24,0.6000000000000001,0.5263157894736842,0.6923076923076934,0.625,0.625,0.8000000000000002,0.0,1.0,0.0,0.0,0.0,0.0,0.0,0.0,0.0,0.0,0.0,1.0,0.0,0.0,0.0,0.0,0.0,0.0,0.0
0.2694300518134715,0.2978723404255319,0.1702127659574468,0.4086021505376344,0.46258503401360546,0.15784008307372793,0.08,1.0,0.17543859649122806,0.7435897435897516,0.0,0.04166666666666652,0.8000000000000002,1.0,0.0,0.0,0.0,0.0,0.0,0.0,0.0,0.0,0.0,0.0,0.0,0.0,0.0,0.0,0.0,1.0,0.0,0.0
0.07599309153713299,0.2127659574468085,0.0425531914893617,0.36451612903225805,0.20408163265306123,0.060228452751817235,0.0,1.0,0.07017543859649122,0.948717948717956,0.375,0.375,0.0,0.0,0.0,0.0,1.0,0.0,0.0,0.0,0.0,0.0,0.0,0.0,1.0,0.0,0.0,0.0,0.0,0.0,0.0,0.0
0.7046632124352331,0.9787234042553191,0.5531914893617021,0.7086021505376344,0.4421768707482993,0.7684319833852543,0.56,1.0,0.42105263157894735,0.8974358974358978,0.375,0.375,0.0,0.0,0.0,0.0,1.0,0.0,0.0,0.0,0.0,0.0,0.0,0.0,0.0,0.0,0.0,0.0,1.0,0.0,0.0,0.0
0.010362694300518133,0.0,0.0,0.24731182795698925,0.24489795918367346,0.284527518172378,0.0,0.0,0.0,0.8461538461538538,0.625,0.625,0.0,0.0,1.0,0.0,0.0,0.0,0.0,0.0,0.0,0.0,0.0,0.0,1.0,0.0,0.0,0.0,0.0,0.0,0.0,0.0
1.0,0.9361702127659575,0.3829787234042553,0.27956989247311825,0.163265306122449,0.9553478712357216,0.16,0.20000000000000018,0.3157894736842105,0.8974358974358978,0.375,0.375,0.4,0.0,1.0,0.0,0.0,0.0,0.0,0.0,0.0,0.0,0.0,0.0,0.0,0.0,0.0,0.0,0.0,1.0,0.0,0.0
0.2694300518134715,0.1702127659574468,0.0851063829787234,0.14838709677419354,0.023809523809523815,0.2679127725856698,0.08,1.0,0.24561403508771928,0.487179487179489,0.375,0.375,0.4,0.0,1.0,0.0,0.0,0.0,0.0,0.0,0.0,0.0,0.0,1.0,0.0,0.0,0.0,0.0,0.0,0.0,0.0,0.0
0.031088082901554404,0.0425531914893617,0.0425531914893617,0.5290322580645161,0.19047619047619047,0.4714434060228453,0.0,0.20000000000000018,0.03508771929824561,0.8461538461538538,0.625,0.375,0.4,0.0,1.0,0.0,0.0,0.0,0.0,0.0,0.0,0.0,0.0,0.0,1.0,0.0,0.0,0.0,0.0,0.0,0.0,0.0
0.16580310880829013,0.1276595744680851,0.46808510638297873,0.23333333333333334,0.1921768707482993,0.1973001038421599,0.24,1.0,0.14035087719298245,0.948717948717956,0.625,0.375,0.8000000000000002,0.0,1.0,0.0,0.0,0.0,0.0,0.0,0.0,0.0,0.0,0.0,1.0,0.0,0.0,0.0,0.0,0.0,0.0,0.0
0.7461139896373057,1.0,0.9361702127659575,0.535483870967742,0.6122448979591836,0.3426791277258567,0.32,0.6000000000000001,0.42105263157894735,0.487179487179489,0.625,0.625,1.0,0.0,0.0,0.0,0.0,0.0,1.0,0.0,0.0,0.0,0.0,0.0,1.0,0.0,0.0,0.0,0.0,0.0,0.0,0.0
0.18307426597582038,0.0851063829787234,0.2978723404255319,0.24731182795698925,0.17687074829931973,0.46105919003115264,0.4,0.6000000000000001,0.24561403508771928,0.7435897435897516,0.625,0.375,0.0,0.0,1.0,0.0,0.0,0.0,0.0,0.0,0.0,0.0,0.0,1.0,0.0,0.0,0.0,0.0,0.0,0.0,0.0,0.0
0.5837651122625216,0.9361702127659575,0.851063829787234,0.2150537634408602,0.17687074829931973,0.9999999999999999,0.64,0.6000000000000001,0.8421052631578947,0.6410256410256494,0.625,0.625,0.0,0.0,0.0,0.0,0.0,1.0,0.0,0.0,0.0,0.0,0.0,0.0,1.0,0.0,0.0,0.0,0.0,0.0,0.0,0.0
0.017271157167530225,0.0425531914893617,0.0,0.432258064516129,0.5816326530612245,0.14953271028037382,0.0,1.0,0.03508771929824561,0.8974358974358978,0.625,0.375,0.0,0.0,1.0,0.0,0.0,0.0,0.0,0.0,0.0,0.0,0.0,0.0,1.0,0.0,0.0,0.0,0.0,0.0,0.0,0.0
0.0069084628670120895,0.0,0.0,0.3225806451612903,0.06122448979591837,0.04569055036344755,0.0,0.0,0.0,0.8974358974358978,0.625,0.625,0.0,0.0,1.0,0.0,0.0,0.0,0.0,0.0,0.0,0.0,0.0,0.0,1.0,0.0,0.0,0.0,0.0,0.0,0.0,0.0
0.16580310880829013,0.3404255319148936,0.1702127659574468,0.2150537634408602,0.5782312925170068,0.446521287642783,0.24,0.6000000000000001,0.17543859649122806,0.7948717948717956,0.625,0.625,0.4,0.0,1.0,0.0,0.0,0.0,0.0,0.0,0.0,0.0,0.0,0.0,1.0,0.0,0.0,0.0,0.0,0.0,0.0,0.0
0.1692573402417962,0.1276595744680851,0.1276595744680851,0.24731182795698925,0.19727891156462585,0.0893042575285566,0.0,1.0,0.03508771929824561,0.7948717948717956,0.625,0.625,0.0,0.0,1.0,0.0,0.0,0.0,0.0,0.0,0.0,0.0,0.0,1.0,0.0,0.0,0.0,0.0,0.0,0.0,0.0,0.0
0.15198618307426598,0.0851063829787234,0.0851063829787234,0.9999999999999999,1.0,0.31360332294911736,0.0,0.6000000000000001,0.03508771929824561,0.8974358974358978,0.375,0.45833333333333304,0.0,0.0,1.0,0.0,0.0,0.0,0.0,0.0,0.0,0.0,0.0,0.0,1.0,0.0,0.0,0.0,0.0,0.0,0.0,0.0
0.22107081174438686,0.3404255319148936,0.1276595744680851,0.3225806451612903,0.2925170068027211,0.2928348909657321,0.0,1.0,0.14035087719298245,0.7948717948717956,0.375,0.45833333333333304,0.0,0.0,1.0,0.0,0.0,0.0,0.0,0.0,0.0,0.0,0.0,0.0,1.0,0.0,0.0,0.0,0.0,0.0,0.0,0.0
1.0,1.0,1.0,0.8913978494623656,0.5612244897959183,0.9999999999999999,1.0,1.0,1.0,0.8974358974358978,0.375,0.375,0.0,0.0,0.0,0.0,1.0,0.0,0.0,0.0,0.0,0.0,0.0,0.0,0.0,1.0,0.0,0.0,0.0,0.0,0.0,0.0
0.06563039723661485,0.0,0.0,0.28172043010752684,0.38095238095238093,0.07684319833852545,0.0,1.0,0.03508771929824561,0.948717948717956,0.625,0.375,0.0,0.0,0.0,0.0,0.0,0.0,0.0,0.0,0.0,0.0,1.0,0.0,0.0,0.0,0.0,0.0,0.0,0.0,0.0,1.0
0.04145077720207253,0.0425531914893617,0.0,0.5806451612903226,0.5986394557823128,0.037383177570093455,0.0,1.0,0.03508771929824561,0.8974358974358978,0.625,0.375,0.0,0.0,0.0,0.0,0.0,0.0,0.0,0.0,0.0,1.0,0.0,0.0,0.0,0.0,0.0,1.0,0.0,0.0,0.0,0.0
0.0034542314335060447,0.0,0.0,0.27956989247311825,0.3673469387755102,0.0020768431983385254,0.0,0.0,0.0,0.7948717948717956,0.625,0.375,0.0,1.0,0.0,0.0,0.0,0.0,0.0,0.0,0.0,0.0,0.0,0.0,0.0,0.0,0.0,0.0,0.0,0.0,0.0,0.0
0.8221070811744386,1.0,0.425531914893617,0.7526881720430108,0.5578231292517006,0.5275181723779854,0.48,1.0,0.45614035087719296,0.5384615384615472,0.625,0.625,0.0,0.0,0.0,0.0,0.0,0.0,0.0,0.0,1.0,0.0,0.0,0.0,0.0,0.0,0.0,0.0,0.0,0.0,0.0,0.0
0.1623488773747841,0.3404255319148936,0.2553191489361702,0.16989247311827954,0.108843537414966,0.3426791277258567,0.16,1.0,0.07017543859649122,0.8974358974358978,0.125,0.375,0.0,0.0,1.0,0.0,0.0,0.0,0.0,0.0,0.0,0.0,0.0,0.0,1.0,0.0,0.0,0.0,0.0,0.0,0.0,0.0
0.09326424870466321,0.1702127659574468,0.0425531914893617,0.310752688172043,0.17006802721088435,0.08515057113187954,0.0,0.6000000000000001,0.03508771929824561,0.948717948717956,0.375,0.375,0.8000000000000002,0.0,0.0,0.0,1.0,0.0,0.0,0.0,0.0,0.0,0.0,1.0,0.0,0.0,0.0,0.0,0.0,0.0,0.0,0.0
0.048359240069084625,0.1276595744680851,0.0425531914893617,0.5376344086021505,0.4421768707482993,0.020768431983385256,0.08,1.0,0.07017543859649122,0.7435897435897516,0.625,0.625,0.4,0.0,0.0,0.0,0.0,0.0,0.0,0.0,0.0,1.0,0.0,0.0,0.0,0.0,0.0,1.0,0.0,0.0,0.0,0.0
0.17616580310880828,0.0851063829787234,0.0425531914893617,0.24623655913978493,0.12244897959183673,0.03530633437175493,0.0,1.0,0.07017543859649122,0.8974358974358978,0.375,0.375,1.0,0.0,0.0,0.0,1.0,0.0,0.0,0.0,0.0,0.0,0.0,0.0,1.0,0.0,0.0,0.0,0.0,0.0,0.0,0.0
0.14507772020725387,0.0,0.1276595744680851,0.5053763440860215,0.45918367346938777,0.16407061266874348,0.24,1.0,0.10526315789473684,0.8461538461538538,0.625,0.625,0.0,0.0,1.0,0.0,0.0,0.0,0.0,0.0,0.0,0.0,0.0,0.0,0.0,0.0,0.0,0.0,0.0,0.0,0.0,1.0
0.18307426597582038,0.1276595744680851,0.0851063829787234,0.9999999999999999,1.0,0.04361370716510903,0.08,0.20000000000000018,0.07017543859649122,0.6923076923076934,0.625,0.625,1.0,0.0,1.0,0.0,0.0,0.0,0.0,0.0,0.0,0.0,0.0,0.0,0.0,0.0,0.0,1.0,0.0,0.0,0.0,0.0
0.020725388601036267,0.0851063829787234,0.0,0.4946236559139785,0.46258503401360546,0.026998961578400833,0.0,1.0,0.03508771929824561,0.8974358974358978,0.625,0.625,0.4,1.0,0.0,0.0,0.0,0.0,0.0,0.0,0.0,0.0,0.0,0.0,0.0,0.0,0.0,0.0,0.0,0.0,0.0,1.0
0.7633851468048359,0.5957446808510638,0.425531914893617,0.9999999999999999,1.0,0.5545171339563862,0.56,1.0,0.42105263157894735,0.7435897435897516,0.625,0.625,1.0,0.0,0.0,0.0,0.0,0.0,1.0,0.0,0.0,0.0,0.0,0.0,1.0,0.0,0.0,0.0,0.0,0.0,0.0,0.0
0.04490500863557858,0.0851063829787234,0.0,0.6666666666666666,0.6394557823129251,0.024922118380062305,0.0,1.0,0.03508771929824561,0.8461538461538538,0.625,0.625,0.4,1.0,0.0,0.0,0.0,0.0,0.0,0.0,0.0,0.0,0.0,0.0,0.0,0.0,0.0,0.0,0.0,1.0,0.0,0.0
0.1001727115716753,0.0,0.0851063829787234,0.07526881720430108,0.0,0.17030114226375906,0.08,0.6000000000000001,0.14035087719298245,0.6923076923076934,1.0,0.7916666666666665,0.8000000000000002,0.0,1.0,0.0,0.0,0.0,0.0,0.0,0.0,0.0,0.0,0.0,0.0,0.0,0.0,0.0,0.0,0.0,1.0,0.0
0.5181347150259067,0.9787234042553191,1.0,0.535483870967742,0.5714285714285714,0.8992731048805814,0.72,0.6000000000000001,1.0,0.5384615384615472,0.0,0.2916666666666665,0.8000000000000002,0.0,0.0,0.0,0.0,0.0,1.0,0.0,0.0,0.0,0.0,0.0,1.0,0.0,0.0,0.0,0.0,0.0,0.0,0.0
0.6390328151986183,0.425531914893617,0.3404255319148936,0.3440860215053763,0.36394557823129253,0.9999999999999999,0.32,1.0,0.21052631578947367,0.948717948717956,0.375,0.375,0.0,0.0,1.0,0.0,0.0,0.0,0.0,0.0,0.0,0.0,0.0,0.0,0.0,0.0,0.0,0.0,0.0,1.0,0.0,0.0
0.7841105354058722,0.425531914893617,0.1276595744680851,0.535483870967742,0.5578231292517006,0.6708203530633436,0.08,1.0,0.24561403508771928,0.8974358974358978,0.375,0.375,0.0,0.0,1.0,0.0,0.0,0.0,0.0,0.0,0.0,0.0,0.0,0.0,0.0,1.0,0.0,0.0,0.0,0.0,0.0,0.0
0.2867012089810017,0.1702127659574468,0.6382978723404256,0.5806451612903226,0.43537414965986393,0.6666666666666666,0.72,1.0,0.42105263157894735,0.948717948717956,0.625,0.375,0.0,0.0,1.0,0.0,0.0,0.0,0.0,0.0,0.0,0.0,0.0,0.0,0.0,0.0,0.0,1.0,0.0,0.0,0.0,0.0
0.09671848013816925,0.1702127659574468,0.2127659574468085,0.4946236559139785,0.23809523809523808,0.1827622014537902,0.08,1.0,0.10526315789473684,0.8974358974358978,0.625,0.625,1.0,0.0,1.0,0.0,0.0,0.0,0.0,0.0,0.0,0.0,0.0,0.0,0.0,0.0,0.0,0.0,1.0,0.0,0.0,0.0
0.027633851468048358,0.0,0.0851063829787234,0.16129032258064513,0.20068027210884354,0.08722741433021806,0.08,0.6000000000000001,0.03508771929824561,0.7948717948717956,0.125,0.375,0.0,0.0,1.0,0.0,0.0,0.0,0.0,0.0,0.0,0.0,0.0,0.0,1.0,0.0,0.0,0.0,0.0,0.0,0.0,0.0
0.6424870466321243,0.5531914893617021,0.2978723404255319,0.5591397849462365,0.3792517006802721,0.28037383177570097,0.32,1.0,0.631578947368421,0.1794871794871824,0.625,0.375,0.0,0.0,1.0,0.0,0.0,0.0,0.0,0.0,0.0,0.0,0.0,0.0,0.0,0.0,0.0,1.0,0.0,0.0,0.0,0.0
0.32124352331606215,0.3404255319148936,0.1276595744680851,0.47096774193548385,0.5034013605442176,0.09553478712357218,0.08,1.0,0.14035087719298245,0.487179487179489,0.625,0.625,1.0,0.0,0.0,0.0,0.0,0.0,1.0,0.0,0.0,0.0,0.0,0.0,1.0,0.0,0.0,0.0,0.0,0.0,0.0,0.0
0.024179620034542312,0.0,0.0,0.5247311827956989,0.12585034013605442,0.13499480789200413,0.0,0.0,0.0,0.8461538461538538,0.625,0.375,0.4,0.0,1.0,0.0,0.0,0.0,0.0,0.0,0.0,0.0,0.0,0.0,0.0,0.0,0.0,0.0,0.0,0.0,0.0,1.0
1.0,1.0,0.3404255319148936,0.9999999999999999,1.0,0.9615784008307372,0.48,0.6000000000000001,0.45614035087719296,0.7435897435897516,0.625,0.625,1.0,0.0,0.0,0.0,0.0,0.0,1.0,0.0,0.0,0.0,0.0,0.0,1.0,0.0,0.0,0.0,0.0,0.0,0.0,0.0
0.08981001727115716,0.0851063829787234,0.0,0.9655913978494622,0.7159863945578231,0.16822429906542055,0.0,1.0,0.03508771929824561,0.8974358974358978,1.0,0.958333333333333,0.0,0.0,1.0,0.0,0.0,0.0,0.0,0.0,0.0,0.0,0.0,0.0,0.0,0.0,0.0,1.0,0.0,0.0,0.0,0.0
0.1692573402417962,0.1276595744680851,0.2553191489361702,0.9999999999999999,0.5442176870748299,0.13707165109034267,0.16,1.0,0.14035087719298245,0.5897435897435912,0.7249999999999996,0.708333333333333,0.4,0.0,1.0,0.0,0.0,0.0,0.0,0.0,0.0,0.0,0.0,1.0,0.0,0.0,0.0,0.0,0.0,0.0,0.0,0.0
0.03454231433506045,0.0425531914893617,0.1276595744680851,0.22795698924731184,0.22278911564625853,0.5586708203530633,0.0,0.0,0.0,0.7948717948717956,0.125,0.375,0.0,0.0,0.0,1.0,0.0,0.0,0.0,0.0,0.0,0.0,0.0,0.0,1.0,0.0,0.0,0.0,0.0,0.0,0.0,0.0
0.048359240069084625,0.2127659574468085,0.1702127659574468,0.11720430107526882,0.04081632653061224,0.03115264797507788,0.0,0.0,0.0,0.8974358974358978,0.375,0.375,0.4,0.0,0.0,0.0,1.0,0.0,0.0,0.0,0.0,0.0,0.0,0.0,1.0,0.0,0.0,0.0,0.0,0.0,0.0,0.0
0.08635578583765112,0.2127659574468085,0.0851063829787234,0.15053763440860213,0.08843537414965988,0.1806853582554517,0.16,1.0,0.21052631578947367,0.8461538461538538,0.625,0.625,0.0,0.0,0.0,0.0,0.0,0.0,0.0,1.0,0.0,0.0,0.0,0.0,0.0,1.0,0.0,0.0,0.0,0.0,0.0,0.0
0.017271157167530225,0.0,0.0,0.3655913978494624,0.2738095238095238,0.014537902388369679,0.0,0.0,0.0,0.8974358974358978,0.375,0.45833333333333304,0.0,0.0,0.0,0.0,0.0,0.0,0.0,0.0,0.0,1.0,0.0,1.0,0.0,0.0,0.0,0.0,0.0,0.0,0.0,0.0
0.1485319516407599,0.1276595744680851,0.0851063829787234,0.4731182795698925,0.45918367346938777,0.15368639667705086,0.0,0.0,0.0,0.7948717948717956,0.625,0.625,0.4,0.0,0.0,0.0,0.0,0.0,0.0,0.0,0.0,1.0,0.0,1.0,0.0,0.0,0.0,0.0,0.0,0.0,0.0,0.0
0.024179620034542312,0.0,0.0,0.45913978494623653,0.42176870748299317,0.004153686396677051,0.0,0.0,0.0,0.8461538461538538,0.625,0.375,0.4,0.0,1.0,0.0,0.0,0.0,0.0,0.0,0.0,0.0,0.0,0.0,1.0,0.0,0.0,0.0,0.0,0.0,0.0,0.0
0.929188255613126,0.5531914893617021,0.1702127659574468,0.8602150537634409,0.693877551020408,0.26168224299065423,0.08,1.0,0.24561403508771928,0.8461538461538538,0.625,0.625,0.0,0.0,0.0,0.0,0.0,0.0,0.0,0.0,1.0,0.0,0.0,0.0,0.0,0.0,0.0,0.0,0.0,0.0,0.0,0.0
0.06217616580310881,0.0851063829787234,0.0851063829787234,0.25806451612903225,0.20578231292517007,0.037383177570093455,0.0,1.0,0.03508771929824561,0.7948717948717956,0.625,0.625,0.0,0.0,0.0,0.0,0.0,0.0,0.0,1.0,0.0,0.0,0.0,0.0,1.0,0.0,0.0,0.0,0.0,0.0,0.0,0.0
0.04490500863557858,0.0,0.0425531914893617,0.27956989247311825,0.06802721088435373,0.004153686396677051,0.0,0.0,0.0,0.7435897435897516,1.0,0.625,0.0,1.0,0.0,0.0,0.0,0.0,0.0,0.0,0.0,0.0,0.0,1.0,0.0,0.0,0.0,0.0,0.0,0.0,0.0,0.0
0.1312607944732297,0.6808510638297872,0.1276595744680851,0.40752688172043006,0.2312925170068027,0.46105919003115264,0.24,1.0,0.3157894736842105,0.8974358974358978,0.375,0.375,1.0,0.0,0.0,0.0,1.0,0.0,0.0,0.0,0.0,0.0,0.0,0.0,1.0,0.0,0.0,0.0,0.0,0.0,0.0,0.0
0.2659758203799654,0.1276595744680851,0.2978723404255319,0.3655913978494624,0.35034013605442177,0.1723779854620976,0.16,1.0,0.24561403508771928,0.7435897435897516,0.375,0.45833333333333304,0.4,0.0,0.0,0.0,0.0,0.0,0.0,0.0,0.0,1.0,0.0,1.0,0.0,0.0,0.0,0.0,0.0,0.0,0.0,0.0
0.46632124352331605,1.0,1.0,0.5376344086021505,0.6768707482993197,0.3592938733125649,1.0,1.0,1.0,0.487179487179489,0.625,0.625,0.0,0.0,1.0,0.0,0.0,0.0,0.0,0.0,0.0,0.0,0.0,1.0,0.0,0.0,0.0,0.0,0.0,0.0,0.0,0.0
0.2763385146804836,0.1276595744680851,0.6382978723404256,0.5053763440860215,0.5306122448979591,0.284527518172378,0.64,0.6000000000000001,0.5614035087719298,0.1794871794871824,0.625,0.708333333333333,0.0,0.0,0.0,0.0,0.0,0.0,0.0,0.0,0.0,0.0,0.0,0.0,1.0,0.0,0.0,0.0,0.0,0.0,0.0,0.0
0.3557858376511226,0.3829787234042553,0.3404255319148936,0.310752688172043,0.17006802721088435,0.4755970924195223,0.48,1.0,0.2807017543859649,0.7948717948717956,0.375,0.375,0.0,0.0,0.0,0.0,1.0,0.0,0.0,0.0,0.0,0.0,0.0,0.0,1.0,0.0,0.0,0.0,0.0,0.0,0.0,0.0
0.5561312607944732,0.5106382978723404,1.0,0.42795698924731185,0.5306122448979591,0.6188992731048806,0.56,0.6000000000000001,1.0,0.487179487179489,0.625,0.625,1.0,0.0,0.0,0.0,0.0,0.0,1.0,0.0,0.0,0.0,0.0,0.0,1.0,0.0,0.0,0.0,0.0,0.0,0.0,0.0
0.1623488773747841,0.2553191489361702,0.1276595744680851,0.7623655913978494,0.47278911564625853,0.2118380062305296,0.16,1.0,0.10526315789473684,0.8974358974358978,0.375,0.375,1.0,0.0,0.0,0.0,1.0,0.0,0.0,0.0,0.0,0.0,0.0,0.0,1.0,0.0,0.0,0.0,0.0,0.0,0.0,0.0
0.4559585492227979,0.2553191489361702,0.1702127659574468,0.6451612903225806,0.6530612244897959,0.2824506749740395,0.16,1.0,0.24561403508771928,0.435897435897445,0.625,0.625,0.0,0.0,1.0,0.0,0.0,0.0,0.0,0.0,0.0,0.0,0.0,0.0,0.0,0.0,0.0,0.0,0.0,1.0,0.0,0.0
0.2245250431778929,0.2553191489361702,0.2127659574468085,0.2129032258064516,0.3129251700680272,0.3052959501557633,0.16,1.0,0.24561403508771928,0.5384615384615472,0.625,0.625,1.0,0.0,1.0,0.0,0.0,0.0,0.0,0.0,0.0,0.0,0.0,0.0,1.0,0.0,0.0,0.0,0.0,0.0,0.0,0.0
0.048359240069084625,0.0851063829787234,0.0425531914893617,0.10752688172043011,0.14625850340136054,0.09345794392523364,0.08,0.6000000000000001,0.10526315789473684,0.8974358974358978,0.625,0.2916666666666665,0.0,0.0,1.0,0.0,0.0,0.0,0.0,0.0,0.0,0.0,0.0,1.0,0.0,0.0,0.0,0.0,0.0,0.0,0.0,0.0
0.05181347150259067,0.0,0.0425531914893617,0.16129032258064513,0.17517006802721088,0.12461059190031153,0.0,1.0,0.07017543859649122,0.7948717948717956,0.125,0.375,0.0,0.0,1.0,0.0,0.0,0.0,0.0,0.0,0.0,0.0,0.0,0.0,1.0,0.0,0.0,0.0,0.0,0.0,0.0,0.0
0.18307426597582038,0.2127659574468085,0.0,0.4838709677419355,0.304421768707483,0.14330218068535824,0.24,0.6000000000000001,0.14035087719298245,0.6410256410256494,1.0,1.0,0.0,0.0,1.0,0.0,0.0,0.0,0.0,0.0,0.0,0.0,0.0,1.0,0.0,0.0,0.0,0.0,0.0,0.0,0.0,0.0
0.027633851468048358,0.0425531914893617,0.0,0.3655913978494624,0.3673469387755102,0.024922118380062305,0.0,0.6000000000000001,0.03508771929824561,0.8461538461538538,0.625,0.625,0.8000000000000002,1.0,0.0,0.0,0.0,0.0,0.0,0.0,0.0,0.0,0.0,0.0,1.0,0.0,0.0,0.0,0.0,0.0,0.0,0.0
0.17271157167530224,0.2127659574468085,0.0,0.7956989247311828,0.6819727891156462,0.08099688473520249,0.08,1.0,0.03508771929824561,0.948717948717956,0.625,0.375,0.4,0.0,0.0,0.0,0.0,0.0,0.0,1.0,0.0,0.0,0.0,0.0,0.0,0.0,0.0,1.0,0.0,0.0,0.0,0.0
0.4421416234887737,0.425531914893617,0.5531914893617021,0.2150537634408602,0.19047619047619047,0.4984423676012461,0.56,1.0,0.49122807017543857,0.6923076923076934,0.625,0.625,0.0,0.0,0.0,0.0,0.0,1.0,0.0,0.0,0.0,0.0,0.0,0.0,0.0,0.0,0.0,0.0,0.0,0.0,0.0,1.0
0.19689119170984454,0.2978723404255319,0.5106382978723404,0.535483870967742,0.7619047619047619,0.14537902388369678,0.16,1.0,0.3157894736842105,0.487179487179489,0.625,0.625,1.0,0.0,0.0,0.0,0.0,0.0,1.0,0.0,0.0,0.0,0.0,0.0,1.0,0.0,0.0,0.0,0.0,0.0,0.0,0.0
0.15544041450777202,0.1702127659574468,0.1276595744680851,0.2129032258064516,0.2976190476190476,0.05815160955347871,0.24,1.0,0.17543859649122806,0.8461538461538538,0.625,0.625,1.0,0.0,1.0,0.0,0.0,0.0,0.0,0.0,0.0,0.0,0.0,0.0,0.0,0.0,0.0,0.0,0.0,1.0,0.0,0.0
0.0690846286701209,0.0,0.1702127659574468,0.3225806451612903,0.19047619047619047,0.041536863966770504,0.0,0.0,0.0,0.948717948717956,0.625,0.375,0.0,0.0,0.0,0.0,0.0,0.0,0.0,1.0,0.0,0.0,0.0,0.0,0.0,1.0,0.0,0.0,0.0,0.0,0.0,0.0
0.231433506044905,0.0425531914893617,0.0851063829787234,0.9999999999999999,0.36139455782312924,0.13291796469366562,0.0,0.0,0.0,0.8974358974358978,0.625,0.375,1.0,0.0,1.0,0.0,0.0,0.0,0.0,0.0,0.0,0.0,0.0,0.0,0.0,0.0,0.0,0.0,0.0,0.0,1.0,0.0
0.11398963730569947,0.1276595744680851,0.0425531914893617,0.4301075268817204,0.227891156462585,0.039460020768431976,0.08,0.6000000000000001,0.14035087719298245,0.948717948717956,0.625,0.375,0.0,0.0,1.0,0.0,0.0,0.0,0.0,0.0,0.0,0.0,0.0,0.0,0.0,1.0,0.0,0.0,0.0,0.0,0.0,0.0
0.27979274611398963,0.425531914893617,1.0,0.42795698924731185,0.42176870748299317,0.2679127725856698,0.72,0.6000000000000001,0.9473684210526315,0.487179487179489,0.625,0.625,1.0,0.0,0.0,0.0,0.0,0.0,1.0,0.0,0.0,0.0,0.0,0.0,1.0,0.0,0.0,0.0,0.0,0.0,0.0,0.0
0.027633851468048358,0.0851063829787234,0.0,0.5376344086021505,0.8231292517006802,0.020768431983385256,0.0,0.0,0.0,0.7948717948717956,0.625,0.375,0.0,0.0,1.0,0.0,0.0,0.0,0.0,0.0,0.0,0.0,0.0,0.0,0.0,0.0,0.0,0.0,0.0,1.0,0.0,0.0
1.0,1.0,0.5957446808510638,0.27956989247311825,0.24489795918367346,0.10799584631360333,0.32,1.0,0.17543859649122806,0.7435897435897516,0.625,0.375,0.4,1.0,0.0,0.0,0.0,0.0,0.0,0.0,0.0,0.0,0.0,0.0,1.0,0.0,0.0,0.0,0.0,0.0,0.0,0.0
0.7012089810017271,1.0,1.0,0.535483870967742,0.5034013605442176,0.9999999999999999,1.0,0.6000000000000001,1.0,0.5384615384615472,0.625,0.625,0.0,0.0,0.0,0.0,0.0,0.0,1.0,0.0,0.0,0.0,0.0,0.0,1.0,0.0,0.0,0.0,0.0,0.0,0.0,0.0
0.3696027633851468,0.3404255319148936,0.0425531914893617,0.4086021505376344,0.30272108843537415,0.407061266874351,0.08,1.0,0.24561403508771928,0.8974358974358978,0.375,0.375,0.0,0.0,1.0,0.0,0.0,0.0,0.0,0.0,0.0,0.0,0.0,0.0,0.0,0.0,0.0,1.0,0.0,0.0,0.0,0.0
0.29015544041450775,0.1702127659574468,0.0425531914893617,0.4301075268817204,0.217687074829932,0.17653167185877464,0.08,1.0,0.14035087719298245,0.2307692307692406,0.625,0.625,0.0,0.0,0.0,0.0,0.0,0.0,0.0,0.0,1.0,0.0,0.0,0.0,0.0,1.0,0.0,0.0,0.0,0.0,0.0,0.0
1.0,0.5957446808510638,0.2127659574468085,0.7526881720430108,0.391156462585034,0.4319833852544133,0.24,1.0,0.21052631578947367,0.8974358974358978,0.625,0.375,0.0,0.0,1.0,0.0,0.0,0.0,0.0,0.0,0.0,0.0,0.0,0.0,0.0,0.0,0.0,0.0,0.0,1.0,0.0,0.0
0.00762348877374784,1.0,1.0,0.3225806451612903,0.2312925170068027,0.9999999999999999,1.0,0.6000000000000001,1.0,1.0,0.625,0.375,0.0,0.0,1.0,0.0,0.0,0.0,0.0,0.0,0.0,0.0,0.0,0.0,1.0,0.0,0.0,0.0,0.0,0.0,0.0,0.0
1.0,0.6382978723404256,0.9361702127659575,0.9999999999999999,1.0,0.9532710280373831,0.88,0.6000000000000001,0.7719298245614035,0.7435897435897516,0.625,0.625,0.8000000000000002,0.0,0.0,0.0,0.0,0.0,1.0,0.0,0.0,0.0,0.0,0.0,1.0,0.0,0.0,0.0,0.0,0.0,0.0,0.0
0.04145077720207253,0.0,0.0,0.3655913978494624,0.3163265306122449,0.06853582554517135,0.0,0.0,0.0,0.8461538461538538,0.0,0.0,0.0,0.0,0.0,0.0,0.0,0.0,0.0,0.0,0.0,1.0,0.0,1.0,0.0,0.0,0.0,0.0,0.0,0.0,0.0,0.0
0.5664939550949913,0.425531914893617,1.0,0.535483870967742,0.7755102040816326,0.4236760124610592,0.96,1.0,1.0,0.3846153846153868,0.625,0.625,0.8000000000000002,0.0,0.0,0.0,0.0,0.0,1.0,0.0,0.0,0.0,0.0,0.0,1.0,0.0,0.0,0.0,0.0,0.0,0.0,0.0
0.5457685664939551,0.5531914893617021,0.425531914893617,0.6236559139784946,0.29931972789115646,0.43406022845275183,0.56,1.0,0.5614035087719298,0.6923076923076934,0.625,0.625,0.0,0.0,1.0,0.0,0.0,0.0,0.0,0.0,0.0,0.0,0.0,0.0,0.0,0.0,0.0,0.0,0.0,1.0,0.0,0.0
0.24870466321243523,0.5957446808510638,0.3404255319148936,0.7096774193548387,0.35374149659863946,0.18691588785046728,0.24,0.6000000000000001,0.38596491228070173,0.3333333333333428,0.625,0.708333333333333,0.0,0.0,1.0,0.0,0.0,0.0,0.0,0.0,0.0,0.0,0.0,0.0,1.0,0.0,0.0,0.0,0.0,0.0,0.0,0.0
0.05181347150259067,0.0425531914893617,0.0,0.19247311827956987,0.08843537414965988,0.041536863966770504,0.0,0.0,0.0,0.8461538461538538,0.375,0.375,0.0,0.0,0.0,0.0,1.0,0.0,0.0,0.0,0.0,0.0,0.0,0.0,1.0,0.0,0.0,0.0,0.0,0.0,0.0,0.0
0.3005181347150259,0.3404255319148936,0.5531914893617021,0.47096774193548385,0.489795918367347,0.11838006230529595,0.0,0.6000000000000001,0.24561403508771928,0.435897435897445,0.625,0.625,1.0,0.0,0.0,0.0,0.0,0.0,1.0,0.0,0.0,0.0,0.0,1.0,0.0,0.0,0.0,0.0,0.0,0.0,0.0,0.0
0.09671848013816925,0.1276595744680851,0.0425531914893617,0.1935483870967742,0.26360544217687076,0.14330218068535824,0.08,1.0,0.10526315789473684,0.025641025641021997,0.625,0.625,0.0,0.0,1.0,0.0,0.0,0.0,0.0,0.0,0.0,0.0,0.0,0.0,0.0,0.0,0.0,0.0,0.0,0.0,0.0,1.0
0.04145077720207253,0.0425531914893617,0.0425531914893617,0.3870967741935484,0.3673469387755102,0.02284527518172378,0.0,1.0,0.07017543859649122,0.8974358974358978,0.625,0.625,0.0,0.0,1.0,0.0,0.0,0.0,0.0,0.0,0.0,0.0,0.0,0.0,0.0,0.0,0.0,1.0,0.0,0.0,0.0,0.0
0.853195164075993,0.1276595744680851,1.0,0.535483870967742,0.5034013605442176,0.42575285565939774,0.88,0.6000000000000001,0.7368421052631579,0.3333333333333428,0.625,0.625,0.4,0.0,0.0,0.0,0.0,0.0,1.0,0.0,0.0,0.0,0.0,0.0,1.0,0.0,0.0,0.0,0.0,0.0,0.0,0.0
0.07944732297063903,0.0425531914893617,0.0,0.4731182795698925,0.39285714285714285,0.03115264797507788,0.0,0.0,0.0,0.948717948717956,0.625,0.375,0.0,0.0,0.0,0.0,0.0,0.0,0.0,1.0,0.0,0.0,0.0,0.0,0.0,0.0,1.0,0.0,0.0,0.0,0.0,0.0
0.1312607944732297,0.0,0.0,0.4731182795698925,0.36139455782312924,0.0976116303219107,0.0,0.0,0.0,0.948717948717956,0.625,0.375,0.0,0.0,0.0,0.0,0.0,0.0,0.0,1.0,0.0,0.0,0.0,0.0,0.0,0.0,0.0,0.0,0.0,1.0,0.0,0.0
0.3557858376511226,0.6808510638297872,0.0425531914893617,0.9666666666666667,0.6428571428571428,0.2388369678089304,0.16,1.0,0.24561403508771928,0.948717948717956,0.375,0.375,0.0,0.0,0.0,0.0,1.0,0.0,0.0,0.0,0.0,0.0,0.0,0.0,0.0,0.0,0.0,1.0,0.0,0.0,0.0,0.0
0.17271157167530224,0.0,0.0425531914893617,0.3655913978494624,0.3129251700680272,0.10176531671858775,0.16,0.6000000000000001,0.07017543859649122,0.7435897435897516,0.375,0.45833333333333304,0.0,0.0,0.0,0.0,0.0,0.0,0.0,0.0,0.0,1.0,0.0,1.0,0.0,0.0,0.0,0.0,0.0,0.0,0.0,0.0
1.0,0.46808510638297873,1.0,0.42795698924731185,0.6666666666666666,0.7912772585669782,1.0,0.6000000000000001,1.0,0.2307692307692406,0.625,0.625,0.4,0.0,0.0,0.0,0.0,0.0,1.0,0.0,0.0,0.0,0.0,0.0,1.0,0.0,0.0,0.0,0.0,0.0,0.0,0.0
0.3143350604490501,0.3404255319148936,0.3829787234042553,0.9999999999999999,0.879251700680272,0.6770508826583592,0.56,0.6000000000000001,0.45614035087719296,0.487179487179489,0.625,0.625,1.0,0.0,1.0,0.0,0.0,0.0,0.0,0.0,0.0,0.0,0.0,1.0,0.0,0.0,0.0,0.0,0.0,0.0,0.0,0.0
0.5457685664939551,0.5106382978723404,0.851063829787234,0.39569892473118273,0.4489795918367347,0.4797507788161994,0.48,0.6000000000000001,0.7719298245614035,0.7948717948717956,0.625,0.625,1.0,0.0,0.0,0.0,0.0,0.0,0.0,0.0,0.0,0.0,1.0,1.0,0.0,0.0,0.0,0.0,0.0,0.0,0.0,0.0
0.5561312607944732,0.5106382978723404,0.1702127659574468,0.6451612903225806,0.6122448979591836,0.4236760124610592,0.4,1.0,0.5614035087719298,0.3846153846153868,0.625,0.375,0.8000000000000002,0.0,0.0,0.0,0.0,0.0,0.0,0.0,1.0,0.0,0.0,0.0,0.0,0.0,0.0,0.0,0.0,0.0,0.0,1.0
0.5941278065630397,0.3829787234042553,0.0425531914893617,0.5161290322580645,0.36139455782312924,0.26583592938733125,0.08,0.6000000000000001,0.2807017543859649,0.3846153846153868,0.625,0.625,1.0,0.0,1.0,0.0,0.0,0.0,0.0,0.0,0.0,0.0,0.0,0.0,0.0,0.0,0.0,0.0,1.0,0.0,0.0,0.0
0.03454231433506045,0.0425531914893617,0.0,0.4301075268817204,0.4489795918367347,0.010384215991692626,0.0,0.0,0.0,0.7948717948717956,0.625,0.375,0.0,1.0,0.0,0.0,0.0,0.0,0.0,0.0,0.0,0.0,0.0,0.0,1.0,0.0,0.0,0.0,0.0,0.0,0.0,0.0
0.027633851468048358,0.0,0.0,0.37311827956989246,0.2465986394557823,0.16407061266874348,0.0,0.0,0.0,0.948717948717956,0.875,0.625,0.0,0.0,1.0,0.0,0.0,0.0,0.0,0.0,0.0,0.0,0.0,0.0,0.0,0.0,0.0,0.0,0.0,0.0,0.0,1.0
0.020725388601036267,0.0851063829787234,0.0425531914893617,0.2150537634408602,0.06802721088435373,0.008307372793354102,0.08,1.0,0.03508771929824561,0.7948717948717956,1.0,0.7916666666666665,0.0,0.0,0.0,0.0,0.0,1.0,0.0,0.0,0.0,0.0,0.0,0.0,1.0,0.0,0.0,0.0,0.0,0.0,0.0,0.0
0.231433506044905,0.2978723404255319,0.3829787234042553,0.4301075268817204,0.4761904761904762,0.20976116303219106,0.48,1.0,0.2807017543859649,0.2820512820512846,0.875,0.45833333333333304,0.0,0.0,0.0,0.0,0.0,0.0,0.0,0.0,0.0,0.0,0.0,0.0,1.0,0.0,0.0,0.0,0.0,0.0,0.0,0.0
0.010362694300518133,0.0425531914893617,0.0,0.3655913978494624,0.37074829931972786,0.010384215991692626,0.0,0.0,0.0,0.8974358974358978,0.625,0.375,0.0,0.0,0.0,0.0,0.0,0.0,0.0,1.0,0.0,0.0,0.0,0.0,0.0,0.0,0.0,1.0,0.0,0.0,0.0,0.0
0.697754749568221,0.6808510638297872,0.2553191489361702,0.6236559139784946,0.6972789115646257,0.12461059190031153,0.32,1.0,0.42105263157894735,0.6923076923076934,0.625,0.625,0.0,1.0,0.0,0.0,0.0,0.0,0.0,0.0,0.0,0.0,0.0,0.0,1.0,0.0,0.0,0.0,0.0,0.0,0.0,0.0
0.15889464594127806,0.1702127659574468,0.1276595744680851,0.3655913978494624,0.38095238095238093,0.4797507788161994,0.08,0.6000000000000001,0.14035087719298245,0.7948717948717956,0.625,0.625,0.4,0.0,1.0,0.0,0.0,0.0,0.0,0.0,0.0,0.0,0.0,0.0,0.0,0.0,0.0,1.0,0.0,0.0,0.0,0.0
0.5492227979274611,0.425531914893617,0.6382978723404256,0.1935483870967742,0.19047619047619047,0.5295950155763239,0.8,1.0,0.7017543859649122,0.3846153846153868,0.125,0.375,0.0,0.0,0.0,0.0,0.0,0.0,0.0,0.0,0.0,0.0,0.0,0.0,0.0,0.0,0.0,0.0,0.0,1.0,0.0,0.0
0.08635578583765112,0.0851063829787234,0.1702127659574468,0.2838709677419355,0.29931972789115646,0.15368639667705086,0.0,0.0,0.0,0.8461538461538538,0.625,0.375,0.0,0.0,0.0,0.0,0.0,0.0,0.0,0.0,0.0,0.0,1.0,0.0,1.0,0.0,0.0,0.0,0.0,0.0,0.0,0.0
0.1692573402417962,0.1702127659574468,0.1276595744680851,0.3225806451612903,0.2857142857142857,0.06230529595015576,0.24,0.20000000000000018,0.21052631578947367,0.5384615384615472,0.375,0.375,0.0,0.0,0.0,0.0,0.0,0.0,0.0,0.0,1.0,0.0,0.0,0.0,0.0,1.0,0.0,0.0,0.0,0.0,0.0,0.0
0.2694300518134715,0.2978723404255319,0.8936170212765957,0.4795698924731182,0.108843537414966,0.2741433021806854,1.0,1.0,0.8421052631578947,0.6410256410256494,1.0,0.625,0.0,0.0,0.0,0.0,0.0,0.0,0.0,0.0,0.0,0.0,1.0,0.0,0.0,0.0,0.0,0.0,0.0,0.0,1.0,0.0
0.8566493955094991,0.6808510638297872,0.7234042553191489,0.6451612903225806,0.4489795918367347,0.5628245067497404,1.0,1.0,0.8421052631578947,0.5897435897435912,0.875,0.7916666666666665,0.0,0.0,0.0,0.0,0.0,0.0,0.0,0.0,1.0,0.0,0.0,0.0,0.0,0.0,0.0,0.0,0.0,1.0,0.0,0.0
1.0,0.6808510638297872,0.2553191489361702,0.6451612903225806,0.35374149659863946,0.39667705088265837,0.56,1.0,0.42105263157894735,0.3846153846153868,0.625,0.625,0.4,0.0,0.0,0.0,0.0,0.0,0.0,0.0,1.0,0.0,0.0,0.0,0.0,0.0,0.0,0.0,0.0,0.0,0.0,0.0
0.013816925734024179,0.0425531914893617,0.0,0.4301075268817204,0.3401360544217687,0.0,0.0,0.0,0.0,0.948717948717956,0.625,0.625,1.0,0.0,1.0,0.0,0.0,0.0,0.0,0.0,0.0,0.0,0.0,0.0,1.0,0.0,0.0,0.0,0.0,0.0,0.0,0.0
0.19689119170984454,0.2127659574468085,0.0851063829787234,0.28817204301075267,0.20408163265306123,0.14953271028037382,0.16,0.6000000000000001,0.21052631578947367,0.487179487179489,0.375,0.375,1.0,0.0,1.0,0.0,0.0,0.0,0.0,0.0,0.0,0.0,0.0,0.0,0.0,0.0,0.0,1.0,0.0,0.0,0.0,0.0
0.037996545768566495,0.0,0.0,0.5376344086021505,0.5034013605442176,0.1059190031152648,0.16,0.0,0.0,1.0,0.625,0.375,0.4,0.0,1.0,0.0,0.0,0.0,0.0,0.0,0.0,0.0,0.0,1.0,0.0,0.0,0.0,0.0,0.0,0.0,0.0,0.0
0.2245250431778929,0.2127659574468085,0.2127659574468085,0.15053763440860213,0.24489795918367346,0.25960539979231567,0.16,0.20000000000000018,0.38596491228070173,0.6410256410256494,0.625,0.375,0.0,0.0,1.0,0.0,0.0,0.0,0.0,0.0,0.0,0.0,0.0,0.0,0.0,0.0,0.0,0.0,0.0,0.0,0.0,0.0
0.49740932642487046,0.3404255319148936,1.0,0.3655913978494624,0.3945578231292517,0.4984423676012461,1.0,0.6000000000000001,0.9473684210526315,0.2820512820512846,0.625,0.708333333333333,0.0,0.0,0.0,0.0,0.0,0.0,0.0,0.0,0.0,0.0,0.0,0.0,1.0,0.0,0.0,0.0,0.0,0.0,0.0,0.0
0.5354058721934369,0.5531914893617021,1.0,0.535483870967742,0.5578231292517006,0.5815160955347871,0.32,0.6000000000000001,0.6666666666666666,0.6923076923076934,0.625,0.625,0.8000000000000002,0.0,0.0,0.0,0.0,0.0,1.0,0.0,0.0,0.0,0.0,0.0,1.0,0.0,0.0,0.0,0.0,0.0,0.0,0.0
1.0,1.0,0.5957446808510638,0.7096774193548387,0.42176870748299317,0.9999999999999999,1.0,1.0,0.8070175438596491,0.8461538461538538,0.125,0.375,0.0,0.0,1.0,0.0,0.0,0.0,0.0,0.0,0.0,0.0,0.0,0.0,1.0,0.0,0.0,0.0,0.0,0.0,0.0,0.0
0.1312607944732297,0.2553191489361702,0.1702127659574468,0.7836559139784945,0.49319727891156456,0.3094496365524403,0.08,1.0,0.14035087719298245,0.7948717948717956,0.375,0.375,0.0,0.0,0.0,0.0,1.0,0.0,0.0,0.0,0.0,0.0,0.0,0.0,1.0,0.0,0.0,0.0,0.0,0.0,0.0,0.0
0.11398963730569947,0.2127659574468085,0.0,0.9892473118279569,0.91156462585034,0.08099688473520249,0.0,1.0,0.07017543859649122,0.5384615384615472,0.625,0.375,1.0,0.0,1.0,0.0,0.0,0.0,0.0,0.0,0.0,0.0,0.0,1.0,0.0,0.0,0.0,0.0,0.0,0.0,0.0,0.0
0.32815198618307423,0.5957446808510638,0.425531914893617,0.4720430107526882,0.2789115646258503,0.2118380062305296,0.16,1.0,0.24561403508771928,0.8974358974358978,0.375,0.375,1.0,0.0,0.0,0.0,1.0,0.0,0.0,0.0,0.0,0.0,0.0,0.0,1.0,0.0,0.0,0.0,0.0,0.0,0.0,0.0
0.0069084628670120895,0.0,0.0,0.4139784946236559,0.38095238095238093,0.012461059190031154,0.0,0.0,0.0,0.8461538461538538,0.375,0.375,0.0,0.0,1.0,0.0,0.0,0.0,0.0,0.0,0.0,0.0,0.0,0.0,1.0,0.0,0.0,0.0,0.0,0.0,0.0,0.0
0.14162348877374784,0.46808510638297873,0.0851063829787234,0.5688172043010753,0.3469387755102041,0.13291796469366562,0.0,1.0,0.14035087719298245,0.948717948717956,0.375,0.375,1.0,0.0,0.0,0.0,1.0,0.0,0.0,0.0,0.0,0.0,0.0,0.0,1.0,0.0,0.0,0.0,0.0,0.0,0.0,0.0
0.004141623488773748,1.0,1.0,0.7419354838709677,0.8843537414965985,0.9999999999999999,0.8,0.6000000000000001,0.7719298245614035,0.8974358974358978,0.625,0.625,0.0,0.0,1.0,0.0,0.0,0.0,0.0,0.0,0.0,0.0,0.0,0.0,1.0,0.0,0.0,0.0,0.0,0.0,0.0,0.0
0.11398963730569947,0.0851063829787234,0.0,0.7526881720430108,0.272108843537415,0.16407061266874348,0.16,0.6000000000000001,0.10526315789473684,0.7948717948717956,0.375,0.45833333333333304,0.0,0.0,1.0,0.0,0.0,0.0,0.0,0.0,0.0,0.0,0.0,0.0,1.0,0.0,0.0,0.0,0.0,0.0,0.0,0.0
0.17271157167530224,0.1276595744680851,0.1276595744680851,0.6451612903225806,0.7959183673469387,0.15368639667705086,0.4,0.6000000000000001,0.3508771929824561,0.487179487179489,1.0,1.0,0.0,0.0,1.0,0.0,0.0,0.0,0.0,0.0,0.0,0.0,0.0,0.0,0.0,0.0,0.0,0.0,0.0,1.0,0.0,0.0
0.1312607944732297,0.0851063829787234,0.0851063829787234,0.3655913978494624,0.35374149659863946,0.08307372793354102,0.0,0.0,0.0,0.7435897435897516,0.375,0.45833333333333304,0.0,0.0,0.0,0.0,0.0,0.0,0.0,1.0,0.0,0.0,0.0,0.0,0.0,0.0,0.0,1.0,0.0,0.0,0.0,0.0
0.9879101899827288,0.5531914893617021,0.2127659574468085,0.4301075268817204,0.2312925170068027,0.26583592938733125,0.16,0.6000000000000001,0.17543859649122806,0.8461538461538538,0.625,0.625,0.0,0.0,0.0,0.0,0.0,0.0,0.0,0.0,1.0,0.0,0.0,0.0,0.0,0.0,0.0,0.0,0.0,0.0,0.0,0.0
0.18652849740932642,0.1702127659574468,0.1702127659574468,0.321505376344086,0.17687074829931973,0.10384215991692627,0.24,0.6000000000000001,0.14035087719298245,0.8461538461538538,0.625,0.375,1.0,0.0,0.0,0.0,1.0,0.0,0.0,0.0,0.0,0.0,0.0,1.0,0.0,0.0,0.0,0.0,0.0,0.0,0.0,0.0
0.47668393782383417,1.0,0.9361702127659575,0.535483870967742,0.4489795918367347,0.9999999999999999,1.0,0.6000000000000001,1.0,0.487179487179489,1.0,0.45833333333333304,0.0,0.0,0.0,0.0,0.0,0.0,1.0,0.0,0.0,0.0,0.0,1.0,0.0,0.0,0.0,0.0,0.0,0.0,0.0,0.0
0.47322970639032813,0.3829787234042553,0.5531914893617021,0.20322580645161287,0.09523809523809523,0.42782969885773625,0.56,0.6000000000000001,0.49122807017543857,0.8974358974358978,0.375,0.375,0.0,0.0,0.0,0.0,1.0,0.0,0.0,0.0,0.0,0.0,0.0,0.0,1.0,0.0,0.0,0.0,0.0,0.0,0.0,0.0
0.1623488773747841,0.3829787234042553,0.2127659574468085,0.43978494623655917,0.2585034013605442,0.11422637590861891,0.4,1.0,0.3157894736842105,0.8461538461538538,0.375,0.375,0.0,0.0,0.0,0.0,1.0,0.0,0.0,0.0,0.0,0.0,0.0,0.0,1.0,0.0,0.0,0.0,0.0,0.0,0.0,0.0
0.048359240069084625,0.0851063829787234,0.0,0.4731182795698925,0.4268707482993197,0.04776739356178608,0.0,0.0,0.0,0.7435897435897516,0.375,0.45833333333333304,1.0,0.0,0.0,0.0,0.0,0.0,0.0,1.0,0.0,0.0,0.0,0.0,1.0,0.0,0.0,0.0,0.0,0.0,0.0,0.0
0.048359240069084625,0.0,0.0425531914893617,0.2129032258064516,0.2312925170068027,0.016614745586708203,0.0,1.0,0.07017543859649122,0.8461538461538538,0.625,0.625,1.0,0.0,1.0,0.0,0.0,0.0,0.0,0.0,0.0,0.0,0.0,0.0,1.0,0.0,0.0,0.0,0.0,0.0,0.0,0.0
0.07944732297063903,0.0425531914893617,0.0425531914893617,0.3548387096774193,0.14965986394557823,0.039460020768431976,0.0,0.0,0.0,0.8974358974358978,0.375,0.45833333333333304,0.0,0.0,1.0,0.0,0.0,0.0,0.0,0.0,0.0,0.0,0.0,1.0,0.0,0.0,0.0,0.0,0.0,0.0,0.0,0.0
0.020725388601036267,0.0,0.0425531914893617,0.3225806451612903,0.1870748299319728,0.03115264797507788,0.0,0.0,0.0,0.948717948717956,0.625,0.625,0.0,0.0,0.0,0.0,0.0,0.0,0.0,1.0,0.0,0.0,0.0,0.0,1.0,0.0,0.0,0.0,0.0,0.0,0.0,0.0
0.8981001727115716,0.6382978723404256,1.0,0.5376344086021505,0.5578231292517006,0.9999999999999999,1.0,1.0,1.0,0.0769230769230802,0.625,0.708333333333333,0.0,0.0,0.0,0.0,0.0,0.0,0.0,0.0,0.0,0.0,0.0,0.0,1.0,0.0,0.0,0.0,0.0,0.0,0.0,0.0
1.0,0.5106382978723404,1.0,0.42795698924731185,0.3673469387755102,0.6438213914849429,1.0,0.6000000000000001,1.0,0.435897435897445,0.625,0.625,0.8000000000000002,0.0,0.0,0.0,0.0,0.0,1.0,0.0,0.0,0.0,0.0,0.0,1.0,0.0,0.0,0.0,0.0,0.0,0.0,0.0
0.08635578583765112,0.0425531914893617,0.0,0.4301075268817204,0.272108843537415,0.05815160955347871,0.0,0.0,0.0,0.7948717948717956,0.375,0.45833333333333304,0.8000000000000002,0.0,0.0,0.0,0.0,0.0,0.0,0.0,0.0,1.0,0.0,0.0,0.0,0.0,0.0,0.0,1.0,0.0,0.0,0.0
0.04490500863557858,0.0851063829787234,0.0,0.2150537634408602,0.163265306122449,0.13291796469366562,0.16,1.0,0.10526315789473684,0.7948717948717956,0.375,0.375,0.0,0.0,1.0,0.0,0.0,0.0,0.0,0.0,0.0,0.0,0.0,1.0,0.0,0.0,0.0,0.0,0.0,0.0,0.0,0.0
0.07253886010362694,0.0425531914893617,0.0,0.7956989247311828,0.5748299319727891,0.07892004153686397,0.08,1.0,0.03508771929824561,0.8974358974358978,0.625,0.375,0.0,0.0,0.0,0.0,0.0,0.0,0.0,1.0,0.0,0.0,0.0,0.0,0.0,0.0,1.0,0.0,0.0,0.0,0.0,0.0
0.0034542314335060447,0.0,0.0,0.3763440860215054,0.30952380952380953,0.22014537902388367,0.0,0.0,0.0,0.8461538461538538,0.375,0.375,0.0,0.0,1.0,0.0,0.0,0.0,0.0,0.0,0.0,0.0,0.0,0.0,1.0,0.0,0.0,0.0,0.0,0.0,0.0,0.0
0.5043177892918825,0.3404255319148936,0.2127659574468085,0.5376344086021505,0.5986394557823128,0.14537902388369678,0.16,0.6000000000000001,0.17543859649122806,0.7435897435897516,0.625,0.625,0.0,0.0,0.0,0.0,0.0,0.0,0.0,0.0,1.0,0.0,0.0,0.0,0.0,0.0,0.0,0.0,0.0,1.0,0.0,0.0
0.43523316062176165,0.2978723404255319,0.2978723404255319,0.17096774193548386,0.07482993197278912,0.284527518172378,0.32,0.6000000000000001,0.24561403508771928,0.8974358974358978,0.375,0.375,0.0,0.0,0.0,0.0,1.0,0.0,0.0,0.0,0.0,0.0,0.0,0.0,0.0,1.0,0.0,0.0,0.0,0.0,0.0,0.0
0.7288428324697754,0.9361702127659575,1.0,0.535483870967742,0.693877551020408,0.4672897196261682,0.8,0.6000000000000001,0.9122807017543859,0.5384615384615472,0.625,0.625,1.0,0.0,0.0,0.0,0.0,0.0,1.0,0.0,0.0,0.0,0.0,1.0,0.0,0.0,0.0,0.0,0.0,0.0,0.0,0.0
0.04145077720207253,0.1276595744680851,0.1702127659574468,0.9569892473118279,0.9931972789115646,0.612668743509865,0.24,1.0,0.17543859649122806,0.8461538461538538,0.625,0.625,0.0,0.0,1.0,0.0,0.0,0.0,0.0,0.0,0.0,0.0,0.0,0.0,1.0,0.0,0.0,0.0,0.0,0.0,0.0,0.0
0.7564766839378237,0.7234042553191489,0.8936170212765957,0.6451612903225806,0.4863945578231293,0.699896157840083,1.0,1.0,1.0,0.2307692307692406,0.625,0.625,0.4,0.0,0.0,0.0,0.0,0.0,0.0,0.0,1.0,0.0,0.0,0.0,0.0,0.0,0.0,1.0,0.0,0.0,0.0,0.0
0.6493955094991364,0.5106382978723404,1.0,0.3225806451612903,0.22959183673469385,0.9999999999999999,1.0,0.6000000000000001,1.0,0.5897435897435912,1.0,1.0,0.0,0.0,1.0,0.0,0.0,0.0,0.0,0.0,0.0,0.0,0.0,1.0,0.0,0.0,0.0,0.0,0.0,0.0,0.0,0.0
0.0690846286701209,0.1276595744680851,0.0,0.9677419354838709,0.8265306122448979,0.05815160955347871,0.0,1.0,0.03508771929824561,0.8461538461538538,0.625,0.625,0.8000000000000002,0.0,0.0,0.0,0.0,0.0,0.0,1.0,0.0,0.0,0.0,0.0,0.0,0.0,0.0,0.0,0.0,0.0,0.0,1.0
1.0,1.0,1.0,0.15053763440860213,0.42176870748299317,0.9999999999999999,1.0,0.6000000000000001,1.0,0.3333333333333428,0.0,0.0,0.0,0.0,1.0,0.0,0.0,0.0,0.0,0.0,0.0,0.0,0.0,0.0,0.0,0.0,0.0,0.0,0.0,1.0,0.0,0.0
0.05872193436960276,0.0,0.0425531914893617,0.5376344086021505,0.5170068027210883,0.14745586708203529,0.0,1.0,0.03508771929824561,0.8974358974358978,0.625,0.375,0.0,0.0,1.0,0.0,0.0,0.0,0.0,0.0,0.0,0.0,0.0,0.0,1.0,0.0,0.0,0.0,0.0,0.0,0.0,0.0
0.024179620034542312,0.0,0.0425531914893617,0.25806451612903225,0.17006802721088435,0.004153686396677051,0.0,0.0,0.0,0.8974358974358978,0.375,0.375,0.0,0.0,1.0,0.0,0.0,0.0,0.0,0.0,0.0,0.0,0.0,0.0,0.0,0.0,1.0,0.0,0.0,0.0,0.0,0.0
0.32124352331606215,0.0425531914893617,0.0,0.9999999999999999,0.7346938775510203,0.09138110072689512,0.0,0.20000000000000018,0.03508771929824561,0.8974358974358978,0.625,0.625,0.0,0.0,0.0,0.0,0.0,0.0,0.0,0.0,1.0,0.0,0.0,0.0,0.0,1.0,0.0,0.0,0.0,0.0,0.0,0.0
0.017271157167530225,0.0,0.0425531914893617,0.2150537634408602,0.15136054421768708,0.056074766355140186,0.08,0.20000000000000018,0.03508771929824561,0.8974358974358978,0.625,0.375,0.0,0.0,0.0,0.0,0.0,0.0,0.0,0.0,0.0,1.0,0.0,0.0,1.0,0.0,0.0,0.0,0.0,0.0,0.0,0.0
0.5872193436960276,0.425531914893617,0.1276595744680851,0.5376344086021505,0.35374149659863946,0.13291796469366562,0.08,0.6000000000000001,0.03508771929824561,0.8974358974358978,0.625,0.625,0.0,0.0,0.0,0.0,0.0,0.0,0.0,0.0,1.0,0.0,0.0,0.0,0.0,0.0,0.0,0.0,0.0,1.0,0.0,0.0
0.27979274611398963,0.7659574468085106,0.7659574468085106,0.7516129032258064,0.46938775510204084,0.2990654205607477,1.0,1.0,0.7017543859649122,0.8461538461538538,0.375,0.375,0.0,0.0,0.0,0.0,1.0,0.0,0.0,0.0,0.0,0.0,0.0,0.0,1.0,0.0,0.0,0.0,0.0,0.0,0.0,0.0
0.5837651122625216,1.0,0.6382978723404256,0.5376344086021505,0.489795918367347,0.7331256490134994,1.0,0.6000000000000001,1.0,0.2820512820512846,0.875,0.625,0.0,0.0,1.0,0.0,0.0,0.0,0.0,0.0,0.0,0.0,0.0,0.0,0.0,0.0,0.0,0.0,0.0,1.0,0.0,0.0
0.12089810017271156,0.0,0.0425531914893617,0.3655913978494624,0.32653061224489793,0.0976116303219107,0.0,0.0,0.0,0.8974358974358978,0.625,0.375,0.0,0.0,0.0,0.0,0.0,0.0,0.0,0.0,0.0,1.0,0.0,1.0,0.0,0.0,0.0,0.0,0.0,0.0,0.0,0.0
0.11398963730569947,0.0851063829787234,0.0,0.4086021505376344,0.2312925170068027,0.11630321910695743,0.0,0.0,0.0,0.8461538461538538,0.625,0.625,0.0,0.0,0.0,0.0,0.0,0.0,0.0,0.0,0.0,1.0,0.0,0.0,0.0,0.0,0.0,1.0,0.0,0.0,0.0,0.0
0.17962003454231432,0.1276595744680851,0.0851063829787234,0.4086021505376344,0.3945578231292517,0.11422637590861891,0.4,0.6000000000000001,0.14035087719298245,0.2307692307692406,0.625,0.625,0.0,0.0,1.0,0.0,0.0,0.0,0.0,0.0,0.0,0.0,0.0,0.0,1.0,0.0,0.0,0.0,0.0,0.0,0.0,0.0
0.055267702936096716,0.0425531914893617,0.0851063829787234,0.5806451612903226,0.46938775510204084,0.09138110072689512,0.16,1.0,0.10526315789473684,0.7948717948717956,0.375,0.45833333333333304,0.0,0.0,0.0,0.0,0.0,0.0,0.0,0.0,0.0,1.0,0.0,1.0,0.0,0.0,0.0,0.0,0.0,0.0,0.0,0.0
0.6666666666666666,0.5531914893617021,0.2978723404255319,0.7741935483870968,0.510204081632653,0.3426791277258567,0.4,1.0,0.5263157894736842,0.435897435897445,0.625,0.708333333333333,0.0,0.0,1.0,0.0,0.0,0.0,0.0,0.0,0.0,0.0,0.0,0.0,0.0,0.0,0.0,1.0,0.0,0.0,0.0,0.0
0.020725388601036267,0.0425531914893617,0.1702127659574468,0.2129032258064516,0.06802721088435373,0.2284527518172378,0.0,1.0,0.03508771929824561,0.8974358974358978,0.125,0.375,0.0,0.0,0.0,1.0,0.0,0.0,0.0,0.0,0.0,0.0,0.0,0.0,1.0,0.0,0.0,0.0,0.0,0.0,0.0,0.0
0.1312607944732297,0.3829787234042553,0.1276595744680851,0.6333333333333333,0.3843537414965986,0.31360332294911736,0.08,0.6000000000000001,0.2807017543859649,0.8974358974358978,0.375,0.375,1.0,0.0,0.0,0.0,1.0,0.0,0.0,0.0,0.0,0.0,0.0,0.0,1.0,0.0,0.0,0.0,0.0,0.0,0.0,0.0
0.04490500863557858,0.1702127659574468,0.0425531914893617,0.27741935483870966,0.18877551020408165,0.32398753894081,0.08,1.0,0.07017543859649122,0.948717948717956,0.125,0.375,0.0,0.0,0.0,1.0,0.0,0.0,0.0,0.0,0.0,0.0,0.0,0.0,1.0,0.0,0.0,0.0,0.0,0.0,0.0,0.0
0.4248704663212435,0.2553191489361702,0.0425531914893617,0.4301075268817204,0.32653061224489793,0.2388369678089304,0.0,0.6000000000000001,0.21052631578947367,0.7948717948717956,0.625,0.625,0.0,0.0,0.0,0.0,0.0,0.0,0.0,0.0,0.0,1.0,0.0,0.0,0.0,0.0,0.0,0.0,0.0,1.0,0.0,0.0
0.6493955094991364,0.3829787234042553,0.2127659574468085,0.6451612903225806,0.5442176870748299,0.1806853582554517,0.32,1.0,0.3157894736842105,0.3333333333333428,0.625,0.625,0.0,0.0,0.0,0.0,0.0,0.0,0.0,0.0,1.0,0.0,0.0,0.0,0.0,0.0,0.0,0.0,0.0,1.0,0.0,0.0
0.918825561312608,0.425531914893617,1.0,0.535483870967742,0.5578231292517006,0.9999999999999999,1.0,0.20000000000000018,1.0,0.3846153846153868,0.625,0.625,1.0,0.0,0.0,0.0,0.0,0.0,1.0,0.0,0.0,0.0,0.0,0.0,1.0,0.0,0.0,0.0,0.0,0.0,0.0,0.0
0.04490500863557858,0.0851063829787234,0.0,0.4946236559139785,0.2312925170068027,0.16199376947040497,0.0,1.0,0.03508771929824561,0.7948717948717956,0.375,0.45833333333333304,0.0,0.0,1.0,0.0,0.0,0.0,0.0,0.0,0.0,0.0,0.0,1.0,0.0,0.0,0.0,0.0,0.0,0.0,0.0,0.0
1.0,0.5106382978723404,1.0,0.535483870967742,0.7891156462585033,0.5649013499480788,1.0,1.0,1.0,0.3333333333333428,0.625,0.625,1.0,0.0,0.0,0.0,0.0,0.0,1.0,0.0,0.0,0.0,0.0,0.0,1.0,0.0,0.0,0.0,0.0,0.0,0.0,0.0
0.0034542314335060447,0.0425531914893617,0.0,0.7526881720430108,0.4880952380952381,0.026998961578400833,0.08,1.0,0.03508771929824561,0.8974358974358978,0.625,0.375,0.4,0.0,0.0,0.0,0.0,0.0,0.0,1.0,0.0,0.0,0.0,0.0,0.0,0.0,0.0,0.0,0.0,0.0,0.0,1.0
0.11398963730569947,0.2127659574468085,0.1276595744680851,0.2344086021505376,0.07482993197278912,0.6874350986500518,0.08,1.0,0.14035087719298245,0.948717948717956,0.125,0.375,0.0,0.0,0.0,1.0,0.0,0.0,0.0,0.0,0.0,0.0,0.0,0.0,1.0,0.0,0.0,0.0,0.0,0.0,0.0,0.0
0.05872193436960276,0.0425531914893617,0.0,0.25806451612903225,0.15816326530612246,0.018691588785046728,0.0,0.0,0.0,0.8461538461538538,0.625,0.625,0.8000000000000002,0.0,0.0,0.0,0.0,0.0,0.0,1.0,0.0,0.0,0.0,0.0,0.0,0.0,0.0,1.0,0.0,0.0,0.0,0.0
0.4386873920552677,0.425531914893617,0.5531914893617021,0.6150537634408602,0.30272108843537415,0.39460020768431986,0.56,1.0,0.5614035087719298,0.8461538461538538,0.625,0.625,0.8000000000000002,0.0,1.0,0.0,0.0,0.0,0.0,0.0,0.0,0.0,0.0,0.0,0.0,0.0,0.0,0.0,0.0,0.0,0.0,1.0
0.231433506044905,0.3404255319148936,0.2553191489361702,0.2150537634408602,0.195578231292517,0.2222222222222222,0.4,1.0,0.3508771929824561,0.6923076923076934,0.625,0.625,0.0,0.0,1.0,0.0,0.0,0.0,0.0,0.0,0.0,0.0,0.0,0.0,1.0,0.0,0.0,0.0,0.0,0.0,0.0,0.0
0.08635578583765112,0.0425531914893617,0.0,0.9999999999999999,1.0,0.08099688473520249,0.08,1.0,0.03508771929824561,0.8974358974358978,0.875,0.625,0.8000000000000002,0.0,0.0,0.0,0.0,0.0,0.0,0.0,0.0,1.0,0.0,0.0,0.0,0.0,0.0,0.0,0.0,0.0,0.0,1.0
0.14507772020725387,0.0425531914893617,0.0851063829787234,0.23655913978494625,0.2857142857142857,0.1308411214953271,0.08,0.20000000000000018,0.03508771929824561,0.1282051282051242,0.625,0.708333333333333,0.0,0.0,0.0,0.0,0.0,0.0,0.0,0.0,0.0,0.0,0.0,0.0,0.0,0.0,0.0,1.0,0.0,0.0,0.0,0.0
0.386873920552677,0.3829787234042553,0.1276595744680851,0.6451612903225806,0.5442176870748299,0.18483904465212875,0.0,1.0,0.10526315789473684,0.8974358974358978,0.625,0.625,0.0,0.0,0.0,0.0,0.0,0.0,0.0,0.0,1.0,0.0,0.0,0.0,0.0,0.0,0.0,0.0,0.0,1.0,0.0,0.0
0.5492227979274611,0.3829787234042553,0.2553191489361702,0.8602150537634409,0.7074829931972788,0.19314641744548286,0.16,0.6000000000000001,0.10526315789473684,0.7948717948717956,0.625,0.625,0.0,0.0,0.0,0.0,0.0,0.0,0.0,0.0,1.0,0.0,0.0,0.0,0.0,0.0,0.0,0.0,0.0,0.0,0.0,0.0
0.05872193436960276,0.0851063829787234,0.0,0.2150537634408602,0.2857142857142857,0.026998961578400833,0.0,0.0,0.0,0.7948717948717956,0.625,0.375,0.0,0.0,0.0,0.0,0.0,1.0,0.0,0.0,0.0,0.0,0.0,0.0,1.0,0.0,0.0,0.0,0.0,0.0,0.0,0.0
0.17271157167530224,0.1276595744680851,0.2978723404255319,0.34838709677419355,0.304421768707483,0.8141225337487019,0.48,1.0,0.21052631578947367,0.948717948717956,0.625,0.375,0.0,0.0,1.0,0.0,0.0,0.0,0.0,0.0,0.0,0.0,0.0,0.0,1.0,0.0,0.0,0.0,0.0,0.0,0.0,0.0
0.5734024179620034,0.7234042553191489,1.0,0.535483870967742,0.5034013605442176,0.5898234683281411,0.48,1.0,0.8421052631578947,0.5384615384615472,0.625,0.625,0.0,0.0,0.0,0.0,0.0,0.0,1.0,0.0,0.0,0.0,0.0,0.0,1.0,0.0,0.0,0.0,0.0,0.0,0.0,0.0
0.08635578583765112,0.1702127659574468,0.1276595744680851,0.5806451612903226,0.5306122448979591,0.11630321910695743,0.0,1.0,0.07017543859649122,0.3846153846153868,0.375,0.375,0.0,0.0,1.0,0.0,0.0,0.0,0.0,0.0,0.0,0.0,0.0,0.0,1.0,0.0,0.0,0.0,0.0,0.0,0.0,0.0
0.04145077720207253,0.0425531914893617,0.0851063829787234,0.5602150537634408,0.19047619047619047,0.05192107995846313,0.08,1.0,0.07017543859649122,0.7948717948717956,0.625,0.625,0.0,0.0,1.0,0.0,0.0,0.0,0.0,0.0,0.0,0.0,0.0,0.0,1.0,0.0,0.0,0.0,0.0,0.0,0.0,0.0
0.1485319516407599,0.2127659574468085,0.2553191489361702,0.47096774193548385,0.5578231292517006,0.05815160955347871,0.08,0.6000000000000001,0.10526315789473684,0.5897435897435912,0.625,0.625,1.0,0.0,0.0,0.0,0.0,0.0,1.0,0.0,0.0,0.0,0.0,1.0,0.0,0.0,0.0,0.0,0.0,0.0,0.0,0.0
0.055267702936096716,0.0,0.0425531914893617,0.3225806451612903,0.2857142857142857,0.06230529595015576,0.0,0.0,0.0,0.8461538461538538,0.625,0.625,0.0,1.0,0.0,0.0,0.0,0.0,0.0,0.0,0.0,0.0,0.0,0.0,0.0,0.0,0.0,1.0,0.0,0.0,0.0,0.0
0.09326424870466321,0.0425531914893617,0.0425531914893617,0.3655913978494624,0.2312925170068027,0.04984423676012461,0.0,1.0,0.03508771929824561,0.6923076923076934,0.625,0.625,0.0,0.0,0.0,0.0,0.0,0.0,0.0,0.0,0.0,1.0,0.0,0.0,0.0,0.0,0.0,1.0,0.0,0.0,0.0,0.0
0.017271157167530225,0.0425531914893617,0.0,0.2150537634408602,0.06802721088435373,0.07268951194184839,0.08,1.0,0.03508771929824561,0.7948717948717956,0.375,0.45833333333333304,0.8000000000000002,0.0,0.0,0.0,0.0,0.0,0.0,1.0,0.0,0.0,0.0,1.0,0.0,0.0,0.0,0.0,0.0,0.0,0.0,0.0
0.08635578583765112,0.2553191489361702,0.2978723404255319,0.15053763440860213,0.2312925170068027,0.90134994807892,0.56,1.0,0.3157894736842105,0.8461538461538538,0.625,0.375,0.4,0.0,1.0,0.0,0.0,0.0,0.0,0.0,0.0,0.0,0.0,0.0,1.0,0.0,0.0,0.0,0.0,0.0,0.0,0.0
0.6113989637305699,1.0,1.0,0.42795698924731185,0.4489795918367347,0.31983385254413293,1.0,0.6000000000000001,1.0,0.487179487179489,0.625,0.625,0.8000000000000002,0.0,0.0,0.0,0.0,0.0,1.0,0.0,0.0,0.0,0.0,0.0,1.0,0.0,0.0,0.0,0.0,0.0,0.0,0.0
0.20725388601036268,0.1702127659574468,0.0425531914893617,0.1935483870967742,0.04761904761904762,0.12461059190031153,0.0,1.0,0.03508771929824561,0.8461538461538538,0.375,0.45833333333333304,0.0,0.0,0.0,0.0,0.0,0.0,0.0,1.0,0.0,0.0,0.0,0.0,0.0,0.0,1.0,0.0,0.0,0.0,0.0,0.0
0.013816925734024179,0.0,0.0,0.25806451612903225,0.1173469387755102,0.026998961578400833,0.0,0.0,0.0,0.8461538461538538,0.625,0.625,0.0,0.0,0.0,0.0,0.0,0.0,0.0,1.0,0.0,0.0,0.0,0.0,1.0,0.0,0.0,0.0,0.0,0.0,0.0,0.0
0.8428324697754749,0.7659574468085106,0.3404255319148936,0.9999999999999999,1.0,0.9761163032191069,0.72,0.6000000000000001,0.6666666666666666,0.5897435897435912,1.0,1.0,0.0,0.0,1.0,0.0,0.0,0.0,0.0,0.0,0.0,0.0,0.0,1.0,0.0,0.0,0.0,0.0,0.0,0.0,0.0,0.0
0.48359240069084625,0.1702127659574468,0.2553191489361702,0.27956989247311825,0.3401360544217687,0.22637590861889925,0.08,1.0,0.10526315789473684,0.7435897435897516,0.625,0.625,0.0,0.0,1.0,0.0,0.0,0.0,0.0,0.0,0.0,0.0,0.0,0.0,0.0,0.0,0.0,0.0,0.0,0.0,0.0,1.0
0.06217616580310881,0.0,0.0,0.38279569892473114,0.2142857142857143,0.03115264797507788,0.0,0.0,0.0,0.948717948717956,0.625,0.375,0.0,0.0,1.0,0.0,0.0,0.0,0.0,0.0,0.0,0.0,0.0,0.0,0.0,0.0,0.0,0.0,0.0,1.0,0.0,0.0
0.08635578583765112,0.1702127659574468,0.2978723404255319,0.19247311827956987,0.09183673469387757,0.2720664589823468,0.4,1.0,0.17543859649122806,0.8461538461538538,0.375,0.375,0.0,0.0,0.0,0.0,1.0,0.0,0.0,0.0,0.0,0.0,0.0,0.0,1.0,0.0,0.0,0.0,0.0,0.0,0.0,0.0
0.07599309153713299,0.0425531914893617,0.1276595744680851,0.5473118279569892,0.32653061224489793,0.07061266874350987,0.16,1.0,0.14035087719298245,0.8461538461538538,0.375,0.375,1.0,0.0,0.0,0.0,1.0,0.0,0.0,0.0,0.0,0.0,0.0,0.0,1.0,0.0,0.0,0.0,0.0,0.0,0.0,0.0
0.4490500863557858,0.425531914893617,0.3404255319148936,0.26881720430107525,0.3129251700680272,0.42782969885773625,0.24,0.6000000000000001,0.42105263157894735,0.7948717948717956,0.625,0.625,0.0,0.0,1.0,0.0,0.0,0.0,0.0,0.0,0.0,0.0,0.0,0.0,1.0,0.0,0.0,0.0,0.0,0.0,0.0,0.0
0.017271157167530225,0.0425531914893617,0.0,0.6193548387096774,0.42176870748299317,0.03530633437175493,0.0,0.0,0.0,0.8974358974358978,0.625,0.2916666666666665,0.0,0.0,1.0,0.0,0.0,0.0,0.0,0.0,0.0,0.0,0.0,0.0,1.0,0.0,0.0,0.0,0.0,0.0,0.0,0.0
1.0,1.0,1.0,0.49247311827956985,0.5034013605442176,0.9999999999999999,1.0,0.6000000000000001,0.9824561403508771,0.8974358974358978,0.625,0.0,0.0,0.0,1.0,0.0,0.0,0.0,0.0,0.0,0.0,0.0,0.0,0.0,1.0,0.0,0.0,0.0,0.0,0.0,0.0,0.0
1.0,0.1702127659574468,0.8085106382978723,0.47096774193548385,0.35374149659863946,0.5794392523364486,1.0,0.6000000000000001,0.8421052631578947,0.3846153846153868,0.625,0.625,0.8000000000000002,0.0,0.0,0.0,0.0,0.0,1.0,0.0,0.0,0.0,0.0,0.0,1.0,0.0,0.0,0.0,0.0,0.0,0.0,0.0
1.0,1.0,0.8085106382978723,0.4301075268817204,0.32312925170068024,0.9999999999999999,0.32,1.0,0.5263157894736842,0.8974358974358978,0.625,0.625,1.0,0.0,0.0,0.0,0.0,0.0,0.0,1.0,0.0,0.0,0.0,0.0,1.0,0.0,0.0,0.0,0.0,0.0,0.0,0.0
0.06217616580310881,0.0425531914893617,0.0425531914893617,0.25806451612903225,0.22448979591836737,0.09138110072689512,0.0,0.0,0.0,0.7948717948717956,0.625,0.625,0.0,0.0,0.0,0.0,0.0,0.0,0.0,0.0,0.0,1.0,0.0,1.0,0.0,0.0,0.0,0.0,0.0,0.0,0.0,0.0
0.0,0.0,0.0,0.4301075268817204,0.2925170068027211,0.0,0.0,0.0,0.0,0.948717948717956,0.625,0.625,1.0,0.0,1.0,0.0,0.0,0.0,0.0,0.0,0.0,0.0,0.0,0.0,1.0,0.0,0.0,0.0,0.0,0.0,0.0,0.0
0.5008635578583764,0.2978723404255319,0.3829787234042553,0.5795698924731183,0.35374149659863946,0.2222222222222222,0.48,1.0,0.2807017543859649,0.8461538461538538,0.375,0.375,0.0,0.0,0.0,0.0,1.0,0.0,0.0,0.0,0.0,0.0,0.0,0.0,0.0,0.0,0.0,1.0,0.0,0.0,0.0,0.0
0.07599309153713299,0.1702127659574468,0.0,0.7505376344086021,0.727891156462585,0.19937694704049844,0.08,0.0,0.03508771929824561,0.7948717948717956,0.375,0.375,0.0,0.0,1.0,0.0,0.0,0.0,0.0,0.0,0.0,0.0,0.0,0.0,1.0,0.0,0.0,0.0,0.0,0.0,0.0,0.0
0.7184801381692573,0.7659574468085106,0.425531914893617,0.4301075268817204,0.5850340136054422,0.2949117341640706,0.48,0.6000000000000001,0.7368421052631579,0.6410256410256494,0.625,0.625,0.8000000000000002,0.0,1.0,0.0,0.0,0.0,0.0,0.0,0.0,0.0,0.0,0.0,1.0,0.0,0.0,0.0,0.0,0.0,0.0,0.0
1.0,1.0,1.0,0.2150537634408602,0.2312925170068027,0.9999999999999999,1.0,1.0,1.0,0.8461538461538538,0.625,0.375,0.0,0.0,1.0,0.0,0.0,0.0,0.0,0.0,0.0,0.0,0.0,0.0,1.0,0.0,0.0,0.0,0.0,0.0,0.0,0.0
0.027633851468048358,0.0425531914893617,0.0425531914893617,0.5376344086021505,0.29931972789115646,0.03115264797507788,0.0,1.0,0.03508771929824561,1.0,0.625,0.375,0.0,0.0,1.0,0.0,0.0,0.0,0.0,0.0,0.0,0.0,0.0,1.0,0.0,0.0,0.0,0.0,0.0,0.0,0.0,0.0
0.09196891191709844,0.1443404255319149,0.10808510638297872,0.9999999999999999,1.0,0.9999999999999999,0.12808,1.0,1.0,0.6410256410256494,0.625,0.625,0.0,0.0,0.0,0.0,0.0,0.0,1.0,0.0,0.0,0.0,0.0,0.0,0.0,0.0,0.0,0.0,0.0,0.0,0.0,0.0
0.017271157167530225,0.0425531914893617,0.0,0.3268817204301075,0.3673469387755102,0.06853582554517135,0.0,0.0,0.0,0.8461538461538538,0.0,0.375,0.0,0.0,0.0,0.0,0.0,0.0,0.0,0.0,0.0,0.0,1.0,0.0,1.0,0.0,0.0,0.0,0.0,0.0,0.0,0.0
0.4559585492227979,0.1276595744680851,0.2553191489361702,0.8602150537634409,0.9795918367346939,0.09345794392523364,0.24,1.0,0.17543859649122806,0.3333333333333428,0.625,0.625,0.0,0.0,0.0,0.0,0.0,0.0,0.0,0.0,1.0,0.0,0.0,0.0,1.0,0.0,0.0,0.0,0.0,0.0,0.0,0.0
0.22107081174438686,0.3404255319148936,0.1702127659574468,0.6010752688172043,0.35714285714285715,0.122533748701973,0.08,1.0,0.21052631578947367,0.8461538461538538,0.375,0.375,0.0,0.0,0.0,0.0,1.0,0.0,0.0,0.0,0.0,0.0,0.0,0.0,1.0,0.0,0.0,0.0,0.0,0.0,0.0,0.0
1.0,0.9787234042553191,0.851063829787234,0.9999999999999999,1.0,0.7850467289719626,1.0,1.0,1.0,0.7435897435897516,0.625,0.625,1.0,0.0,0.0,0.0,0.0,0.0,1.0,0.0,0.0,0.0,0.0,0.0,1.0,0.0,0.0,0.0,0.0,0.0,0.0,0.0
0.5941278065630397,0.2127659574468085,0.2553191489361702,0.9999999999999999,1.0,0.28868120456905505,0.24,1.0,0.10526315789473684,0.8461538461538538,0.625,0.625,0.4,0.0,0.0,0.0,0.0,0.0,1.0,0.0,0.0,0.0,0.0,0.0,1.0,0.0,0.0,0.0,0.0,0.0,0.0,0.0
0.39723661485319517,0.1702127659574468,0.0425531914893617,0.8602150537634409,0.5986394557823128,0.20353063343717548,0.0,1.0,0.17543859649122806,0.7948717948717956,0.625,0.625,0.0,0.0,0.0,0.0,0.0,0.0,0.0,0.0,1.0,0.0,0.0,0.0,0.0,1.0,0.0,0.0,0.0,0.0,0.0,0.0
0.048359240069084625,0.0425531914893617,0.0425531914893617,0.14946236559139786,0.05782312925170068,0.2222222222222222,0.0,0.0,0.0,0.8461538461538538,0.375,0.375,0.0,0.0,0.0,0.0,1.0,0.0,0.0,0.0,0.0,0.0,0.0,0.0,1.0,0.0,0.0,0.0,0.0,0.0,0.0,0.0
0.6010362694300518,0.1276595744680851,0.2978723404255319,0.3225806451612903,0.24489795918367346,0.31360332294911736,0.24,0.20000000000000018,0.24561403508771928,0.8461538461538538,0.625,0.625,0.0,0.0,0.0,0.0,0.0,0.0,0.0,0.0,1.0,0.0,0.0,0.0,0.0,0.0,0.0,0.0,0.0,1.0,0.0,0.0
0.0690846286701209,0.0425531914893617,0.0,0.3655913978494624,0.19727891156462585,0.012461059190031154,0.0,0.0,0.0,0.8974358974358978,0.625,0.625,0.8000000000000002,0.0,0.0,0.0,0.0,0.0,0.0,1.0,0.0,0.0,0.0,0.0,1.0,0.0,0.0,0.0,0.0,0.0,0.0,0.0
0.20379965457685664,0.0851063829787234,0.1702127659574468,0.3225806451612903,0.2857142857142857,0.23676012461059187,0.32,0.6000000000000001,0.3157894736842105,0.1794871794871824,0.625,0.625,0.0,0.0,0.0,0.0,0.0,0.0,0.0,0.0,1.0,0.0,0.0,1.0,0.0,0.0,0.0,0.0,0.0,0.0,0.0,0.0
0.5768566493955095,0.7659574468085106,1.0,0.535483870967742,0.7210884353741496,0.656282450674974,1.0,1.0,1.0,0.5897435897435912,0.625,0.625,0.4,0.0,0.0,0.0,0.0,0.0,1.0,0.0,0.0,0.0,0.0,0.0,1.0,0.0,0.0,0.0,0.0,0.0,0.0,0.0
0.09326424870466321,0.2978723404255319,0.5957446808510638,0.24086021505376343,0.0816326530612245,0.7310488058151609,0.96,1.0,0.631578947368421,0.8461538461538538,0.125,0.375,0.4,0.0,0.0,1.0,0.0,0.0,0.0,0.0,0.0,0.0,0.0,0.0,1.0,0.0,0.0,0.0,0.0,0.0,0.0,0.0
0.017271157167530225,0.0,0.0425531914893617,0.5161290322580645,0.5170068027210883,0.19937694704049844,0.0,0.0,0.0,0.8974358974358978,0.625,0.625,0.0,0.0,1.0,0.0,0.0,0.0,0.0,0.0,0.0,0.0,0.0,0.0,1.0,0.0,0.0,0.0,0.0,0.0,0.0,0.0
0.40414507772020725,0.2978723404255319,0.0425531914893617,0.6666666666666666,0.5068027210884353,0.2699896157840083,0.0,1.0,0.07017543859649122,0.8974358974358978,0.375,0.375,1.0,0.0,1.0,0.0,0.0,0.0,0.0,0.0,0.0,0.0,0.0,0.0,0.0,0.0,0.0,1.0,0.0,0.0,0.0,0.0
0.1001727115716753,0.0851063829787234,0.1702127659574468,0.4827956989247312,0.2857142857142857,0.7040498442367601,0.48,1.0,0.24561403508771928,0.7948717948717956,0.375,0.375,0.0,0.0,0.0,0.0,1.0,0.0,0.0,0.0,0.0,0.0,0.0,0.0,1.0,0.0,0.0,0.0,0.0,0.0,0.0,0.0
0.07599309153713299,0.0425531914893617,0.0851063829787234,0.9999999999999999,0.7074829931972788,0.05815160955347871,0.08,1.0,0.03508771929824561,0.8974358974358978,0.625,0.375,0.4,0.0,1.0,0.0,0.0,0.0,0.0,0.0,0.0,0.0,0.0,0.0,1.0,0.0,0.0,0.0,0.0,0.0,0.0,0.0
0.09326424870466321,0.0,0.0,0.1935483870967742,0.06802721088435373,0.0976116303219107,0.0,1.0,0.03508771929824561,0.948717948717956,0.625,0.375,0.4,0.0,0.0,0.0,0.0,0.0,0.0,1.0,0.0,0.0,0.0,1.0,0.0,0.0,0.0,0.0,0.0,0.0,0.0,0.0
1.0,1.0,1.0,0.4946236559139785,0.43537414965986393,0.9999999999999999,0.8,1.0,0.8421052631578947,0.948717948717956,1.0,0.958333333333333,0.0,0.0,1.0,0.0,0.0,0.0,0.0,0.0,0.0,0.0,0.0,0.0,0.0,0.0,0.0,0.0,0.0,0.0,0.0,0.0
0.31088082901554404,0.425531914893617,0.5106382978723404,0.535483870967742,0.5986394557823128,0.3842159916926272,0.32,0.6000000000000001,0.24561403508771928,0.7948717948717956,0.625,0.625,0.8000000000000002,0.0,0.0,0.0,0.0,0.0,1.0,0.0,0.0,0.0,0.0,0.0,1.0,0.0,0.0,0.0,0.0,0.0,0.0,0.0
0.47668393782383417,0.5531914893617021,0.2978723404255319,0.3010752688172043,0.35374149659863946,0.4984423676012461,0.56,1.0,0.6666666666666666,0.5384615384615472,0.625,0.625,1.0,0.0,0.0,0.0,0.0,0.0,0.0,0.0,0.0,0.0,0.0,0.0,0.0,0.0,0.0,0.0,0.0,1.0,0.0,0.0
0.013816925734024179,0.0425531914893617,0.0,0.6236559139784946,0.3469387755102041,0.9999999999999999,0.0,0.0,0.0,0.7948717948717956,0.625,0.625,0.0,0.0,1.0,0.0,0.0,0.0,0.0,0.0,0.0,0.0,0.0,0.0,1.0,0.0,0.0,0.0,0.0,0.0,0.0,0.0
0.1312607944732297,0.6808510638297872,0.1276595744680851,0.4720430107526882,0.2755102040816326,0.15368639667705086,0.24,1.0,0.3157894736842105,0.8974358974358978,0.375,0.375,1.0,0.0,0.0,0.0,1.0,0.0,0.0,0.0,0.0,0.0,0.0,0.0,1.0,0.0,0.0,0.0,0.0,0.0,0.0,0.0
0.5526770293609672,0.5106382978723404,0.6382978723404256,0.535483870967742,0.6122448979591836,0.23676012461059187,0.32,1.0,0.3157894736842105,0.435897435897445,0.625,0.625,0.0,0.0,0.0,0.0,0.0,0.0,1.0,0.0,0.0,0.0,0.0,0.0,1.0,0.0,0.0,0.0,0.0,0.0,0.0,0.0
0.08635578583765112,0.2553191489361702,0.0,0.3655913978494624,0.38095238095238093,0.07684319833852545,0.24,1.0,0.17543859649122806,0.8974358974358978,0.0,0.04166666666666652,0.0,1.0,0.0,0.0,0.0,0.0,0.0,0.0,0.0,0.0,0.0,0.0,1.0,0.0,0.0,0.0,0.0,0.0,0.0,0.0
0.6597582037996546,0.6808510638297872,0.2553191489361702,0.23655913978494625,0.17687074829931973,0.49428868120456904,0.4,1.0,0.3508771929824561,0.948717948717956,0.375,0.375,0.0,0.0,1.0,0.0,0.0,0.0,0.0,0.0,0.0,0.0,0.0,0.0,0.0,0.0,0.0,1.0,0.0,0.0,0.0,0.0
0.32815198618307423,0.0851063829787234,0.2127659574468085,0.535483870967742,0.693877551020408,0.029075804776739357,0.16,1.0,0.17543859649122806,0.435897435897445,0.625,0.625,0.4,0.0,0.0,0.0,0.0,0.0,1.0,0.0,0.0,0.0,0.0,1.0,0.0,0.0,0.0,0.0,0.0,0.0,0.0,0.0
0.5319516407599308,0.5531914893617021,1.0,0.535483870967742,0.7210884353741496,0.7040498442367601,0.64,0.6000000000000001,1.0,0.487179487179489,0.625,0.625,0.8000000000000002,0.0,0.0,0.0,0.0,0.0,1.0,0.0,0.0,0.0,0.0,0.0,1.0,0.0,0.0,0.0,0.0,0.0,0.0,0.0
0.9464594127806563,1.0,0.2978723404255319,0.7526881720430108,0.5986394557823128,0.32191069574247144,0.32,1.0,0.42105263157894735,0.487179487179489,0.625,0.625,0.0,0.0,0.0,0.0,0.0,0.0,0.0,0.0,1.0,0.0,0.0,0.0,0.0,0.0,0.0,0.0,0.0,1.0,0.0,0.0
0.7495682210708117,0.851063829787234,1.0,0.535483870967742,0.06802721088435373,0.9999999999999999,0.72,0.6000000000000001,1.0,0.3846153846153868,1.0,1.0,0.8000000000000002,0.0,0.0,0.0,0.0,0.0,1.0,0.0,0.0,0.0,0.0,1.0,0.0,0.0,0.0,0.0,0.0,0.0,0.0,0.0
0.06563039723661485,0.0425531914893617,0.3404255319148936,0.01720430107526881,0.0,0.3655244029075805,0.24,1.0,0.14035087719298245,0.7435897435897516,1.0,0.7916666666666665,0.0,0.0,1.0,0.0,0.0,0.0,0.0,0.0,0.0,0.0,0.0,0.0,0.0,0.0,0.0,0.0,0.0,0.0,1.0,0.0
0.21761658031088082,0.0851063829787234,0.3404255319148936,0.535483870967742,0.6666666666666666,0.09553478712357218,0.4,0.6000000000000001,0.24561403508771928,0.6410256410256494,0.625,0.625,1.0,0.0,0.0,0.0,0.0,0.0,1.0,0.0,0.0,0.0,0.0,0.0,1.0,0.0,0.0,0.0,0.0,0.0,0.0,0.0
0.010362694300518133,0.0851063829787234,0.0,0.12903225806451613,0.3129251700680272,0.018691588785046728,0.0,1.0,0.07017543859649122,0.5897435897435912,0.625,0.625,0.0,0.0,1.0,0.0,0.0,0.0,0.0,0.0,0.0,0.0,0.0,1.0,0.0,0.0,0.0,0.0,0.0,0.0,0.0,0.0
0.23834196891191708,0.2978723404255319,0.2127659574468085,0.6763440860215053,0.41836734693877553,0.2222222222222222,0.24,1.0,0.24561403508771928,0.8461538461538538,0.625,0.375,0.0,0.0,0.0,0.0,1.0,0.0,0.0,0.0,0.0,0.0,0.0,0.0,1.0,0.0,0.0,0.0,0.0,0.0,0.0,0.0
0.5077720207253886,0.2978723404255319,1.0,0.535483870967742,0.6122448979591836,0.3094496365524403,0.4,0.6000000000000001,0.5263157894736842,0.3846153846153868,0.625,0.625,0.4,0.0,0.0,0.0,0.0,0.0,1.0,0.0,0.0,0.0,0.0,0.0,1.0,0.0,0.0,0.0,0.0,0.0,0.0,0.0
0.020725388601036267,0.0,0.0851063829787234,0.2150537634408602,0.20408163265306123,0.46105919003115264,0.0,0.0,0.0,0.948717948717956,0.375,0.45833333333333304,0.0,0.0,1.0,0.0,0.0,0.0,0.0,0.0,0.0,0.0,0.0,0.0,1.0,0.0,0.0,0.0,0.0,0.0,0.0,0.0
0.010362694300518133,0.0,0.0,0.2150537634408602,0.0816326530612245,0.041536863966770504,0.0,0.0,0.0,0.7435897435897516,0.625,0.375,0.0,0.0,0.0,0.0,0.0,0.0,0.0,1.0,0.0,0.0,0.0,0.0,1.0,0.0,0.0,0.0,0.0,0.0,0.0,0.0
0.20379965457685664,0.2127659574468085,0.2127659574468085,0.14838709677419354,0.034013605442176874,0.34683281412253375,0.56,1.0,0.17543859649122806,0.0,1.0,1.0,0.0,0.0,1.0,0.0,0.0,0.0,0.0,0.0,0.0,0.0,0.0,0.0,0.0,0.0,0.0,0.0,0.0,0.0,1.0,0.0
0.8428324697754749,0.2553191489361702,0.1702127659574468,0.7526881720430108,0.7210884353741496,0.25545171339563866,0.24,0.6000000000000001,0.21052631578947367,0.435897435897445,0.625,0.625,0.0,0.0,0.0,0.0,0.0,0.0,0.0,0.0,1.0,0.0,0.0,0.0,0.0,0.0,0.0,1.0,0.0,0.0,0.0,0.0
0.14507772020725387,0.0425531914893617,0.1276595744680851,0.6666666666666666,0.5850340136054422,0.16407061266874348,0.08,0.6000000000000001,0.03508771929824561,0.7948717948717956,0.375,0.45833333333333304,0.0,0.0,1.0,0.0,0.0,0.0,0.0,0.0,0.0,0.0,0.0,0.0,1.0,0.0,0.0,0.0,0.0,0.0,0.0,0.0
0.27979274611398963,0.2553191489361702,0.2553191489361702,0.2043010752688172,0.2312925170068027,0.2388369678089304,0.48,1.0,0.3157894736842105,0.2307692307692406,0.625,0.375,0.0,0.0,0.0,0.0,0.0,0.0,0.0,0.0,0.0,0.0,0.0,0.0,0.0,0.0,0.0,0.0,0.0,1.0,0.0,0.0
0.34196891191709844,0.2127659574468085,0.2127659574468085,0.42795698924731185,0.42176870748299317,0.08515057113187954,0.0,0.6000000000000001,0.10526315789473684,0.3333333333333428,0.625,0.625,1.0,0.0,0.0,0.0,0.0,0.0,1.0,0.0,0.0,0.0,0.0,0.0,1.0,0.0,0.0,0.0,0.0,0.0,0.0,0.0
0.3177892918825561,0.1276595744680851,0.0851063829787234,0.4301075268817204,0.38095238095238093,0.09553478712357218,0.08,1.0,0.03508771929824561,0.8974358974358978,0.625,0.625,0.0,0.0,0.0,0.0,0.0,0.0,0.0,0.0,1.0,0.0,0.0,0.0,0.0,1.0,0.0,0.0,0.0,0.0,0.0,0.0
0.21070811744386872,0.0851063829787234,0.0,0.4301075268817204,0.17687074829931973,0.08099688473520249,0.0,0.6000000000000001,0.10526315789473684,0.8974358974358978,0.625,0.625,0.0,0.0,0.0,0.0,0.0,0.0,0.0,0.0,1.0,0.0,0.0,1.0,0.0,0.0,0.0,0.0,0.0,0.0,0.0,0.0
0.020725388601036267,0.0,0.0,0.3268817204301075,0.32653061224489793,0.033229491173416406,0.0,0.0,0.0,0.8974358974358978,0.625,0.375,1.0,0.0,0.0,0.0,0.0,0.0,0.0,0.0,0.0,0.0,1.0,0.0,1.0,0.0,0.0,0.0,0.0,0.0,0.0,0.0
0.307426597582038,0.2127659574468085,0.2127659574468085,0.4301075268817204,0.272108843537415,0.28868120456905505,0.24,1.0,0.24561403508771928,0.8461538461538538,0.625,0.625,1.0,0.0,0.0,0.0,0.0,0.0,0.0,1.0,0.0,0.0,0.0,0.0,0.0,0.0,0.0,0.0,0.0,1.0,0.0,0.0
0.031088082901554404,0.0,0.0851063829787234,0.2258064516129032,0.2312925170068027,0.05192107995846313,0.08,1.0,0.03508771929824561,0.8974358974358978,0.625,0.375,0.0,0.0,0.0,0.0,0.0,0.0,0.0,0.0,0.0,0.0,1.0,0.0,1.0,0.0,0.0,0.0,0.0,0.0,0.0,0.0
0.017271157167530225,0.0,0.0425531914893617,0.2150537634408602,0.15816326530612246,0.026998961578400833,0.0,0.0,0.0,0.8974358974358978,0.625,0.375,1.0,0.0,0.0,0.0,0.0,0.0,0.0,1.0,0.0,0.0,0.0,0.0,1.0,0.0,0.0,0.0,0.0,0.0,0.0,0.0
0.12780656303972365,0.2978723404255319,0.2978723404255319,0.17849462365591395,0.29591836734693877,0.328141225337487,0.32,0.6000000000000001,0.45614035087719296,0.487179487179489,0.625,0.375,0.4,0.0,1.0,0.0,0.0,0.0,0.0,0.0,0.0,0.0,0.0,0.0,1.0,0.0,0.0,0.0,0.0,0.0,0.0,0.0
0.7564766839378237,0.2978723404255319,0.2127659574468085,0.9999999999999999,0.5034013605442176,0.4652128764278297,0.32,0.6000000000000001,0.2807017543859649,0.948717948717956,1.0,0.625,0.4,0.0,1.0,0.0,0.0,0.0,0.0,0.0,0.0,0.0,0.0,1.0,0.0,0.0,0.0,0.0,0.0,0.0,0.0,0.0
0.6424870466321243,0.2127659574468085,0.2553191489361702,0.4301075268817204,0.29931972789115646,0.23260643821391483,0.16,1.0,0.14035087719298245,0.8461538461538538,0.625,0.625,0.0,0.0,0.0,0.0,0.0,0.0,0.0,0.0,1.0,0.0,0.0,0.0,0.0,1.0,0.0,0.0,0.0,0.0,0.0,0.0
0.013816925734024179,0.0,0.0,0.27956989247311825,0.217687074829932,0.008307372793354102,0.0,0.0,0.0,0.7948717948717956,0.625,0.625,0.8000000000000002,1.0,0.0,0.0,0.0,0.0,0.0,0.0,0.0,0.0,0.0,0.0,0.0,1.0,0.0,0.0,0.0,0.0,0.0,0.0
0.6286701208981001,0.2553191489361702,0.1702127659574468,0.6666666666666666,0.5306122448979591,0.25545171339563866,0.56,1.0,0.24561403508771928,0.2307692307692406,0.875,0.45833333333333304,0.0,0.0,1.0,0.0,0.0,0.0,0.0,0.0,0.0,0.0,0.0,1.0,0.0,0.0,0.0,0.0,0.0,0.0,0.0,0.0
0.048359240069084625,0.0851063829787234,0.0425531914893617,0.2129032258064516,0.28401360544217685,0.026998961578400833,0.08,1.0,0.10526315789473684,0.8461538461538538,0.625,0.625,1.0,0.0,1.0,0.0,0.0,0.0,0.0,0.0,0.0,0.0,0.0,0.0,1.0,0.0,0.0,0.0,0.0,0.0,0.0,0.0
0.35924006908462863,1.0,1.0,0.5376344086021505,0.5850340136054422,0.5607476635514018,1.0,1.0,1.0,0.1794871794871824,0.625,0.625,0.0,0.0,0.0,0.0,0.0,0.0,0.0,0.0,0.0,0.0,0.0,0.0,1.0,0.0,0.0,0.0,0.0,0.0,0.0,0.0
0.027633851468048358,0.0,0.0,0.9999999999999999,1.0,0.024922118380062305,0.0,0.0,0.0,0.7948717948717956,1.0,1.0,0.0,0.0,1.0,0.0,0.0,0.0,0.0,0.0,0.0,0.0,0.0,1.0,0.0,0.0,0.0,0.0,0.0,0.0,0.0,0.0
0.18652849740932642,0.2127659574468085,0.1702127659574468,0.2129032258064516,0.28401360544217685,0.122533748701973,0.24,1.0,0.3508771929824561,0.8461538461538538,0.625,0.625,1.0,0.0,1.0,0.0,0.0,0.0,0.0,0.0,0.0,0.0,0.0,0.0,0.0,0.0,0.0,0.0,0.0,1.0,0.0,0.0
0.00620034542314335,1.0,1.0,0.27956989247311825,0.37414965986394555,0.9999999999999999,1.0,1.0,1.0,0.6410256410256494,0.625,0.625,0.0,0.0,1.0,0.0,0.0,0.0,0.0,0.0,0.0,0.0,0.0,0.0,0.0,0.0,0.0,1.0,0.0,0.0,0.0,0.0
0.04490500863557858,0.0,0.0,0.23655913978494625,0.2312925170068027,0.018691588785046728,0.0,0.0,0.0,0.7948717948717956,0.625,0.625,0.0,1.0,0.0,0.0,0.0,0.0,0.0,0.0,0.0,0.0,0.0,1.0,0.0,0.0,0.0,0.0,0.0,0.0,0.0,0.0
0.3385146804835924,0.2127659574468085,0.1276595744680851,0.6451612903225806,0.38095238095238093,0.24091381100726894,0.16,0.6000000000000001,0.24561403508771928,0.7435897435897516,0.625,0.625,0.0,0.0,0.0,0.0,0.0,0.0,0.0,0.0,1.0,0.0,0.0,0.0,0.0,1.0,0.0,0.0,0.0,0.0,0.0,0.0
0.04490500863557858,0.0425531914893617,0.1276595744680851,0.1913978494623656,0.07993197278911565,0.40083073727933544,0.08,0.6000000000000001,0.14035087719298245,0.948717948717956,0.125,0.375,0.0,0.0,0.0,1.0,0.0,0.0,0.0,0.0,0.0,0.0,0.0,0.0,1.0,0.0,0.0,0.0,0.0,0.0,0.0,0.0
0.037996545768566495,0.0,0.0425531914893617,0.17204301075268813,0.1360544217687075,0.029075804776739357,0.08,0.6000000000000001,0.10526315789473684,0.5897435897435912,0.125,0.375,0.0,0.0,0.0,0.0,0.0,0.0,0.0,0.0,0.0,0.0,0.0,0.0,1.0,0.0,0.0,0.0,0.0,0.0,0.0,0.0
0.6355785837651122,1.0,0.7659574468085106,0.4935483870967742,0.2925170068027211,0.8390446521287642,0.88,1.0,0.7719298245614035,0.8974358974358978,0.375,0.375,0.0,0.0,0.0,0.0,1.0,0.0,0.0,0.0,0.0,0.0,0.0,0.0,1.0,0.0,0.0,0.0,0.0,0.0,0.0,0.0
0.2694300518134715,0.1276595744680851,0.0425531914893617,0.4086021505376344,0.3282312925170068,0.14330218068535824,0.0,1.0,0.10526315789473684,0.7948717948717956,0.625,0.625,0.0,0.0,0.0,0.0,0.0,0.0,0.0,0.0,0.0,1.0,0.0,1.0,0.0,0.0,0.0,0.0,0.0,0.0,0.0,0.0
0.004618307426597581,1.0,1.0,0.5376344086021505,0.5578231292517006,0.9999999999999999,1.0,1.0,1.0,0.6410256410256494,0.625,0.625,1.0,0.0,1.0,0.0,0.0,0.0,0.0,0.0,0.0,0.0,0.0,1.0,0.0,0.0,0.0,0.0,0.0,0.0,0.0,0.0
0.4801381692573402,0.1702127659574468,0.3404255319148936,0.4301075268817204,0.2857142857142857,0.19106957424714432,0.48,0.20000000000000018,0.3157894736842105,0.2307692307692406,0.625,0.375,0.0,0.0,1.0,0.0,0.0,0.0,0.0,0.0,0.0,0.0,0.0,0.0,1.0,0.0,0.0,0.0,0.0,0.0,0.0,0.0
0.04490500863557858,0.0,0.0,0.3655913978494624,0.1989795918367347,0.06853582554517135,0.0,0.0,0.0,0.7948717948717956,0.375,0.45833333333333304,0.0,0.0,0.0,0.0,0.0,0.0,0.0,0.0,0.0,1.0,0.0,1.0,0.0,0.0,0.0,0.0,0.0,0.0,0.0,0.0
0.36614853195164077,0.1276595744680851,0.2553191489361702,0.6451612903225806,0.5034013605442176,0.284527518172378,0.4,0.6000000000000001,0.17543859649122806,0.8461538461538538,0.625,0.375,0.8000000000000002,0.0,1.0,0.0,0.0,0.0,0.0,0.0,0.0,0.0,0.0,0.0,0.0,0.0,0.0,0.0,0.0,0.0,0.0,1.0
0.2245250431778929,0.3404255319148936,0.5531914893617021,0.30430107526881717,0.35374149659863946,0.40498442367601245,0.32,0.6000000000000001,0.5614035087719298,0.7948717948717956,0.625,0.625,0.0,0.0,1.0,0.0,0.0,0.0,0.0,0.0,0.0,0.0,0.0,0.0,0.0,0.0,0.0,0.0,0.0,0.0,0.0,1.0
0.37305699481865284,0.5957446808510638,0.3829787234042553,0.6150537634408602,0.30612244897959184,0.3572170301142264,0.32,1.0,0.45614035087719296,0.7948717948717956,0.625,0.625,0.8000000000000002,0.0,1.0,0.0,0.0,0.0,0.0,0.0,0.0,0.0,0.0,0.0,0.0,0.0,0.0,0.0,0.0,0.0,0.0,1.0
0.40414507772020725,0.5531914893617021,0.2978723404255319,0.5376344086021505,0.4761904761904762,0.407061266874351,0.48,1.0,0.49122807017543857,0.487179487179489,0.625,0.625,0.0,0.0,1.0,0.0,0.0,0.0,0.0,0.0,0.0,0.0,0.0,0.0,0.0,0.0,0.0,0.0,0.0,1.0,0.0,0.0
1.0,1.0,1.0,0.535483870967742,0.7755102040816326,0.8909657320872274,1.0,0.6000000000000001,1.0,0.2820512820512846,0.625,0.625,1.0,0.0,0.0,0.0,0.0,0.0,1.0,0.0,0.0,0.0,0.0,0.0,1.0,0.0,0.0,0.0,0.0,0.0,0.0,0.0
0.24179620034542312,0.1276595744680851,0.0851063829787234,0.25698924731182793,0.1292517006802721,0.10799584631360333,0.0,0.6000000000000001,0.10526315789473684,0.8974358974358978,0.375,0.375,0.4,0.0,0.0,0.0,1.0,0.0,0.0,0.0,0.0,0.0,0.0,0.0,1.0,0.0,0.0,0.0,0.0,0.0,0.0,0.0
0.048359240069084625,0.0425531914893617,0.0851063829787234,0.7204301075268817,0.35374149659863946,0.04361370716510903,0.0,0.0,0.0,0.8974358974358978,0.375,0.45833333333333304,0.0,0.0,1.0,0.0,0.0,0.0,0.0,0.0,0.0,0.0,0.0,1.0,0.0,0.0,0.0,0.0,0.0,0.0,0.0,0.0
0.027633851468048358,0.0851063829787234,0.0,0.5376344086021505,0.3843537414965986,0.033229491173416406,0.0,0.0,0.0,0.7948717948717956,0.375,0.45833333333333304,0.0,0.0,0.0,0.0,0.0,0.0,0.0,0.0,0.0,1.0,0.0,1.0,0.0,0.0,0.0,0.0,0.0,0.0,0.0,0.0
0.5664939550949913,0.2978723404255319,0.3829787234042553,0.26236559139784943,0.14965986394557823,0.2512980269989616,0.48,0.6000000000000001,0.45614035087719296,0.435897435897445,0.625,0.708333333333333,1.0,0.0,1.0,0.0,0.0,0.0,0.0,0.0,0.0,0.0,0.0,0.0,1.0,0.0,0.0,0.0,0.0,0.0,0.0,0.0
0.17616580310880828,0.1276595744680851,0.0425531914893617,0.24623655913978493,0.1836734693877551,0.2388369678089304,0.0,0.6000000000000001,0.07017543859649122,0.7948717948717956,0.375,0.375,0.0,0.0,0.0,0.0,1.0,0.0,0.0,0.0,0.0,0.0,0.0,0.0,1.0,0.0,0.0,0.0,0.0,0.0,0.0,0.0
0.04490500863557858,0.0425531914893617,0.0425531914893617,0.7311827956989247,0.3673469387755102,0.018691588785046728,0.0,1.0,0.03508771929824561,0.8974358974358978,0.625,0.625,1.0,0.0,1.0,0.0,0.0,0.0,0.0,0.0,0.0,0.0,0.0,0.0,0.0,0.0,0.0,0.0,1.0,0.0,0.0,0.0
0.7495682210708117,0.46808510638297873,0.6808510638297872,0.3225806451612903,0.12244897959183673,0.4444444444444445,0.88,1.0,0.631578947368421,0.5897435897435912,0.625,0.625,0.0,0.0,0.0,0.0,0.0,0.0,0.0,0.0,1.0,0.0,0.0,0.0,0.0,0.0,0.0,0.0,0.0,1.0,0.0,0.0
0.30397236614853196,0.6808510638297872,0.46808510638297873,0.3225806451612903,0.29931972789115646,0.40083073727933544,0.24,1.0,0.2807017543859649,0.7948717948717956,1.0,0.958333333333333,1.0,0.0,0.0,0.0,0.0,1.0,0.0,0.0,0.0,0.0,0.0,1.0,0.0,0.0,0.0,0.0,0.0,0.0,0.0,0.0
1.0,0.2978723404255319,0.8936170212765957,0.5053763440860215,0.5850340136054422,0.39667705088265837,1.0,0.6000000000000001,0.8070175438596491,0.2307692307692406,0.625,0.375,0.0,0.0,1.0,0.0,0.0,0.0,0.0,0.0,0.0,0.0,0.0,0.0,1.0,0.0,0.0,0.0,0.0,0.0,0.0,0.0
0.013816925734024179,0.0425531914893617,0.0,0.3225806451612903,0.14285714285714285,0.16822429906542055,0.0,0.0,0.0,0.7948717948717956,0.625,0.375,0.8000000000000002,0.0,1.0,0.0,0.0,0.0,0.0,0.0,0.0,0.0,0.0,1.0,0.0,0.0,0.0,0.0,0.0,0.0,0.0,0.0
0.017271157167530225,0.0,0.0,0.3408602150537634,0.1292517006802721,0.20768431983385252,0.0,1.0,0.03508771929824561,0.8974358974358978,1.0,1.0,0.0,0.0,1.0,0.0,0.0,0.0,0.0,0.0,0.0,0.0,0.0,1.0,0.0,0.0,0.0,0.0,0.0,0.0,0.0,0.0
1.0,1.0,1.0,0.29032258064516125,0.445578231292517,0.9999999999999999,1.0,0.6000000000000001,1.0,0.2820512820512846,0.625,0.375,0.0,0.0,1.0,0.0,0.0,0.0,0.0,0.0,0.0,0.0,0.0,0.0,1.0,0.0,0.0,0.0,0.0,0.0,0.0,0.0
0.05872193436960276,0.0425531914893617,0.0851063829787234,0.9677419354838709,0.8044217687074829,0.029075804776739357,0.0,1.0,0.07017543859649122,0.948717948717956,0.625,0.375,1.0,0.0,0.0,0.0,0.0,0.0,0.0,0.0,0.0,1.0,0.0,0.0,0.0,0.0,0.0,1.0,0.0,0.0,0.0,0.0
0.06217616580310881,0.0425531914893617,0.0,0.15053763440860213,0.04081632653061224,0.15368639667705086,0.0,0.0,0.0,0.7948717948717956,1.0,1.0,0.0,0.0,1.0,0.0,0.0,0.0,0.0,0.0,0.0,0.0,0.0,0.0,0.0,0.0,0.0,0.0,0.0,1.0,0.0,0.0
0.28324697754749567,0.0425531914893617,0.1702127659574468,0.47096774193548385,0.5306122448979591,0.11422637590861891,0.16,0.6000000000000001,0.10526315789473684,0.435897435897445,0.625,0.625,1.0,0.0,0.0,0.0,0.0,0.0,1.0,0.0,0.0,0.0,0.0,1.0,0.0,0.0,0.0,0.0,0.0,0.0,0.0,0.0
0.6459412780656304,1.0,1.0,0.4301075268817204,0.5034013605442176,0.8701973001038421,1.0,1.0,1.0,0.2307692307692406,0.625,0.375,0.4,0.0,1.0,0.0,0.0,0.0,0.0,0.0,0.0,0.0,0.0,0.0,0.0,0.0,0.0,0.0,0.0,0.0,1.0,0.0
0.020725388601036267,0.1702127659574468,0.0425531914893617,0.25591397849462366,0.12074829931972789,0.23260643821391483,0.0,1.0,0.03508771929824561,0.8461538461538538,0.125,0.375,0.0,0.0,0.0,1.0,0.0,0.0,0.0,0.0,0.0,0.0,0.0,0.0,1.0,0.0,0.0,0.0,0.0,0.0,0.0,0.0
1.0,1.0,1.0,0.15053763440860213,0.163265306122449,0.9999999999999999,1.0,0.6000000000000001,1.0,0.3846153846153868,0.625,0.625,0.0,0.0,1.0,0.0,0.0,0.0,0.0,0.0,0.0,0.0,0.0,0.0,0.0,0.0,0.0,0.0,0.0,1.0,0.0,0.0
0.0690846286701209,0.0851063829787234,0.0425531914893617,0.3655913978494624,0.12244897959183673,0.060228452751817235,0.08,1.0,0.03508771929824561,0.7948717948717956,0.625,0.375,0.0,1.0,0.0,0.0,0.0,0.0,0.0,0.0,0.0,0.0,0.0,0.0,1.0,0.0,0.0,0.0,0.0,0.0,0.0,0.0
0.020725388601036267,0.0,0.0851063829787234,0.20645161290322578,0.12244897959183673,0.616822429906542,0.08,1.0,0.03508771929824561,0.8974358974358978,0.125,0.375,0.0,0.0,0.0,1.0,0.0,0.0,0.0,0.0,0.0,0.0,0.0,0.0,1.0,0.0,0.0,0.0,0.0,0.0,0.0,0.0
0.024179620034542312,0.0,0.0,0.3118279569892473,0.29931972789115646,0.060228452751817235,0.0,0.0,0.0,0.948717948717956,0.625,0.625,0.0,0.0,1.0,0.0,0.0,0.0,0.0,0.0,0.0,0.0,0.0,0.0,0.0,0.0,0.0,0.0,0.0,1.0,0.0,0.0
0.013816925734024179,0.0,0.0,0.11612903225806452,0.09523809523809523,0.21806853582554517,0.0,1.0,0.03508771929824561,0.8974358974358978,0.0,0.375,0.0,0.0,1.0,0.0,0.0,0.0,0.0,0.0,0.0,0.0,0.0,0.0,1.0,0.0,0.0,0.0,0.0,0.0,0.0,0.0
0.017271157167530225,0.0425531914893617,0.0,0.16774193548387095,0.14965986394557823,0.2824506749740395,0.0,0.0,0.0,0.8974358974358978,0.625,0.375,0.0,0.0,1.0,0.0,0.0,0.0,0.0,0.0,0.0,0.0,0.0,0.0,1.0,0.0,0.0,0.0,0.0,0.0,0.0,0.0
0.0690846286701209,0.0425531914893617,0.0851063829787234,0.47096774193548385,0.43537414965986393,0.2762201453790239,0.0,1.0,0.03508771929824561,0.7948717948717956,0.375,0.375,0.8000000000000002,0.0,1.0,0.0,0.0,0.0,0.0,0.0,0.0,0.0,0.0,0.0,1.0,0.0,0.0,0.0,0.0,0.0,0.0,0.0
0.43523316062176165,0.46808510638297873,0.3404255319148936,0.3225806451612903,0.14965986394557823,0.28037383177570097,0.24,0.6000000000000001,0.5614035087719298,0.2820512820512846,0.625,0.375,0.0,0.0,0.0,0.0,0.0,0.0,0.0,0.0,1.0,0.0,0.0,0.0,0.0,0.0,0.0,0.0,1.0,0.0,0.0,0.0
0.5146804835924007,0.3829787234042553,0.1702127659574468,0.6451612903225806,0.43537414965986393,0.14330218068535824,0.0,1.0,0.10526315789473684,0.7948717948717956,0.625,0.625,0.4,0.0,0.0,0.0,0.0,0.0,0.0,0.0,1.0,0.0,0.0,0.0,0.0,0.0,0.0,0.0,0.0,0.0,0.0,0.0
0.11744386873920552,0.0851063829787234,0.0425531914893617,0.9999999999999999,1.0,0.04569055036344755,0.0,0.0,0.0,0.8974358974358978,0.625,0.625,1.0,0.0,0.0,0.0,0.0,0.0,1.0,0.0,0.0,0.0,0.0,0.0,1.0,0.0,0.0,0.0,0.0,0.0,0.0,0.0
0.12089810017271156,0.0425531914893617,0.0851063829787234,0.15053763440860213,0.09183673469387757,0.2928348909657321,0.0,0.0,0.0,0.7948717948717956,0.375,0.375,0.8000000000000002,0.0,1.0,0.0,0.0,0.0,0.0,0.0,0.0,0.0,0.0,0.0,1.0,0.0,0.0,0.0,0.0,0.0,0.0,0.0
0.08290155440414507,0.0,0.0,0.5376344086021505,0.43537414965986393,0.039460020768431976,0.0,0.0,0.0,0.7948717948717956,0.375,0.45833333333333304,0.4,0.0,0.0,0.0,0.0,0.0,0.0,0.0,0.0,1.0,0.0,1.0,0.0,0.0,0.0,0.0,0.0,0.0,0.0,0.0
0.08981001727115716,0.0851063829787234,0.0425531914893617,0.24301075268817202,0.2857142857142857,0.06645898234683281,0.16,0.20000000000000018,0.10526315789473684,0.8974358974358978,0.625,0.375,0.0,0.0,0.0,0.0,0.0,0.0,0.0,0.0,0.0,0.0,1.0,0.0,0.0,0.0,1.0,0.0,0.0,0.0,0.0,0.0
0.013816925734024179,0.0425531914893617,0.0,0.15053763440860213,0.10714285714285715,0.10176531671858775,0.0,1.0,0.03508771929824561,0.7948717948717956,0.375,0.45833333333333304,0.0,0.0,1.0,0.0,0.0,0.0,0.0,0.0,0.0,0.0,0.0,0.0,1.0,0.0,0.0,0.0,0.0,0.0,0.0,0.0
1.0,1.0,1.0,0.2043010752688172,0.3758503401360544,0.9999999999999999,1.0,0.6000000000000001,1.0,0.0,0.625,0.375,0.0,0.0,1.0,0.0,0.0,0.0,0.0,0.0,0.0,0.0,0.0,0.0,1.0,0.0,0.0,0.0,0.0,0.0,0.0,0.0
0.15544041450777202,0.1276595744680851,0.0,0.3225806451612903,0.23979591836734693,0.05815160955347871,0.0,1.0,0.07017543859649122,0.8974358974358978,0.625,0.625,0.0,0.0,0.0,0.0,0.0,0.0,0.0,0.0,0.0,1.0,0.0,0.0,0.0,0.0,0.0,0.0,0.0,1.0,0.0,0.0
0.4317789291882556,0.5957446808510638,0.46808510638297873,0.47096774193548385,0.5034013605442176,0.14330218068535824,0.08,0.6000000000000001,0.07017543859649122,0.5384615384615472,0.625,0.625,0.8000000000000002,0.0,0.0,0.0,0.0,0.0,1.0,0.0,0.0,0.0,0.0,1.0,0.0,0.0,0.0,0.0,0.0,0.0,0.0,0.0
0.5837651122625216,1.0,1.0,0.26881720430107525,0.6258503401360543,0.9761163032191069,1.0,0.6000000000000001,1.0,0.6410256410256494,0.625,0.625,0.4,0.0,0.0,0.0,0.0,1.0,0.0,0.0,0.0,0.0,0.0,0.0,1.0,0.0,0.0,0.0,0.0,0.0,0.0,0.0
0.3937823834196891,0.46808510638297873,0.5957446808510638,0.2838709677419355,0.40816326530612246,0.7123572170301141,0.16,0.6000000000000001,0.5263157894736842,0.6410256410256494,1.0,0.708333333333333,0.0,0.0,1.0,0.0,0.0,0.0,0.0,0.0,0.0,0.0,0.0,0.0,1.0,0.0,0.0,0.0,0.0,0.0,0.0,0.0
0.013816925734024179,0.0,0.0,0.3870967741935484,0.32653061224489793,0.014537902388369679,0.0,0.0,0.0,0.8461538461538538,0.625,0.625,0.4,1.0,0.0,0.0,0.0,0.0,0.0,0.0,0.0,0.0,0.0,0.0,0.0,0.0,1.0,0.0,0.0,0.0,0.0,0.0
0.3696027633851468,0.0425531914893617,0.2978723404255319,0.47096774193548385,0.5170068027210883,0.17860851505711317,0.24,0.6000000000000001,0.3157894736842105,0.3846153846153868,0.625,0.625,0.0,0.0,0.0,0.0,0.0,0.0,1.0,0.0,0.0,0.0,0.0,0.0,1.0,0.0,0.0,0.0,0.0,0.0,0.0,0.0
0.048359240069084625,0.0425531914893617,0.1702127659574468,0.210752688172043,0.06122448979591837,0.9999999999999999,0.08,0.6000000000000001,0.10526315789473684,0.948717948717956,0.125,0.375,0.0,0.0,0.0,1.0,0.0,0.0,0.0,0.0,0.0,0.0,0.0,0.0,1.0,0.0,0.0,0.0,0.0,0.0,0.0,0.0
0.5803108808290155,0.46808510638297873,1.0,0.535483870967742,0.5850340136054422,0.4672897196261682,1.0,1.0,1.0,0.435897435897445,0.625,0.625,0.8000000000000002,0.0,0.0,0.0,0.0,0.0,1.0,0.0,0.0,0.0,0.0,0.0,1.0,0.0,0.0,0.0,0.0,0.0,0.0,0.0
0.020725388601036267,0.0,0.0,0.2150537634408602,0.2312925170068027,0.033229491173416406,0.0,0.0,0.0,0.8461538461538538,0.625,0.375,0.4,0.0,1.0,0.0,0.0,0.0,0.0,0.0,0.0,0.0,0.0,0.0,0.0,0.0,0.0,0.0,0.0,0.0,1.0,0.0
0.08981001727115716,0.0851063829787234,0.0425531914893617,0.5913978494623656,0.227891156462585,0.26583592938733125,0.16,1.0,0.14035087719298245,0.8461538461538538,0.625,0.625,0.0,0.0,1.0,0.0,0.0,0.0,0.0,0.0,0.0,0.0,0.0,0.0,1.0,0.0,0.0,0.0,0.0,0.0,0.0,0.0
0.3696027633851468,1.0,1.0,0.535483870967742,0.7074829931972788,0.5171339563862928,1.0,0.6000000000000001,0.7719298245614035,0.487179487179489,0.625,0.625,1.0,0.0,0.0,0.0,0.0,0.0,1.0,0.0,0.0,0.0,0.0,0.0,1.0,0.0,0.0,0.0,0.0,0.0,0.0,0.0
0.3696027633851468,0.46808510638297873,0.2127659574468085,0.3225806451612903,0.30612244897959184,0.31568016614745587,1.0,1.0,0.6666666666666666,0.7435897435897516,0.625,0.625,0.4,0.0,0.0,0.0,0.0,0.0,0.0,0.0,0.0,1.0,0.0,0.0,0.0,0.0,0.0,0.0,0.0,1.0,0.0,0.0
1.0,1.0,1.0,0.03225806451612902,0.2312925170068027,0.9999999999999999,1.0,1.0,1.0,0.6923076923076934,0.125,0.375,0.4,0.0,1.0,0.0,0.0,0.0,0.0,0.0,0.0,0.0,0.0,0.0,1.0,0.0,0.0,0.0,0.0,0.0,0.0,0.0
0.15544041450777202,0.2127659574468085,0.1276595744680851,0.5376344086021505,0.46258503401360546,0.3925233644859813,0.08,0.6000000000000001,0.17543859649122806,0.8974358974358978,0.375,0.45833333333333304,0.0,0.0,1.0,0.0,0.0,0.0,0.0,0.0,0.0,0.0,0.0,0.0,1.0,0.0,0.0,0.0,0.0,0.0,0.0,0.0
0.5595854922279793,0.3404255319148936,0.3829787234042553,0.27956989247311825,0.195578231292517,0.2782969885773624,0.16,1.0,0.21052631578947367,0.0,0.625,0.375,1.0,0.0,1.0,0.0,0.0,0.0,0.0,0.0,0.0,0.0,0.0,0.0,1.0,0.0,0.0,0.0,0.0,0.0,0.0,0.0
0.017271157167530225,0.0425531914893617,0.0,0.2150537634408602,0.15136054421768708,0.010384215991692626,0.0,0.0,0.0,0.8461538461538538,0.625,0.375,0.4,0.0,1.0,0.0,0.0,0.0,0.0,0.0,0.0,0.0,0.0,0.0,1.0,0.0,0.0,0.0,0.0,0.0,0.0,0.0
0.8082901554404145,0.2127659574468085,1.0,0.47096774193548385,0.489795918367347,0.620976116303219,0.56,0.6000000000000001,1.0,0.3846153846153868,0.625,0.625,1.0,0.0,0.0,0.0,0.0,0.0,1.0,0.0,0.0,0.0,0.0,0.0,1.0,0.0,0.0,0.0,0.0,0.0,0.0,0.0
0.17962003454231432,0.2553191489361702,0.1702127659574468,0.8591397849462366,0.5374149659863945,0.5545171339563862,0.32,1.0,0.2807017543859649,0.7948717948717956,0.375,0.375,0.0,0.0,0.0,0.0,1.0,0.0,0.0,0.0,0.0,0.0,0.0,0.0,1.0,0.0,0.0,0.0,0.0,0.0,0.0,0.0
0.29015544041450775,0.0425531914893617,0.0425531914893617,0.7526881720430108,0.7789115646258503,0.1391484942886812,0.08,1.0,0.07017543859649122,0.7948717948717956,0.625,0.625,0.0,0.0,0.0,0.0,0.0,0.0,0.0,0.0,0.0,1.0,0.0,0.0,0.0,0.0,0.0,0.0,0.0,1.0,0.0,0.0
0.11053540587219343,0.2553191489361702,0.0425531914893617,0.26774193548387093,0.1360544217687075,0.06438213914849429,0.0,1.0,0.10526315789473684,0.8461538461538538,0.375,0.375,0.0,0.0,0.0,0.0,1.0,0.0,0.0,0.0,0.0,0.0,0.0,0.0,1.0,0.0,0.0,0.0,0.0,0.0,0.0,0.0
0.020725388601036267,0.0,0.0,0.3655913978494624,0.3010204081632653,0.08515057113187954,0.0,0.0,0.0,0.948717948717956,0.875,0.45833333333333304,0.0,0.0,0.0,0.0,0.0,0.0,0.0,1.0,0.0,0.0,0.0,1.0,0.0,0.0,0.0,0.0,0.0,0.0,0.0,0.0
0.7046632124352331,0.9787234042553191,1.0,0.535483870967742,0.4489795918367347,0.9999999999999999,0.64,0.6000000000000001,0.9824561403508771,0.435897435897445,1.0,0.45833333333333304,0.8000000000000002,0.0,0.0,0.0,0.0,0.0,1.0,0.0,0.0,0.0,0.0,1.0,0.0,0.0,0.0,0.0,0.0,0.0,0.0,0.0
0.048359240069084625,0.0425531914893617,0.0425531914893617,0.2150537634408602,0.163265306122449,0.004153686396677051,0.0,0.0,0.0,0.7948717948717956,0.625,0.375,0.0,0.0,0.0,0.0,0.0,1.0,0.0,0.0,0.0,0.0,0.0,0.0,1.0,0.0,0.0,0.0,0.0,0.0,0.0,0.0
0.2694300518134715,0.2978723404255319,0.0425531914893617,0.9999999999999999,0.5034013605442176,0.1723779854620976,0.16,0.6000000000000001,0.17543859649122806,1.0,0.625,0.625,0.4,0.0,1.0,0.0,0.0,0.0,0.0,0.0,0.0,0.0,0.0,0.0,0.0,0.0,1.0,0.0,0.0,0.0,0.0,0.0
0.03454231433506045,0.0851063829787234,0.0425531914893617,0.5612903225806452,0.217687074829932,0.5233644859813084,0.0,0.0,0.0,0.7948717948717956,0.625,0.375,0.0,0.0,1.0,0.0,0.0,0.0,0.0,0.0,0.0,0.0,0.0,0.0,1.0,0.0,0.0,0.0,0.0,0.0,0.0,0.0
0.5595854922279793,0.2978723404255319,0.3404255319148936,0.23655913978494625,0.18027210884353742,0.48805815160955346,0.24,1.0,0.17543859649122806,0.8974358974358978,0.375,0.45833333333333304,0.4,0.0,1.0,0.0,0.0,0.0,0.0,0.0,0.0,0.0,0.0,0.0,1.0,0.0,0.0,0.0,0.0,0.0,0.0,0.0
0.5077720207253886,0.2127659574468085,0.0425531914893617,0.3655913978494624,0.24829931972789115,0.16822429906542055,0.0,0.0,0.0,0.7948717948717956,0.375,0.45833333333333304,0.0,0.0,0.0,0.0,0.0,0.0,0.0,0.0,0.0,1.0,0.0,1.0,0.0,0.0,0.0,0.0,0.0,0.0,0.0,0.0
0.5146804835924007,1.0,1.0,0.8172043010752688,0.4761904761904762,0.9999999999999999,1.0,0.6000000000000001,1.0,0.5384615384615472,0.625,0.375,0.0,0.0,1.0,0.0,0.0,0.0,0.0,0.0,0.0,0.0,0.0,0.0,1.0,0.0,0.0,0.0,0.0,0.0,0.0,0.0
0.39723661485319517,0.5106382978723404,0.2978723404255319,0.5720430107526882,0.4761904761904762,0.26168224299065423,0.56,0.6000000000000001,0.45614035087719296,0.5897435897435912,0.375,0.375,1.0,0.0,1.0,0.0,0.0,0.0,0.0,0.0,0.0,0.0,0.0,0.0,0.0,0.0,0.0,1.0,0.0,0.0,0.0,0.0
0.06563039723661485,0.0425531914893617,0.0425531914893617,0.3462365591397849,0.2585034013605442,0.13499480789200413,0.08,1.0,0.07017543859649122,0.948717948717956,0.625,0.375,0.0,0.0,1.0,0.0,0.0,0.0,0.0,0.0,0.0,0.0,0.0,1.0,0.0,0.0,0.0,0.0,0.0,0.0,0.0,0.0
0.27979274611398963,0.3404255319148936,0.0851063829787234,0.40752688172043006,0.2346938775510204,0.12668743509865005,0.08,1.0,0.14035087719298245,0.8461538461538538,0.375,0.375,0.0,0.0,0.0,0.0,1.0,0.0,0.0,0.0,0.0,0.0,0.0,0.0,1.0,0.0,0.0,0.0,0.0,0.0,0.0,0.0
0.1381692573402418,0.1276595744680851,0.0425531914893617,0.1935483870967742,0.12585034013605442,0.367601246105919,0.0,0.0,0.0,0.8974358974358978,0.375,0.375,0.0,0.0,1.0,0.0,0.0,0.0,0.0,0.0,0.0,0.0,0.0,0.0,0.0,0.0,1.0,0.0,0.0,0.0,0.0,0.0
0.05181347150259067,0.0425531914893617,0.1276595744680851,0.2150537634408602,0.36139455782312924,0.15368639667705086,0.0,0.0,0.0,0.6923076923076934,0.875,0.625,0.0,0.0,1.0,0.0,0.0,0.0,0.0,0.0,0.0,0.0,0.0,0.0,0.0,0.0,0.0,0.0,0.0,0.0,0.0,1.0
0.06563039723661485,0.2553191489361702,0.1276595744680851,0.37526881720430105,0.2142857142857143,0.03530633437175493,0.08,0.6000000000000001,0.10526315789473684,0.8974358974358978,0.375,0.375,0.0,0.0,0.0,0.0,1.0,0.0,0.0,0.0,0.0,0.0,0.0,0.0,1.0,0.0,0.0,0.0,0.0,0.0,0.0,0.0
0.020725388601036267,0.0,0.0,0.24731182795698925,0.20918367346938777,0.1889927310488058,0.0,1.0,0.03508771929824561,0.948717948717956,0.625,0.375,0.0,0.0,1.0,0.0,0.0,0.0,0.0,0.0,0.0,0.0,0.0,0.0,0.0,0.0,0.0,0.0,0.0,0.0,1.0,0.0
0.055267702936096716,0.0425531914893617,0.0851063829787234,0.3225806451612903,0.29591836734693877,0.1827622014537902,0.0,0.0,0.0,0.7435897435897516,0.375,0.45833333333333304,0.0,0.0,0.0,0.0,0.0,0.0,0.0,0.0,0.0,1.0,0.0,0.0,1.0,0.0,0.0,0.0,0.0,0.0,0.0,0.0
0.2141623488773748,0.1702127659574468,0.1276595744680851,0.1935483870967742,0.14285714285714285,0.8888888888888888,0.08,1.0,0.10526315789473684,0.8461538461538538,0.375,0.45833333333333304,0.0,0.0,1.0,0.0,0.0,0.0,0.0,0.0,0.0,0.0,0.0,0.0,1.0,0.0,0.0,0.0,0.0,0.0,0.0,0.0
0.21070811744386872,0.0851063829787234,0.0425531914893617,0.6473118279569893,0.3673469387755102,0.16822429906542055,0.08,0.20000000000000018,0.03508771929824561,0.8974358974358978,0.625,0.375,0.8000000000000002,0.0,1.0,0.0,0.0,0.0,0.0,0.0,0.0,0.0,0.0,1.0,0.0,0.0,0.0,0.0,0.0,0.0,0.0,0.0
0.18998272884283246,0.2553191489361702,0.0851063829787234,0.7526881720430108,0.4761904761904762,0.1059190031152648,0.08,1.0,0.07017543859649122,0.8974358974358978,0.375,0.625,0.0,0.0,0.0,0.0,0.0,0.0,0.0,0.0,1.0,0.0,0.0,0.0,0.0,0.0,0.0,0.0,0.0,1.0,0.0,0.0
1.0,1.0,1.0,0.07526881720430108,0.2585034013605442,0.9999999999999999,1.0,1.0,1.0,0.6923076923076934,0.125,0.375,0.4,0.0,1.0,0.0,0.0,0.0,0.0,0.0,0.0,0.0,0.0,0.0,1.0,0.0,0.0,0.0,0.0,0.0,0.0,0.0
0.024179620034542312,0.0,0.0425531914893617,0.2150537634408602,0.163265306122449,0.07892004153686397,0.08,1.0,0.07017543859649122,0.6923076923076934,0.625,0.625,0.0,0.0,0.0,0.0,0.0,1.0,0.0,0.0,0.0,0.0,0.0,0.0,1.0,0.0,0.0,0.0,0.0,0.0,0.0,0.0
0.08981001727115716,0.0,0.0851063829787234,0.3655913978494624,0.20238095238095238,0.06645898234683281,0.08,1.0,0.03508771929824561,0.7948717948717956,0.625,0.625,0.4,0.0,0.0,0.0,0.0,0.0,0.0,0.0,0.0,1.0,0.0,1.0,0.0,0.0,0.0,0.0,0.0,0.0,0.0,0.0
0.3385146804835924,0.2553191489361702,0.2127659574468085,0.47096774193548385,0.5034013605442176,0.05815160955347871,0.08,1.0,0.24561403508771928,0.435897435897445,0.625,0.375,1.0,0.0,0.0,0.0,0.0,0.0,1.0,0.0,0.0,0.0,0.0,1.0,0.0,0.0,0.0,0.0,0.0,0.0,0.0,0.0
0.2625215889464594,0.0851063829787234,0.1702127659574468,0.06021505376344087,0.13095238095238096,0.5275181723779854,0.24,0.6000000000000001,0.24561403508771928,0.025641025641021997,0.625,0.625,0.8000000000000002,0.0,1.0,0.0,0.0,0.0,0.0,0.0,0.0,0.0,0.0,0.0,0.0,0.0,0.0,0.0,0.0,0.0,1.0,0.0
0.1623488773747841,0.0851063829787234,0.0425531914893617,0.6451612903225806,0.46938775510204084,0.6022845275181723,0.08,1.0,0.07017543859649122,0.8974358974358978,0.375,0.375,0.0,0.0,1.0,0.0,0.0,0.0,0.0,0.0,0.0,0.0,0.0,1.0,0.0,0.0,0.0,0.0,0.0,0.0,0.0,0.0
0.4386873920552677,0.3829787234042553,0.0425531914893617,0.6451612903225806,0.4489795918367347,0.1806853582554517,0.16,1.0,0.10526315789473684,0.8461538461538538,0.625,0.625,0.0,0.0,0.0,0.0,0.0,0.0,0.0,0.0,1.0,0.0,0.0,0.0,0.0,0.0,0.0,0.0,0.0,0.0,0.0,0.0
0.3488773747841105,0.3404255319148936,0.2553191489361702,0.6666666666666666,0.5714285714285714,0.5898234683281411,0.16,1.0,0.14035087719298245,0.7435897435897516,0.375,0.45833333333333304,0.0,0.0,1.0,0.0,0.0,0.0,0.0,0.0,0.0,0.0,0.0,0.0,1.0,0.0,0.0,0.0,0.0,0.0,0.0,0.0
0.010362694300518133,0.0,0.0425531914893617,0.1935483870967742,0.1717687074829932,0.033229491173416406,0.0,0.0,0.0,0.7948717948717956,0.375,0.2916666666666665,0.0,0.0,1.0,0.0,0.0,0.0,0.0,0.0,0.0,0.0,0.0,0.0,1.0,0.0,0.0,0.0,0.0,0.0,0.0,0.0
0.21761658031088082,0.1702127659574468,0.0425531914893617,0.5290322580645161,0.19047619047619047,0.20145379023883694,0.0,1.0,0.03508771929824561,0.948717948717956,0.625,0.625,0.0,0.0,1.0,0.0,0.0,0.0,0.0,0.0,0.0,0.0,0.0,0.0,0.0,0.0,0.0,0.0,0.0,1.0,0.0,0.0
0.12435233160621761,0.0425531914893617,0.0,0.7204301075268817,0.35374149659863946,0.1412253374870197,0.0,0.0,0.0,0.7948717948717956,0.375,0.45833333333333304,0.8000000000000002,0.0,1.0,0.0,0.0,0.0,0.0,0.0,0.0,0.0,0.0,0.0,0.0,1.0,0.0,0.0,0.0,0.0,0.0,0.0
0.9948186528497409,1.0,0.2978723404255319,0.4301075268817204,0.272108843537415,0.6832814122533748,0.16,0.6000000000000001,0.5263157894736842,0.2820512820512846,0.625,0.625,0.0,0.0,0.0,0.0,0.0,0.0,0.0,0.0,1.0,0.0,0.0,1.0,0.0,0.0,0.0,0.0,0.0,0.0,0.0,0.0
0.07944732297063903,0.1702127659574468,0.2127659574468085,0.17204301075268813,0.14965986394557823,0.7144340602284527,0.16,1.0,0.10526315789473684,0.8974358974358978,0.625,0.375,0.0,0.0,1.0,0.0,0.0,0.0,0.0,0.0,0.0,0.0,0.0,0.0,1.0,0.0,0.0,0.0,0.0,0.0,0.0,0.0
0.013816925734024179,0.0,0.0,0.2150537634408602,0.20408163265306123,0.34683281412253375,0.0,0.0,0.0,0.8974358974358978,0.625,0.375,0.0,0.0,1.0,0.0,0.0,0.0,0.0,0.0,0.0,0.0,0.0,0.0,1.0,0.0,0.0,0.0,0.0,0.0,0.0,0.0
0.2141623488773748,0.0851063829787234,0.0,0.4731182795698925,0.5034013605442176,0.14745586708203529,0.08,1.0,0.03508771929824561,0.8974358974358978,0.625,0.375,0.0,0.0,0.0,0.0,0.0,0.0,0.0,1.0,0.0,0.0,0.0,1.0,0.0,0.0,0.0,0.0,0.0,0.0,0.0,0.0
0.10362694300518134,0.0,0.0851063829787234,0.9999999999999999,0.5034013605442176,0.04361370716510903,0.08,1.0,0.10526315789473684,0.2820512820512846,1.0,1.0,0.0,0.0,1.0,0.0,0.0,0.0,0.0,0.0,0.0,0.0,0.0,1.0,0.0,0.0,0.0,0.0,0.0,0.0,0.0,0.0
0.18307426597582038,0.1702127659574468,0.2553191489361702,0.4838709677419355,0.5306122448979591,0.0893042575285566,0.16,0.6000000000000001,0.17543859649122806,0.2307692307692406,0.625,0.708333333333333,0.0,0.0,0.0,0.0,0.0,0.0,0.0,0.0,0.0,0.0,0.0,0.0,1.0,0.0,0.0,0.0,0.0,0.0,0.0,0.0
0.037996545768566495,0.0425531914893617,0.1276595744680851,0.7569892473118279,0.4489795918367347,0.14953271028037382,0.24,1.0,0.10526315789473684,0.948717948717956,0.625,0.375,0.0,0.0,1.0,0.0,0.0,0.0,0.0,0.0,0.0,0.0,0.0,0.0,1.0,0.0,0.0,0.0,0.0,0.0,0.0,0.0
0.15198618307426598,0.0,0.0851063829787234,0.3225806451612903,0.3129251700680272,0.5046728971962616,0.08,1.0,0.17543859649122806,0.8461538461538538,0.625,0.625,0.0,0.0,1.0,0.0,0.0,0.0,0.0,0.0,0.0,0.0,0.0,0.0,0.0,0.0,0.0,0.0,0.0,1.0,0.0,0.0
0.614853195164076,0.3829787234042553,0.851063829787234,0.535483870967742,0.4761904761904762,0.31568016614745587,0.32,0.6000000000000001,0.631578947368421,0.435897435897445,0.625,0.625,0.0,0.0,0.0,0.0,0.0,0.0,1.0,0.0,0.0,0.0,0.0,0.0,1.0,0.0,0.0,0.0,0.0,0.0,0.0,0.0
0.06217616580310881,0.0,0.0,0.4086021505376344,0.4761904761904762,0.04776739356178608,0.0,0.0,0.0,0.948717948717956,0.625,0.375,0.0,0.0,0.0,0.0,0.0,0.0,0.0,1.0,0.0,0.0,0.0,1.0,0.0,0.0,0.0,0.0,0.0,0.0,0.0,0.0
0.08981001727115716,0.0,0.2127659574468085,0.3655913978494624,0.38095238095238093,0.1889927310488058,0.32,0.6000000000000001,0.14035087719298245,0.7948717948717956,0.625,0.625,0.0,0.0,1.0,0.0,0.0,0.0,0.0,0.0,0.0,0.0,0.0,0.0,1.0,0.0,0.0,0.0,0.0,0.0,0.0,0.0
0.07253886010362694,0.0851063829787234,0.3404255319148936,0.42903225806451606,0.24829931972789115,0.056074766355140186,0.4,1.0,0.17543859649122806,0.8461538461538538,0.375,0.375,0.0,0.0,0.0,0.0,1.0,0.0,0.0,0.0,0.0,0.0,0.0,0.0,0.0,1.0,0.0,0.0,0.0,0.0,0.0,0.0
0.08290155440414507,0.1702127659574468,0.1276595744680851,0.4086021505376344,0.5034013605442176,0.0976116303219107,0.32,0.6000000000000001,0.21052631578947367,0.487179487179489,0.125,0.375,0.4,0.0,0.0,0.0,0.0,0.0,0.0,0.0,0.0,0.0,0.0,0.0,1.0,0.0,0.0,0.0,0.0,0.0,0.0,0.0
0.459412780656304,0.8085106382978723,1.0,0.535483870967742,0.5986394557823128,0.8888888888888888,0.88,1.0,0.8771929824561403,0.7948717948717956,0.625,0.625,0.4,0.0,0.0,0.0,0.0,0.0,1.0,0.0,0.0,0.0,0.0,0.0,1.0,0.0,0.0,0.0,0.0,0.0,0.0,0.0
0.1070811744386874,0.1276595744680851,0.1702127659574468,0.4301075268817204,0.3486394557823129,0.14953271028037382,0.0,1.0,0.10526315789473684,0.7948717948717956,0.625,0.625,1.0,0.0,0.0,0.0,0.0,0.0,0.0,1.0,0.0,0.0,0.0,0.0,0.0,0.0,0.0,0.0,0.0,0.0,0.0,0.0
0.0034542314335060447,0.0,0.0,0.3225806451612903,0.272108843537415,0.0,0.0,0.0,0.0,0.7948717948717956,0.625,0.375,0.0,1.0,0.0,0.0,0.0,0.0,0.0,0.0,0.0,0.0,0.0,1.0,0.0,0.0,0.0,0.0,0.0,0.0,0.0,0.0
0.24870466321243523,0.2127659574468085,0.0425531914893617,0.3225806451612903,0.22448979591836737,0.37798546209761164,0.08,0.6000000000000001,0.17543859649122806,0.8461538461538538,0.375,0.375,0.0,0.0,1.0,0.0,0.0,0.0,0.0,0.0,0.0,0.0,0.0,0.0,0.0,0.0,0.0,1.0,0.0,0.0,0.0,0.0
1.0,0.7234042553191489,0.1276595744680851,0.7526881720430108,0.5782312925170068,0.4735202492211838,0.24,1.0,0.2807017543859649,0.8974358974358978,0.625,0.375,0.0,0.0,1.0,0.0,0.0,0.0,0.0,0.0,0.0,0.0,0.0,0.0,0.0,1.0,0.0,0.0,0.0,0.0,0.0,0.0
0.3696027633851468,0.425531914893617,0.3404255319148936,0.5580645161290323,0.3401360544217687,0.16199376947040497,0.4,1.0,0.3157894736842105,0.8461538461538538,0.375,0.375,0.0,0.0,0.0,0.0,1.0,0.0,0.0,0.0,0.0,0.0,0.0,0.0,1.0,0.0,0.0,0.0,0.0,0.0,0.0,0.0
0.5008635578583764,0.3404255319148936,0.2553191489361702,0.5376344086021505,0.3843537414965986,0.23260643821391483,0.0,1.0,0.14035087719298245,0.8974358974358978,0.375,0.375,0.0,0.0,1.0,0.0,0.0,0.0,0.0,0.0,0.0,0.0,0.0,0.0,0.0,0.0,0.0,0.0,0.0,1.0,0.0,0.0
0.8255613126079447,0.3404255319148936,1.0,0.535483870967742,0.6122448979591836,0.7559709241952232,0.8,0.6000000000000001,1.0,0.3333333333333428,0.625,0.625,0.8000000000000002,0.0,0.0,0.0,0.0,0.0,1.0,0.0,0.0,0.0,0.0,0.0,1.0,0.0,0.0,0.0,0.0,0.0,0.0,0.0
0.690846286701209,0.8085106382978723,0.5531914893617021,0.9999999999999999,1.0,0.6085150571131879,1.0,1.0,0.7719298245614035,0.7435897435897516,0.625,0.625,1.0,0.0,0.0,0.0,0.0,0.0,1.0,0.0,0.0,0.0,0.0,0.0,1.0,0.0,0.0,0.0,0.0,0.0,0.0,0.0
0.5734024179620034,0.5531914893617021,0.6382978723404256,0.4838709677419355,0.5306122448979591,0.45482866043613707,0.8,1.0,0.5964912280701754,0.0769230769230802,0.625,0.708333333333333,0.0,0.0,0.0,0.0,0.0,0.0,0.0,0.0,0.0,0.0,0.0,0.0,1.0,0.0,0.0,0.0,0.0,0.0,0.0,0.0
0.6804835924006908,0.9361702127659575,0.5106382978723404,0.4946236559139785,0.489795918367347,0.5067497403946002,0.96,1.0,0.8421052631578947,0.2307692307692406,0.625,0.625,0.0,0.0,1.0,0.0,0.0,0.0,0.0,0.0,0.0,0.0,0.0,0.0,0.0,0.0,0.0,0.0,0.0,1.0,0.0,0.0
0.38341968911917096,0.2553191489361702,0.7234042553191489,0.535483870967742,0.5578231292517006,0.2990654205607477,0.88,1.0,0.45614035087719296,0.5384615384615472,0.625,0.625,0.8000000000000002,0.0,0.0,0.0,0.0,0.0,1.0,0.0,0.0,0.0,0.0,0.0,1.0,0.0,0.0,0.0,0.0,0.0,0.0,0.0
0.2556131260794473,0.5531914893617021,0.2553191489361702,0.6548387096774193,0.4013605442176871,0.19937694704049844,0.24,1.0,0.2807017543859649,0.8974358974358978,0.375,0.375,1.0,0.0,0.0,0.0,1.0,0.0,0.0,0.0,0.0,0.0,0.0,0.0,1.0,0.0,0.0,0.0,0.0,0.0,0.0,0.0
0.048359240069084625,0.0,0.0,0.2150537634408602,0.2312925170068027,0.02284527518172378,0.0,0.0,0.0,0.8974358974358978,0.625,0.375,0.0,0.0,0.0,0.0,0.0,0.0,0.0,0.0,0.0,0.0,1.0,0.0,0.0,0.0,1.0,0.0,0.0,0.0,0.0,0.0
0.037996545768566495,0.0,0.2127659574468085,0.1913978494623656,0.0816326530612245,0.407061266874351,0.48,1.0,0.21052631578947367,0.8461538461538538,0.125,0.375,0.0,0.0,0.0,1.0,0.0,0.0,0.0,0.0,0.0,0.0,0.0,0.0,1.0,0.0,0.0,0.0,0.0,0.0,0.0,0.0
0.2556131260794473,0.0851063829787234,0.0,0.9999999999999999,1.0,0.06438213914849429,0.08,1.0,0.03508771929824561,0.8974358974358978,0.625,0.625,1.0,0.0,0.0,0.0,0.0,0.0,1.0,0.0,0.0,0.0,0.0,0.0,1.0,0.0,0.0,0.0,0.0,0.0,0.0,0.0
1.0,0.851063829787234,0.425531914893617,0.6451612903225806,0.4489795918367347,0.6832814122533748,0.48,1.0,0.7368421052631579,0.5897435897435912,0.625,0.625,0.4,0.0,0.0,0.0,0.0,0.0,0.0,0.0,1.0,0.0,0.0,0.0,0.0,0.0,0.0,0.0,0.0,0.0,0.0,1.0
0.2867012089810017,0.2978723404255319,0.7659574468085106,0.535483870967742,0.5306122448979591,0.29075804776739356,0.48,0.6000000000000001,0.42105263157894735,0.487179487179489,0.625,0.625,0.8000000000000002,0.0,0.0,0.0,0.0,0.0,1.0,0.0,0.0,0.0,0.0,0.0,1.0,0.0,0.0,0.0,0.0,0.0,0.0,0.0
0.09326424870466321,0.0425531914893617,0.0,0.4946236559139785,0.5986394557823128,0.03530633437175493,0.08,0.0,0.03508771929824561,0.0769230769230802,0.875,0.7916666666666665,0.0,0.0,0.0,0.0,0.0,0.0,0.0,0.0,0.0,0.0,0.0,0.0,1.0,0.0,0.0,0.0,0.0,0.0,0.0,0.0
0.09671848013816925,0.0,0.0851063829787234,0.9999999999999999,0.7755102040816326,0.018691588785046728,0.08,1.0,0.07017543859649122,0.7948717948717956,1.0,0.375,0.0,0.0,1.0,0.0,0.0,0.0,0.0,0.0,0.0,0.0,0.0,0.0,0.0,0.0,0.0,0.0,0.0,0.0,1.0,0.0
0.2003454231433506,0.2553191489361702,0.3829787234042553,0.2043010752688172,0.14965986394557823,0.2699896157840083,0.4,0.6000000000000001,0.45614035087719296,0.1794871794871824,0.625,0.375,0.0,0.0,0.0,0.0,0.0,0.0,0.0,0.0,0.0,0.0,0.0,0.0,1.0,0.0,0.0,0.0,0.0,0.0,0.0,0.0
0.231433506044905,0.2127659574468085,0.2553191489361702,0.6451612903225806,0.5306122448979591,0.23676012461059187,0.08,1.0,0.14035087719298245,0.5384615384615472,0.625,0.375,1.0,0.0,1.0,0.0,0.0,0.0,0.0,0.0,0.0,0.0,0.0,0.0,0.0,0.0,0.0,0.0,1.0,0.0,0.0,0.0
0.08981001727115716,0.0851063829787234,0.0851063829787234,0.27956989247311825,0.5850340136054422,0.04361370716510903,0.08,0.20000000000000018,0.07017543859649122,0.8974358974358978,0.625,0.375,0.0,0.0,1.0,0.0,0.0,0.0,0.0,0.0,0.0,0.0,0.0,0.0,0.0,1.0,0.0,0.0,0.0,0.0,0.0,0.0
0.27979274611398963,0.1276595744680851,0.2978723404255319,0.3655913978494624,0.272108843537415,0.25960539979231567,0.08,0.6000000000000001,0.14035087719298245,0.8461538461538538,0.625,0.625,0.0,0.0,0.0,0.0,0.0,0.0,0.0,1.0,0.0,0.0,0.0,0.0,0.0,0.0,0.0,0.0,0.0,0.0,0.0,0.0
0.013816925734024179,0.0,0.0,0.7526881720430108,0.5680272108843537,0.012461059190031154,0.0,0.0,0.0,0.8974358974358978,0.625,0.375,0.0,0.0,0.0,0.0,0.0,0.0,0.0,0.0,0.0,1.0,0.0,0.0,0.0,0.0,0.0,1.0,0.0,0.0,0.0,0.0
0.0034542314335060447,0.0,0.0,0.15053763440860213,0.09523809523809523,0.010384215991692626,0.0,0.0,0.0,0.948717948717956,0.625,0.375,0.4,0.0,1.0,0.0,0.0,0.0,0.0,0.0,0.0,0.0,0.0,0.0,1.0,0.0,0.0,0.0,0.0,0.0,0.0,0.0
0.92573402417962,0.2127659574468085,1.0,0.535483870967742,0.5986394557823128,0.6542056074766355,1.0,0.6000000000000001,1.0,0.3333333333333428,0.625,0.625,0.4,0.0,0.0,0.0,0.0,0.0,1.0,0.0,0.0,0.0,0.0,0.0,1.0,0.0,0.0,0.0,0.0,0.0,0.0,0.0
0.017271157167530225,0.0,0.0851063829787234,0.06451612903225808,0.17687074829931973,0.0976116303219107,0.08,1.0,0.03508771929824561,0.8974358974358978,0.625,0.375,0.8000000000000002,0.0,1.0,0.0,0.0,0.0,0.0,0.0,0.0,0.0,0.0,0.0,0.0,0.0,0.0,0.0,0.0,0.0,1.0,0.0
0.11398963730569947,0.2978723404255319,0.2127659574468085,0.07311827956989246,0.14285714285714285,0.16614745586708202,0.24,1.0,0.24561403508771928,0.6410256410256494,0.625,0.375,0.0,0.0,1.0,0.0,0.0,0.0,0.0,0.0,0.0,0.0,0.0,0.0,1.0,0.0,0.0,0.0,0.0,0.0,0.0,0.0
0.3385146804835924,0.425531914893617,1.0,0.535483870967742,0.5442176870748299,0.40083073727933544,1.0,1.0,1.0,0.487179487179489,0.625,0.625,0.8000000000000002,0.0,0.0,0.0,0.0,0.0,1.0,0.0,0.0,0.0,0.0,0.0,1.0,0.0,0.0,0.0,0.0,0.0,0.0,0.0
0.06563039723661485,0.0425531914893617,0.0,0.8602150537634409,0.8520408163265305,0.07061266874350987,0.08,0.6000000000000001,0.03508771929824561,0.8974358974358978,0.625,0.625,0.0,0.0,0.0,0.0,0.0,0.0,0.0,1.0,0.0,0.0,0.0,0.0,1.0,0.0,0.0,0.0,0.0,0.0,0.0,0.0
0.28324697754749567,0.1276595744680851,0.3404255319148936,0.16344086021505377,0.19047619047619047,0.34683281412253375,0.24,0.6000000000000001,0.3157894736842105,0.7948717948717956,0.625,0.625,0.0,0.0,1.0,0.0,0.0,0.0,0.0,0.0,0.0,0.0,0.0,1.0,0.0,0.0,0.0,0.0,0.0,0.0,0.0,0.0
0.04490500863557858,0.0,0.1276595744680851,0.3225806451612903,0.8061224489795917,0.03530633437175493,0.0,0.0,0.0,0.8461538461538538,0.625,0.625,0.0,0.0,1.0,0.0,0.0,0.0,0.0,0.0,0.0,0.0,0.0,0.0,1.0,0.0,0.0,0.0,0.0,0.0,0.0,0.0
0.46286701208981,0.7234042553191489,0.7659574468085106,0.8387096774193549,0.8843537414965985,0.6043613707165109,0.64,1.0,0.7368421052631579,0.2307692307692406,0.625,0.708333333333333,0.8000000000000002,0.0,0.0,0.0,0.0,0.0,0.0,0.0,0.0,0.0,0.0,0.0,1.0,0.0,0.0,0.0,0.0,0.0,0.0,0.0
0.06217616580310881,0.0851063829787234,0.1702127659574468,0.5591397849462365,0.6122448979591836,0.09345794392523364,0.08,1.0,0.07017543859649122,0.6923076923076934,0.125,0.375,0.4,0.0,0.0,0.0,0.0,0.0,0.0,0.0,0.0,0.0,0.0,0.0,1.0,0.0,0.0,0.0,0.0,0.0,0.0,0.0
0.017271157167530225,0.0425531914893617,0.0,0.3010752688172043,0.163265306122449,0.008307372793354102,0.08,0.20000000000000018,0.07017543859649122,0.948717948717956,0.625,0.625,0.0,0.0,1.0,0.0,0.0,0.0,0.0,0.0,0.0,0.0,0.0,0.0,1.0,0.0,0.0,0.0,0.0,0.0,0.0,0.0
1.0,0.7659574468085106,1.0,0.5376344086021505,0.42176870748299317,0.9999999999999999,1.0,0.6000000000000001,1.0,0.5384615384615472,0.625,0.625,0.0,0.0,1.0,0.0,0.0,0.0,0.0,0.0,0.0,0.0,0.0,1.0,0.0,0.0,0.0,0.0,0.0,0.0,0.0,0.0
0.024179620034542312,0.0,0.0,0.2150537634408602,0.08503401360544219,0.020768431983385256,0.0,0.0,0.0,0.8461538461538538,0.625,0.625,0.8000000000000002,0.0,0.0,0.0,0.0,0.0,0.0,1.0,0.0,0.0,0.0,1.0,0.0,0.0,0.0,0.0,0.0,0.0,0.0,0.0
0.037996545768566495,0.0851063829787234,0.0,0.26666666666666666,0.272108843537415,0.9999999999999999,0.0,0.0,0.0,0.8974358974358978,0.125,0.375,0.0,0.0,0.0,1.0,0.0,0.0,0.0,0.0,0.0,0.0,0.0,0.0,1.0,0.0,0.0,0.0,0.0,0.0,0.0,0.0
0.08981001727115716,0.1276595744680851,0.1702127659574468,0.16129032258064513,0.1360544217687075,0.11630321910695743,0.0,0.20000000000000018,0.14035087719298245,0.6410256410256494,0.625,0.625,0.0,0.0,0.0,0.0,0.0,1.0,0.0,0.0,0.0,0.0,0.0,0.0,1.0,0.0,0.0,0.0,0.0,0.0,0.0,0.0
0.020725388601036267,0.0,0.0,0.06451612903225808,0.17687074829931973,0.09968847352024922,0.0,0.0,0.0,0.8974358974358978,0.625,0.375,0.8000000000000002,0.0,1.0,0.0,0.0,0.0,0.0,0.0,0.0,0.0,0.0,0.0,0.0,0.0,0.0,0.0,0.0,0.0,1.0,0.0
0.020725388601036267,0.0,0.0425531914893617,0.5268817204301075,0.24489795918367346,0.09345794392523364,0.0,0.0,0.0,0.7948717948717956,0.375,0.45833333333333304,0.0,0.0,1.0,0.0,0.0,0.0,0.0,0.0,0.0,0.0,0.0,1.0,0.0,0.0,0.0,0.0,0.0,0.0,0.0,0.0
0.1070811744386874,0.2127659574468085,0.0425531914893617,0.10537634408602149,0.17346938775510204,0.06230529595015576,0.16,0.6000000000000001,0.14035087719298245,0.8461538461538538,0.625,0.625,1.0,0.0,1.0,0.0,0.0,0.0,0.0,0.0,0.0,0.0,0.0,0.0,1.0,0.0,0.0,0.0,0.0,0.0,0.0,0.0
0.618307426597582,0.9361702127659575,1.0,0.7311827956989247,0.802721088435374,0.6978193146417445,1.0,1.0,1.0,0.3333333333333428,0.625,0.708333333333333,0.8000000000000002,0.0,0.0,0.0,0.0,0.0,0.0,0.0,0.0,0.0,0.0,0.0,1.0,0.0,0.0,0.0,0.0,0.0,0.0,0.0
0.14507772020725387,0.0851063829787234,0.0425531914893617,0.6666666666666666,0.3129251700680272,0.09553478712357218,0.16,1.0,0.07017543859649122,0.5897435897435912,0.625,0.375,0.8000000000000002,0.0,1.0,0.0,0.0,0.0,0.0,0.0,0.0,0.0,0.0,0.0,1.0,0.0,0.0,0.0,0.0,0.0,0.0,0.0
0.34196891191709844,0.2978723404255319,0.0425531914893617,0.6451612903225806,0.4761904761904762,0.11838006230529595,0.0,1.0,0.03508771929824561,0.8461538461538538,0.625,0.625,0.0,0.0,0.0,0.0,0.0,0.0,0.0,0.0,1.0,0.0,0.0,0.0,0.0,0.0,0.0,0.0,0.0,0.0,0.0,0.0
0.31088082901554404,0.425531914893617,0.6382978723404256,0.19247311827956987,0.09863945578231292,0.6188992731048806,0.8,1.0,0.631578947368421,0.7948717948717956,0.375,0.375,0.0,0.0,0.0,0.0,1.0,0.0,0.0,0.0,0.0,0.0,0.0,0.0,1.0,0.0,0.0,0.0,0.0,0.0,0.0,0.0
0.6563039723661485,1.0,0.8936170212765957,0.42795698924731185,0.2312925170068027,0.9999999999999999,1.0,0.6000000000000001,1.0,0.3333333333333428,0.7750000000000004,0.625,0.0,0.0,0.0,0.0,0.0,0.0,1.0,0.0,0.0,0.0,0.0,0.0,1.0,0.0,0.0,0.0,0.0,0.0,0.0,0.0
0.5595854922279793,0.3404255319148936,0.8936170212765957,0.42795698924731185,0.3673469387755102,0.3925233644859813,0.88,0.6000000000000001,0.7017543859649122,0.3846153846153868,0.625,0.625,0.4,0.0,0.0,0.0,0.0,0.0,1.0,0.0,0.0,0.0,0.0,0.0,1.0,0.0,0.0,0.0,0.0,0.0,0.0,0.0
0.10362694300518134,0.0851063829787234,0.0425531914893617,0.332258064516129,0.1836734693877551,0.13707165109034267,0.0,1.0,0.07017543859649122,0.948717948717956,0.375,0.375,0.0,0.0,0.0,0.0,1.0,0.0,0.0,0.0,0.0,0.0,0.0,1.0,0.0,0.0,0.0,0.0,0.0,0.0,0.0,0.0
0.17962003454231432,0.0851063829787234,0.0851063829787234,0.9247311827956989,0.3401360544217687,0.08099688473520249,0.24,1.0,0.14035087719298245,0.6923076923076934,1.0,0.625,0.4,0.0,1.0,0.0,0.0,0.0,0.0,0.0,0.0,0.0,0.0,1.0,0.0,0.0,0.0,0.0,0.0,0.0,0.0,0.0
0.2970639032815198,0.2553191489361702,0.2127659574468085,0.4301075268817204,0.3673469387755102,0.12045690550363447,0.24,1.0,0.2807017543859649,0.5897435897435912,0.375,0.375,0.0,0.0,0.0,0.0,0.0,0.0,0.0,0.0,1.0,0.0,0.0,0.0,0.0,1.0,0.0,0.0,0.0,0.0,0.0,0.0
1.0,1.0,1.0,0.535483870967742,0.7482993197278911,0.9999999999999999,1.0,1.0,1.0,0.5384615384615472,1.0,1.0,0.0,0.0,0.0,0.0,0.0,0.0,1.0,0.0,0.0,0.0,0.0,1.0,0.0,0.0,0.0,0.0,0.0,0.0,0.0,0.0
0.3143350604490501,0.2978723404255319,0.3404255319148936,0.5698924731182795,0.7074829931972788,0.4818276220145379,0.0,1.0,0.21052631578947367,0.7435897435897516,1.0,1.0,0.0,0.0,1.0,0.0,0.0,0.0,0.0,0.0,0.0,0.0,0.0,1.0,0.0,0.0,0.0,0.0,0.0,0.0,0.0,0.0
0.020725388601036267,0.0,0.0,0.23225806451612901,0.04081632653061224,0.5212876427829698,0.0,1.0,0.03508771929824561,0.948717948717956,0.0,0.2916666666666665,0.0,0.0,0.0,1.0,0.0,0.0,0.0,0.0,0.0,0.0,0.0,0.0,1.0,0.0,0.0,0.0,0.0,0.0,0.0,0.0
0.17271157167530224,0.1702127659574468,0.0,0.9999999999999999,0.7346938775510203,0.37175493250259606,0.0,0.0,0.0,0.8461538461538538,0.875,0.625,0.0,0.0,1.0,0.0,0.0,0.0,0.0,0.0,0.0,0.0,0.0,0.0,0.0,0.0,0.0,1.0,0.0,0.0,0.0,0.0
0.1070811744386874,0.0425531914893617,0.1702127659574468,0.535483870967742,0.6122448979591836,0.11630321910695743,0.08,1.0,0.03508771929824561,0.3333333333333428,0.625,0.625,1.0,0.0,1.0,0.0,0.0,0.0,0.0,0.0,0.0,0.0,0.0,0.0,0.0,0.0,0.0,0.0,0.0,0.0,1.0,0.0
0.32124352331606215,0.2553191489361702,0.1276595744680851,0.7010752688172043,0.5850340136054422,0.07684319833852545,0.08,1.0,0.07017543859649122,0.2307692307692406,0.375,0.375,0.0,0.0,1.0,0.0,0.0,0.0,0.0,0.0,0.0,0.0,0.0,0.0,0.0,1.0,0.0,0.0,0.0,0.0,0.0,0.0
0.013816925734024179,0.0,0.0,0.3118279569892473,0.29081632653061223,0.0893042575285566,0.0,0.20000000000000018,0.03508771929824561,0.948717948717956,0.625,0.625,0.0,0.0,1.0,0.0,0.0,0.0,0.0,0.0,0.0,0.0,0.0,0.0,1.0,0.0,0.0,0.0,0.0,0.0,0.0,0.0
1.0,1.0,1.0,0.36344086021505373,0.20408163265306123,0.9999999999999999,1.0,0.6000000000000001,1.0,0.2307692307692406,0.625,0.625,0.8000000000000002,0.0,0.0,0.0,0.0,0.0,1.0,0.0,0.0,0.0,0.0,0.0,1.0,0.0,0.0,0.0,0.0,0.0,0.0,0.0
0.7599309153713298,0.5531914893617021,0.0851063829787234,0.8602150537634409,0.7891156462585033,0.31568016614745587,0.08,1.0,0.17543859649122806,0.8461538461538538,0.625,0.625,0.0,0.0,0.0,0.0,0.0,0.0,0.0,0.0,1.0,0.0,0.0,0.0,0.0,0.0,0.0,0.0,0.0,1.0,0.0,0.0
0.2694300518134715,0.1276595744680851,0.3829787234042553,0.7311827956989247,0.7482993197278911,0.22429906542056074,0.08,1.0,0.2807017543859649,0.487179487179489,0.625,0.625,0.0,0.0,1.0,0.0,0.0,0.0,0.0,0.0,0.0,0.0,0.0,0.0,0.0,0.0,0.0,0.0,0.0,1.0,0.0,0.0
0.027633851468048358,0.0,0.0425531914893617,0.2150537634408602,0.2312925170068027,0.039460020768431976,0.08,0.6000000000000001,0.03508771929824561,0.7948717948717956,0.625,0.375,0.0,0.0,1.0,0.0,0.0,0.0,0.0,0.0,0.0,0.0,0.0,0.0,1.0,0.0,0.0,0.0,0.0,0.0,0.0,0.0
0.4110535405872193,0.1276595744680851,0.1276595744680851,0.26881720430107525,0.2312925170068027,0.9999999999999999,0.16,0.6000000000000001,0.10526315789473684,0.8461538461538538,0.375,0.375,0.0,0.0,1.0,0.0,0.0,0.0,0.0,0.0,0.0,0.0,0.0,0.0,0.0,0.0,0.0,0.0,0.0,0.0,0.0,1.0
0.06563039723661485,0.0425531914893617,0.0425531914893617,0.7956989247311828,0.36139455782312924,0.056074766355140186,0.0,0.6000000000000001,0.03508771929824561,0.7435897435897516,0.375,0.45833333333333304,0.0,0.0,0.0,0.0,0.0,0.0,0.0,0.0,0.0,1.0,0.0,0.0,1.0,0.0,0.0,0.0,0.0,0.0,0.0,0.0
1.0,1.0,1.0,0.36344086021505373,0.2312925170068027,0.9999999999999999,1.0,0.6000000000000001,1.0,0.487179487179489,0.0,0.09166666666666679,0.0,0.0,0.0,0.0,0.0,0.0,1.0,0.0,0.0,0.0,0.0,1.0,0.0,0.0,0.0,0.0,0.0,0.0,0.0,0.0
0.2003454231433506,0.1702127659574468,0.0851063829787234,0.2150537634408602,0.20408163265306123,0.3426791277258567,0.0,1.0,0.03508771929824561,0.8461538461538538,0.625,0.375,0.0,0.0,1.0,0.0,0.0,0.0,0.0,0.0,0.0,0.0,0.0,0.0,1.0,0.0,0.0,0.0,0.0,0.0,0.0,0.0
0.048359240069084625,0.1702127659574468,0.0,0.4086021505376344,0.34183673469387754,0.09138110072689512,0.08,1.0,0.03508771929824561,0.8974358974358978,0.625,0.375,0.0,0.0,0.0,0.0,0.0,0.0,0.0,0.0,0.0,1.0,0.0,1.0,0.0,0.0,0.0,0.0,0.0,0.0,0.0,0.0
1.0,1.0,1.0,0.9999999999999999,1.0,0.8785046728971962,1.0,1.0,1.0,0.2820512820512846,0.625,0.708333333333333,0.0,0.0,1.0,0.0,0.0,0.0,0.0,0.0,0.0,0.0,0.0,0.0,1.0,0.0,0.0,0.0,0.0,0.0,0.0,0.0
0.06563039723661485,0.0,0.0,0.6881720430107526,0.6462585034013605,0.06230529595015576,0.0,0.0,0.0,0.8461538461538538,0.625,0.625,0.0,0.0,0.0,0.0,0.0,0.0,0.0,0.0,0.0,1.0,0.0,1.0,0.0,0.0,0.0,0.0,0.0,0.0,0.0,0.0
0.03454231433506045,0.1276595744680851,0.1276595744680851,0.29892473118279567,0.10374149659863946,0.8743509865005191,0.0,0.6000000000000001,0.07017543859649122,0.948717948717956,0.125,0.375,0.4,0.0,0.0,1.0,0.0,0.0,0.0,0.0,0.0,0.0,0.0,0.0,1.0,0.0,0.0,0.0,0.0,0.0,0.0,0.0
0.0069084628670120895,0.0,0.0,0.9354838709677419,0.4761904761904762,0.28037383177570097,0.0,0.0,0.0,0.8461538461538538,0.375,0.45833333333333304,1.0,0.0,1.0,0.0,0.0,0.0,0.0,0.0,0.0,0.0,0.0,0.0,0.0,0.0,0.0,0.0,1.0,0.0,0.0,0.0
0.017271157167530225,0.0,0.0,0.11827956989247311,0.09183673469387757,0.0893042575285566,0.0,1.0,0.03508771929824561,0.8974358974358978,0.125,0.375,0.0,0.0,1.0,0.0,0.0,0.0,0.0,0.0,0.0,0.0,0.0,0.0,1.0,0.0,0.0,0.0,0.0,0.0,0.0,0.0
0.2659758203799654,0.46808510638297873,0.3829787234042553,0.535483870967742,0.5442176870748299,0.15991692627206644,0.0,1.0,0.10526315789473684,0.5897435897435912,0.625,0.625,1.0,0.0,0.0,0.0,0.0,0.0,1.0,0.0,0.0,0.0,0.0,0.0,1.0,0.0,0.0,0.0,0.0,0.0,0.0,0.0
0.11053540587219343,0.1702127659574468,0.2127659574468085,0.42795698924731185,0.35374149659863946,0.08307372793354102,0.08,1.0,0.24561403508771928,0.5897435897435912,0.625,0.625,1.0,0.0,0.0,0.0,0.0,0.0,1.0,0.0,0.0,0.0,0.0,0.0,1.0,0.0,0.0,0.0,0.0,0.0,0.0,0.0
1.0,1.0,1.0,0.578494623655914,0.6666666666666666,0.9999999999999999,0.8,0.6000000000000001,0.5614035087719298,0.8461538461538538,0.625,0.625,0.4,0.0,1.0,0.0,0.0,0.0,0.0,0.0,0.0,0.0,0.0,0.0,1.0,0.0,0.0,0.0,0.0,0.0,0.0,0.0
0.05181347150259067,0.0425531914893617,0.0425531914893617,0.25806451612903225,0.20408163265306123,0.024922118380062305,0.0,1.0,0.03508771929824561,0.8461538461538538,0.625,0.375,0.8000000000000002,0.0,0.0,0.0,0.0,0.0,0.0,0.0,0.0,1.0,0.0,0.0,1.0,0.0,0.0,0.0,0.0,0.0,0.0,0.0
0.3177892918825561,0.5957446808510638,0.2127659574468085,0.1935483870967742,0.17006802721088435,0.5212876427829698,0.16,0.6000000000000001,0.24561403508771928,0.8461538461538538,0.375,0.45833333333333304,0.0,0.0,1.0,0.0,0.0,0.0,0.0,0.0,0.0,0.0,0.0,0.0,1.0,0.0,0.0,0.0,0.0,0.0,0.0,0.0
0.6493955094991364,0.2553191489361702,0.1702127659574468,0.3225806451612903,0.2312925170068027,0.3821391484942887,0.0,0.6000000000000001,0.24561403508771928,0.948717948717956,0.375,0.375,0.0,0.0,1.0,0.0,0.0,0.0,0.0,0.0,0.0,0.0,0.0,0.0,0.0,0.0,0.0,1.0,0.0,0.0,0.0,0.0
0.15544041450777202,0.46808510638297873,0.425531914893617,0.5913978494623656,0.7482993197278911,0.31152647975077885,0.64,1.0,0.3157894736842105,0.435897435897445,0.125,0.375,0.0,0.0,0.0,0.0,0.0,0.0,0.0,0.0,0.0,0.0,0.0,0.0,1.0,0.0,0.0,0.0,0.0,0.0,0.0,0.0
1.0,0.5957446808510638,1.0,0.535483870967742,0.7210884353741496,0.616822429906542,1.0,0.6000000000000001,1.0,0.2820512820512846,0.625,0.625,1.0,0.0,0.0,0.0,0.0,0.0,1.0,0.0,0.0,0.0,0.0,0.0,1.0,0.0,0.0,0.0,0.0,0.0,0.0,0.0
0.06217616580310881,0.0851063829787234,0.0851063829787234,0.3655913978494624,0.2568027210884354,0.04569055036344755,0.0,0.0,0.0,0.7435897435897516,0.375,0.45833333333333304,1.0,0.0,0.0,0.0,0.0,0.0,0.0,1.0,0.0,0.0,0.0,1.0,0.0,0.0,0.0,0.0,0.0,0.0,0.0,0.0
0.13471502590673576,0.0425531914893617,0.0425531914893617,0.17204301075268813,0.20408163265306123,0.060228452751817235,0.08,0.6000000000000001,0.07017543859649122,0.6410256410256494,0.625,0.375,1.0,1.0,0.0,0.0,0.0,0.0,0.0,0.0,0.0,0.0,0.0,0.0,1.0,0.0,0.0,0.0,0.0,0.0,0.0,0.0
0.13471502590673576,0.1276595744680851,0.0,0.3655913978494624,0.3282312925170068,0.03530633437175493,0.0,0.0,0.0,0.7435897435897516,0.375,0.45833333333333304,0.0,0.0,0.0,0.0,0.0,0.0,0.0,0.0,0.0,1.0,0.0,0.0,0.0,0.0,0.0,1.0,0.0,0.0,0.0,0.0
0.23834196891191708,0.0851063829787234,0.2553191489361702,0.9999999999999999,0.5918367346938774,0.08307372793354102,0.08,1.0,0.10526315789473684,0.7948717948717956,1.0,1.0,0.8000000000000002,0.0,0.0,0.0,0.0,0.0,0.0,1.0,0.0,0.0,0.0,0.0,1.0,0.0,0.0,0.0,0.0,0.0,0.0,0.0
0.6321243523316062,0.3404255319148936,0.2127659574468085,0.22795698924731184,0.1360544217687075,0.32398753894081,0.16,1.0,0.24561403508771928,0.0769230769230802,0.125,0.375,1.0,0.0,1.0,0.0,0.0,0.0,0.0,0.0,0.0,0.0,0.0,1.0,0.0,0.0,0.0,0.0,0.0,0.0,0.0,0.0
0.013816925734024179,0.0,0.0,0.6666666666666666,0.3401360544217687,0.03530633437175493,0.0,0.0,0.0,0.7435897435897516,0.625,0.625,0.0,0.0,1.0,0.0,0.0,0.0,0.0,0.0,0.0,0.0,0.0,0.0,1.0,0.0,0.0,0.0,0.0,0.0,0.0,0.0
0.055267702936096716,0.0851063829787234,0.0425531914893617,0.1935483870967742,0.14965986394557823,0.16822429906542055,0.0,0.6000000000000001,0.03508771929824561,0.7948717948717956,0.375,0.45833333333333304,0.0,0.0,1.0,0.0,0.0,0.0,0.0,0.0,0.0,0.0,0.0,0.0,1.0,0.0,0.0,0.0,0.0,0.0,0.0,0.0
0.11053540587219343,0.0851063829787234,0.1276595744680851,0.4301075268817204,0.4489795918367347,0.07892004153686397,0.16,0.6000000000000001,0.10526315789473684,0.1282051282051242,0.625,0.708333333333333,0.0,0.0,0.0,0.0,0.0,0.0,0.0,0.0,0.0,0.0,0.0,0.0,1.0,0.0,0.0,0.0,0.0,0.0,0.0,0.0
0.05181347150259067,0.0425531914893617,0.0,0.14946236559139786,0.05782312925170068,0.09138110072689512,0.0,0.0,0.0,0.8461538461538538,0.375,0.375,0.4,0.0,0.0,0.0,1.0,0.0,0.0,0.0,0.0,0.0,0.0,0.0,1.0,0.0,0.0,0.0,0.0,0.0,0.0,0.0
0.0069084628670120895,0.0425531914893617,0.0,0.7204301075268817,0.47278911564625853,0.07892004153686397,0.24,1.0,0.10526315789473684,0.8974358974358978,0.625,0.625,0.0,0.0,1.0,0.0,0.0,0.0,0.0,0.0,0.0,0.0,0.0,0.0,1.0,0.0,0.0,0.0,0.0,0.0,0.0,0.0
0.1692573402417962,0.2978723404255319,0.0851063829787234,0.9999999999999999,1.0,0.17653167185877464,0.08,0.6000000000000001,0.10526315789473684,0.7948717948717956,0.625,0.625,0.8000000000000002,0.0,0.0,0.0,0.0,0.0,0.0,1.0,0.0,0.0,0.0,0.0,0.0,1.0,0.0,0.0,0.0,0.0,0.0,0.0
0.1381692573402418,0.2127659574468085,0.1276595744680851,0.535483870967742,0.6394557823129251,0.07684319833852545,0.08,0.6000000000000001,0.24561403508771928,0.5897435897435912,0.625,0.625,1.0,0.0,0.0,0.0,0.0,0.0,1.0,0.0,0.0,0.0,0.0,0.0,1.0,0.0,0.0,0.0,0.0,0.0,0.0,0.0
0.14507772020725387,0.0425531914893617,0.1276595744680851,0.8612903225806452,0.163265306122449,0.041536863966770504,0.08,1.0,0.03508771929824561,0.7948717948717956,0.625,0.625,0.0,0.0,1.0,0.0,0.0,0.0,0.0,0.0,0.0,0.0,0.0,1.0,0.0,0.0,0.0,0.0,0.0,0.0,0.0,0.0
0.2936096718480138,0.0851063829787234,0.5106382978723404,0.4301075268817204,0.5442176870748299,0.15160955347871236,0.32,0.6000000000000001,0.3157894736842105,0.3333333333333428,0.625,0.625,0.4,0.0,1.0,0.0,0.0,0.0,0.0,0.0,0.0,0.0,0.0,0.0,1.0,0.0,0.0,0.0,0.0,0.0,0.0,0.0
0.386873920552677,0.3829787234042553,0.7234042553191489,0.6021505376344086,0.6394557823129251,0.3364485981308411,0.32,0.6000000000000001,0.5263157894736842,0.3333333333333428,0.875,0.7916666666666665,0.4,0.0,0.0,0.0,0.0,0.0,0.0,0.0,0.0,0.0,0.0,0.0,1.0,0.0,0.0,0.0,0.0,0.0,0.0,0.0
0.017271157167530225,0.0,0.0,0.3225806451612903,0.15476190476190477,0.03115264797507788,0.08,1.0,0.03508771929824561,0.8974358974358978,0.625,0.375,0.4,0.0,0.0,0.0,0.0,0.0,0.0,0.0,0.0,1.0,0.0,1.0,0.0,0.0,0.0,0.0,0.0,0.0,0.0,0.0
0.11053540587219343,0.0,0.1276595744680851,0.5376344086021505,0.489795918367347,0.14953271028037382,0.0,1.0,0.07017543859649122,0.5897435897435912,1.0,0.625,0.0,0.0,1.0,0.0,0.0,0.0,0.0,0.0,0.0,0.0,0.0,0.0,0.0,0.0,0.0,0.0,0.0,0.0,0.0,1.0
1.0,1.0,1.0,0.535483870967742,0.6122448979591836,0.9999999999999999,1.0,1.0,1.0,0.5384615384615472,0.625,0.625,0.0,0.0,0.0,0.0,0.0,0.0,1.0,0.0,0.0,0.0,0.0,0.0,0.0,0.0,0.0,1.0,0.0,0.0,0.0,0.0
0.09326424870466321,0.0425531914893617,0.0,0.4731182795698925,0.3333333333333333,0.0976116303219107,0.16,1.0,0.07017543859649122,0.8461538461538538,0.375,0.45833333333333304,0.4,0.0,0.0,0.0,0.0,0.0,0.0,0.0,0.0,1.0,0.0,0.0,0.0,0.0,0.0,1.0,0.0,0.0,0.0,0.0
0.5284974093264249,0.9361702127659575,0.851063829787234,0.535483870967742,0.7074829931972788,0.3052959501557633,0.88,0.6000000000000001,1.0,0.5384615384615472,0.625,0.625,0.8000000000000002,0.0,0.0,0.0,0.0,0.0,1.0,0.0,0.0,0.0,0.0,1.0,0.0,0.0,0.0,0.0,0.0,0.0,0.0,0.0
1.0,1.0,1.0,0.42795698924731185,0.3401360544217687,0.9999999999999999,1.0,0.6000000000000001,1.0,0.3333333333333428,0.625,0.625,0.0,0.0,0.0,0.0,0.0,0.0,1.0,0.0,0.0,0.0,0.0,0.0,1.0,0.0,0.0,0.0,0.0,0.0,0.0,0.0
0.004400690846286701,1.0,1.0,0.3010752688172043,0.1360544217687075,0.9999999999999999,1.0,0.6000000000000001,1.0,0.7948717948717956,0.125,0.375,0.0,0.0,1.0,0.0,0.0,0.0,0.0,0.0,0.0,0.0,0.0,0.0,1.0,0.0,0.0,0.0,0.0,0.0,0.0,0.0
0.005823834196891192,1.0,1.0,0.3225806451612903,0.5578231292517006,0.9999999999999999,1.0,1.0,1.0,0.0,0.625,0.375,0.4,0.0,1.0,0.0,0.0,0.0,0.0,0.0,0.0,0.0,0.0,0.0,1.0,0.0,0.0,0.0,0.0,0.0,0.0,0.0
0.1001727115716753,0.0425531914893617,0.0,0.4086021505376344,0.3520408163265306,0.06853582554517135,0.0,0.0,0.0,0.7948717948717956,0.625,0.625,1.0,0.0,0.0,0.0,0.0,0.0,0.0,1.0,0.0,0.0,0.0,0.0,0.0,0.0,0.0,0.0,0.0,0.0,0.0,0.0
0.024179620034542312,0.0425531914893617,0.0425531914893617,0.2129032258064516,0.12755102040816327,0.13499480789200413,0.0,0.0,0.0,0.8974358974358978,0.625,0.625,0.0,0.0,1.0,0.0,0.0,0.0,0.0,0.0,0.0,0.0,0.0,0.0,1.0,0.0,0.0,0.0,0.0,0.0,0.0,0.0
0.03454231433506045,0.0425531914893617,0.0,0.9634408602150538,0.7074829931972788,0.006230529595015576,0.0,0.0,0.0,0.8974358974358978,0.625,0.625,0.8000000000000002,0.0,0.0,0.0,0.0,0.0,1.0,0.0,0.0,0.0,0.0,0.0,1.0,0.0,0.0,0.0,0.0,0.0,0.0,0.0
1.0,1.0,1.0,0.12688172043010754,0.20238095238095238,0.9999999999999999,1.0,1.0,1.0,0.7435897435897516,0.375,0.375,0.4,0.0,1.0,0.0,0.0,0.0,0.0,0.0,0.0,0.0,0.0,0.0,0.0,0.0,0.0,1.0,0.0,0.0,0.0,0.0
0.32124352331606215,0.0425531914893617,0.0425531914893617,0.9999999999999999,0.4489795918367347,0.16614745586708202,0.16,1.0,0.14035087719298245,0.1282051282051242,1.0,1.0,0.0,0.0,1.0,0.0,0.0,0.0,0.0,0.0,0.0,0.0,0.0,1.0,0.0,0.0,0.0,0.0,0.0,0.0,0.0,0.0
0.07599309153713299,0.0,0.0,0.9999999999999999,0.5884353741496597,0.020768431983385256,0.0,0.0,0.0,0.948717948717956,0.625,0.625,0.0,0.0,1.0,0.0,0.0,0.0,0.0,0.0,0.0,0.0,0.0,1.0,0.0,0.0,0.0,0.0,0.0,0.0,0.0,0.0
1.0,1.0,1.0,0.23655913978494625,0.24489795918367346,0.9999999999999999,1.0,1.0,1.0,0.487179487179489,0.625,0.625,1.0,0.0,1.0,0.0,0.0,0.0,0.0,0.0,0.0,0.0,0.0,0.0,0.0,0.0,0.0,0.0,0.0,1.0,0.0,0.0
0.8773747841105354,0.46808510638297873,1.0,0.47096774193548385,0.5306122448979591,0.6188992731048806,1.0,1.0,1.0,0.3846153846153868,0.625,0.625,1.0,0.0,0.0,0.0,0.0,0.0,1.0,0.0,0.0,0.0,0.0,0.0,1.0,0.0,0.0,0.0,0.0,0.0,0.0,0.0
1.0,1.0,1.0,0.42795698924731185,0.4489795918367347,0.9999999999999999,1.0,0.6000000000000001,1.0,0.487179487179489,0.625,0.625,0.0,0.0,0.0,0.0,0.0,0.0,1.0,0.0,0.0,0.0,0.0,0.0,1.0,0.0,0.0,0.0,0.0,0.0,0.0,0.0
0.22107081174438686,0.3829787234042553,0.5957446808510638,0.37526881720430105,0.2108843537414966,0.5503634475597092,0.48,1.0,0.3508771929824561,0.7948717948717956,0.375,0.375,0.4,0.0,0.0,0.0,1.0,0.0,0.0,0.0,0.0,0.0,0.0,0.0,1.0,0.0,0.0,0.0,0.0,0.0,0.0,0.0
0.3765112262521589,0.2978723404255319,0.851063829787234,0.36344086021505373,0.19047619047619047,0.48598130841121495,0.48,0.6000000000000001,0.3157894736842105,0.7948717948717956,0.625,0.625,1.0,0.0,0.0,0.0,0.0,0.0,1.0,0.0,0.0,0.0,0.0,0.0,1.0,0.0,0.0,0.0,0.0,0.0,0.0,0.0
0.05872193436960276,0.1276595744680851,0.0,0.4086021505376344,0.272108843537415,0.09138110072689512,0.0,1.0,0.14035087719298245,0.8461538461538538,0.625,0.625,0.4,0.0,0.0,0.0,0.0,0.0,0.0,0.0,0.0,1.0,0.0,1.0,0.0,0.0,0.0,0.0,0.0,0.0,0.0,0.0
0.15889464594127806,0.0851063829787234,0.1276595744680851,0.3225806451612903,0.19727891156462585,0.20145379023883694,0.32,0.6000000000000001,0.2807017543859649,0.435897435897445,0.875,0.45833333333333304,0.4,0.0,1.0,0.0,0.0,0.0,0.0,0.0,0.0,0.0,0.0,1.0,0.0,0.0,0.0,0.0,0.0,0.0,0.0,0.0
0.5354058721934369,0.5957446808510638,0.5957446808510638,0.6021505376344086,0.5442176870748299,0.5669781931464174,0.88,0.6000000000000001,1.0,0.3846153846153868,0.625,0.625,0.0,0.0,1.0,0.0,0.0,0.0,0.0,0.0,0.0,0.0,0.0,0.0,0.0,0.0,0.0,0.0,0.0,1.0,0.0,0.0
0.17962003454231432,0.0851063829787234,0.0425531914893617,0.5806451612903226,0.4557823129251701,0.1059190031152648,0.24,0.20000000000000018,0.14035087719298245,0.7948717948717956,0.625,0.625,0.0,0.0,0.0,0.0,0.0,0.0,0.0,0.0,0.0,1.0,0.0,0.0,0.0,0.0,0.0,0.0,0.0,1.0,0.0,0.0
1.0,0.3404255319148936,1.0,0.47096774193548385,0.4761904761904762,0.9325025960539979,1.0,0.6000000000000001,1.0,0.2820512820512846,0.625,0.625,1.0,0.0,0.0,0.0,0.0,0.0,1.0,0.0,0.0,0.0,0.0,0.0,1.0,0.0,0.0,0.0,0.0,0.0,0.0,0.0
0.08635578583765112,0.3404255319148936,0.1276595744680851,0.17096774193548386,0.07482993197278912,0.11422637590861891,0.32,1.0,0.24561403508771928,0.8461538461538538,0.375,0.375,0.0,0.0,0.0,0.0,1.0,0.0,0.0,0.0,0.0,0.0,0.0,0.0,1.0,0.0,0.0,0.0,0.0,0.0,0.0,0.0
0.47322970639032813,0.3404255319148936,0.2978723404255319,0.4301075268817204,0.3129251700680272,0.16822429906542055,0.0,1.0,0.14035087719298245,0.5897435897435912,0.625,0.625,0.0,0.0,0.0,0.0,0.0,0.0,0.0,0.0,1.0,0.0,0.0,0.0,0.0,0.0,0.0,0.0,0.0,1.0,0.0,0.0
0.0069084628670120895,0.0,0.0,0.4946236559139785,0.42176870748299317,0.0020768431983385254,0.0,0.0,0.0,0.8461538461538538,0.625,0.375,0.0,1.0,0.0,0.0,0.0,0.0,0.0,0.0,0.0,0.0,0.0,0.0,1.0,0.0,0.0,0.0,0.0,0.0,0.0,0.0
0.3488773747841105,0.6382978723404256,0.5531914893617021,0.5913978494623656,0.6394557823129251,0.29075804776739356,1.0,0.6000000000000001,0.8771929824561403,0.3333333333333428,0.625,0.625,0.0,0.0,0.0,0.0,0.0,0.0,0.0,0.0,0.0,0.0,0.0,0.0,1.0,0.0,0.0,0.0,0.0,0.0,0.0,0.0
1.0,1.0,1.0,0.3118279569892473,0.5408163265306122,0.9999999999999999,1.0,0.6000000000000001,1.0,0.0,0.625,0.375,0.8000000000000002,0.0,1.0,0.0,0.0,0.0,0.0,0.0,0.0,0.0,0.0,0.0,1.0,0.0,0.0,0.0,0.0,0.0,0.0,0.0
0.18307426597582038,0.0425531914893617,0.0,0.3655913978494624,0.3163265306122449,0.16199376947040497,0.24,0.6000000000000001,0.21052631578947367,0.7435897435897516,0.625,0.625,0.0,0.0,0.0,0.0,0.0,0.0,0.0,0.0,0.0,1.0,0.0,0.0,0.0,0.0,0.0,1.0,0.0,0.0,0.0,0.0
0.07944732297063903,0.0,0.0425531914893617,0.37849462365591396,0.3673469387755102,0.9999999999999999,0.16,1.0,0.07017543859649122,1.0,0.625,0.375,1.0,0.0,1.0,0.0,0.0,0.0,0.0,0.0,0.0,0.0,0.0,0.0,1.0,0.0,0.0,0.0,0.0,0.0,0.0,0.0
0.09326424870466321,0.0851063829787234,0.0,0.9999999999999999,0.7295918367346939,0.06438213914849429,0.08,1.0,0.03508771929824561,0.948717948717956,1.0,1.0,0.4,0.0,0.0,0.0,0.0,0.0,0.0,1.0,0.0,0.0,0.0,0.0,1.0,0.0,0.0,0.0,0.0,0.0,0.0,0.0
0.18307426597582038,0.0425531914893617,0.0425531914893617,0.8150537634408602,0.40816326530612246,0.05815160955347871,0.0,0.0,0.0,0.8974358974358978,0.375,0.45833333333333304,0.8000000000000002,0.0,1.0,0.0,0.0,0.0,0.0,0.0,0.0,0.0,0.0,1.0,0.0,0.0,0.0,0.0,0.0,0.0,0.0,0.0
0.4870466321243523,0.2553191489361702,0.425531914893617,0.535483870967742,0.7482993197278911,0.13499480789200413,0.88,0.6000000000000001,0.3157894736842105,0.2820512820512846,0.625,0.625,0.0,0.0,0.0,0.0,0.0,0.0,1.0,0.0,0.0,0.0,0.0,0.0,1.0,0.0,0.0,0.0,0.0,0.0,0.0,0.0
1.0,1.0,1.0,0.535483870967742,0.06802721088435373,0.9999999999999999,1.0,0.6000000000000001,1.0,0.3846153846153868,1.0,1.0,1.0,0.0,0.0,0.0,0.0,0.0,1.0,0.0,0.0,0.0,0.0,1.0,0.0,0.0,0.0,0.0,0.0,0.0,0.0,0.0
0.037996545768566495,0.0,0.0,0.10645161290322581,0.030612244897959183,0.012461059190031154,0.0,0.0,0.0,0.8461538461538538,0.375,0.375,0.0,0.0,0.0,0.0,1.0,0.0,0.0,0.0,0.0,0.0,0.0,0.0,1.0,0.0,0.0,0.0,0.0,0.0,0.0,0.0
0.1001727115716753,0.1276595744680851,0.1702127659574468,0.18924731182795695,0.08333333333333334,0.328141225337487,0.24,1.0,0.17543859649122806,0.948717948717956,0.125,0.375,0.0,0.0,0.0,1.0,0.0,0.0,0.0,0.0,0.0,0.0,0.0,0.0,1.0,0.0,0.0,0.0,0.0,0.0,0.0,0.0
0.013816925734024179,0.0,0.0,0.9827956989247312,0.7074829931972788,0.12876427829698855,0.0,0.0,0.0,0.8974358974358978,0.625,0.375,0.0,0.0,1.0,0.0,0.0,0.0,0.0,0.0,0.0,0.0,0.0,1.0,0.0,0.0,0.0,0.0,0.0,0.0,0.0,0.0
0.07253886010362694,0.2978723404255319,0.0425531914893617,0.1935483870967742,0.37755102040816324,0.26375908618899274,0.24,0.6000000000000001,0.21052631578947367,0.7948717948717956,0.625,0.625,0.4,0.0,1.0,0.0,0.0,0.0,0.0,0.0,0.0,0.0,0.0,0.0,1.0,0.0,0.0,0.0,0.0,0.0,0.0,0.0
0.08981001727115716,0.2127659574468085,0.1702127659574468,0.2129032258064516,0.2312925170068027,0.08099688473520249,0.16,0.6000000000000001,0.21052631578947367,0.8461538461538538,0.625,0.625,1.0,0.0,1.0,0.0,0.0,0.0,0.0,0.0,0.0,0.0,0.0,0.0,1.0,0.0,0.0,0.0,0.0,0.0,0.0,0.0
0.04490500863557858,0.0,0.0,0.7526881720430108,0.4557823129251701,0.1391484942886812,0.0,0.0,0.0,0.7948717948717956,0.375,0.45833333333333304,0.0,0.0,1.0,0.0,0.0,0.0,0.0,0.0,0.0,0.0,0.0,1.0,0.0,0.0,0.0,0.0,0.0,0.0,0.0,0.0
1.0,1.0,1.0,0.5268817204301075,0.5850340136054422,0.9999999999999999,0.56,0.6000000000000001,0.42105263157894735,0.8974358974358978,0.625,0.625,0.0,0.0,1.0,0.0,0.0,0.0,0.0,0.0,0.0,0.0,0.0,0.0,1.0,0.0,0.0,0.0,0.0,0.0,0.0,0.0
0.04490500863557858,0.0425531914893617,0.0,0.10645161290322581,0.030612244897959183,0.037383177570093455,0.0,0.0,0.0,0.8461538461538538,0.375,0.375,0.0,0.0,0.0,0.0,1.0,0.0,0.0,0.0,0.0,0.0,0.0,0.0,1.0,0.0,0.0,0.0,0.0,0.0,0.0,0.0
1.0,1.0,1.0,0.535483870967742,0.2585034013605442,0.9999999999999999,1.0,0.6000000000000001,1.0,0.2820512820512846,0.875,0.625,0.0,0.0,0.0,0.0,0.0,0.0,1.0,0.0,0.0,0.0,0.0,0.0,1.0,0.0,0.0,0.0,0.0,0.0,0.0,0.0
0.2625215889464594,0.1276595744680851,0.1702127659574468,0.1935483870967742,0.22619047619047616,0.20976116303219106,0.32,1.0,0.3157894736842105,0.2820512820512846,0.625,0.625,0.0,0.0,1.0,0.0,0.0,0.0,0.0,0.0,0.0,0.0,0.0,0.0,1.0,0.0,0.0,0.0,0.0,0.0,0.0,0.0
0.031088082901554404,0.0,0.0,0.3655913978494624,0.3112244897959184,0.04984423676012461,0.0,0.0,0.0,0.7948717948717956,0.625,0.625,0.0,0.0,0.0,0.0,0.0,0.0,0.0,0.0,0.0,1.0,0.0,0.0,0.0,0.0,0.0,0.0,0.0,1.0,0.0,0.0
0.031088082901554404,0.0,0.0,0.7096774193548387,0.7857142857142856,0.041536863966770504,0.0,0.0,0.0,0.948717948717956,0.625,0.625,0.0,0.0,1.0,0.0,0.0,0.0,0.0,0.0,0.0,0.0,0.0,0.0,1.0,0.0,0.0,0.0,0.0,0.0,0.0,0.0
0.1312607944732297,0.425531914893617,0.2127659574468085,0.15053763440860213,0.09523809523809523,0.37175493250259606,0.56,0.6000000000000001,0.6666666666666666,0.1282051282051242,0.625,0.375,1.0,0.0,0.0,0.0,0.0,0.0,0.0,0.0,0.0,0.0,0.0,0.0,0.0,0.0,0.0,0.0,0.0,0.0,1.0,0.0
0.19689119170984454,0.3404255319148936,0.5106382978723404,0.2150537634408602,0.09523809523809523,0.3406022845275182,0.32,0.6000000000000001,0.631578947368421,0.487179487179489,0.0,0.2916666666666665,0.0,0.0,0.0,0.0,0.0,1.0,0.0,0.0,0.0,0.0,0.0,0.0,0.0,0.0,0.0,0.0,0.0,0.0,0.0,1.0
0.39723661485319517,1.0,1.0,0.535483870967742,0.6666666666666666,0.9999999999999999,1.0,1.0,1.0,0.7435897435897516,0.625,0.625,0.4,0.0,0.0,0.0,0.0,0.0,1.0,0.0,0.0,0.0,0.0,0.0,1.0,0.0,0.0,0.0,0.0,0.0,0.0,0.0
0.386873920552677,0.2978723404255319,0.425531914893617,0.1935483870967742,0.17687074829931973,0.7746625129802699,0.56,1.0,0.42105263157894735,0.7435897435897516,0.375,0.45833333333333304,0.0,0.0,1.0,0.0,0.0,0.0,0.0,0.0,0.0,0.0,0.0,0.0,0.0,0.0,0.0,0.0,0.0,0.0,1.0,0.0
0.16580310880829013,0.0,0.0,0.25806451612903225,0.163265306122449,0.12876427829698855,0.0,0.0,0.0,0.7435897435897516,0.375,0.45833333333333304,0.0,0.0,0.0,0.0,0.0,0.0,0.0,0.0,0.0,1.0,0.0,0.0,0.0,0.0,0.0,0.0,0.0,1.0,0.0,0.0
0.4421416234887737,0.2978723404255319,0.2127659574468085,0.42795698924731185,0.29931972789115646,0.23052959501557632,0.16,0.6000000000000001,0.21052631578947367,0.487179487179489,0.625,0.625,0.8000000000000002,0.0,0.0,0.0,0.0,0.0,1.0,0.0,0.0,0.0,0.0,0.0,1.0,0.0,0.0,0.0,0.0,0.0,0.0,0.0
0.10362694300518134,0.1702127659574468,0.0,0.4946236559139785,0.35374149659863946,0.12876427829698855,0.0,0.0,0.0,0.6923076923076934,1.0,1.0,0.0,0.0,1.0,0.0,0.0,0.0,0.0,0.0,0.0,0.0,0.0,1.0,0.0,0.0,0.0,0.0,0.0,0.0,0.0,0.0
0.06217616580310881,0.0425531914893617,0.0425531914893617,0.30967741935483867,0.29931972789115646,0.15368639667705086,0.32,1.0,0.14035087719298245,0.8974358974358978,0.625,0.375,0.0,0.0,1.0,0.0,0.0,0.0,0.0,0.0,0.0,0.0,0.0,0.0,1.0,0.0,0.0,0.0,0.0,0.0,0.0,0.0
0.4801381692573402,0.46808510638297873,0.425531914893617,0.7526881720430108,0.5986394557823128,0.407061266874351,0.24,0.6000000000000001,0.38596491228070173,0.487179487179489,0.625,0.625,0.0,0.0,0.0,0.0,0.0,0.0,0.0,0.0,1.0,0.0,0.0,0.0,0.0,0.0,1.0,0.0,0.0,0.0,0.0,0.0
0.44559585492227977,0.2978723404255319,0.7659574468085106,0.47096774193548385,0.5034013605442176,0.15784008307372793,0.16,0.6000000000000001,0.42105263157894735,0.435897435897445,0.625,0.625,1.0,0.0,0.0,0.0,0.0,0.0,1.0,0.0,0.0,0.0,0.0,1.0,0.0,0.0,0.0,0.0,0.0,0.0,0.0,0.0
0.690846286701209,1.0,1.0,0.3870967741935484,0.3945578231292517,0.9657320872274142,1.0,0.6000000000000001,1.0,0.5897435897435912,0.625,0.375,0.0,1.0,0.0,0.0,0.0,0.0,0.0,0.0,0.0,0.0,0.0,0.0,1.0,0.0,0.0,0.0,0.0,0.0,0.0,0.0
0.09671848013816925,0.2978723404255319,0.2978723404255319,0.16559139784946236,0.272108843537415,0.3032191069574247,0.4,1.0,0.3508771929824561,0.0769230769230802,0.375,0.375,0.4,0.0,1.0,0.0,0.0,0.0,0.0,0.0,0.0,0.0,0.0,0.0,1.0,0.0,0.0,0.0,0.0,0.0,0.0,0.0
0.12435233160621761,0.0,0.0,0.4731182795698925,0.35034013605442177,0.17030114226375906,0.0,0.0,0.0,0.948717948717956,0.625,0.375,1.0,0.0,0.0,0.0,0.0,0.0,0.0,1.0,0.0,0.0,0.0,1.0,0.0,0.0,0.0,0.0,0.0,0.0,0.0,0.0
0.2556131260794473,0.1702127659574468,0.2553191489361702,0.18172043010752686,0.0816326530612245,0.16407061266874348,0.0,1.0,0.14035087719298245,0.8461538461538538,0.375,0.375,0.0,0.0,0.0,0.0,1.0,0.0,0.0,0.0,0.0,0.0,0.0,0.0,0.0,1.0,0.0,0.0,0.0,0.0,0.0,0.0
1.0,1.0,0.7234042553191489,0.535483870967742,0.2585034013605442,0.9595015576323986,0.64,0.6000000000000001,0.9824561403508771,0.3846153846153868,0.0,0.125,0.0,0.0,0.0,0.0,0.0,0.0,1.0,0.0,0.0,0.0,0.0,0.0,0.0,0.0,1.0,0.0,0.0,0.0,0.0,0.0
0.08290155440414507,0.0851063829787234,0.2553191489361702,0.5473118279569892,0.32653061224489793,0.21599169262720663,0.4,1.0,0.21052631578947367,0.8461538461538538,0.375,0.375,0.0,0.0,0.0,0.0,1.0,0.0,0.0,0.0,0.0,0.0,0.0,1.0,0.0,0.0,0.0,0.0,0.0,0.0,0.0,0.0
0.09326424870466321,0.1276595744680851,0.0,0.9999999999999999,0.8843537414965985,0.41952232606438217,0.0,0.6000000000000001,0.03508771929824561,0.948717948717956,1.0,1.0,0.0,0.0,1.0,0.0,0.0,0.0,0.0,0.0,0.0,0.0,0.0,0.0,0.0,0.0,0.0,0.0,0.0,1.0,0.0,0.0
0.4559585492227979,0.5531914893617021,0.1702127659574468,0.4301075268817204,0.217687074829932,0.2388369678089304,0.24,1.0,0.6666666666666666,0.0769230769230802,0.625,0.625,0.0,0.0,0.0,0.0,0.0,0.0,0.0,0.0,1.0,0.0,0.0,1.0,0.0,0.0,0.0,0.0,0.0,0.0,0.0,0.0
0.6666666666666666,0.3404255319148936,1.0,0.535483870967742,0.5034013605442176,0.7559709241952232,0.96,0.6000000000000001,1.0,0.3846153846153868,0.625,0.625,0.8000000000000002,0.0,0.0,0.0,0.0,0.0,1.0,0.0,0.0,0.0,0.0,0.0,1.0,0.0,0.0,0.0,0.0,0.0,0.0,0.0
0.15889464594127806,0.0851063829787234,0.3404255319148936,0.47096774193548385,0.4761904761904762,0.18483904465212875,0.24,0.6000000000000001,0.24561403508771928,0.3333333333333428,0.625,0.625,1.0,0.0,1.0,0.0,0.0,0.0,0.0,0.0,0.0,0.0,0.0,0.0,0.0,0.0,0.0,0.0,0.0,0.0,1.0,0.0
0.7530224525043178,1.0,1.0,0.47096774193548385,0.4761904761904762,0.9999999999999999,1.0,0.6000000000000001,1.0,0.1794871794871824,0.625,0.625,0.4,0.0,0.0,0.0,0.0,0.0,1.0,0.0,0.0,0.0,0.0,0.0,1.0,0.0,0.0,0.0,0.0,0.0,0.0,0.0
0.25906735751295334,0.3404255319148936,0.3829787234042553,0.8924731182795699,0.5578231292517006,0.3302180685358255,0.08,1.0,0.3157894736842105,0.6410256410256494,0.625,0.375,1.0,0.0,1.0,0.0,0.0,0.0,0.0,0.0,0.0,0.0,0.0,0.0,1.0,0.0,0.0,0.0,0.0,0.0,0.0,0.0
0.024179620034542312,0.0,0.0,0.08602150537634408,0.06462585034013604,0.1723779854620976,0.0,0.0,0.0,0.8461538461538538,0.625,0.375,0.0,0.0,1.0,0.0,0.0,0.0,0.0,0.0,0.0,0.0,0.0,0.0,0.0,0.0,0.0,0.0,0.0,0.0,1.0,0.0
0.1381692573402418,0.1276595744680851,0.3404255319148936,0.27956989247311825,0.2312925170068027,0.026998961578400833,0.0,0.6000000000000001,0.03508771929824561,0.8974358974358978,0.625,0.625,0.0,1.0,0.0,0.0,0.0,0.0,0.0,0.0,0.0,0.0,0.0,0.0,1.0,0.0,0.0,0.0,0.0,0.0,0.0,0.0
0.538860103626943,0.3404255319148936,0.6382978723404256,0.47096774193548385,0.4761904761904762,0.3904465212876428,0.64,1.0,0.49122807017543857,0.3846153846153868,0.625,0.625,0.8000000000000002,0.0,0.0,0.0,0.0,0.0,1.0,0.0,0.0,0.0,0.0,0.0,1.0,0.0,0.0,0.0,0.0,0.0,0.0,0.0
0.11398963730569947,0.1702127659574468,0.0851063829787234,0.3225806451612903,0.35374149659863946,0.10799584631360333,0.08,1.0,0.03508771929824561,0.7948717948717956,0.625,0.625,0.0,0.0,1.0,0.0,0.0,0.0,0.0,0.0,0.0,0.0,0.0,0.0,0.0,0.0,1.0,0.0,0.0,0.0,0.0,0.0
0.08290155440414507,0.0425531914893617,0.3404255319148936,0.13870967741935486,0.05442176870748299,0.11838006230529595,0.4,1.0,0.24561403508771928,0.8461538461538538,0.375,0.375,0.0,0.0,0.0,0.0,1.0,0.0,0.0,0.0,0.0,0.0,0.0,0.0,1.0,0.0,0.0,0.0,0.0,0.0,0.0,0.0
0.18998272884283246,0.1276595744680851,0.1276595744680851,0.5376344086021505,0.5578231292517006,0.16614745586708202,0.16,0.6000000000000001,0.10526315789473684,0.2307692307692406,0.625,0.708333333333333,0.0,0.0,0.0,0.0,0.0,0.0,0.0,0.0,0.0,0.0,0.0,0.0,1.0,0.0,0.0,0.0,0.0,0.0,0.0,0.0
0.5664939550949913,0.1276595744680851,0.2553191489361702,0.9999999999999999,1.0,0.24922118380062305,0.16,0.6000000000000001,0.10526315789473684,0.7435897435897516,0.625,0.625,1.0,0.0,0.0,0.0,0.0,0.0,1.0,0.0,0.0,0.0,0.0,0.0,1.0,0.0,0.0,0.0,0.0,0.0,0.0,0.0
0.09671848013816925,0.0851063829787234,0.0,0.5376344086021505,0.46258503401360546,0.024922118380062305,0.0,1.0,0.03508771929824561,0.2820512820512846,0.625,0.375,0.0,0.0,0.0,0.0,0.0,0.0,0.0,0.0,1.0,0.0,0.0,0.0,1.0,0.0,0.0,0.0,0.0,0.0,0.0,0.0
0.0690846286701209,0.0,0.0,0.9999999999999999,1.0,0.014537902388369679,0.0,0.0,0.0,0.8974358974358978,0.625,0.625,1.0,0.0,0.0,0.0,0.0,0.0,1.0,0.0,0.0,0.0,0.0,0.0,1.0,0.0,0.0,0.0,0.0,0.0,0.0,0.0
0.06217616580310881,0.0,0.0,0.253763440860215,0.217687074829932,0.07892004153686397,0.0,0.0,0.0,0.8974358974358978,0.625,0.375,0.0,0.0,0.0,0.0,0.0,0.0,0.0,0.0,0.0,0.0,1.0,0.0,0.0,0.0,1.0,0.0,0.0,0.0,0.0,0.0
0.09326424870466321,0.0,0.0425531914893617,0.23655913978494625,0.32653061224489793,0.006230529595015576,0.0,0.0,0.0,0.7435897435897516,0.625,0.375,1.0,1.0,0.0,0.0,0.0,0.0,0.0,0.0,0.0,0.0,0.0,0.0,1.0,0.0,0.0,0.0,0.0,0.0,0.0,0.0
0.048359240069084625,0.0851063829787234,0.0,0.4086021505376344,0.35374149659863946,0.02284527518172378,0.0,0.0,0.0,0.8974358974358978,0.625,0.625,0.0,1.0,0.0,0.0,0.0,0.0,0.0,0.0,0.0,0.0,0.0,0.0,0.0,0.0,1.0,0.0,0.0,0.0,0.0,0.0
0.386873920552677,0.425531914893617,0.0851063829787234,0.9677419354838709,0.8707482993197279,0.19937694704049844,0.16,0.6000000000000001,0.17543859649122806,0.6410256410256494,0.625,0.625,0.0,0.0,0.0,0.0,0.0,0.0,0.0,0.0,1.0,0.0,0.0,1.0,0.0,0.0,0.0,0.0,0.0,0.0,0.0,0.0
0.1312607944732297,0.46808510638297873,0.1702127659574468,0.36451612903225805,0.20408163265306123,0.09138110072689512,0.08,1.0,0.21052631578947367,0.8974358974358978,0.375,0.375,0.0,0.0,0.0,0.0,1.0,0.0,0.0,0.0,0.0,0.0,0.0,0.0,1.0,0.0,0.0,0.0,0.0,0.0,0.0,0.0
0.1070811744386874,0.3404255319148936,0.0425531914893617,0.34301075268817205,0.19387755102040816,0.35514018691588783,0.16,0.6000000000000001,0.14035087719298245,0.8974358974358978,0.375,0.375,0.0,0.0,0.0,0.0,1.0,0.0,0.0,0.0,0.0,0.0,0.0,0.0,1.0,0.0,0.0,0.0,0.0,0.0,0.0,0.0
0.33506044905008636,0.1276595744680851,0.0425531914893617,0.5376344086021505,0.5306122448979591,0.16614745586708202,0.08,0.6000000000000001,0.21052631578947367,0.5384615384615472,0.625,0.625,0.0,0.0,0.0,0.0,0.0,0.0,0.0,0.0,1.0,0.0,0.0,0.0,0.0,1.0,0.0,0.0,0.0,0.0,0.0,0.0
0.42141623488773744,0.2978723404255319,0.5106382978723404,0.4086021505376344,0.163265306122449,0.04361370716510903,0.0,0.6000000000000001,0.07017543859649122,0.7435897435897516,0.625,0.375,0.0,1.0,0.0,0.0,0.0,0.0,0.0,0.0,0.0,0.0,0.0,0.0,1.0,0.0,0.0,0.0,0.0,0.0,0.0,0.0
0.11398963730569947,0.0425531914893617,0.0425531914893617,0.6021505376344086,0.2857142857142857,0.05399792315680166,0.0,0.0,0.0,0.8974358974358978,0.375,0.45833333333333304,0.0,0.0,1.0,0.0,0.0,0.0,0.0,0.0,0.0,0.0,0.0,1.0,0.0,0.0,0.0,0.0,0.0,0.0,0.0,0.0
0.017271157167530225,0.0,0.0425531914893617,0.29032258064516125,0.20068027210884354,0.10176531671858775,0.0,1.0,0.07017543859649122,0.8974358974358978,0.375,0.375,0.0,0.0,1.0,0.0,0.0,0.0,0.0,0.0,0.0,0.0,0.0,0.0,1.0,0.0,0.0,0.0,0.0,0.0,0.0,0.0
0.037996545768566495,0.0425531914893617,0.0425531914893617,0.1279569892473118,0.04761904761904762,0.018691588785046728,0.0,0.0,0.0,0.8461538461538538,0.375,0.375,0.0,0.0,0.0,0.0,1.0,0.0,0.0,0.0,0.0,0.0,0.0,0.0,1.0,0.0,0.0,0.0,0.0,0.0,0.0,0.0
0.1070811744386874,0.2127659574468085,0.2978723404255319,0.2150537634408602,0.2925170068027211,0.36967808930425755,0.56,1.0,0.38596491228070173,0.6923076923076934,0.625,0.625,0.0,0.0,1.0,0.0,0.0,0.0,0.0,0.0,0.0,0.0,0.0,0.0,1.0,0.0,0.0,0.0,0.0,0.0,0.0,0.0
0.11398963730569947,0.1276595744680851,0.0851063829787234,0.2129032258064516,0.2585034013605442,0.056074766355140186,0.0,1.0,0.21052631578947367,0.8461538461538538,0.625,0.625,1.0,0.0,1.0,0.0,0.0,0.0,0.0,0.0,0.0,0.0,0.0,0.0,0.0,0.0,0.0,1.0,0.0,0.0,0.0,0.0
0.09326424870466321,0.1702127659574468,0.1702127659574468,0.5913978494623656,0.8299319727891156,0.07892004153686397,0.16,0.6000000000000001,0.14035087719298245,0.435897435897445,0.125,0.375,0.0,0.0,0.0,0.0,0.0,0.0,0.0,0.0,0.0,0.0,0.0,0.0,1.0,0.0,0.0,0.0,0.0,0.0,0.0,0.0
0.017271157167530225,0.0425531914893617,0.0,0.24731182795698925,0.06122448979591837,0.024922118380062305,0.08,1.0,0.03508771929824561,0.7435897435897516,1.0,0.7916666666666665,0.0,0.0,1.0,0.0,0.0,0.0,0.0,0.0,0.0,0.0,0.0,0.0,0.0,0.0,0.0,0.0,0.0,0.0,1.0,0.0
1.0,1.0,1.0,0.47096774193548385,0.5034013605442176,0.9999999999999999,1.0,1.0,1.0,0.487179487179489,0.625,0.625,0.4,0.0,0.0,0.0,0.0,0.0,1.0,0.0,0.0,0.0,0.0,0.0,1.0,0.0,0.0,0.0,0.0,0.0,0.0,0.0
0.24179620034542312,0.0425531914893617,0.2127659574468085,0.5204301075268817,0.4761904761904762,0.3073727933541018,0.08,0.6000000000000001,0.17543859649122806,1.0,0.625,0.375,0.0,0.0,1.0,0.0,0.0,0.0,0.0,0.0,0.0,0.0,0.0,0.0,0.0,1.0,0.0,0.0,0.0,0.0,0.0,0.0
0.009740932642487045,1.0,1.0,0.5376344086021505,0.6258503401360543,0.9999999999999999,1.0,0.6000000000000001,1.0,0.3333333333333428,0.625,0.375,0.0,0.0,1.0,0.0,0.0,0.0,0.0,0.0,0.0,0.0,0.0,1.0,0.0,0.0,0.0,0.0,0.0,0.0,0.0,0.0
0.25906735751295334,0.5957446808510638,0.2978723404255319,0.23655913978494625,0.2108843537414966,0.5441329179646937,0.32,1.0,0.21052631578947367,0.8461538461538538,0.375,0.45833333333333304,0.0,0.0,1.0,0.0,0.0,0.0,0.0,0.0,0.0,0.0,0.0,0.0,1.0,0.0,0.0,0.0,0.0,0.0,0.0,0.0
0.2694300518134715,0.425531914893617,0.2553191489361702,0.9677419354838709,0.4387755102040816,0.4174454828660436,0.16,1.0,0.17543859649122806,0.5897435897435912,0.875,0.45833333333333304,0.0,0.0,1.0,0.0,0.0,0.0,0.0,0.0,0.0,0.0,0.0,1.0,0.0,0.0,0.0,0.0,0.0,0.0,0.0,0.0
1.0,1.0,1.0,0.4516129032258064,0.4489795918367347,0.9999999999999999,1.0,0.6000000000000001,1.0,0.6923076923076934,0.625,0.625,0.8000000000000002,1.0,0.0,0.0,0.0,0.0,0.0,0.0,0.0,0.0,0.0,0.0,1.0,0.0,0.0,0.0,0.0,0.0,0.0,0.0
0.05181347150259067,0.0851063829787234,0.0851063829787234,0.7634408602150538,0.38095238095238093,0.014537902388369679,0.08,1.0,0.03508771929824561,0.8974358974358978,0.375,0.45833333333333304,0.4,0.0,1.0,0.0,0.0,0.0,0.0,0.0,0.0,0.0,0.0,1.0,0.0,0.0,0.0,0.0,0.0,0.0,0.0,0.0
1.0,1.0,1.0,0.535483870967742,0.5850340136054422,0.9999999999999999,1.0,0.6000000000000001,1.0,0.2820512820512846,0.625,0.625,0.0,0.0,0.0,0.0,0.0,0.0,1.0,0.0,0.0,0.0,0.0,0.0,1.0,0.0,0.0,0.0,0.0,0.0,0.0,0.0
0.09326424870466321,0.0425531914893617,0.1276595744680851,0.4086021505376344,0.3129251700680272,0.08099688473520249,0.08,0.20000000000000018,0.03508771929824561,0.7435897435897516,0.375,0.45833333333333304,0.0,0.0,0.0,0.0,0.0,0.0,0.0,0.0,0.0,1.0,0.0,1.0,0.0,0.0,0.0,0.0,0.0,0.0,0.0,0.0
0.3246977547495682,0.1276595744680851,0.0851063829787234,0.3763440860215054,0.24489795918367346,0.1557632398753894,0.0,0.6000000000000001,0.03508771929824561,0.5897435897435912,0.625,0.375,0.0,0.0,1.0,0.0,0.0,0.0,0.0,0.0,0.0,0.0,0.0,0.0,0.0,0.0,0.0,0.0,1.0,0.0,0.0,0.0
0.35233160621761656,0.5531914893617021,0.5106382978723404,0.12903225806451613,0.2585034013605442,0.7061266874350985,0.48,1.0,0.2807017543859649,0.0,0.625,0.375,1.0,0.0,1.0,0.0,0.0,0.0,0.0,0.0,0.0,0.0,0.0,0.0,1.0,0.0,0.0,0.0,0.0,0.0,0.0,0.0
0.05872193436960276,0.0851063829787234,0.0425531914893617,0.2043010752688172,0.2857142857142857,0.07892004153686397,0.08,1.0,0.10526315789473684,0.6410256410256494,1.0,0.625,0.0,0.0,1.0,0.0,0.0,0.0,0.0,0.0,0.0,0.0,0.0,1.0,0.0,0.0,0.0,0.0,0.0,0.0,0.0,0.0
0.031088082901554404,0.0851063829787234,0.0425531914893617,0.521505376344086,0.5051020408163265,0.12876427829698855,0.0,0.0,0.0,0.7948717948717956,0.375,0.45833333333333304,0.4,0.0,1.0,0.0,0.0,0.0,0.0,0.0,0.0,0.0,0.0,0.0,1.0,0.0,0.0,0.0,0.0,0.0,0.0,0.0
0.020725388601036267,0.0,0.0425531914893617,0.06451612903225808,0.17687074829931973,0.0893042575285566,0.0,0.0,0.0,0.8974358974358978,0.625,0.375,0.8000000000000002,0.0,1.0,0.0,0.0,0.0,0.0,0.0,0.0,0.0,0.0,0.0,0.0,0.0,0.0,0.0,0.0,0.0,1.0,0.0
0.055267702936096716,0.0425531914893617,0.2127659574468085,0.21397849462365592,0.1054421768707483,0.02284527518172378,0.08,0.6000000000000001,0.03508771929824561,0.8974358974358978,0.375,0.375,0.4,0.0,0.0,0.0,1.0,0.0,0.0,0.0,0.0,0.0,0.0,0.0,1.0,0.0,0.0,0.0,0.0,0.0,0.0,0.0
0.22107081174438686,0.1276595744680851,0.2127659574468085,0.7526881720430108,0.6394557823129251,0.4236760124610592,0.24,0.6000000000000001,0.21052631578947367,0.7948717948717956,0.375,0.45833333333333304,0.0,0.0,1.0,0.0,0.0,0.0,0.0,0.0,0.0,0.0,0.0,0.0,1.0,0.0,0.0,0.0,0.0,0.0,0.0,0.0
0.010362694300518133,0.0425531914893617,0.0425531914893617,0.4193548387096774,0.40816326530612246,0.11838006230529595,0.08,1.0,0.03508771929824561,0.8461538461538538,0.625,0.625,0.0,0.0,1.0,0.0,0.0,0.0,0.0,0.0,0.0,0.0,0.0,0.0,1.0,0.0,0.0,0.0,0.0,0.0,0.0,0.0
0.14162348877374784,0.2978723404255319,0.2978723404255319,0.08602150537634408,0.19047619047619047,0.4963655244029076,0.4,1.0,0.24561403508771928,0.6410256410256494,0.625,0.625,0.0,0.0,1.0,0.0,0.0,0.0,0.0,0.0,0.0,0.0,0.0,0.0,0.0,0.0,1.0,0.0,0.0,0.0,0.0,0.0
0.04490500863557858,0.0,0.0,0.6236559139784946,0.29931972789115646,0.13499480789200413,0.0,0.0,0.0,0.7948717948717956,0.375,0.45833333333333304,0.0,0.0,1.0,0.0,0.0,0.0,0.0,0.0,0.0,0.0,0.0,1.0,0.0,0.0,0.0,0.0,0.0,0.0,0.0,0.0
0.06217616580310881,0.0851063829787234,0.0851063829787234,0.2129032258064516,0.195578231292517,0.026998961578400833,0.16,0.6000000000000001,0.10526315789473684,0.8461538461538538,0.625,0.625,1.0,0.0,1.0,0.0,0.0,0.0,0.0,0.0,0.0,0.0,0.0,0.0,1.0,0.0,0.0,0.0,0.0,0.0,0.0,0.0
0.024179620034542312,0.0,0.0,0.1935483870967742,0.14965986394557823,0.0,0.0,0.0,0.0,0.948717948717956,0.625,0.625,0.0,1.0,0.0,0.0,0.0,0.0,0.0,0.0,0.0,0.0,0.0,0.0,0.0,0.0,1.0,0.0,0.0,0.0,0.0,0.0
0.4421416234887737,0.5957446808510638,0.46808510638297873,0.6451612903225806,0.5986394557823128,0.4652128764278297,1.0,1.0,1.0,0.3846153846153868,0.625,0.625,0.0,0.0,1.0,0.0,0.0,0.0,0.0,0.0,0.0,0.0,0.0,0.0,1.0,0.0,0.0,0.0,0.0,0.0,0.0,0.0
1.0,1.0,1.0,0.12903225806451613,0.2568027210884354,0.9999999999999999,1.0,1.0,1.0,0.8461538461538538,0.625,0.375,0.4,0.0,1.0,0.0,0.0,0.0,0.0,0.0,0.0,0.0,0.0,0.0,1.0,0.0,0.0,0.0,0.0,0.0,0.0,0.0
0.017271157167530225,0.0,0.0,0.4731182795698925,0.217687074829932,0.03530633437175493,0.0,0.0,0.03508771929824561,0.8974358974358978,0.375,0.45833333333333304,0.0,0.0,1.0,0.0,0.0,0.0,0.0,0.0,0.0,0.0,0.0,1.0,0.0,0.0,0.0,0.0,0.0,0.0,0.0,0.0
0.09326424870466321,0.0425531914893617,0.0,0.2129032258064516,0.20578231292517007,0.07061266874350987,0.0,0.0,0.0,0.8461538461538538,0.625,0.625,1.0,0.0,1.0,0.0,0.0,0.0,0.0,0.0,0.0,0.0,0.0,1.0,0.0,0.0,0.0,0.0,0.0,0.0,0.0,0.0
0.055267702936096716,0.0,0.0425531914893617,0.2129032258064516,0.2534013605442177,0.03530633437175493,0.0,0.0,0.0,0.8461538461538538,0.625,0.625,1.0,0.0,1.0,0.0,0.0,0.0,0.0,0.0,0.0,0.0,0.0,0.0,0.0,0.0,0.0,0.0,0.0,0.0,0.0,1.0
0.5112262521588946,0.46808510638297873,0.425531914893617,0.3225806451612903,0.20408163265306123,0.45067497403946005,0.32,0.6000000000000001,0.38596491228070173,0.6410256410256494,0.625,0.625,0.0,0.0,0.0,0.0,0.0,1.0,0.0,0.0,0.0,0.0,0.0,1.0,0.0,0.0,0.0,0.0,0.0,0.0,0.0,0.0
0.25215889464594127,0.9361702127659575,0.5957446808510638,0.6666666666666666,0.4489795918367347,0.48805815160955346,0.96,1.0,1.0,0.5384615384615472,0.625,0.625,0.0,0.0,1.0,0.0,0.0,0.0,0.0,0.0,0.0,0.0,0.0,0.0,0.0,0.0,0.0,0.0,0.0,0.0,0.0,1.0
0.2659758203799654,0.1276595744680851,0.0425531914893617,0.7526881720430108,0.6020408163265305,0.26583592938733125,0.0,1.0,0.07017543859649122,0.8974358974358978,0.375,0.375,0.0,0.0,1.0,0.0,0.0,0.0,0.0,0.0,0.0,0.0,0.0,0.0,0.0,0.0,0.0,1.0,0.0,0.0,0.0,0.0
0.36614853195164077,0.2127659574468085,0.2127659574468085,0.535483870967742,0.5306122448979591,0.1308411214953271,0.4,0.6000000000000001,0.2807017543859649,0.5897435897435912,0.625,0.625,0.8000000000000002,0.0,0.0,0.0,0.0,0.0,1.0,0.0,0.0,0.0,0.0,0.0,1.0,0.0,0.0,0.0,0.0,0.0,0.0,0.0
0.08635578583765112,0.1276595744680851,0.0,0.321505376344086,0.17687074829931973,0.060228452751817235,0.0,0.6000000000000001,0.03508771929824561,0.948717948717956,0.375,0.375,0.0,0.0,0.0,0.0,1.0,0.0,0.0,0.0,0.0,0.0,0.0,1.0,0.0,0.0,0.0,0.0,0.0,0.0,0.0,0.0
0.5215889464594128,0.7234042553191489,1.0,0.535483870967742,0.693877551020408,0.6728971962616822,1.0,1.0,1.0,0.5384615384615472,0.625,0.625,0.4,0.0,0.0,0.0,0.0,0.0,1.0,0.0,0.0,0.0,0.0,0.0,1.0,0.0,0.0,0.0,0.0,0.0,0.0,0.0
0.5457685664939551,0.6808510638297872,1.0,0.535483870967742,0.5306122448979591,0.4091381100726895,0.88,0.6000000000000001,1.0,0.487179487179489,0.625,0.625,0.4,0.0,0.0,0.0,0.0,0.0,1.0,0.0,0.0,0.0,0.0,0.0,1.0,0.0,0.0,0.0,0.0,0.0,0.0,0.0
0.7046632124352331,0.9361702127659575,0.425531914893617,0.9677419354838709,0.7346938775510203,0.5856697819314641,0.96,1.0,1.0,0.2820512820512846,0.625,0.625,0.0,0.0,1.0,0.0,0.0,0.0,0.0,0.0,0.0,0.0,0.0,0.0,0.0,0.0,0.0,0.0,0.0,1.0,0.0,0.0
0.1381692573402418,0.1702127659574468,0.1276595744680851,0.2150537634408602,0.24489795918367346,0.14745586708203529,0.08,1.0,0.24561403508771928,0.487179487179489,0.625,0.625,0.0,0.0,1.0,0.0,0.0,0.0,0.0,0.0,0.0,0.0,0.0,0.0,1.0,0.0,0.0,0.0,0.0,0.0,0.0,0.0
0.3005181347150259,0.3829787234042553,0.7659574468085106,0.3655913978494624,0.391156462585034,0.3052959501557633,0.48,1.0,0.42105263157894735,0.2307692307692406,0.625,0.708333333333333,0.0,0.0,0.0,0.0,0.0,0.0,0.0,0.0,0.0,0.0,0.0,0.0,1.0,0.0,0.0,0.0,0.0,0.0,0.0,0.0
0.7633851468048359,0.5531914893617021,0.0851063829787234,0.8602150537634409,0.8571428571428571,0.35514018691588783,0.08,1.0,0.24561403508771928,0.8461538461538538,0.625,0.625,0.0,0.0,0.0,0.0,0.0,0.0,0.0,0.0,1.0,0.0,0.0,0.0,0.0,1.0,0.0,0.0,0.0,0.0,0.0,0.0
0.3143350604490501,0.425531914893617,1.0,0.47096774193548385,0.5034013605442176,0.4382139148494289,0.96,0.6000000000000001,0.8070175438596491,0.5384615384615472,0.625,0.625,1.0,0.0,0.0,0.0,0.0,0.0,1.0,0.0,0.0,0.0,0.0,0.0,1.0,0.0,0.0,0.0,0.0,0.0,0.0,0.0
1.0,1.0,1.0,0.002150537634408603,0.9251700680272108,0.9999999999999999,1.0,1.0,1.0,0.7948717948717956,0.125,0.375,0.0,0.0,1.0,0.0,0.0,0.0,0.0,0.0,0.0,0.0,0.0,0.0,1.0,0.0,0.0,0.0,0.0,0.0,0.0,0.0
0.542314335060449,0.5531914893617021,0.425531914893617,0.535483870967742,0.6394557823129251,0.1889927310488058,0.24,0.6000000000000001,0.3157894736842105,0.5384615384615472,0.625,0.625,0.8000000000000002,0.0,0.0,0.0,0.0,0.0,1.0,0.0,0.0,0.0,0.0,0.0,1.0,0.0,0.0,0.0,0.0,0.0,0.0,0.0
0.010362694300518133,0.0425531914893617,0.0,0.3010752688172043,0.2755102040816326,0.1973001038421599,0.0,0.0,0.0,0.7948717948717956,0.375,0.375,0.8000000000000002,0.0,1.0,0.0,0.0,0.0,0.0,0.0,0.0,0.0,0.0,0.0,1.0,0.0,0.0,0.0,0.0,0.0,0.0,0.0
0.11398963730569947,0.2978723404255319,0.0851063829787234,0.8064516129032258,0.6258503401360543,0.1391484942886812,0.16,1.0,0.17543859649122806,0.8974358974358978,0.625,0.625,0.4,0.0,1.0,0.0,0.0,0.0,0.0,0.0,0.0,0.0,0.0,0.0,0.0,0.0,0.0,0.0,0.0,1.0,0.0,0.0
0.031088082901554404,0.0851063829787234,0.0,0.29032258064516125,0.17006802721088435,0.04984423676012461,0.0,0.0,0.0,0.8461538461538538,0.0,0.375,1.0,0.0,1.0,0.0,0.0,0.0,0.0,0.0,0.0,0.0,0.0,0.0,1.0,0.0,0.0,0.0,0.0,0.0,0.0,0.0
0.17962003454231432,0.3829787234042553,0.0425531914893617,0.9677419354838709,0.7942176870748299,0.1806853582554517,0.08,1.0,0.21052631578947367,0.7948717948717956,0.625,0.625,1.0,0.0,0.0,0.0,0.0,0.0,0.0,1.0,0.0,0.0,0.0,0.0,0.0,0.0,0.0,0.0,0.0,0.0,0.0,0.0
0.06217616580310881,0.0425531914893617,0.1276595744680851,0.289247311827957,0.19047619047619047,0.22637590861889925,0.08,1.0,0.14035087719298245,0.8461538461538538,0.625,0.375,1.0,0.0,0.0,0.0,1.0,0.0,0.0,0.0,0.0,0.0,0.0,0.0,1.0,0.0,0.0,0.0,0.0,0.0,0.0,0.0
0.7046632124352331,0.7234042553191489,0.9361702127659575,0.2150537634408602,0.2312925170068027,0.5150571131879542,0.56,0.6000000000000001,0.8070175438596491,0.7948717948717956,0.625,0.625,1.0,0.0,0.0,0.0,0.0,0.0,0.0,0.0,0.0,0.0,1.0,0.0,0.0,0.0,0.0,1.0,0.0,0.0,0.0,0.0
0.07944732297063903,0.1702127659574468,0.1702127659574468,0.15053763440860213,0.09523809523809523,0.2388369678089304,0.4,1.0,0.38596491228070173,0.1282051282051242,0.625,0.375,1.0,0.0,0.0,0.0,0.0,0.0,0.0,0.0,0.0,0.0,0.0,0.0,0.0,0.0,0.0,0.0,0.0,0.0,1.0,0.0
0.849740932642487,1.0,1.0,0.535483870967742,0.5306122448979591,0.4319833852544133,0.96,1.0,0.8070175438596491,0.487179487179489,0.625,0.625,1.0,0.0,0.0,0.0,0.0,0.0,1.0,0.0,0.0,0.0,0.0,0.0,1.0,0.0,0.0,0.0,0.0,0.0,0.0,0.0
0.6770293609671848,0.3829787234042553,0.2553191489361702,0.4301075268817204,0.3129251700680272,0.3322949117341641,0.24,0.6000000000000001,0.21052631578947367,0.7435897435897516,0.625,0.625,0.0,0.0,0.0,0.0,0.0,0.0,0.0,0.0,1.0,0.0,0.0,0.0,0.0,0.0,0.0,0.0,0.0,0.0,0.0,0.0
0.07944732297063903,0.0425531914893617,0.0,0.7956989247311828,0.5544217687074829,0.09138110072689512,0.0,0.0,0.0,0.7435897435897516,0.375,0.45833333333333304,0.0,0.0,0.0,0.0,0.0,0.0,0.0,0.0,0.0,1.0,0.0,1.0,0.0,0.0,0.0,0.0,0.0,0.0,0.0,0.0
1.0,1.0,1.0,0.021505376344086016,0.5306122448979591,0.9999999999999999,1.0,1.0,1.0,0.7435897435897516,0.125,0.375,0.0,0.0,1.0,0.0,0.0,0.0,0.0,0.0,0.0,0.0,0.0,0.0,1.0,0.0,0.0,0.0,0.0,0.0,0.0,0.0
0.024179620034542312,0.0851063829787234,0.0425531914893617,0.210752688172043,0.06122448979591837,0.25545171339563866,0.0,1.0,0.07017543859649122,0.948717948717956,0.125,0.375,0.0,0.0,0.0,1.0,0.0,0.0,0.0,0.0,0.0,0.0,0.0,0.0,1.0,0.0,0.0,0.0,0.0,0.0,0.0,0.0
0.7530224525043178,0.46808510638297873,0.1702127659574468,0.4301075268817204,0.2857142857142857,0.24299065420560745,0.0,1.0,0.10526315789473684,0.7948717948717956,0.625,0.625,0.0,0.0,0.0,0.0,0.0,0.0,0.0,0.0,1.0,0.0,0.0,0.0,0.0,0.0,0.0,0.0,0.0,1.0,0.0,0.0
0.06217616580310881,0.0851063829787234,0.0,0.8516129032258064,0.42857142857142855,0.012461059190031154,0.0,0.0,0.0,0.8974358974358978,0.375,0.45833333333333304,0.0,0.0,1.0,0.0,0.0,0.0,0.0,0.0,0.0,0.0,0.0,1.0,0.0,0.0,0.0,0.0,0.0,0.0,0.0,0.0
0.17271157167530224,0.0425531914893617,0.1276595744680851,0.15053763440860213,0.1360544217687075,0.36967808930425755,0.0,1.0,0.07017543859649122,0.7948717948717956,0.375,0.375,0.0,0.0,1.0,0.0,0.0,0.0,0.0,0.0,0.0,0.0,0.0,0.0,1.0,0.0,0.0,0.0,0.0,0.0,0.0,0.0
0.08635578583765112,0.0851063829787234,0.0,0.17204301075268813,0.217687074829932,0.02284527518172378,0.0,1.0,0.03508771929824561,0.8461538461538538,0.625,0.375,0.4,1.0,0.0,0.0,0.0,0.0,0.0,0.0,0.0,0.0,0.0,0.0,1.0,0.0,0.0,0.0,0.0,0.0,0.0,0.0
0.2867012089810017,0.1276595744680851,0.0,0.3870967741935484,0.2585034013605442,0.17653167185877464,0.16,0.6000000000000001,0.07017543859649122,0.2307692307692406,0.625,0.375,0.0,0.0,1.0,0.0,0.0,0.0,0.0,0.0,0.0,0.0,0.0,1.0,0.0,0.0,0.0,0.0,0.0,0.0,0.0,0.0
0.4075993091537133,0.1276595744680851,0.0851063829787234,0.3225806451612903,0.2312925170068027,0.21806853582554517,0.0,0.0,0.0,0.8461538461538538,0.625,0.625,0.0,0.0,0.0,0.0,0.0,0.0,0.0,0.0,1.0,0.0,0.0,0.0,0.0,1.0,0.0,0.0,0.0,0.0,0.0,0.0
1.0,0.6808510638297872,1.0,0.535483870967742,0.5306122448979591,0.9999999999999999,0.96,0.6000000000000001,1.0,0.435897435897445,0.625,0.625,1.0,0.0,0.0,0.0,0.0,0.0,1.0,0.0,0.0,0.0,0.0,0.0,1.0,0.0,0.0,0.0,0.0,0.0,0.0,0.0
0.08290155440414507,0.1276595744680851,0.1702127659574468,0.47096774193548385,0.5306122448979591,0.08722741433021806,0.0,1.0,0.03508771929824561,0.435897435897445,0.625,0.625,1.0,0.0,1.0,0.0,0.0,0.0,0.0,0.0,0.0,0.0,0.0,0.0,0.0,0.0,0.0,0.0,0.0,0.0,1.0,0.0
0.017271157167530225,0.0851063829787234,0.0,0.3225806451612903,0.1360544217687075,0.11214953271028037,0.0,0.0,0.0,0.7948717948717956,0.875,0.45833333333333304,0.8000000000000002,0.0,1.0,0.0,0.0,0.0,0.0,0.0,0.0,0.0,0.0,1.0,0.0,0.0,0.0,0.0,0.0,0.0,0.0,0.0
0.25906735751295334,0.2553191489361702,0.3404255319148936,0.4505376344086022,0.2619047619047619,0.2762201453790239,0.56,1.0,0.3157894736842105,0.8461538461538538,0.375,0.375,0.0,0.0,0.0,0.0,1.0,0.0,0.0,0.0,0.0,0.0,0.0,0.0,1.0,0.0,0.0,0.0,0.0,0.0,0.0,0.0
0.6217616580310881,0.6382978723404256,0.1276595744680851,0.48602150537634403,0.3945578231292517,0.3572170301142264,0.24,1.0,0.3508771929824561,0.3846153846153868,0.375,0.375,0.0,0.0,1.0,0.0,0.0,0.0,0.0,0.0,0.0,0.0,0.0,0.0,0.0,1.0,0.0,0.0,0.0,0.0,0.0,0.0
0.1001727115716753,0.0425531914893617,0.0425531914893617,0.25806451612903225,0.163265306122449,0.09553478712357218,0.0,0.0,0.0,0.948717948717956,0.625,0.375,0.4,0.0,0.0,0.0,0.0,0.0,0.0,1.0,0.0,0.0,0.0,0.0,0.0,0.0,0.0,0.0,0.0,1.0,0.0,0.0
0.0034542314335060447,0.0,0.0,0.2150537634408602,0.272108843537415,0.0,0.0,0.0,0.0,0.7948717948717956,0.625,0.375,0.0,1.0,0.0,0.0,0.0,0.0,0.0,0.0,0.0,0.0,0.0,0.0,1.0,0.0,0.0,0.0,0.0,0.0,0.0,0.0
0.7046632124352331,0.3829787234042553,1.0,0.42795698924731185,0.42176870748299317,0.6625129802699895,0.64,0.6000000000000001,1.0,0.435897435897445,0.625,0.625,0.8000000000000002,0.0,0.0,0.0,0.0,0.0,1.0,0.0,0.0,0.0,0.0,0.0,1.0,0.0,0.0,0.0,0.0,0.0,0.0,0.0
0.08981001727115716,0.0425531914893617,0.0851063829787234,0.3655913978494624,0.7755102040816326,0.12045690550363447,0.0,1.0,0.07017543859649122,0.1794871794871824,0.625,0.375,0.4,0.0,1.0,0.0,0.0,0.0,0.0,0.0,0.0,0.0,0.0,0.0,0.0,0.0,0.0,0.0,0.0,0.0,0.0,1.0
0.11398963730569947,0.2127659574468085,0.3404255319148936,0.2150537634408602,0.20408163265306123,0.8411214953271028,0.64,1.0,0.2807017543859649,0.8974358974358978,0.625,0.375,0.4,0.0,1.0,0.0,0.0,0.0,0.0,0.0,0.0,0.0,0.0,0.0,1.0,0.0,0.0,0.0,0.0,0.0,0.0,0.0
0.6528497409326425,0.425531914893617,1.0,0.42795698924731185,0.43537414965986393,0.3613707165109034,0.96,0.6000000000000001,1.0,0.435897435897445,0.625,0.625,1.0,0.0,0.0,0.0,0.0,0.0,1.0,0.0,0.0,0.0,0.0,0.0,1.0,0.0,0.0,0.0,0.0,0.0,0.0,0.0
0.5008635578583764,0.2978723404255319,0.6808510638297872,0.535483870967742,0.6122448979591836,0.2139148494288681,0.24,1.0,0.3508771929824561,0.435897435897445,0.625,0.625,0.8000000000000002,0.0,0.0,0.0,0.0,0.0,1.0,0.0,0.0,0.0,0.0,0.0,1.0,0.0,0.0,0.0,0.0,0.0,0.0,0.0
0.04145077720207253,0.0425531914893617,0.0851063829787234,0.2129032258064516,0.1870748299319728,0.016614745586708203,0.0,1.0,0.03508771929824561,0.487179487179489,0.625,0.625,1.0,0.0,1.0,0.0,0.0,0.0,0.0,0.0,0.0,0.0,0.0,0.0,0.0,0.0,0.0,0.0,0.0,0.0,0.0,1.0
0.10362694300518134,0.0851063829787234,0.2553191489361702,0.4946236559139785,0.0816326530612245,0.14745586708203529,0.08,0.6000000000000001,0.21052631578947367,0.8461538461538538,0.125,0.5416666666666665,0.4,0.0,1.0,0.0,0.0,0.0,0.0,0.0,0.0,0.0,0.0,0.0,1.0,0.0,0.0,0.0,0.0,0.0,0.0,0.0
0.10362694300518134,0.0851063829787234,0.0425531914893617,0.3118279569892473,0.217687074829932,0.10176531671858775,0.08,1.0,0.10526315789473684,0.8974358974358978,0.375,0.375,0.0,0.0,1.0,0.0,0.0,0.0,0.0,0.0,0.0,0.0,0.0,0.0,1.0,0.0,0.0,0.0,0.0,0.0,0.0,0.0
0.37305699481865284,0.6808510638297872,0.1276595744680851,0.9999999999999999,0.47108843537414963,0.47767393561786087,0.4,1.0,0.2807017543859649,0.7948717948717956,0.625,0.625,0.0,0.0,1.0,0.0,0.0,0.0,0.0,0.0,0.0,0.0,0.0,1.0,0.0,0.0,0.0,0.0,0.0,0.0,0.0,0.0
0.0034542314335060447,0.0,0.0425531914893617,0.17204301075268813,0.20408163265306123,0.17030114226375906,0.0,0.0,0.0,0.7948717948717956,0.375,0.2916666666666665,0.0,0.0,1.0,0.0,0.0,0.0,0.0,0.0,0.0,0.0,0.0,0.0,1.0,0.0,0.0,0.0,0.0,0.0,0.0,0.0
0.010362694300518133,0.0,0.0425531914893617,0.3118279569892473,0.29931972789115646,0.07892004153686397,0.08,1.0,0.03508771929824561,0.8974358974358978,0.625,0.625,0.0,0.0,1.0,0.0,0.0,0.0,0.0,0.0,0.0,0.0,0.0,0.0,1.0,0.0,0.0,0.0,0.0,0.0,0.0,0.0
0.45250431778929184,0.5531914893617021,0.9787234042553191,0.578494623655914,0.7755102040816326,0.3406022845275182,0.4,0.6000000000000001,0.42105263157894735,0.487179487179489,0.625,0.625,0.0,0.0,0.0,0.0,0.0,0.0,1.0,0.0,0.0,0.0,0.0,0.0,1.0,0.0,0.0,0.0,0.0,0.0,0.0,0.0
0.9222797927461139,0.46808510638297873,0.425531914893617,0.9999999999999999,0.272108843537415,0.367601246105919,0.56,1.0,0.49122807017543857,0.487179487179489,1.0,1.0,0.4,0.0,1.0,0.0,0.0,0.0,0.0,0.0,0.0,0.0,0.0,0.0,0.0,0.0,0.0,0.0,0.0,1.0,0.0,0.0
0.2970639032815198,0.2978723404255319,0.2978723404255319,0.4301075268817204,0.2857142857142857,0.17030114226375906,0.24,0.6000000000000001,0.3157894736842105,0.5897435897435912,0.625,0.625,0.0,0.0,0.0,0.0,0.0,0.0,0.0,0.0,1.0,0.0,0.0,1.0,0.0,0.0,0.0,0.0,0.0,0.0,0.0,0.0
0.3177892918825561,0.3829787234042553,0.0425531914893617,0.3225806451612903,0.22619047619047616,0.1557632398753894,0.0,1.0,0.10526315789473684,0.7435897435897516,0.375,0.45833333333333304,0.0,0.0,0.0,0.0,0.0,0.0,0.0,0.0,0.0,1.0,0.0,0.0,0.0,0.0,0.0,0.0,1.0,0.0,0.0,0.0
0.055267702936096716,0.0425531914893617,0.1702127659574468,0.1935483870967742,0.1445578231292517,0.10799584631360333,0.16,1.0,0.10526315789473684,0.8461538461538538,0.625,0.375,0.0,0.0,1.0,0.0,0.0,0.0,0.0,0.0,0.0,0.0,0.0,0.0,1.0,0.0,0.0,0.0,0.0,0.0,0.0,0.0
0.4317789291882556,0.3829787234042553,0.7659574468085106,0.535483870967742,0.6122448979591836,0.2720664589823468,0.08,0.6000000000000001,0.5964912280701754,0.435897435897445,0.625,0.625,0.0,0.0,0.0,0.0,0.0,0.0,1.0,0.0,0.0,0.0,0.0,0.0,1.0,0.0,0.0,0.0,0.0,0.0,0.0,0.0
0.037996545768566495,0.0,0.0,0.7526881720430108,0.3673469387755102,0.05815160955347871,0.0,0.0,0.0,0.7948717948717956,0.625,0.625,0.0,0.0,1.0,0.0,0.0,0.0,0.0,0.0,0.0,0.0,0.0,0.0,1.0,0.0,0.0,0.0,0.0,0.0,0.0,0.0
0.22797927461139894,0.1276595744680851,0.0851063829787234,0.5268817204301075,0.9387755102040816,0.11214953271028037,0.24,1.0,0.24561403508771928,0.3846153846153868,0.625,0.625,0.8000000000000002,0.0,1.0,0.0,0.0,0.0,0.0,0.0,0.0,0.0,0.0,0.0,1.0,0.0,0.0,0.0,0.0,0.0,0.0,0.0
0.013816925734024179,0.0,0.0,0.9354838709677419,0.4761904761904762,0.0020768431983385254,0.0,0.0,0.0,0.8974358974358978,0.375,0.45833333333333304,0.0,0.0,1.0,0.0,0.0,0.0,0.0,0.0,0.0,0.0,0.0,1.0,0.0,0.0,0.0,0.0,0.0,0.0,0.0,0.0
0.09671848013816925,0.0851063829787234,0.1702127659574468,0.4301075268817204,0.4761904761904762,0.11630321910695743,0.16,0.6000000000000001,0.17543859649122806,0.025641025641021997,0.625,0.708333333333333,0.0,0.0,0.0,0.0,0.0,0.0,0.0,0.0,0.0,0.0,0.0,0.0,1.0,0.0,0.0,0.0,0.0,0.0,0.0,0.0
0.4006908462867012,0.3829787234042553,1.0,0.535483870967742,0.5306122448979591,0.46936656282450673,0.56,0.6000000000000001,0.8421052631578947,0.5384615384615472,0.625,0.625,0.0,0.0,0.0,0.0,0.0,0.0,1.0,0.0,0.0,0.0,0.0,0.0,1.0,0.0,0.0,0.0,0.0,0.0,0.0,0.0
0.09326424870466321,0.1702127659574468,0.2978723404255319,0.34301075268817205,0.19047619047619047,0.37590861889927313,0.08,0.6000000000000001,0.14035087719298245,0.7948717948717956,0.375,0.375,0.4,0.0,0.0,0.0,1.0,0.0,0.0,0.0,0.0,0.0,0.0,0.0,1.0,0.0,0.0,0.0,0.0,0.0,0.0,0.0
0.15198618307426598,0.1702127659574468,0.0851063829787234,0.2150537634408602,0.3401360544217687,0.22637590861889925,0.0,1.0,0.03508771929824561,0.948717948717956,0.625,0.625,0.0,0.0,1.0,0.0,0.0,0.0,0.0,0.0,0.0,0.0,0.0,0.0,0.0,0.0,0.0,1.0,0.0,0.0,0.0,0.0
0.03454231433506045,0.0,0.0,0.6021505376344086,0.2857142857142857,0.10799584631360333,0.0,0.0,0.0,0.7948717948717956,0.375,0.45833333333333304,0.0,0.0,1.0,0.0,0.0,0.0,0.0,0.0,0.0,0.0,0.0,1.0,0.0,0.0,0.0,0.0,0.0,0.0,0.0,0.0
0.538860103626943,0.5106382978723404,0.2978723404255319,0.7526881720430108,0.7891156462585033,0.205607476635514,0.24,1.0,0.17543859649122806,0.7948717948717956,0.625,0.625,0.0,0.0,0.0,0.0,0.0,0.0,0.0,0.0,1.0,0.0,0.0,0.0,0.0,0.0,0.0,0.0,0.0,0.0,0.0,0.0
0.0034542314335060447,0.0,0.0,0.6881720430107526,0.3401360544217687,0.05192107995846313,0.0,0.0,0.0,0.8974358974358978,0.375,0.45833333333333304,0.0,0.0,1.0,0.0,0.0,0.0,0.0,0.0,0.0,0.0,0.0,0.0,1.0,0.0,0.0,0.0,0.0,0.0,0.0,0.0
0.09326424870466321,0.0851063829787234,0.1276595744680851,0.9999999999999999,0.20238095238095238,0.12461059190031153,0.16,1.0,0.21052631578947367,0.5384615384615472,1.0,0.625,0.0,0.0,1.0,0.0,0.0,0.0,0.0,0.0,0.0,0.0,0.0,1.0,0.0,0.0,0.0,0.0,0.0,0.0,0.0,0.0
0.04490500863557858,0.0425531914893617,0.0425531914893617,0.1827956989247312,0.163265306122449,0.11630321910695743,0.08,1.0,0.03508771929824561,0.948717948717956,0.625,0.375,0.8000000000000002,0.0,1.0,0.0,0.0,0.0,0.0,0.0,0.0,0.0,0.0,1.0,0.0,0.0,0.0,0.0,0.0,0.0,0.0,0.0
0.055267702936096716,0.0425531914893617,0.1276595744680851,0.33763440860215055,0.43197278911564624,0.03530633437175493,0.08,1.0,0.21052631578947367,0.7435897435897516,0.625,0.375,0.0,0.0,0.0,0.0,0.0,0.0,0.0,0.0,0.0,0.0,1.0,0.0,1.0,0.0,0.0,0.0,0.0,0.0,0.0,0.0
1.0,1.0,1.0,0.08172043010752687,0.108843537414966,0.9999999999999999,1.0,1.0,1.0,0.8461538461538538,1.0,1.0,0.0,0.0,1.0,0.0,0.0,0.0,0.0,0.0,0.0,0.0,0.0,0.0,0.0,0.0,0.0,0.0,0.0,1.0,0.0,0.0
0.03454231433506045,0.0,0.0,0.25591397849462366,0.24489795918367346,0.0,0.0,0.0,0.0,0.8974358974358978,0.625,0.375,0.0,0.0,0.0,0.0,0.0,0.0,0.0,0.0,0.0,0.0,1.0,0.0,0.0,0.0,0.0,0.0,1.0,0.0,0.0,0.0
0.037996545768566495,0.0,0.0425531914893617,0.2129032258064516,0.2108843537414966,0.016614745586708203,0.0,1.0,0.07017543859649122,0.8461538461538538,0.625,0.625,1.0,0.0,1.0,0.0,0.0,0.0,0.0,0.0,0.0,0.0,0.0,0.0,1.0,0.0,0.0,0.0,0.0,0.0,0.0,0.0
0.07944732297063903,0.0425531914893617,0.0,0.7956989247311828,0.5357142857142857,0.0976116303219107,0.08,1.0,0.03508771929824561,0.7435897435897516,0.375,0.45833333333333304,0.0,0.0,0.0,0.0,0.0,0.0,0.0,0.0,0.0,1.0,0.0,0.0,0.0,1.0,0.0,0.0,0.0,0.0,0.0,0.0
0.010362694300518133,0.0,0.0,0.4086021505376344,0.391156462585034,0.018691588785046728,0.0,0.0,0.0,0.8461538461538538,0.625,0.625,1.0,0.0,0.0,0.0,0.0,0.0,0.0,1.0,0.0,0.0,0.0,0.0,1.0,0.0,0.0,0.0,0.0,0.0,0.0,0.0
0.048359240069084625,0.0425531914893617,0.0425531914893617,0.9999999999999999,0.5221088435374149,0.056074766355140186,0.0,1.0,0.03508771929824561,0.948717948717956,1.0,1.0,0.0,0.0,1.0,0.0,0.0,0.0,0.0,0.0,0.0,0.0,0.0,1.0,0.0,0.0,0.0,0.0,0.0,0.0,0.0,0.0
0.8151986183074266,0.5531914893617021,0.2127659574468085,0.3225806451612903,0.108843537414966,0.34475597092419524,0.24,0.6000000000000001,0.42105263157894735,0.3333333333333428,0.625,0.625,0.0,0.0,0.0,0.0,0.0,0.0,0.0,0.0,1.0,0.0,0.0,0.0,0.0,1.0,0.0,0.0,0.0,0.0,0.0,0.0
0.5146804835924007,0.1702127659574468,0.2127659574468085,0.2150537634408602,0.19727891156462585,0.446521287642783,0.16,0.6000000000000001,0.3157894736842105,0.7435897435897516,0.625,0.375,0.0,0.0,1.0,0.0,0.0,0.0,0.0,0.0,0.0,0.0,0.0,0.0,0.0,0.0,0.0,0.0,0.0,1.0,0.0,0.0
0.28324697754749567,0.46808510638297873,0.2127659574468085,0.5376344086021505,0.489795918367347,0.284527518172378,0.24,1.0,0.42105263157894735,0.5897435897435912,1.0,0.625,0.0,0.0,1.0,0.0,0.0,0.0,0.0,0.0,0.0,0.0,0.0,1.0,0.0,0.0,0.0,0.0,0.0,0.0,0.0,0.0
1.0,0.2553191489361702,1.0,0.535483870967742,0.6122448979591836,0.5524402907580477,1.0,0.6000000000000001,0.9824561403508771,0.2820512820512846,0.625,0.625,0.4,0.0,0.0,0.0,0.0,0.0,1.0,0.0,0.0,0.0,0.0,0.0,1.0,0.0,0.0,0.0,0.0,0.0,0.0,0.0
0.4697754749568221,0.1702127659574468,0.2978723404255319,0.535483870967742,0.7210884353741496,0.19106957424714432,0.16,0.6000000000000001,0.3508771929824561,0.435897435897445,0.625,0.625,0.8000000000000002,0.0,0.0,0.0,0.0,0.0,1.0,0.0,0.0,0.0,0.0,0.0,1.0,0.0,0.0,0.0,0.0,0.0,0.0,0.0
0.06563039723661485,0.0425531914893617,0.0425531914893617,0.4731182795698925,0.40816326530612246,0.07684319833852545,0.0,0.0,0.0,0.8461538461538538,0.625,0.625,0.0,1.0,0.0,0.0,0.0,0.0,0.0,0.0,0.0,0.0,0.0,0.0,1.0,0.0,0.0,0.0,0.0,0.0,0.0,0.0
0.031088082901554404,0.0,0.0,0.27956989247311825,0.2312925170068027,0.008307372793354102,0.0,0.0,0.0,0.7948717948717956,0.625,0.625,0.8000000000000002,1.0,0.0,0.0,0.0,0.0,0.0,0.0,0.0,0.0,0.0,0.0,0.0,1.0,0.0,0.0,0.0,0.0,0.0,0.0
0.010362694300518133,0.0425531914893617,0.2127659574468085,0.210752688172043,0.03571428571428572,0.24506749740394598,0.08,0.20000000000000018,0.10526315789473684,0.948717948717956,0.125,0.375,0.0,0.0,0.0,1.0,0.0,0.0,0.0,0.0,0.0,0.0,0.0,0.0,1.0,0.0,0.0,0.0,0.0,0.0,0.0,0.0
0.27288428324697755,0.425531914893617,0.7234042553191489,0.535483870967742,0.5850340136054422,0.2679127725856698,0.88,0.6000000000000001,0.5964912280701754,0.487179487179489,0.625,0.625,0.8000000000000002,0.0,0.0,0.0,0.0,0.0,1.0,0.0,0.0,0.0,0.0,0.0,1.0,0.0,0.0,0.0,0.0,0.0,0.0,0.0
0.006683937823834197,1.0,1.0,0.643010752688172,0.693877551020408,0.9999999999999999,1.0,0.6000000000000001,1.0,0.8461538461538538,0.625,0.625,0.4,0.0,1.0,0.0,0.0,0.0,0.0,0.0,0.0,0.0,0.0,0.0,1.0,0.0,0.0,0.0,0.0,0.0,0.0,0.0
1.0,1.0,1.0,0.42795698924731185,0.40816326530612246,0.9999999999999999,1.0,0.6000000000000001,1.0,0.487179487179489,0.625,0.625,0.4,0.0,0.0,0.0,0.0,0.0,1.0,0.0,0.0,0.0,0.0,0.0,1.0,0.0,0.0,0.0,0.0,0.0,0.0,0.0
0.4179620034542314,0.5957446808510638,0.9787234042553191,0.535483870967742,0.5306122448979591,0.20768431983385252,0.64,0.6000000000000001,0.5263157894736842,0.5897435897435912,0.625,0.625,0.4,0.0,0.0,0.0,0.0,0.0,1.0,0.0,0.0,0.0,0.0,0.0,1.0,0.0,0.0,0.0,0.0,0.0,0.0,0.0
0.3454231433506045,1.0,1.0,0.36344086021505373,0.3129251700680272,0.9999999999999999,1.0,0.6000000000000001,1.0,0.0769230769230802,0.625,0.625,0.0,0.0,0.0,0.0,0.0,0.0,1.0,0.0,0.0,0.0,0.0,0.0,0.0,0.0,0.0,1.0,0.0,0.0,0.0,0.0
0.03454231433506045,0.0425531914893617,0.0,0.27956989247311825,0.2687074829931973,0.37175493250259606,0.08,1.0,0.03508771929824561,0.7948717948717956,0.375,0.375,0.0,0.0,1.0,0.0,0.0,0.0,0.0,0.0,0.0,0.0,0.0,0.0,0.0,0.0,0.0,0.0,1.0,0.0,0.0,0.0
1.0,1.0,1.0,0.42795698924731185,0.3945578231292517,0.9999999999999999,1.0,0.6000000000000001,1.0,0.5897435897435912,0.625,0.625,0.4,0.0,0.0,0.0,0.0,0.0,1.0,0.0,0.0,0.0,0.0,1.0,0.0,0.0,0.0,0.0,0.0,0.0,0.0,0.0
0.0690846286701209,0.0425531914893617,0.0425531914893617,0.4946236559139785,0.4795918367346939,0.03115264797507788,0.0,0.0,0.0,0.948717948717956,0.625,0.625,0.0,1.0,0.0,0.0,0.0,0.0,0.0,0.0,0.0,0.0,0.0,0.0,0.0,0.0,1.0,0.0,0.0,0.0,0.0,0.0
0.1692573402417962,0.1276595744680851,0.1276595744680851,0.3204301075268817,0.3129251700680272,0.660436137071651,0.0,1.0,0.03508771929824561,0.948717948717956,0.375,0.375,0.0,0.0,1.0,0.0,0.0,0.0,0.0,0.0,0.0,0.0,0.0,0.0,0.0,0.0,0.0,1.0,0.0,0.0,0.0,0.0
0.06217616580310881,0.0851063829787234,0.2553191489361702,0.210752688172043,0.15476190476190477,0.37798546209761164,0.4,0.6000000000000001,0.21052631578947367,0.8461538461538538,0.125,0.375,0.0,0.0,0.0,1.0,0.0,0.0,0.0,0.0,0.0,0.0,0.0,0.0,1.0,0.0,0.0,0.0,0.0,0.0,0.0,0.0
0.2659758203799654,0.3829787234042553,0.1702127659574468,0.38602150537634405,0.217687074829932,0.12876427829698855,0.16,1.0,0.14035087719298245,0.8974358974358978,0.375,0.375,0.0,0.0,0.0,0.0,1.0,0.0,0.0,0.0,0.0,0.0,0.0,0.0,1.0,0.0,0.0,0.0,0.0,0.0,0.0,0.0
1.0,1.0,1.0,0.3225806451612903,0.32653061224489793,0.9999999999999999,1.0,0.6000000000000001,1.0,0.2820512820512846,0.625,0.625,0.4,0.0,1.0,0.0,0.0,0.0,0.0,0.0,0.0,0.0,0.0,0.0,0.0,0.0,0.0,0.0,0.0,1.0,0.0,0.0
0.5112262521588946,0.46808510638297873,0.46808510638297873,0.9526881720430108,0.901360544217687,0.3260643821391485,0.4,1.0,0.3508771929824561,0.8974358974358978,0.875,0.958333333333333,0.0,0.0,1.0,0.0,0.0,0.0,0.0,0.0,0.0,0.0,0.0,0.0,0.0,0.0,0.0,1.0,0.0,0.0,0.0,0.0
0.43523316062176165,0.3404255319148936,0.0851063829787234,0.34516129032258064,0.3622448979591837,0.2720664589823468,0.4,0.6000000000000001,0.3508771929824561,0.7948717948717956,0.625,0.625,1.0,0.0,1.0,0.0,0.0,0.0,0.0,0.0,0.0,0.0,0.0,0.0,0.0,0.0,0.0,1.0,0.0,0.0,0.0,0.0
0.09326424870466321,0.0851063829787234,0.0851063829787234,0.15053763440860213,0.11224489795918369,0.3322949117341641,0.08,1.0,0.10526315789473684,0.8974358974358978,0.375,0.375,0.8000000000000002,0.0,1.0,0.0,0.0,0.0,0.0,0.0,0.0,0.0,0.0,0.0,1.0,0.0,0.0,0.0,0.0,0.0,0.0,0.0
0.14162348877374784,0.0,0.0851063829787234,0.2129032258064516,0.25170068027210885,0.34890965732087226,0.08,1.0,0.14035087719298245,0.8461538461538538,0.625,0.625,1.0,0.0,1.0,0.0,0.0,0.0,0.0,0.0,0.0,0.0,0.0,0.0,1.0,0.0,0.0,0.0,0.0,0.0,0.0,0.0
0.18307426597582038,0.3829787234042553,0.2127659574468085,0.5376344086021505,0.5170068027210883,0.15991692627206644,0.48,1.0,0.3508771929824561,0.5384615384615472,0.625,0.625,1.0,0.0,1.0,0.0,0.0,0.0,0.0,0.0,0.0,0.0,0.0,0.0,0.0,0.0,0.0,1.0,0.0,0.0,0.0,0.0
0.037996545768566495,0.0425531914893617,0.1276595744680851,0.2129032258064516,0.36394557823129253,0.03115264797507788,0.16,1.0,0.14035087719298245,0.8461538461538538,0.625,0.625,1.0,0.0,1.0,0.0,0.0,0.0,0.0,0.0,0.0,0.0,0.0,0.0,1.0,0.0,0.0,0.0,0.0,0.0,0.0,0.0
0.017271157167530225,0.0,0.0851063829787234,0.15053763440860213,0.11904761904761904,0.11422637590861891,0.0,1.0,0.07017543859649122,0.948717948717956,0.625,0.375,0.0,0.0,1.0,0.0,0.0,0.0,0.0,0.0,0.0,0.0,0.0,0.0,1.0,0.0,0.0,0.0,0.0,0.0,0.0,0.0
0.05181347150259067,0.1276595744680851,0.0,0.16021505376344086,0.06802721088435373,0.03115264797507788,0.0,1.0,0.03508771929824561,0.8461538461538538,0.375,0.375,0.0,0.0,0.0,0.0,1.0,0.0,0.0,0.0,0.0,0.0,0.0,0.0,1.0,0.0,0.0,0.0,0.0,0.0,0.0,0.0
0.1692573402417962,0.0851063829787234,0.1276595744680851,0.9419354838709678,0.5986394557823128,0.09968847352024922,0.24,0.20000000000000018,0.10526315789473684,0.8461538461538538,0.625,0.625,0.8000000000000002,0.0,0.0,0.0,0.0,0.0,1.0,0.0,0.0,0.0,0.0,0.0,1.0,0.0,0.0,0.0,0.0,0.0,0.0,0.0
1.0,0.5957446808510638,1.0,0.535483870967742,0.5034013605442176,0.9999999999999999,1.0,0.6000000000000001,1.0,0.2820512820512846,0.625,0.625,0.4,0.0,0.0,0.0,0.0,0.0,1.0,0.0,0.0,0.0,0.0,0.0,1.0,0.0,0.0,0.0,0.0,0.0,0.0,0.0
0.06563039723661485,0.2127659574468085,0.1276595744680851,0.1935483870967742,0.13095238095238096,0.10176531671858775,0.0,1.0,0.10526315789473684,0.8974358974358978,0.625,0.375,0.0,0.0,1.0,0.0,0.0,0.0,0.0,0.0,0.0,0.0,0.0,0.0,1.0,0.0,0.0,0.0,0.0,0.0,0.0,0.0
0.18307426597582038,0.2978723404255319,0.2127659574468085,0.32903225806451614,0.14795918367346939,0.20145379023883694,0.32,1.0,0.17543859649122806,0.7948717948717956,0.625,0.625,0.0,0.0,1.0,0.0,0.0,0.0,0.0,0.0,0.0,0.0,0.0,0.0,1.0,0.0,0.0,0.0,0.0,0.0,0.0,0.0
0.12780656303972365,0.1702127659574468,0.1702127659574468,0.2129032258064516,0.24319727891156462,0.24922118380062305,0.16,1.0,0.17543859649122806,0.487179487179489,0.625,0.625,1.0,0.0,1.0,0.0,0.0,0.0,0.0,0.0,0.0,0.0,0.0,0.0,0.0,0.0,0.0,0.0,0.0,1.0,0.0,0.0
0.11744386873920552,0.0425531914893617,0.0,0.9999999999999999,0.5374149659863945,0.122533748701973,0.0,1.0,0.03508771929824561,0.7948717948717956,0.375,0.45833333333333304,0.0,0.0,1.0,0.0,0.0,0.0,0.0,0.0,0.0,0.0,0.0,1.0,0.0,0.0,0.0,0.0,0.0,0.0,0.0,0.0
0.07253886010362694,0.0425531914893617,0.0425531914893617,0.3655913978494624,0.4064625850340136,0.06230529595015576,0.0,0.0,0.0,0.7948717948717956,0.625,0.625,1.0,0.0,0.0,0.0,0.0,0.0,0.0,1.0,0.0,0.0,0.0,1.0,0.0,0.0,0.0,0.0,0.0,0.0,0.0,0.0
0.07599309153713299,0.0,0.0,0.26881720430107525,0.09523809523809523,0.03530633437175493,0.08,0.0,0.03508771929824561,0.5384615384615472,0.875,0.45833333333333304,0.0,0.0,1.0,0.0,0.0,0.0,0.0,0.0,0.0,0.0,0.0,0.0,0.0,0.0,1.0,0.0,0.0,0.0,0.0,0.0
1.0,1.0,1.0,0.9999999999999999,1.0,0.9999999999999999,1.0,0.6000000000000001,1.0,0.7435897435897516,0.625,0.625,1.0,0.0,0.0,0.0,0.0,0.0,1.0,0.0,0.0,0.0,0.0,0.0,1.0,0.0,0.0,0.0,0.0,0.0,0.0,0.0
1.0,1.0,1.0,0.578494623655914,0.36139455782312924,0.9999999999999999,0.8,0.6000000000000001,0.49122807017543857,0.8974358974358978,0.625,0.625,0.4,0.0,1.0,0.0,0.0,0.0,0.0,0.0,0.0,0.0,0.0,0.0,1.0,0.0,0.0,0.0,0.0,0.0,0.0,0.0
0.15198618307426598,0.1276595744680851,0.0,0.7526881720430108,0.7482993197278911,0.05815160955347871,0.0,1.0,0.03508771929824561,0.8974358974358978,0.625,0.625,0.0,0.0,0.0,0.0,0.0,0.0,0.0,0.0,1.0,0.0,0.0,0.0,0.0,0.0,0.0,0.0,0.0,1.0,0.0,0.0
0.9879101899827288,0.3829787234042553,1.0,0.535483870967742,0.6258503401360543,0.6334371754932502,0.8,0.6000000000000001,1.0,0.3333333333333428,0.625,0.625,0.4,0.0,0.0,0.0,0.0,0.0,1.0,0.0,0.0,0.0,0.0,0.0,1.0,0.0,0.0,0.0,0.0,0.0,0.0,0.0
0.031088082901554404,0.0,0.0,0.3225806451612903,0.27040816326530615,0.041536863966770504,0.0,1.0,0.03508771929824561,0.7948717948717956,0.625,0.625,0.0,0.0,0.0,0.0,0.0,0.0,0.0,1.0,0.0,0.0,0.0,0.0,0.0,0.0,0.0,1.0,0.0,0.0,0.0,0.0
0.08290155440414507,0.0851063829787234,0.0851063829787234,0.2129032258064516,0.20238095238095238,0.012461059190031154,0.0,1.0,0.03508771929824561,0.487179487179489,0.625,0.625,1.0,0.0,1.0,0.0,0.0,0.0,0.0,0.0,0.0,0.0,0.0,0.0,0.0,0.0,0.0,1.0,0.0,0.0,0.0,0.0
0.017271157167530225,0.0,0.0851063829787234,0.9999999999999999,0.8299319727891156,0.23676012461059187,0.16,1.0,0.07017543859649122,0.8461538461538538,0.625,0.375,0.0,0.0,1.0,0.0,0.0,0.0,0.0,0.0,0.0,0.0,0.0,0.0,1.0,0.0,0.0,0.0,0.0,0.0,0.0,0.0
0.12089810017271156,0.2127659574468085,0.0425531914893617,0.3225806451612903,0.30952380952380953,0.3655244029075805,0.0,0.6000000000000001,0.14035087719298245,0.7435897435897516,0.375,0.375,0.0,0.0,1.0,0.0,0.0,0.0,0.0,0.0,0.0,0.0,0.0,0.0,0.0,0.0,0.0,1.0,0.0,0.0,0.0,0.0
0.5941278065630397,0.46808510638297873,0.6382978723404256,0.535483870967742,0.7482993197278911,0.407061266874351,0.88,0.6000000000000001,0.7368421052631579,0.3846153846153868,0.625,0.625,0.0,0.0,0.0,0.0,0.0,0.0,1.0,0.0,0.0,0.0,0.0,0.0,1.0,0.0,0.0,0.0,0.0,0.0,0.0,0.0
1.0,1.0,1.0,0.535483870967742,0.2857142857142857,0.9999999999999999,1.0,0.6000000000000001,1.0,0.3333333333333428,0.625,0.5083333333333333,0.8000000000000002,0.0,0.0,0.0,0.0,0.0,1.0,0.0,0.0,0.0,0.0,0.0,1.0,0.0,0.0,0.0,0.0,0.0,0.0,0.0
0.5181347150259067,0.2127659574468085,0.2127659574468085,0.535483870967742,0.5714285714285714,0.1059190031152648,0.32,0.6000000000000001,0.14035087719298245,0.2820512820512846,0.625,0.625,0.0,0.0,0.0,0.0,0.0,0.0,1.0,0.0,0.0,0.0,0.0,0.0,1.0,0.0,0.0,0.0,0.0,0.0,0.0,0.0
0.05872193436960276,0.1276595744680851,0.1276595744680851,0.2129032258064516,0.272108843537415,0.018691588785046728,0.16,0.6000000000000001,0.10526315789473684,0.8461538461538538,0.625,0.625,1.0,0.0,1.0,0.0,0.0,0.0,0.0,0.0,0.0,0.0,0.0,0.0,1.0,0.0,0.0,0.0,0.0,0.0,0.0,0.0
0.6321243523316062,0.2978723404255319,1.0,0.4086021505376344,0.4761904761904762,0.5399792315680165,0.96,1.0,1.0,0.2820512820512846,0.625,0.375,0.4,0.0,1.0,0.0,0.0,0.0,0.0,0.0,0.0,0.0,0.0,1.0,0.0,0.0,0.0,0.0,0.0,0.0,0.0,0.0
0.1070811744386874,0.0425531914893617,0.0425531914893617,0.535483870967742,0.5374149659863945,0.5316718587746625,0.0,1.0,0.03508771929824561,0.7435897435897516,0.375,0.375,0.4,0.0,1.0,0.0,0.0,0.0,0.0,0.0,0.0,0.0,0.0,0.0,0.0,0.0,0.0,1.0,0.0,0.0,0.0,0.0
0.4939550949913644,0.3829787234042553,0.8085106382978723,0.578494623655914,0.7346938775510203,0.3364485981308411,0.64,1.0,0.42105263157894735,0.7948717948717956,0.625,0.625,0.0,0.0,0.0,0.0,0.0,0.0,1.0,0.0,0.0,0.0,0.0,0.0,1.0,0.0,0.0,0.0,0.0,0.0,0.0,0.0
0.1485319516407599,0.0425531914893617,0.46808510638297873,0.5688172043010753,0.3469387755102041,0.23260643821391483,0.16,1.0,0.10526315789473684,0.7948717948717956,0.375,0.375,0.8000000000000002,0.0,0.0,0.0,1.0,0.0,0.0,0.0,0.0,0.0,0.0,0.0,1.0,0.0,0.0,0.0,0.0,0.0,0.0,0.0
0.6459412780656304,0.5106382978723404,0.5106382978723404,0.535483870967742,0.5170068027210883,0.26375908618899274,0.48,0.6000000000000001,0.42105263157894735,0.7948717948717956,0.625,0.625,0.0,0.0,0.0,0.0,0.0,0.0,0.0,0.0,0.0,0.0,1.0,0.0,0.0,0.0,0.0,0.0,0.0,1.0,0.0,0.0
0.024179620034542312,0.1276595744680851,0.0,0.2129032258064516,0.23979591836734693,0.033229491173416406,0.0,0.0,0.0,0.8461538461538538,0.625,0.625,1.0,0.0,1.0,0.0,0.0,0.0,0.0,0.0,0.0,0.0,0.0,0.0,1.0,0.0,0.0,0.0,0.0,0.0,0.0,0.0
1.0,1.0,0.425531914893617,0.9999999999999999,0.8435374149659863,0.32398753894081,0.16,1.0,0.14035087719298245,0.8974358974358978,0.625,0.625,0.0,0.0,0.0,0.0,0.0,0.0,0.0,0.0,1.0,0.0,0.0,0.0,0.0,0.0,0.0,0.0,0.0,1.0,0.0,0.0
0.8808290155440414,0.8085106382978723,1.0,0.4086021505376344,0.4761904761904762,0.5316718587746625,1.0,0.6000000000000001,1.0,0.2820512820512846,0.625,0.375,0.0,0.0,1.0,0.0,0.0,0.0,0.0,0.0,0.0,0.0,0.0,0.0,1.0,0.0,0.0,0.0,0.0,0.0,0.0,0.0
0.12089810017271156,0.1276595744680851,0.46808510638297873,0.9999999999999999,0.36139455782312924,0.5358255451713395,0.96,1.0,0.49122807017543857,0.5384615384615472,0.625,0.375,1.0,0.0,1.0,0.0,0.0,0.0,0.0,0.0,0.0,0.0,0.0,0.0,0.0,0.0,0.0,0.0,0.0,0.0,1.0,0.0
0.5561312607944732,0.46808510638297873,0.2553191489361702,0.5376344086021505,0.40816326530612246,0.2949117341640706,0.24,0.6000000000000001,0.3157894736842105,0.3846153846153868,0.625,0.625,0.0,0.0,0.0,0.0,0.0,0.0,0.0,0.0,1.0,0.0,0.0,1.0,0.0,0.0,0.0,0.0,0.0,0.0,0.0,0.0
0.10362694300518134,0.0851063829787234,0.0851063829787234,0.48602150537634403,0.3469387755102041,0.1723779854620976,0.16,0.6000000000000001,0.07017543859649122,0.7435897435897516,1.0,1.0,0.8000000000000002,0.0,1.0,0.0,0.0,0.0,0.0,0.0,0.0,0.0,0.0,0.0,0.0,0.0,0.0,1.0,0.0,0.0,0.0,0.0
1.0,1.0,1.0,0.47096774193548385,0.4761904761904762,0.9999999999999999,1.0,0.6000000000000001,1.0,0.435897435897445,0.625,0.625,0.0,0.0,0.0,0.0,0.0,0.0,1.0,0.0,0.0,0.0,0.0,1.0,0.0,0.0,0.0,0.0,0.0,0.0,0.0,0.0
0.11744386873920552,0.0425531914893617,0.2127659574468085,0.535483870967742,0.6394557823129251,0.02284527518172378,0.0,0.6000000000000001,0.03508771929824561,0.5384615384615472,0.625,0.625,1.0,0.0,0.0,0.0,0.0,0.0,1.0,0.0,0.0,0.0,0.0,1.0,0.0,0.0,0.0,0.0,0.0,0.0,0.0,0.0
0.04490500863557858,0.0425531914893617,0.0425531914893617,0.3655913978494624,0.28061224489795916,0.014537902388369679,0.0,0.0,0.0,0.7948717948717956,0.625,0.625,0.4,0.0,0.0,0.0,0.0,0.0,0.0,0.0,0.0,1.0,0.0,1.0,0.0,0.0,0.0,0.0,0.0,0.0,0.0,0.0
0.9706390328151986,0.7659574468085106,0.3404255319148936,0.3225806451612903,0.22448979591836737,0.7268951194184838,0.24,0.6000000000000001,0.3508771929824561,0.8974358974358978,0.375,0.375,0.0,0.0,1.0,0.0,0.0,0.0,0.0,0.0,0.0,0.0,0.0,0.0,0.0,0.0,0.0,0.0,0.0,0.0,0.0,0.0
0.037996545768566495,0.0,0.0,0.7526881720430108,0.5714285714285714,0.09345794392523364,0.0,0.0,0.0,0.8461538461538538,0.375,0.375,0.4,0.0,1.0,0.0,0.0,0.0,0.0,0.0,0.0,0.0,0.0,0.0,1.0,0.0,0.0,0.0,0.0,0.0,0.0,0.0
0.06563039723661485,0.0,0.0,0.7956989247311828,0.6326530612244897,0.029075804776739357,0.0,0.0,0.0,0.7435897435897516,0.875,0.7916666666666665,1.0,0.0,0.0,0.0,0.0,0.0,0.0,1.0,0.0,0.0,0.0,0.0,0.0,0.0,0.0,0.0,0.0,0.0,1.0,0.0
0.18652849740932642,0.2553191489361702,0.5957446808510638,0.42795698924731185,0.3673469387755102,0.19106957424714432,0.8,0.6000000000000001,0.5614035087719298,0.025641025641021997,0.625,0.625,0.4,0.0,0.0,0.0,0.0,0.0,1.0,0.0,0.0,0.0,0.0,0.0,1.0,0.0,0.0,0.0,0.0,0.0,0.0,0.0
0.03454231433506045,0.0,0.0,0.4301075268817204,0.33163265306122447,0.024922118380062305,0.0,1.0,0.03508771929824561,0.8974358974358978,0.625,0.375,1.0,0.0,0.0,0.0,0.0,0.0,0.0,1.0,0.0,0.0,0.0,1.0,0.0,0.0,0.0,0.0,0.0,0.0,0.0,0.0
0.6010362694300518,1.0,0.9787234042553191,0.08602150537634408,0.14625850340136054,0.9999999999999999,1.0,1.0,1.0,0.025641025641021997,0.625,0.625,0.0,0.0,1.0,0.0,0.0,0.0,0.0,0.0,0.0,0.0,0.0,1.0,0.0,0.0,0.0,0.0,0.0,0.0,0.0,0.0
0.027633851468048358,0.0851063829787234,0.3829787234042553,0.1935483870967742,0.08843537414965988,0.10384215991692627,0.16,0.20000000000000018,0.14035087719298245,0.7948717948717956,0.625,0.375,0.0,0.0,1.0,0.0,0.0,0.0,0.0,0.0,0.0,0.0,0.0,0.0,1.0,0.0,0.0,0.0,0.0,0.0,0.0,0.0
0.02311571675302245,1.0,1.0,0.5053763440860215,0.24489795918367346,0.9999999999999999,1.0,0.6000000000000001,1.0,0.7948717948717956,0.125,0.375,0.4,0.0,1.0,0.0,0.0,0.0,0.0,0.0,0.0,0.0,0.0,0.0,1.0,0.0,0.0,0.0,0.0,0.0,0.0,0.0
0.031088082901554404,0.0425531914893617,0.1276595744680851,0.35268817204301073,0.2891156462585034,0.014537902388369679,0.08,1.0,0.03508771929824561,0.948717948717956,0.625,0.375,0.0,0.0,1.0,0.0,0.0,0.0,0.0,0.0,0.0,0.0,0.0,0.0,1.0,0.0,0.0,0.0,0.0,0.0,0.0,0.0
0.020725388601036267,0.0425531914893617,0.0,0.7096774193548387,0.7891156462585033,0.04361370716510903,0.0,1.0,0.03508771929824561,0.8974358974358978,0.625,0.625,0.0,1.0,0.0,0.0,0.0,0.0,0.0,0.0,0.0,0.0,0.0,0.0,1.0,0.0,0.0,0.0,0.0,0.0,0.0,0.0
0.4179620034542314,0.5957446808510638,0.9361702127659575,0.535483870967742,0.8163265306122448,0.7165109034267912,0.64,0.6000000000000001,0.49122807017543857,0.7435897435897516,0.625,0.625,0.4,0.0,0.0,0.0,0.0,0.0,1.0,0.0,0.0,0.0,0.0,0.0,1.0,0.0,0.0,0.0,0.0,0.0,0.0,0.0
0.17616580310880828,0.2127659574468085,0.0425531914893617,0.25806451612903225,0.15306122448979592,0.1391484942886812,0.0,1.0,0.07017543859649122,0.7435897435897516,0.625,0.625,0.4,0.0,0.0,0.0,0.0,0.0,0.0,0.0,0.0,1.0,0.0,1.0,0.0,0.0,0.0,0.0,0.0,0.0,0.0,0.0
0.010362694300518133,0.0,0.0,0.38064516129032255,0.272108843537415,0.024922118380062305,0.0,0.0,0.0,0.948717948717956,0.625,0.375,0.0,0.0,1.0,0.0,0.0,0.0,0.0,0.0,0.0,0.0,0.0,0.0,1.0,0.0,0.0,0.0,0.0,0.0,0.0,0.0
0.1070811744386874,0.2127659574468085,0.1276595744680851,0.321505376344086,0.17687074829931973,0.37175493250259606,0.0,0.6000000000000001,0.10526315789473684,0.8461538461538538,0.375,0.375,0.0,0.0,0.0,0.0,1.0,0.0,0.0,0.0,0.0,0.0,0.0,0.0,1.0,0.0,0.0,0.0,0.0,0.0,0.0,0.0
0.28324697754749567,0.2978723404255319,0.2553191489361702,0.19784946236559137,0.3129251700680272,0.34890965732087226,0.16,1.0,0.24561403508771928,0.7948717948717956,0.375,0.375,0.0,0.0,1.0,0.0,0.0,0.0,0.0,0.0,0.0,0.0,0.0,0.0,0.0,0.0,0.0,0.0,1.0,0.0,0.0,0.0
0.6873920552677029,0.3404255319148936,0.46808510638297873,0.4301075268817204,0.4761904761904762,0.2949117341640706,0.56,0.6000000000000001,0.631578947368421,0.2307692307692406,0.625,0.375,0.0,0.0,1.0,0.0,0.0,0.0,0.0,0.0,0.0,0.0,0.0,0.0,1.0,0.0,0.0,0.0,0.0,0.0,0.0,0.0
0.03454231433506045,0.2127659574468085,0.0425531914893617,0.08602150537634408,0.1360544217687075,0.033229491173416406,0.0,1.0,0.03508771929824561,0.8974358974358978,0.625,0.625,0.0,0.0,1.0,0.0,0.0,0.0,0.0,0.0,0.0,0.0,0.0,0.0,1.0,0.0,0.0,0.0,0.0,0.0,0.0,0.0
0.03454231433506045,0.0851063829787234,0.1702127659574468,0.2150537634408602,0.272108843537415,0.15991692627206644,0.24,1.0,0.10526315789473684,0.8461538461538538,0.625,0.375,0.0,0.0,0.0,0.0,0.0,0.0,0.0,0.0,0.0,0.0,1.0,0.0,1.0,0.0,0.0,0.0,0.0,0.0,0.0,0.0
0.17271157167530224,0.1702127659574468,0.1276595744680851,0.3655913978494624,0.32312925170068024,0.21599169262720663,0.16,1.0,0.07017543859649122,0.8461538461538538,0.375,0.45833333333333304,0.4,0.0,1.0,0.0,0.0,0.0,0.0,0.0,0.0,0.0,0.0,0.0,1.0,0.0,0.0,0.0,0.0,0.0,0.0,0.0
0.024179620034542312,0.0425531914893617,0.0,0.27956989247311825,0.1921768707482993,0.24091381100726894,0.0,1.0,0.03508771929824561,0.8974358974358978,0.375,0.375,0.0,0.0,1.0,0.0,0.0,0.0,0.0,0.0,0.0,0.0,0.0,0.0,1.0,0.0,0.0,0.0,0.0,0.0,0.0,0.0
0.15198618307426598,0.1702127659574468,0.0425531914893617,0.535483870967742,0.5306122448979591,0.04361370716510903,0.0,0.0,0.0,0.3333333333333428,0.625,0.375,0.4,0.0,1.0,0.0,0.0,0.0,0.0,0.0,0.0,0.0,0.0,0.0,1.0,0.0,0.0,0.0,0.0,0.0,0.0,0.0
0.07599309153713299,0.0,0.0425531914893617,0.5806451612903226,0.489795918367347,0.056074766355140186,0.0,0.0,0.0,0.8974358974358978,0.625,0.375,0.0,0.0,0.0,0.0,0.0,0.0,0.0,0.0,0.0,1.0,0.0,1.0,0.0,0.0,0.0,0.0,0.0,0.0,0.0,0.0
1.0,1.0,1.0,0.535483870967742,0.2312925170068027,0.9999999999999999,1.0,0.6000000000000001,1.0,0.3333333333333428,1.0,1.0,0.8000000000000002,0.0,0.0,0.0,0.0,0.0,1.0,0.0,0.0,0.0,0.0,0.0,1.0,0.0,0.0,0.0,0.0,0.0,0.0,0.0
0.17962003454231432,0.1276595744680851,0.1276595744680851,0.535483870967742,0.5170068027210883,0.40498442367601245,0.08,1.0,0.21052631578947367,0.7948717948717956,0.375,0.375,0.4,0.0,1.0,0.0,0.0,0.0,0.0,0.0,0.0,0.0,0.0,0.0,0.0,0.0,0.0,1.0,0.0,0.0,0.0,0.0
0.055267702936096716,0.0851063829787234,0.0425531914893617,0.7268817204301075,0.5578231292517006,0.06853582554517135,0.0,1.0,0.03508771929824561,0.948717948717956,0.625,0.625,0.0,0.0,1.0,0.0,0.0,0.0,0.0,0.0,0.0,0.0,0.0,0.0,0.0,0.0,1.0,0.0,0.0,0.0,0.0,0.0
0.11744386873920552,0.0,0.1276595744680851,0.3763440860215054,0.24489795918367346,0.09553478712357218,0.08,1.0,0.03508771929824561,0.435897435897445,0.875,0.45833333333333304,0.4,0.0,1.0,0.0,0.0,0.0,0.0,0.0,0.0,0.0,0.0,1.0,0.0,0.0,0.0,0.0,0.0,0.0,0.0,0.0
0.15198618307426598,0.2127659574468085,0.1702127659574468,0.2129032258064516,0.1870748299319728,0.06438213914849429,0.16,1.0,0.17543859649122806,0.8461538461538538,0.625,0.625,1.0,0.0,1.0,0.0,0.0,0.0,0.0,0.0,0.0,0.0,0.0,0.0,1.0,0.0,0.0,0.0,0.0,0.0,0.0,0.0
0.2970639032815198,0.3404255319148936,0.0425531914893617,0.278494623655914,0.14965986394557823,0.22014537902388367,0.08,1.0,0.14035087719298245,0.8974358974358978,0.375,0.375,0.4,0.0,0.0,0.0,1.0,0.0,0.0,0.0,0.0,0.0,0.0,0.0,1.0,0.0,0.0,0.0,0.0,0.0,0.0,0.0
1.0,1.0,1.0,0.535483870967742,0.2857142857142857,0.9999999999999999,1.0,1.0,1.0,0.3333333333333428,0.7750000000000004,0.625,0.0,0.0,1.0,0.0,0.0,0.0,0.0,0.0,0.0,0.0,0.0,0.0,1.0,0.0,0.0,0.0,0.0,0.0,0.0,0.0
0.42141623488773744,0.8085106382978723,0.3829787234042553,0.3010752688172043,0.20408163265306123,0.743509865005192,0.32,1.0,0.24561403508771928,0.7435897435897516,0.625,0.375,0.0,0.0,1.0,0.0,0.0,0.0,0.0,0.0,0.0,0.0,0.0,0.0,0.0,0.0,0.0,0.0,0.0,0.0,0.0,1.0
0.1485319516407599,0.3404255319148936,0.3829787234042553,0.29892473118279567,0.11904761904761904,0.9999999999999999,0.64,1.0,0.42105263157894735,0.8461538461538538,0.125,0.375,0.4,0.0,0.0,1.0,0.0,0.0,0.0,0.0,0.0,0.0,0.0,0.0,1.0,0.0,0.0,0.0,0.0,0.0,0.0,0.0
0.09326424870466321,0.0425531914893617,0.0851063829787234,0.9999999999999999,0.46258503401360546,0.45690550363447563,0.0,1.0,0.10526315789473684,0.8461538461538538,1.0,0.958333333333333,0.0,0.0,1.0,0.0,0.0,0.0,0.0,0.0,0.0,0.0,0.0,1.0,0.0,0.0,0.0,0.0,0.0,0.0,0.0,0.0
0.35924006908462863,0.0851063829787234,0.0425531914893617,0.4301075268817204,0.2857142857142857,0.16407061266874348,0.0,1.0,0.03508771929824561,0.8974358974358978,0.625,0.375,0.0,0.0,0.0,0.0,0.0,0.0,0.0,0.0,0.0,1.0,0.0,1.0,0.0,0.0,0.0,0.0,0.0,0.0,0.0,0.0
0.18307426597582038,0.3404255319148936,0.2553191489361702,0.15913978494623654,0.19047619047619047,0.0893042575285566,0.16,0.6000000000000001,0.10526315789473684,0.8461538461538538,0.625,0.375,0.0,0.0,0.0,0.0,0.0,0.0,0.0,0.0,0.0,0.0,1.0,0.0,1.0,0.0,0.0,0.0,0.0,0.0,0.0,0.0
0.1934369602763385,0.2553191489361702,0.2127659574468085,0.38602150537634405,0.22108843537414968,0.43613707165109034,0.32,1.0,0.17543859649122806,0.8974358974358978,0.375,0.375,0.0,0.0,0.0,0.0,1.0,0.0,0.0,0.0,0.0,0.0,0.0,0.0,1.0,0.0,0.0,0.0,0.0,0.0,0.0,0.0
0.027633851468048358,0.0425531914893617,0.0,0.4946236559139785,0.2312925170068027,0.3011422637590862,0.0,0.6000000000000001,0.03508771929824561,0.8461538461538538,0.625,0.375,0.0,0.0,1.0,0.0,0.0,0.0,0.0,0.0,0.0,0.0,0.0,1.0,0.0,0.0,0.0,0.0,0.0,0.0,0.0,0.0
0.33506044905008636,0.2553191489361702,0.2553191489361702,0.6021505376344086,0.5850340136054422,0.20976116303219106,0.16,0.6000000000000001,0.24561403508771928,0.5897435897435912,0.625,0.625,0.0,0.0,1.0,0.0,0.0,0.0,0.0,0.0,0.0,0.0,0.0,0.0,0.0,0.0,0.0,1.0,0.0,0.0,0.0,0.0
0.11398963730569947,0.0,0.0,0.4301075268817204,0.37755102040816324,0.11007268951194185,0.0,0.0,0.0,0.8974358974358978,0.625,0.375,0.8000000000000002,0.0,1.0,0.0,0.0,0.0,0.0,0.0,0.0,0.0,0.0,0.0,1.0,0.0,0.0,0.0,0.0,0.0,0.0,0.0
0.05872193436960276,0.2978723404255319,0.0425531914893617,0.5956989247311828,0.2585034013605442,0.12045690550363447,0.08,1.0,0.07017543859649122,0.7948717948717956,0.625,0.625,0.4,0.0,1.0,0.0,0.0,0.0,0.0,0.0,0.0,0.0,0.0,0.0,1.0,0.0,0.0,0.0,0.0,0.0,0.0,0.0
0.32124352331606215,0.46808510638297873,1.0,0.535483870967742,0.5306122448979591,0.25752855659397716,0.72,1.0,0.9122807017543859,0.5384615384615472,0.625,0.625,0.4,0.0,0.0,0.0,0.0,0.0,1.0,0.0,0.0,0.0,0.0,0.0,1.0,0.0,0.0,0.0,0.0,0.0,0.0,0.0
0.7150259067357513,1.0,0.8936170212765957,0.27956989247311825,0.20408163265306123,0.9999999999999999,1.0,0.6000000000000001,0.8070175438596491,0.948717948717956,0.375,0.45833333333333304,0.4,0.0,1.0,0.0,0.0,0.0,0.0,0.0,0.0,0.0,0.0,0.0,1.0,0.0,0.0,0.0,0.0,0.0,0.0,0.0
0.3488773747841105,0.1702127659574468,0.1276595744680851,0.8602150537634409,0.6122448979591836,0.13499480789200413,0.0,0.0,0.0,0.8974358974358978,0.625,0.625,0.0,0.0,0.0,0.0,0.0,0.0,0.0,0.0,1.0,0.0,0.0,0.0,0.0,0.0,0.0,0.0,0.0,0.0,0.0,0.0
0.8670120898100172,0.3404255319148936,0.3404255319148936,0.5376344086021505,0.43537414965986393,0.3364485981308411,0.16,1.0,0.3157894736842105,0.3846153846153868,0.625,0.625,1.0,0.0,0.0,0.0,0.0,0.0,0.0,0.0,1.0,0.0,0.0,0.0,0.0,1.0,0.0,0.0,0.0,0.0,0.0,0.0
1.0,0.2553191489361702,1.0,0.535483870967742,0.5306122448979591,0.905503634475597,0.64,0.6000000000000001,1.0,0.3333333333333428,0.625,0.625,1.0,0.0,0.0,0.0,0.0,0.0,1.0,0.0,0.0,0.0,0.0,0.0,1.0,0.0,0.0,0.0,0.0,0.0,0.0,0.0
0.6735751295336787,0.8085106382978723,1.0,0.535483870967742,0.693877551020408,0.6458982346832813,1.0,1.0,1.0,0.5384615384615472,0.625,0.625,1.0,0.0,0.0,0.0,0.0,0.0,1.0,0.0,0.0,0.0,0.0,0.0,1.0,0.0,0.0,0.0,0.0,0.0,0.0,0.0
0.2936096718480138,0.5531914893617021,0.5106382978723404,0.4086021505376344,0.4489795918367347,0.4672897196261682,0.16,0.6000000000000001,0.3157894736842105,0.3333333333333428,0.625,0.708333333333333,0.0,0.0,0.0,0.0,0.0,0.0,0.0,0.0,0.0,0.0,0.0,0.0,1.0,0.0,0.0,0.0,0.0,0.0,0.0,0.0
0.4801381692573402,0.3404255319148936,0.0851063829787234,0.4301075268817204,0.43537414965986393,0.12045690550363447,0.16,1.0,0.21052631578947367,0.8461538461538538,0.625,0.625,0.0,0.0,0.0,0.0,0.0,0.0,0.0,0.0,1.0,0.0,0.0,0.0,0.0,0.0,0.0,0.0,0.0,1.0,0.0,0.0
0.9464594127806563,0.5106382978723404,0.7234042553191489,0.9999999999999999,1.0,0.944963655244029,0.88,1.0,0.6666666666666666,0.7435897435897516,0.625,0.625,0.4,0.0,0.0,0.0,0.0,0.0,1.0,0.0,0.0,0.0,0.0,0.0,1.0,0.0,0.0,0.0,0.0,0.0,0.0,0.0
0.5837651122625216,0.2978723404255319,0.0851063829787234,0.5376344086021505,0.489795918367347,0.16614745586708202,0.24,1.0,0.2807017543859649,0.2820512820512846,0.625,0.625,0.0,0.0,0.0,0.0,0.0,0.0,0.0,0.0,1.0,0.0,0.0,0.0,1.0,0.0,0.0,0.0,0.0,0.0,0.0,0.0
0.027633851468048358,0.0425531914893617,0.0425531914893617,0.4516129032258064,0.41836734693877553,0.5275181723779854,0.0,0.0,0.0,0.948717948717956,0.625,0.375,1.0,0.0,1.0,0.0,0.0,0.0,0.0,0.0,0.0,0.0,0.0,0.0,1.0,0.0,0.0,0.0,0.0,0.0,0.0,0.0
0.010362694300518133,0.0,0.0,0.27956989247311825,0.217687074829932,0.10799584631360333,0.0,0.0,0.0,0.8461538461538538,0.625,0.625,0.0,1.0,0.0,0.0,0.0,0.0,0.0,0.0,0.0,0.0,0.0,0.0,0.0,0.0,1.0,0.0,0.0,0.0,0.0,0.0
0.0,0.0,0.0,0.3225806451612903,0.24149659863945577,0.041536863966770504,0.0,0.0,0.0,0.948717948717956,0.625,0.375,0.4,0.0,0.0,0.0,0.0,0.0,0.0,1.0,0.0,0.0,0.0,0.0,1.0,0.0,0.0,0.0,0.0,0.0,0.0,0.0
1.0,1.0,1.0,0.535483870967742,0.6122448979591836,0.9999999999999999,1.0,0.6000000000000001,1.0,0.1794871794871824,0.625,0.625,0.0,0.0,0.0,0.0,0.0,0.0,1.0,0.0,0.0,0.0,0.0,0.0,0.0,0.0,0.0,1.0,0.0,0.0,0.0,0.0
0.1381692573402418,0.3829787234042553,0.0851063829787234,0.6010752688172043,0.36394557823129253,0.1308411214953271,0.16,1.0,0.21052631578947367,0.948717948717956,0.375,0.375,1.0,0.0,0.0,0.0,1.0,0.0,0.0,0.0,0.0,0.0,0.0,0.0,1.0,0.0,0.0,0.0,0.0,0.0,0.0,0.0
0.0690846286701209,0.0,0.0425531914893617,0.9247311827956989,0.7074829931972788,0.010384215991692626,0.08,1.0,0.03508771929824561,0.948717948717956,0.625,0.375,0.4,0.0,1.0,0.0,0.0,0.0,0.0,0.0,0.0,0.0,0.0,0.0,1.0,0.0,0.0,0.0,0.0,0.0,0.0,0.0
0.4283246977547496,0.7659574468085106,1.0,0.535483870967742,0.693877551020408,0.5129802699896158,1.0,1.0,1.0,0.5897435897435912,0.625,0.625,1.0,0.0,0.0,0.0,0.0,0.0,1.0,0.0,0.0,0.0,0.0,0.0,1.0,0.0,0.0,0.0,0.0,0.0,0.0,0.0
1.0,1.0,1.0,0.42795698924731185,0.17687074829931973,0.9999999999999999,1.0,0.6000000000000001,1.0,0.5384615384615472,0.0,0.09166666666666679,0.0,0.0,0.0,0.0,0.0,0.0,1.0,0.0,0.0,0.0,0.0,0.0,0.0,0.0,1.0,0.0,0.0,0.0,0.0,0.0
0.037996545768566495,0.0851063829787234,0.0851063829787234,0.4086021505376344,0.45918367346938777,0.018691588785046728,0.0,0.0,0.0,0.8461538461538538,0.0,0.04166666666666652,0.0,1.0,0.0,0.0,0.0,0.0,0.0,0.0,0.0,0.0,0.0,1.0,0.0,0.0,0.0,0.0,0.0,0.0,0.0,0.0
0.027633851468048358,0.0851063829787234,0.0,0.4301075268817204,0.41496598639455784,0.060228452751817235,0.0,0.20000000000000018,0.03508771929824561,1.0,0.625,0.375,0.4,0.0,1.0,0.0,0.0,0.0,0.0,0.0,0.0,0.0,0.0,0.0,1.0,0.0,0.0,0.0,0.0,0.0,0.0,0.0
0.0034542314335060447,0.0425531914893617,0.0,0.4516129032258064,0.22108843537414968,0.024922118380062305,0.0,0.0,0.0,0.8461538461538538,1.0,0.625,0.4,0.0,1.0,0.0,0.0,0.0,0.0,0.0,0.0,0.0,0.0,0.0,1.0,0.0,0.0,0.0,0.0,0.0,0.0,0.0
0.5250431778929188,0.851063829787234,0.5957446808510638,0.3225806451612903,0.2857142857142857,0.9999999999999999,0.32,0.6000000000000001,0.49122807017543857,0.7435897435897516,0.625,0.625,0.0,0.0,0.0,0.0,0.0,1.0,0.0,0.0,0.0,0.0,0.0,0.0,0.0,0.0,0.0,0.0,1.0,0.0,0.0,0.0
0.8670120898100172,0.3829787234042553,0.2553191489361702,0.9677419354838709,0.9387755102040816,0.34890965732087226,0.56,1.0,0.5614035087719298,0.6923076923076934,0.625,0.625,0.0,0.0,0.0,0.0,0.0,0.0,0.0,0.0,1.0,0.0,0.0,0.0,0.0,0.0,0.0,0.0,0.0,1.0,0.0,0.0
0.17271157167530224,0.1276595744680851,0.0851063829787234,0.6580645161290323,0.36054421768707484,0.24299065420560745,0.0,1.0,0.03508771929824561,0.7948717948717956,0.375,0.375,0.0,0.0,1.0,0.0,0.0,0.0,0.0,0.0,0.0,0.0,0.0,0.0,0.0,0.0,0.0,1.0,0.0,0.0,0.0,0.0
0.04145077720207253,0.0425531914893617,0.0851063829787234,0.10537634408602149,0.17687074829931973,0.020768431983385256,0.0,1.0,0.07017543859649122,0.8461538461538538,0.625,0.625,1.0,0.0,1.0,0.0,0.0,0.0,0.0,0.0,0.0,0.0,0.0,0.0,1.0,0.0,0.0,0.0,0.0,0.0,0.0,0.0
0.010362694300518133,0.0,0.0,0.44946236559139785,0.40816326530612246,0.15784008307372793,0.0,1.0,0.03508771929824561,0.8974358974358978,0.625,0.375,0.0,0.0,1.0,0.0,0.0,0.0,0.0,0.0,0.0,0.0,0.0,0.0,1.0,0.0,0.0,0.0,0.0,0.0,0.0,0.0
0.03454231433506045,0.1702127659574468,0.0425531914893617,0.5204301075268817,0.46938775510204084,0.09553478712357218,0.16,1.0,0.07017543859649122,0.948717948717956,0.625,0.375,0.0,0.0,1.0,0.0,0.0,0.0,0.0,0.0,0.0,0.0,0.0,0.0,1.0,0.0,0.0,0.0,0.0,0.0,0.0,0.0
0.06217616580310881,0.0425531914893617,0.0,0.9999999999999999,0.7159863945578231,0.04361370716510903,0.0,0.0,0.0,0.948717948717956,1.0,1.0,1.0,0.0,0.0,0.0,0.0,0.0,0.0,1.0,0.0,0.0,0.0,1.0,0.0,0.0,0.0,0.0,0.0,0.0,0.0,0.0
0.18652849740932642,0.3829787234042553,0.0425531914893617,0.37526881720430105,0.2142857142857143,0.2222222222222222,0.08,1.0,0.17543859649122806,0.8974358974358978,0.375,0.375,0.4,0.0,0.0,0.0,1.0,0.0,0.0,0.0,0.0,0.0,0.0,0.0,1.0,0.0,0.0,0.0,0.0,0.0,0.0,0.0
0.11744386873920552,0.2553191489361702,0.0851063829787234,0.4086021505376344,0.37074829931972786,0.19937694704049844,0.0,0.6000000000000001,0.03508771929824561,0.8974358974358978,0.375,0.45833333333333304,0.0,0.0,1.0,0.0,0.0,0.0,0.0,0.0,0.0,0.0,0.0,0.0,1.0,0.0,0.0,0.0,0.0,0.0,0.0,0.0
1.0,0.425531914893617,0.2127659574468085,0.4301075268817204,0.2857142857142857,0.411214953271028,0.16,1.0,0.14035087719298245,0.7948717948717956,0.625,0.625,0.0,0.0,0.0,0.0,0.0,0.0,0.0,0.0,1.0,0.0,0.0,0.0,0.0,0.0,0.0,0.0,0.0,0.0,0.0,0.0
0.048359240069084625,0.0,0.0,0.2150537634408602,0.11904761904761904,0.029075804776739357,0.0,0.0,0.0,0.948717948717956,0.625,0.375,0.0,0.0,0.0,0.0,0.0,0.0,0.0,0.0,0.0,1.0,0.0,0.0,0.0,0.0,0.0,0.0,1.0,0.0,0.0,0.0
0.8117443868739205,0.9787234042553191,1.0,0.535483870967742,0.6122448979591836,0.45898234683281414,1.0,0.6000000000000001,1.0,0.487179487179489,0.625,0.625,0.8000000000000002,0.0,0.0,0.0,0.0,0.0,1.0,0.0,0.0,0.0,0.0,1.0,0.0,0.0,0.0,0.0,0.0,0.0,0.0,0.0
0.055267702936096716,0.0,0.0,0.8602150537634409,0.6207482993197279,0.008307372793354102,0.0,0.0,0.0,0.948717948717956,0.625,0.625,0.4,0.0,1.0,0.0,0.0,0.0,0.0,0.0,0.0,0.0,0.0,0.0,1.0,0.0,0.0,0.0,0.0,0.0,0.0,0.0
0.4386873920552677,0.8085106382978723,0.2127659574468085,0.2150537634408602,0.2312925170068027,0.3842159916926272,0.24,1.0,0.17543859649122806,0.8461538461538538,0.625,0.625,0.0,0.0,0.0,0.0,0.0,1.0,0.0,0.0,0.0,0.0,0.0,0.0,1.0,0.0,0.0,0.0,0.0,0.0,0.0,0.0
0.09326424870466321,0.2127659574468085,0.1276595744680851,0.2150537634408602,0.14965986394557823,0.04984423676012461,0.0,1.0,0.07017543859649122,0.7948717948717956,0.625,0.375,0.0,0.0,0.0,0.0,0.0,1.0,0.0,0.0,0.0,0.0,0.0,0.0,1.0,0.0,0.0,0.0,0.0,0.0,0.0,0.0
1.0,0.851063829787234,1.0,0.3225806451612903,0.20408163265306123,0.9740394600207684,0.72,1.0,0.8421052631578947,0.8461538461538538,0.375,0.375,0.4,0.0,0.0,0.0,0.0,0.0,0.0,0.0,1.0,0.0,0.0,0.0,1.0,0.0,0.0,0.0,0.0,0.0,0.0,0.0
0.013816925734024179,0.0851063829787234,0.0,0.2150537634408602,0.2857142857142857,0.020768431983385256,0.08,1.0,0.03508771929824561,0.7948717948717956,0.625,0.375,0.4,1.0,0.0,0.0,0.0,0.0,0.0,0.0,0.0,0.0,0.0,0.0,1.0,0.0,0.0,0.0,0.0,0.0,0.0,0.0
0.4870466321243523,0.46808510638297873,0.2553191489361702,0.7096774193548387,0.6666666666666666,0.3302180685358255,0.64,1.0,0.8421052631578947,0.5384615384615472,0.625,0.625,0.0,0.0,1.0,0.0,0.0,0.0,0.0,0.0,0.0,0.0,0.0,0.0,0.0,0.0,0.0,0.0,0.0,1.0,0.0,0.0
0.23488773747841105,0.1276595744680851,0.46808510638297873,0.04946236559139784,0.10714285714285715,0.699896157840083,0.32,1.0,0.38596491228070173,0.435897435897445,0.375,0.375,0.0,0.0,1.0,0.0,0.0,0.0,0.0,0.0,0.0,0.0,0.0,0.0,0.0,0.0,0.0,0.0,0.0,0.0,1.0,0.0
0.07599309153713299,0.0425531914893617,0.0851063829787234,0.4301075268817204,0.3979591836734694,0.2679127725856698,0.08,1.0,0.10526315789473684,1.0,0.625,0.375,0.0,0.0,1.0,0.0,0.0,0.0,0.0,0.0,0.0,0.0,0.0,0.0,1.0,0.0,0.0,0.0,0.0,0.0,0.0,0.0
0.031088082901554404,0.0425531914893617,0.0,0.3655913978494624,0.29591836734693877,0.04361370716510903,0.08,0.0,0.03508771929824561,0.8974358974358978,0.0,0.0,1.0,0.0,0.0,0.0,0.0,0.0,0.0,0.0,0.0,1.0,0.0,0.0,0.0,0.0,0.0,0.0,0.0,0.0,0.0,1.0
0.024179620034542312,0.0851063829787234,0.0425531914893617,0.23225806451612901,0.1360544217687075,0.3052959501557633,0.0,1.0,0.03508771929824561,0.948717948717956,0.125,0.375,0.4,0.0,0.0,1.0,0.0,0.0,0.0,0.0,0.0,0.0,0.0,0.0,1.0,0.0,0.0,0.0,0.0,0.0,0.0,0.0
0.43523316062176165,0.3404255319148936,0.2553191489361702,0.7526881720430108,0.6530612244897959,0.28037383177570097,0.32,0.6000000000000001,0.24561403508771928,0.7435897435897516,0.625,0.625,0.0,0.0,0.0,0.0,0.0,0.0,0.0,0.0,1.0,0.0,0.0,0.0,0.0,0.0,0.0,0.0,0.0,1.0,0.0,0.0
0.20379965457685664,0.2553191489361702,0.0425531914893617,0.4301075268817204,0.5578231292517006,0.10384215991692627,0.16,0.6000000000000001,0.14035087719298245,0.5384615384615472,0.125,0.375,0.0,0.0,0.0,0.0,0.0,0.0,0.0,0.0,0.0,0.0,0.0,0.0,0.0,0.0,0.0,0.0,0.0,1.0,0.0,0.0
0.05872193436960276,0.2127659574468085,0.1276595744680851,0.20322580645161287,0.09523809523809523,0.08307372793354102,0.08,1.0,0.03508771929824561,0.8974358974358978,0.375,0.375,0.0,0.0,0.0,0.0,1.0,0.0,0.0,0.0,0.0,0.0,0.0,0.0,1.0,0.0,0.0,0.0,0.0,0.0,0.0,0.0
0.08981001727115716,0.3404255319148936,0.1702127659574468,0.2150537634408602,0.20408163265306123,0.9999999999999999,0.24,1.0,0.10526315789473684,0.8974358974358978,0.625,0.375,0.0,0.0,1.0,0.0,0.0,0.0,0.0,0.0,0.0,0.0,0.0,0.0,0.0,0.0,0.0,0.0,0.0,0.0,1.0,0.0
0.48359240069084625,0.425531914893617,0.5531914893617021,0.9999999999999999,0.6258503401360543,0.36967808930425755,0.96,1.0,0.8421052631578947,0.487179487179489,0.625,0.708333333333333,0.0,0.0,1.0,0.0,0.0,0.0,0.0,0.0,0.0,0.0,0.0,0.0,0.0,0.0,0.0,1.0,0.0,0.0,0.0,0.0
0.08981001727115716,0.0851063829787234,0.3404255319148936,0.8806451612903226,0.5578231292517006,0.12876427829698855,0.4,1.0,0.21052631578947367,0.8461538461538538,0.375,0.375,0.8000000000000002,0.0,0.0,0.0,1.0,0.0,0.0,0.0,0.0,0.0,0.0,0.0,1.0,0.0,0.0,0.0,0.0,0.0,0.0,0.0
0.08635578583765112,0.0,0.0,0.5161290322580645,0.2312925170068027,0.02284527518172378,0.0,1.0,0.03508771929824561,0.8974358974358978,0.375,0.45833333333333304,0.0,0.0,1.0,0.0,0.0,0.0,0.0,0.0,0.0,0.0,0.0,1.0,0.0,0.0,0.0,0.0,0.0,0.0,0.0,0.0
0.11398963730569947,0.1276595744680851,0.0425531914893617,0.3440860215053763,0.35714285714285715,0.782969885773624,0.16,0.6000000000000001,0.10526315789473684,0.7948717948717956,0.375,0.375,0.0,0.0,1.0,0.0,0.0,0.0,0.0,0.0,0.0,0.0,0.0,0.0,1.0,0.0,0.0,0.0,0.0,0.0,0.0,0.0
0.2003454231433506,0.1702127659574468,0.1276595744680851,0.29892473118279567,0.35374149659863946,0.11214953271028037,0.24,1.0,0.14035087719298245,0.8974358974358978,0.625,0.375,0.4,0.0,0.0,0.0,0.0,0.0,0.0,0.0,0.0,0.0,1.0,0.0,1.0,0.0,0.0,0.0,0.0,0.0,0.0,0.0
0.0069084628670120895,0.0,0.0,0.23655913978494625,0.24489795918367346,0.0,0.08,1.0,0.03508771929824561,0.7435897435897516,0.0,0.04166666666666652,0.0,1.0,0.0,0.0,0.0,0.0,0.0,0.0,0.0,0.0,0.0,0.0,1.0,0.0,0.0,0.0,0.0,0.0,0.0,0.0
0.0036925734024179616,1.0,1.0,0.3118279569892473,0.5238095238095237,0.9999999999999999,1.0,0.6000000000000001,1.0,0.8461538461538538,0.625,0.375,0.0,0.0,1.0,0.0,0.0,0.0,0.0,0.0,0.0,0.0,0.0,0.0,1.0,0.0,0.0,0.0,0.0,0.0,0.0,0.0
0.027633851468048358,0.0425531914893617,0.0,0.27956989247311825,0.217687074829932,0.02284527518172378,0.0,0.0,0.0,0.948717948717956,0.625,0.375,0.0,1.0,0.0,0.0,0.0,0.0,0.0,0.0,0.0,0.0,0.0,0.0,1.0,0.0,0.0,0.0,0.0,0.0,0.0,0.0
0.5630397236614852,0.2553191489361702,0.425531914893617,0.24623655913978493,0.12244897959183673,0.5586708203530633,0.24,1.0,0.21052631578947367,0.7948717948717956,0.375,0.375,0.0,0.0,0.0,0.0,1.0,0.0,0.0,0.0,0.0,0.0,0.0,0.0,0.0,1.0,0.0,0.0,0.0,0.0,0.0,0.0
0.5906735751295337,0.3829787234042553,0.5957446808510638,0.5053763440860215,0.39965986394557823,0.45067497403946005,0.64,1.0,0.3508771929824561,0.5897435897435912,0.375,0.375,1.0,0.0,1.0,0.0,0.0,0.0,0.0,0.0,0.0,0.0,0.0,0.0,1.0,0.0,0.0,0.0,0.0,0.0,0.0,0.0
0.12780656303972365,0.5957446808510638,0.0425531914893617,0.5043010752688172,0.30272108843537415,0.3322949117341641,0.16,1.0,0.17543859649122806,0.8974358974358978,0.375,0.375,1.0,0.0,0.0,0.0,1.0,0.0,0.0,0.0,0.0,0.0,0.0,0.0,1.0,0.0,0.0,0.0,0.0,0.0,0.0,0.0
1.0,0.5106382978723404,1.0,0.535483870967742,0.6105442176870748,0.9999999999999999,1.0,0.6000000000000001,1.0,0.2307692307692406,0.625,0.625,1.0,0.0,0.0,0.0,0.0,0.0,1.0,0.0,0.0,0.0,0.0,0.0,1.0,0.0,0.0,0.0,0.0,0.0,0.0,0.0
0.07253886010362694,0.0425531914893617,0.0,0.3010752688172043,0.17517006802721088,0.06230529595015576,0.0,0.0,0.0,0.8461538461538538,0.375,0.45833333333333304,0.4,0.0,0.0,0.0,0.0,0.0,0.0,0.0,0.0,1.0,0.0,0.0,0.0,0.0,0.0,1.0,0.0,0.0,0.0,0.0
0.05872193436960276,0.0,0.0,0.25806451612903225,0.13945578231292519,0.039460020768431976,0.0,0.0,0.0,0.8974358974358978,0.625,0.625,0.0,0.0,0.0,0.0,0.0,0.0,0.0,1.0,0.0,0.0,0.0,0.0,1.0,0.0,0.0,0.0,0.0,0.0,0.0,0.0
0.9602763385146804,1.0,1.0,0.42795698924731185,0.43537414965986393,0.9999999999999999,1.0,0.20000000000000018,1.0,0.5897435897435912,0.625,0.625,0.0,0.0,0.0,0.0,0.0,0.0,1.0,0.0,0.0,0.0,0.0,0.0,1.0,0.0,0.0,0.0,0.0,0.0,0.0,0.0
0.031088082901554404,0.0425531914893617,0.0,0.3139784946236559,0.282312925170068,0.1723779854620976,0.0,0.0,0.0,0.7948717948717956,0.375,0.375,0.8000000000000002,0.0,1.0,0.0,0.0,0.0,0.0,0.0,0.0,0.0,0.0,0.0,1.0,0.0,0.0,0.0,0.0,0.0,0.0,0.0
0.05872193436960276,0.0,0.0,0.4731182795698925,0.32312925170068024,0.02284527518172378,0.08,1.0,0.03508771929824561,0.7948717948717956,0.625,0.625,0.0,0.0,0.0,0.0,0.0,0.0,0.0,1.0,0.0,0.0,0.0,0.0,0.0,0.0,1.0,0.0,0.0,0.0,0.0,0.0
0.0037789291882556132,1.0,1.0,0.3440860215053763,0.5850340136054422,0.9999999999999999,1.0,1.0,1.0,0.0,0.625,0.375,0.8000000000000002,0.0,1.0,0.0,0.0,0.0,0.0,0.0,0.0,0.0,0.0,0.0,1.0,0.0,0.0,0.0,0.0,0.0,0.0,0.0
1.0,1.0,1.0,0.47096774193548385,0.4489795918367347,0.9999999999999999,1.0,0.6000000000000001,1.0,0.435897435897445,0.625,0.625,0.0,0.0,0.0,0.0,0.0,0.0,1.0,0.0,0.0,0.0,0.0,1.0,0.0,0.0,0.0,0.0,0.0,0.0,0.0,0.0
0.13471502590673576,0.0851063829787234,0.2978723404255319,0.7204301075268817,0.46598639455782315,0.446521287642783,0.16,0.6000000000000001,0.21052631578947367,0.8974358974358978,0.625,0.625,0.4,0.0,1.0,0.0,0.0,0.0,0.0,0.0,0.0,0.0,0.0,0.0,1.0,0.0,0.0,0.0,0.0,0.0,0.0,0.0
0.1249188255613126,0.20314893617021276,0.4643829787234042,0.09032258064516129,0.25,0.9999999999999999,0.3188,0.6000000000000001,1.0,0.6923076923076934,0.125,0.5416666666666665,0.0,0.0,1.0,0.0,0.0,0.0,0.0,0.0,0.0,0.0,0.0,0.0,1.0,0.0,0.0,0.0,0.0,0.0,0.0,0.0
0.22107081174438686,0.2978723404255319,0.2978723404255319,0.5376344086021505,0.5170068027210883,0.23468328141225336,0.48,1.0,0.42105263157894735,0.5897435897435912,1.0,0.625,0.0,0.0,1.0,0.0,0.0,0.0,0.0,0.0,0.0,0.0,0.0,0.0,0.0,0.0,0.0,0.0,0.0,0.0,0.0,1.0
0.05872193436960276,0.2553191489361702,0.0,0.5376344086021505,0.3843537414965986,0.4132917964693666,0.0,1.0,0.07017543859649122,0.948717948717956,0.625,0.375,0.4,0.0,1.0,0.0,0.0,0.0,0.0,0.0,0.0,0.0,0.0,0.0,1.0,0.0,0.0,0.0,0.0,0.0,0.0,0.0
0.13471502590673576,0.1702127659574468,0.0851063829787234,0.3225806451612903,0.19047619047619047,0.11630321910695743,0.08,0.6000000000000001,0.03508771929824561,0.5384615384615472,0.625,0.375,0.0,0.0,1.0,0.0,0.0,0.0,0.0,0.0,0.0,0.0,0.0,0.0,0.0,0.0,1.0,0.0,0.0,0.0,0.0,0.0
0.07253886010362694,0.0,0.0,0.9999999999999999,0.20408163265306123,0.09553478712357218,0.0,0.0,0.0,0.8974358974358978,0.625,0.375,0.0,0.0,1.0,0.0,0.0,0.0,0.0,0.0,0.0,0.0,0.0,1.0,0.0,0.0,0.0,0.0,0.0,0.0,0.0,0.0
0.35233160621761656,0.6808510638297872,0.5106382978723404,0.8602150537634409,0.91156462585034,0.20976116303219106,0.0,1.0,0.21052631578947367,0.5897435897435912,0.625,0.625,0.0,0.0,1.0,0.0,0.0,0.0,0.0,0.0,0.0,0.0,0.0,0.0,1.0,0.0,0.0,0.0,0.0,0.0,0.0,0.0
0.048359240069084625,0.0851063829787234,0.0425531914893617,0.10537634408602149,0.3078231292517007,0.03530633437175493,0.08,1.0,0.03508771929824561,0.6410256410256494,0.625,0.625,1.0,0.0,1.0,0.0,0.0,0.0,0.0,0.0,0.0,0.0,0.0,0.0,1.0,0.0,0.0,0.0,0.0,0.0,0.0,0.0
0.08981001727115716,0.0425531914893617,0.0425531914893617,0.2150537634408602,0.163265306122449,0.09553478712357218,0.24,0.6000000000000001,0.14035087719298245,0.6923076923076934,0.625,0.625,0.0,0.0,0.0,0.0,0.0,1.0,0.0,0.0,0.0,0.0,0.0,0.0,1.0,0.0,0.0,0.0,0.0,0.0,0.0,0.0
0.06563039723661485,0.0425531914893617,0.1276595744680851,0.9677419354838709,1.0,0.11630321910695743,0.32,0.6000000000000001,0.17543859649122806,0.8461538461538538,0.875,0.7916666666666665,0.8000000000000002,0.0,0.0,0.0,0.0,0.0,0.0,1.0,0.0,0.0,0.0,0.0,0.0,0.0,0.0,0.0,0.0,0.0,0.0,1.0
0.017271157167530225,0.0,0.0,0.5806451612903226,0.5578231292517006,0.008307372793354102,0.0,0.0,0.0,0.8461538461538538,0.625,0.375,0.8000000000000002,1.0,0.0,0.0,0.0,0.0,0.0,0.0,0.0,0.0,0.0,0.0,1.0,0.0,0.0,0.0,0.0,0.0,0.0,0.0
0.23834196891191708,0.3404255319148936,0.2553191489361702,0.7096774193548387,0.7414965986394557,0.15991692627206644,0.24,0.6000000000000001,0.38596491228070173,0.3333333333333428,0.125,0.375,0.0,0.0,1.0,0.0,0.0,0.0,0.0,0.0,0.0,0.0,0.0,0.0,1.0,0.0,0.0,0.0,0.0,0.0,0.0,0.0
1.0,1.0,1.0,0.42795698924731185,0.4489795918367347,0.9999999999999999,1.0,0.6000000000000001,1.0,0.3846153846153868,0.625,0.625,0.0,0.0,0.0,0.0,0.0,0.0,1.0,0.0,0.0,0.0,0.0,0.0,1.0,0.0,0.0,0.0,0.0,0.0,0.0,0.0
0.5699481865284974,0.46808510638297873,0.1276595744680851,0.5376344086021505,0.35374149659863946,0.17445482866043613,0.0,0.6000000000000001,0.10526315789473684,0.6923076923076934,0.625,0.625,0.0,0.0,0.0,0.0,0.0,0.0,0.0,0.0,1.0,0.0,0.0,0.0,0.0,0.0,0.0,0.0,0.0,0.0,0.0,0.0
0.05872193436960276,0.0851063829787234,0.1276595744680851,0.17096774193548386,0.07142857142857142,0.328141225337487,0.24,1.0,0.10526315789473684,0.7948717948717956,0.375,0.375,0.0,0.0,0.0,0.0,1.0,0.0,0.0,0.0,0.0,0.0,0.0,0.0,1.0,0.0,0.0,0.0,0.0,0.0,0.0,0.0
0.2763385146804836,0.1276595744680851,0.2553191489361702,0.5376344086021505,0.489795918367347,0.25545171339563866,0.08,1.0,0.03508771929824561,0.6923076923076934,0.625,0.625,0.4,0.0,1.0,0.0,0.0,0.0,0.0,0.0,0.0,0.0,0.0,0.0,1.0,0.0,0.0,0.0,0.0,0.0,0.0,0.0
0.07253886010362694,0.0425531914893617,0.0,0.4086021505376344,0.43537414965986393,0.018691588785046728,0.08,1.0,0.03508771929824561,0.7435897435897516,0.625,0.375,0.4,1.0,0.0,0.0,0.0,0.0,0.0,0.0,0.0,0.0,0.0,0.0,0.0,0.0,0.0,1.0,0.0,0.0,0.0,0.0
0.4006908462867012,0.46808510638297873,1.0,0.47096774193548385,0.5034013605442176,0.5046728971962616,0.72,0.6000000000000001,0.9473684210526315,0.487179487179489,0.625,0.625,1.0,0.0,0.0,0.0,0.0,0.0,1.0,0.0,0.0,0.0,0.0,0.0,1.0,0.0,0.0,0.0,0.0,0.0,0.0,0.0
0.027633851468048358,0.0,0.0425531914893617,0.1935483870967742,0.11904761904761904,0.14537902388369678,0.0,1.0,0.03508771929824561,0.8974358974358978,0.375,0.375,0.0,0.0,1.0,0.0,0.0,0.0,0.0,0.0,0.0,0.0,0.0,0.0,1.0,0.0,0.0,0.0,0.0,0.0,0.0,0.0
0.037996545768566495,0.0425531914893617,0.0,0.3225806451612903,0.20068027210884354,0.018691588785046728,0.0,0.0,0.0,0.7948717948717956,0.375,0.45833333333333304,0.0,0.0,0.0,0.0,0.0,0.0,0.0,0.0,0.0,1.0,0.0,1.0,0.0,0.0,0.0,0.0,0.0,0.0,0.0,0.0
0.013523316062176166,1.0,1.0,0.5268817204301075,0.4489795918367347,0.9999999999999999,1.0,1.0,1.0,0.948717948717956,0.625,0.625,0.0,0.0,1.0,0.0,0.0,0.0,0.0,0.0,0.0,0.0,0.0,0.0,0.0,0.0,0.0,0.0,0.0,1.0,0.0,0.0
0.09671848013816925,0.1276595744680851,0.0425531914893617,0.25806451612903225,0.18027210884353742,0.07684319833852545,0.0,1.0,0.03508771929824561,0.8461538461538538,0.375,0.45833333333333304,0.0,0.0,0.0,0.0,0.0,0.0,0.0,0.0,0.0,1.0,0.0,0.0,0.0,0.0,0.0,0.0,0.0,1.0,0.0,0.0
0.055267702936096716,0.0851063829787234,0.0425531914893617,0.4516129032258064,0.5034013605442176,0.1973001038421599,0.32,1.0,0.14035087719298245,0.948717948717956,0.625,0.625,0.4,0.0,1.0,0.0,0.0,0.0,0.0,0.0,0.0,0.0,0.0,1.0,0.0,0.0,0.0,0.0,0.0,0.0,0.0,0.0
0.5008635578583764,0.2127659574468085,0.0,0.8602150537634409,0.6122448979591836,0.08515057113187954,0.0,1.0,0.03508771929824561,0.8461538461538538,0.625,0.625,0.0,0.0,0.0,0.0,0.0,0.0,0.0,0.0,1.0,0.0,0.0,0.0,0.0,0.0,0.0,0.0,0.0,0.0,0.0,0.0
0.538860103626943,0.6808510638297872,1.0,0.09677419354838711,0.17006802721088435,0.9999999999999999,0.96,1.0,1.0,0.7435897435897516,0.375,0.375,0.4,0.0,1.0,0.0,0.0,0.0,0.0,0.0,0.0,0.0,0.0,0.0,1.0,0.0,0.0,0.0,0.0,0.0,0.0,0.0
0.7875647668393781,0.3404255319148936,1.0,0.07526881720430108,0.17687074829931973,0.9999999999999999,1.0,0.6000000000000001,1.0,0.0,0.625,0.3799999999999999,0.0,0.0,1.0,0.0,0.0,0.0,0.0,0.0,0.0,0.0,0.0,0.0,1.0,0.0,0.0,0.0,0.0,0.0,0.0,0.0
0.4421416234887737,0.3829787234042553,0.5106382978723404,0.6333333333333333,0.5238095238095237,0.5212876427829698,0.56,1.0,0.38596491228070173,0.7948717948717956,0.375,0.375,0.0,0.0,0.0,0.0,1.0,0.0,0.0,0.0,0.0,0.0,0.0,0.0,1.0,0.0,0.0,0.0,0.0,0.0,0.0,0.0
0.007810017271157168,1.0,1.0,0.7526881720430108,0.46258503401360546,0.9999999999999999,1.0,0.6000000000000001,1.0,0.948717948717956,0.625,0.375,0.0,0.0,1.0,0.0,0.0,0.0,0.0,0.0,0.0,0.0,0.0,0.0,1.0,0.0,0.0,0.0,0.0,0.0,0.0,0.0
1.0,1.0,0.7234042553191489,0.4301075268817204,0.5578231292517006,0.5628245067497404,0.32,0.6000000000000001,0.49122807017543857,0.7948717948717956,0.125,0.375,0.4,0.0,1.0,0.0,0.0,0.0,0.0,0.0,0.0,0.0,0.0,0.0,1.0,0.0,0.0,0.0,0.0,0.0,0.0,0.0
0.14507772020725387,0.1702127659574468,0.1276595744680851,0.4731182795698925,0.38095238095238093,0.19937694704049844,0.16,1.0,0.10526315789473684,0.7948717948717956,0.375,0.45833333333333304,0.0,0.0,0.0,0.0,0.0,0.0,0.0,0.0,0.0,1.0,0.0,0.0,0.0,0.0,0.0,0.0,0.0,0.0,0.0,1.0
0.020725388601036267,0.0,0.0,0.23655913978494625,0.20408163265306123,0.024922118380062305,0.0,0.0,0.0,0.948717948717956,0.625,0.625,0.0,1.0,0.0,0.0,0.0,0.0,0.0,0.0,0.0,0.0,0.0,0.0,0.0,0.0,1.0,0.0,0.0,0.0,0.0,0.0
0.20725388601036268,0.2127659574468085,0.0425531914893617,0.7526881720430108,0.5034013605442176,0.06645898234683281,0.24,1.0,0.21052631578947367,0.8461538461538538,0.625,0.625,0.0,0.0,0.0,0.0,0.0,0.0,0.0,0.0,1.0,0.0,0.0,0.0,1.0,0.0,0.0,0.0,0.0,0.0,0.0,0.0
0.024179620034542312,0.0,0.0425531914893617,0.6752688172043011,0.5578231292517006,0.38006230529595014,0.0,0.0,0.0,0.8461538461538538,0.625,0.375,0.0,0.0,1.0,0.0,0.0,0.0,0.0,0.0,0.0,0.0,0.0,0.0,1.0,0.0,0.0,0.0,0.0,0.0,0.0,0.0
0.07253886010362694,0.0851063829787234,0.0425531914893617,0.4086021505376344,0.22619047619047616,0.12668743509865005,0.08,1.0,0.03508771929824561,0.8974358974358978,0.625,0.625,0.0,0.0,0.0,0.0,0.0,0.0,0.0,0.0,0.0,1.0,0.0,1.0,0.0,0.0,0.0,0.0,0.0,0.0,0.0,0.0
0.05872193436960276,0.0,0.0851063829787234,0.2150537634408602,0.1360544217687075,0.04776739356178608,0.16,1.0,0.07017543859649122,0.7948717948717956,0.625,0.375,0.0,0.0,0.0,0.0,0.0,1.0,0.0,0.0,0.0,0.0,0.0,0.0,1.0,0.0,0.0,0.0,0.0,0.0,0.0,0.0
0.14162348877374784,0.0851063829787234,0.0,0.5806451612903226,0.510204081632653,0.21806853582554517,0.08,1.0,0.07017543859649122,0.7948717948717956,0.375,0.45833333333333304,0.0,0.0,0.0,0.0,0.0,0.0,0.0,0.0,0.0,1.0,0.0,0.0,0.0,0.0,0.0,1.0,0.0,0.0,0.0,0.0
0.037996545768566495,0.0851063829787234,0.0,0.18172043010752686,0.0816326530612245,0.14953271028037382,0.0,0.0,0.0,0.7948717948717956,0.375,0.375,0.0,0.0,0.0,0.0,1.0,0.0,0.0,0.0,0.0,0.0,0.0,0.0,1.0,0.0,0.0,0.0,0.0,0.0,0.0,0.0
0.0690846286701209,0.0425531914893617,0.0851063829787234,0.3870967741935484,0.36054421768707484,0.3883696780893043,0.0,0.6000000000000001,0.03508771929824561,0.8974358974358978,0.375,0.375,0.0,0.0,1.0,0.0,0.0,0.0,0.0,0.0,0.0,0.0,0.0,1.0,0.0,0.0,0.0,0.0,0.0,0.0,0.0,0.0
0.2625215889464594,0.3829787234042553,0.5106382978723404,0.253763440860215,0.0782312925170068,0.9781931464174454,0.48,0.6000000000000001,0.3157894736842105,0.8974358974358978,0.125,0.375,0.0,0.0,0.0,1.0,0.0,0.0,0.0,0.0,0.0,0.0,0.0,0.0,1.0,0.0,0.0,0.0,0.0,0.0,0.0,0.0
0.10362694300518134,0.0425531914893617,0.0,0.2150537634408602,0.1360544217687075,0.10799584631360333,0.0,0.0,0.0,0.7948717948717956,0.625,0.375,0.0,0.0,0.0,0.0,0.0,1.0,0.0,0.0,0.0,0.0,0.0,0.0,1.0,0.0,0.0,0.0,0.0,0.0,0.0,0.0
0.020725388601036267,0.0,0.0,0.3655913978494624,0.3282312925170068,0.07892004153686397,0.0,0.0,0.0,0.7948717948717956,0.625,0.625,1.0,0.0,0.0,0.0,0.0,0.0,0.0,1.0,0.0,0.0,0.0,0.0,1.0,0.0,0.0,0.0,0.0,0.0,0.0,0.0
0.027633851468048358,0.0851063829787234,0.0,0.1827956989247312,0.0816326530612245,0.10176531671858775,0.08,0.6000000000000001,0.03508771929824561,0.948717948717956,0.375,0.375,0.4,0.0,1.0,0.0,0.0,0.0,0.0,0.0,0.0,0.0,0.0,0.0,1.0,0.0,0.0,0.0,0.0,0.0,0.0,0.0
1.0,1.0,1.0,0.42795698924731185,0.4761904761904762,0.9999999999999999,1.0,0.6000000000000001,1.0,0.5897435897435912,0.625,0.625,0.0,0.0,0.0,0.0,0.0,0.0,1.0,0.0,0.0,0.0,0.0,0.0,1.0,0.0,0.0,0.0,0.0,0.0,0.0,0.0
0.22107081174438686,0.0851063829787234,0.0425531914893617,0.23655913978494625,0.1054421768707483,0.09553478712357218,0.0,1.0,0.03508771929824561,0.7948717948717956,0.375,0.45833333333333304,0.0,0.0,0.0,0.0,0.0,0.0,0.0,0.0,0.0,1.0,0.0,0.0,1.0,0.0,0.0,0.0,0.0,0.0,0.0,0.0
0.07599309153713299,0.0425531914893617,0.0,0.17096774193548386,0.07482993197278912,0.039460020768431976,0.0,1.0,0.03508771929824561,0.8974358974358978,0.375,0.375,0.4,0.0,0.0,0.0,1.0,0.0,0.0,0.0,0.0,0.0,0.0,0.0,1.0,0.0,0.0,0.0,0.0,0.0,0.0,0.0
0.9602763385146804,0.7659574468085106,0.5957446808510638,0.4301075268817204,0.35374149659863946,0.6728971962616822,0.88,0.6000000000000001,0.631578947368421,0.7948717948717956,0.625,0.625,0.0,0.0,1.0,0.0,0.0,0.0,0.0,0.0,0.0,0.0,0.0,0.0,0.0,0.0,0.0,0.0,0.0,1.0,0.0,0.0
0.1692573402417962,0.2127659574468085,0.0851063829787234,0.2150537634408602,0.17687074829931973,0.04361370716510903,0.0,1.0,0.07017543859649122,0.7435897435897516,0.625,0.625,0.0,0.0,0.0,0.0,0.0,1.0,0.0,0.0,0.0,0.0,0.0,0.0,1.0,0.0,0.0,0.0,0.0,0.0,0.0,0.0
0.010362694300518133,0.0,0.0,0.6236559139784946,0.29931972789115646,0.012461059190031154,0.0,0.0,0.0,0.948717948717956,0.375,0.45833333333333304,0.0,0.0,1.0,0.0,0.0,0.0,0.0,0.0,0.0,0.0,0.0,0.0,0.0,0.0,0.0,0.0,0.0,0.0,0.0,1.0
0.1623488773747841,0.1276595744680851,0.1702127659574468,0.5376344086021505,0.4761904761904762,0.09553478712357218,0.08,0.6000000000000001,0.07017543859649122,0.3333333333333428,0.625,0.625,0.0,0.0,0.0,0.0,0.0,0.0,0.0,0.0,1.0,0.0,0.0,1.0,0.0,0.0,0.0,0.0,0.0,0.0,0.0,0.0
0.013816925734024179,0.0,0.0,0.4301075268817204,0.3435374149659864,0.006230529595015576,0.0,0.0,0.0,0.7948717948717956,0.625,0.625,0.0,0.0,1.0,0.0,0.0,0.0,0.0,0.0,0.0,0.0,0.0,0.0,1.0,0.0,0.0,0.0,0.0,0.0,0.0,0.0
0.05872193436960276,0.0,0.0,0.22795698924731184,0.217687074829932,0.020768431983385256,0.0,0.0,0.0,0.8974358974358978,0.625,0.375,0.0,0.0,0.0,0.0,0.0,0.0,0.0,0.0,0.0,0.0,1.0,0.0,0.0,0.0,1.0,0.0,0.0,0.0,0.0,0.0
0.8290155440414507,0.8936170212765957,0.425531914893617,0.15053763440860213,0.5034013605442176,0.8120456905503634,0.72,0.6000000000000001,1.0,0.6410256410256494,0.625,0.625,0.0,0.0,1.0,0.0,0.0,0.0,0.0,0.0,0.0,0.0,0.0,0.0,1.0,0.0,0.0,0.0,0.0,0.0,0.0,0.0
0.32815198618307423,0.3404255319148936,0.5957446808510638,0.2150537634408602,0.1360544217687075,0.3094496365524403,0.4,1.0,0.38596491228070173,0.487179487179489,0.875,0.625,0.0,0.0,1.0,0.0,0.0,0.0,0.0,0.0,0.0,0.0,0.0,0.0,0.0,0.0,0.0,1.0,0.0,0.0,0.0,0.0
1.0,1.0,1.0,0.2150537634408602,0.20408163265306123,0.9999999999999999,0.72,0.6000000000000001,1.0,0.6923076923076934,0.625,0.625,0.0,0.0,0.0,0.0,0.0,1.0,0.0,0.0,0.0,0.0,0.0,0.0,1.0,0.0,0.0,0.0,0.0,0.0,0.0,0.0
0.30397236614853196,0.3404255319148936,0.2553191489361702,0.1935483870967742,0.1360544217687075,0.4485981308411215,0.4,1.0,0.38596491228070173,0.7948717948717956,1.0,1.0,0.0,0.0,1.0,0.0,0.0,0.0,0.0,0.0,0.0,0.0,0.0,1.0,0.0,0.0,0.0,0.0,0.0,0.0,0.0,0.0
0.07944732297063903,0.0851063829787234,0.0,0.2258064516129032,0.2857142857142857,0.10384215991692627,0.0,1.0,0.07017543859649122,0.6410256410256494,1.0,1.0,0.0,0.0,1.0,0.0,0.0,0.0,0.0,0.0,0.0,0.0,0.0,1.0,0.0,0.0,0.0,0.0,0.0,0.0,0.0,0.0
0.20725388601036268,0.3404255319148936,0.3829787234042553,0.8376344086021505,0.5272108843537414,0.14745586708203529,0.56,1.0,0.45614035087719296,0.8461538461538538,0.375,0.375,0.0,0.0,0.0,0.0,1.0,0.0,0.0,0.0,0.0,0.0,0.0,1.0,0.0,0.0,0.0,0.0,0.0,0.0,0.0,0.0
0.14507772020725387,0.2978723404255319,0.2127659574468085,0.332258064516129,0.1836734693877551,0.3821391484942887,0.08,1.0,0.24561403508771928,0.7948717948717956,0.375,0.375,0.0,0.0,0.0,0.0,1.0,0.0,0.0,0.0,0.0,0.0,0.0,0.0,1.0,0.0,0.0,0.0,0.0,0.0,0.0,0.0
1.0,0.2553191489361702,0.7659574468085106,0.535483870967742,0.6122448979591836,0.5898234683281411,0.88,0.6000000000000001,0.5614035087719298,0.2820512820512846,0.625,0.625,0.8000000000000002,0.0,0.0,0.0,0.0,0.0,1.0,0.0,0.0,0.0,0.0,0.0,1.0,0.0,0.0,0.0,0.0,0.0,0.0,0.0
0.027633851468048358,0.0,0.0,0.567741935483871,0.2465986394557823,0.33852544132917967,0.0,0.0,0.0,0.8461538461538538,0.625,0.625,0.4,0.0,1.0,0.0,0.0,0.0,0.0,0.0,0.0,0.0,0.0,0.0,0.0,0.0,0.0,1.0,0.0,0.0,0.0,0.0
1.0,1.0,1.0,0.535483870967742,0.693877551020408,0.782969885773624,1.0,1.0,1.0,0.5384615384615472,0.625,0.625,1.0,0.0,0.0,0.0,0.0,0.0,1.0,0.0,0.0,0.0,0.0,0.0,1.0,0.0,0.0,0.0,0.0,0.0,0.0,0.0
0.020725388601036267,0.0,0.0,0.27956989247311825,0.24489795918367346,0.010384215991692626,0.0,0.0,0.0,0.8461538461538538,0.625,0.625,0.0,1.0,0.0,0.0,0.0,0.0,0.0,0.0,0.0,0.0,0.0,0.0,0.0,0.0,1.0,0.0,0.0,0.0,0.0,0.0
0.12780656303972365,0.2127659574468085,0.0425531914893617,0.4301075268817204,0.40476190476190477,0.15991692627206644,0.0,1.0,0.03508771929824561,0.8974358974358978,0.625,0.375,0.8000000000000002,0.0,0.0,0.0,0.0,0.0,0.0,1.0,0.0,0.0,0.0,0.0,0.0,1.0,0.0,0.0,0.0,0.0,0.0,0.0
0.06217616580310881,0.0,0.1276595744680851,0.221505376344086,0.1054421768707483,0.6230529595015576,0.08,0.6000000000000001,0.03508771929824561,0.948717948717956,0.125,0.375,0.0,0.0,0.0,1.0,0.0,0.0,0.0,0.0,0.0,0.0,0.0,0.0,1.0,0.0,0.0,0.0,0.0,0.0,0.0,0.0
0.15198618307426598,0.1276595744680851,0.0851063829787234,0.6021505376344086,0.2925170068027211,0.13499480789200413,0.08,1.0,0.03508771929824561,0.8461538461538538,0.375,0.45833333333333304,0.0,0.0,1.0,0.0,0.0,0.0,0.0,0.0,0.0,0.0,0.0,1.0,0.0,0.0,0.0,0.0,0.0,0.0,0.0,0.0
0.2763385146804836,0.2127659574468085,0.0,0.1935483870967742,0.28061224489795916,0.205607476635514,0.24,1.0,0.10526315789473684,0.0,0.625,0.625,1.0,0.0,1.0,0.0,0.0,0.0,0.0,0.0,0.0,0.0,0.0,1.0,0.0,0.0,0.0,0.0,0.0,0.0,0.0,0.0
0.10362694300518134,0.0851063829787234,0.0425531914893617,0.2150537634408602,0.1360544217687075,0.12668743509865005,0.16,0.6000000000000001,0.14035087719298245,0.6923076923076934,0.625,0.375,0.0,0.0,0.0,0.0,0.0,1.0,0.0,0.0,0.0,0.0,0.0,0.0,0.0,0.0,0.0,0.0,0.0,0.0,0.0,1.0
0.0,0.0425531914893617,0.0425531914893617,0.5806451612903226,0.20068027210884354,0.029075804776739357,0.0,0.0,0.0,0.8461538461538538,0.625,0.375,0.4,0.0,1.0,0.0,0.0,0.0,0.0,0.0,0.0,0.0,0.0,0.0,1.0,0.0,0.0,0.0,0.0,0.0,0.0,0.0
0.14162348877374784,0.0425531914893617,0.0425531914893617,0.7634408602150538,0.38095238095238093,0.17860851505711317,0.08,0.6000000000000001,0.07017543859649122,0.7948717948717956,0.375,0.45833333333333304,0.0,0.0,1.0,0.0,0.0,0.0,0.0,0.0,0.0,0.0,0.0,0.0,0.0,0.0,0.0,1.0,0.0,0.0,0.0,0.0
0.2245250431778929,0.0851063829787234,0.0,0.6451612903225806,0.6496598639455782,0.07476635514018692,0.0,0.0,0.0,0.6923076923076934,0.625,0.625,0.0,0.0,0.0,0.0,0.0,0.0,0.0,0.0,0.0,1.0,0.0,1.0,0.0,0.0,0.0,0.0,0.0,0.0,0.0,0.0
0.05872193436960276,0.0,0.0,0.5204301075268817,0.163265306122449,0.14330218068535824,0.0,1.0,0.03508771929824561,0.8461538461538538,0.625,0.375,0.0,0.0,1.0,0.0,0.0,0.0,0.0,0.0,0.0,0.0,0.0,0.0,1.0,0.0,0.0,0.0,0.0,0.0,0.0,0.0
0.25215889464594127,0.2127659574468085,0.0425531914893617,0.3655913978494624,0.304421768707483,0.16614745586708202,0.08,1.0,0.07017543859649122,0.7435897435897516,0.375,0.45833333333333304,0.0,0.0,0.0,0.0,0.0,0.0,0.0,1.0,0.0,0.0,0.0,0.0,0.0,0.0,0.0,1.0,0.0,0.0,0.0,0.0
0.031088082901554404,0.0425531914893617,0.0,0.5376344086021505,0.5714285714285714,0.016614745586708203,0.0,0.0,0.0,0.8974358974358978,0.0,0.04166666666666652,0.4,1.0,0.0,0.0,0.0,0.0,0.0,0.0,0.0,0.0,0.0,0.0,0.0,0.0,0.0,0.0,0.0,1.0,0.0,0.0
0.020725388601036267,0.0,0.0,0.3225806451612903,0.3129251700680272,0.5212876427829698,0.0,0.0,0.0,0.948717948717956,0.625,0.375,0.0,0.0,1.0,0.0,0.0,0.0,0.0,0.0,0.0,0.0,0.0,0.0,1.0,0.0,0.0,0.0,0.0,0.0,0.0,0.0
0.18652849740932642,0.2553191489361702,0.425531914893617,0.37526881720430105,0.2142857142857143,0.08515057113187954,0.56,1.0,0.3508771929824561,0.8461538461538538,0.375,0.375,0.0,0.0,0.0,0.0,1.0,0.0,0.0,0.0,0.0,0.0,0.0,0.0,1.0,0.0,0.0,0.0,0.0,0.0,0.0,0.0
0.07944732297063903,0.1276595744680851,0.0851063829787234,0.4516129032258064,0.3945578231292517,0.04361370716510903,0.0,1.0,0.07017543859649122,0.5897435897435912,0.625,0.375,0.0,1.0,0.0,0.0,0.0,0.0,0.0,0.0,0.0,0.0,0.0,0.0,1.0,0.0,0.0,0.0,0.0,0.0,0.0,0.0
0.5215889464594128,0.2978723404255319,0.3404255319148936,0.42795698924731185,0.42176870748299317,0.14953271028037382,0.56,0.6000000000000001,0.42105263157894735,0.2820512820512846,0.625,0.625,1.0,0.0,0.0,0.0,0.0,0.0,1.0,0.0,0.0,0.0,0.0,0.0,1.0,0.0,0.0,0.0,0.0,0.0,0.0,0.0
0.037996545768566495,0.0,0.0425531914893617,0.23225806451612901,0.0816326530612245,0.2741433021806854,0.0,0.6000000000000001,0.10526315789473684,0.948717948717956,0.0,0.2916666666666665,0.4,0.0,0.0,1.0,0.0,0.0,0.0,0.0,0.0,0.0,0.0,0.0,1.0,0.0,0.0,0.0,0.0,0.0,0.0,0.0
0.13471502590673576,0.1276595744680851,0.0425531914893617,0.6666666666666666,0.5578231292517006,0.17445482866043613,0.08,1.0,0.10526315789473684,0.5384615384615472,1.0,1.0,0.0,0.0,1.0,0.0,0.0,0.0,0.0,0.0,0.0,0.0,0.0,0.0,0.0,0.0,0.0,0.0,1.0,0.0,0.0,0.0
0.7012089810017271,0.6382978723404256,0.2127659574468085,0.8817204301075269,0.7482993197278911,0.45275181723779856,0.08,1.0,0.2807017543859649,0.5384615384615472,0.375,0.375,0.0,0.0,1.0,0.0,0.0,0.0,0.0,0.0,0.0,0.0,0.0,0.0,0.0,0.0,0.0,1.0,0.0,0.0,0.0,0.0
1.0,1.0,1.0,0.2150537634408602,0.2312925170068027,0.9999999999999999,1.0,1.0,1.0,0.8461538461538538,0.625,0.375,0.0,0.0,1.0,0.0,0.0,0.0,0.0,0.0,0.0,0.0,0.0,0.0,0.0,0.0,0.0,0.0,0.0,0.0,1.0,0.0
0.9844559585492227,0.6808510638297872,1.0,0.535483870967742,0.7074829931972788,0.48598130841121495,1.0,1.0,1.0,0.3333333333333428,0.625,0.625,1.0,0.0,0.0,0.0,0.0,0.0,1.0,0.0,0.0,0.0,0.0,0.0,1.0,0.0,0.0,0.0,0.0,0.0,0.0,0.0
0.1381692573402418,0.1276595744680851,0.0851063829787234,0.4731182795698925,0.3843537414965986,0.0976116303219107,0.16,0.6000000000000001,0.17543859649122806,0.7435897435897516,0.375,0.45833333333333304,1.0,0.0,0.0,0.0,0.0,0.0,0.0,1.0,0.0,0.0,0.0,0.0,1.0,0.0,0.0,0.0,0.0,0.0,0.0,0.0
0.013816925734024179,0.0425531914893617,0.0,0.4086021505376344,0.32653061224489793,0.010384215991692626,0.0,1.0,0.03508771929824561,0.8461538461538538,0.625,0.625,0.0,1.0,0.0,0.0,0.0,0.0,0.0,0.0,0.0,0.0,0.0,0.0,0.0,0.0,1.0,0.0,0.0,0.0,0.0,0.0
0.8877374784110535,0.46808510638297873,0.3829787234042553,0.2150537634408602,0.272108843537415,0.5192107995846313,0.48,0.6000000000000001,0.5964912280701754,0.5384615384615472,0.625,0.625,1.0,0.0,0.0,0.0,0.0,0.0,0.0,0.0,0.0,0.0,1.0,0.0,0.0,0.0,0.0,0.0,0.0,1.0,0.0,0.0
0.307426597582038,1.0,1.0,0.12903225806451613,0.29931972789115646,0.9999999999999999,1.0,1.0,1.0,0.6410256410256494,0.625,0.625,0.0,0.0,1.0,0.0,0.0,0.0,0.0,0.0,0.0,0.0,0.0,0.0,1.0,0.0,0.0,0.0,0.0,0.0,0.0,0.0
0.4075993091537133,0.425531914893617,1.0,0.535483870967742,0.5306122448979591,0.5482866043613707,0.88,0.6000000000000001,1.0,0.5384615384615472,0.625,0.625,1.0,0.0,0.0,0.0,0.0,0.0,1.0,0.0,0.0,0.0,0.0,0.0,1.0,0.0,0.0,0.0,0.0,0.0,0.0,0.0
0.918825561312608,0.46808510638297873,1.0,0.535483870967742,0.6666666666666666,0.5316718587746625,0.24,0.6000000000000001,1.0,0.3846153846153868,0.625,0.625,1.0,0.0,0.0,0.0,0.0,0.0,1.0,0.0,0.0,0.0,0.0,0.0,1.0,0.0,0.0,0.0,0.0,0.0,0.0,0.0
0.6493955094991364,0.2127659574468085,0.7659574468085106,0.535483870967742,0.5306122448979591,0.23260643821391483,0.32,0.6000000000000001,0.49122807017543857,0.435897435897445,0.625,0.625,0.4,0.0,0.0,0.0,0.0,0.0,1.0,0.0,0.0,0.0,0.0,0.0,1.0,0.0,0.0,0.0,0.0,0.0,0.0,0.0
0.12089810017271156,0.0,0.0,0.4516129032258064,0.42176870748299317,0.02284527518172378,0.0,1.0,0.03508771929824561,0.6923076923076934,0.625,0.625,0.0,1.0,0.0,0.0,0.0,0.0,0.0,0.0,0.0,0.0,0.0,0.0,0.0,0.0,0.0,1.0,0.0,0.0,0.0,0.0
0.11053540587219343,0.1702127659574468,0.0,0.2150537634408602,0.17346938775510204,0.04361370716510903,0.0,1.0,0.03508771929824561,0.7948717948717956,0.625,0.375,0.0,0.0,0.0,0.0,0.0,1.0,0.0,0.0,0.0,0.0,0.0,0.0,1.0,0.0,0.0,0.0,0.0,0.0,0.0,0.0
0.06563039723661485,0.0851063829787234,0.0,0.6,0.8231292517006802,0.205607476635514,0.0,1.0,0.03508771929824561,0.8974358974358978,0.625,0.375,0.0,0.0,1.0,0.0,0.0,0.0,0.0,0.0,0.0,0.0,0.0,0.0,1.0,0.0,0.0,0.0,0.0,0.0,0.0,0.0
0.055267702936096716,0.0425531914893617,0.0,0.9999999999999999,0.7329931972789115,0.03115264797507788,0.0,0.0,0.0,0.948717948717956,1.0,1.0,1.0,0.0,0.0,0.0,0.0,0.0,0.0,1.0,0.0,0.0,0.0,1.0,0.0,0.0,0.0,0.0,0.0,0.0,0.0,0.0
0.0034542314335060447,0.0,0.0,0.27956989247311825,0.24489795918367346,0.0,0.0,0.0,0.0,0.948717948717956,0.625,0.375,0.0,1.0,0.0,0.0,0.0,0.0,0.0,0.0,0.0,0.0,0.0,0.0,1.0,0.0,0.0,0.0,0.0,0.0,0.0,0.0
0.5077720207253886,0.2978723404255319,0.3404255319148936,0.3010752688172043,0.20408163265306123,0.2284527518172378,0.08,1.0,0.07017543859649122,0.8974358974358978,0.625,0.625,0.0,0.0,0.0,0.0,0.0,0.0,0.0,1.0,0.0,0.0,0.0,0.0,0.0,1.0,0.0,0.0,0.0,0.0,0.0,0.0
0.031088082901554404,0.0851063829787234,0.0,0.27956989247311825,0.35374149659863946,0.029075804776739357,0.08,1.0,0.03508771929824561,1.0,0.625,0.375,1.0,1.0,0.0,0.0,0.0,0.0,0.0,0.0,0.0,0.0,0.0,0.0,1.0,0.0,0.0,0.0,0.0,0.0,0.0,0.0
1.0,0.7234042553191489,0.3404255319148936,0.9999999999999999,1.0,0.5171339563862928,0.32,0.6000000000000001,0.3508771929824561,0.7435897435897516,0.625,0.625,1.0,0.0,0.0,0.0,0.0,0.0,1.0,0.0,0.0,0.0,0.0,0.0,1.0,0.0,0.0,0.0,0.0,0.0,0.0,0.0
0.35233160621761656,0.2553191489361702,0.7234042553191489,0.7096774193548387,0.7755102040816326,0.25752855659397716,0.48,0.6000000000000001,0.49122807017543857,0.0769230769230802,0.625,0.375,0.0,0.0,0.0,0.0,0.0,0.0,0.0,0.0,0.0,0.0,0.0,0.0,1.0,0.0,0.0,0.0,0.0,0.0,0.0,0.0
0.25215889464594127,0.1702127659574468,0.1702127659574468,0.1935483870967742,0.10204081632653061,0.2512980269989616,0.64,1.0,0.42105263157894735,0.7435897435897516,0.625,0.625,0.0,0.0,0.0,0.0,0.0,0.0,0.0,0.0,0.0,1.0,0.0,0.0,0.0,0.0,0.0,0.0,0.0,1.0,0.0,0.0
0.11053540587219343,0.0,0.0851063829787234,0.4086021505376344,0.29931972789115646,0.026998961578400833,0.08,1.0,0.03508771929824561,0.7948717948717956,0.0,0.0,0.0,0.0,0.0,0.0,0.0,0.0,0.0,0.0,0.0,1.0,0.0,1.0,0.0,0.0,0.0,0.0,0.0,0.0,0.0,0.0
0.1001727115716753,0.2127659574468085,0.5531914893617021,0.5150537634408602,0.30272108843537415,0.2990654205607477,1.0,1.0,0.45614035087719296,0.8461538461538538,0.375,0.375,0.0,0.0,0.0,0.0,1.0,0.0,0.0,0.0,0.0,0.0,0.0,0.0,1.0,0.0,0.0,0.0,0.0,0.0,0.0,0.0
0.055267702936096716,0.2553191489361702,0.0,0.13978494623655913,0.2653061224489796,0.48598130841121495,0.08,1.0,0.14035087719298245,0.7948717948717956,0.125,0.375,0.0,0.0,1.0,0.0,0.0,0.0,0.0,0.0,0.0,0.0,0.0,0.0,1.0,0.0,0.0,0.0,0.0,0.0,0.0,0.0
0.24179620034542312,0.0,0.0851063829787234,0.2129032258064516,0.23809523809523808,0.08307372793354102,0.08,0.6000000000000001,0.10526315789473684,0.5384615384615472,0.625,0.625,1.0,0.0,1.0,0.0,0.0,0.0,0.0,0.0,0.0,0.0,0.0,1.0,0.0,0.0,0.0,0.0,0.0,0.0,0.0,0.0
0.048359240069084625,0.0425531914893617,0.0,0.4731182795698925,0.40816326530612246,0.04361370716510903,0.08,1.0,0.03508771929824561,0.8974358974358978,0.625,0.375,1.0,0.0,0.0,0.0,0.0,0.0,0.0,1.0,0.0,0.0,0.0,1.0,0.0,0.0,0.0,0.0,0.0,0.0,0.0,0.0
0.04490500863557858,0.2127659574468085,0.0425531914893617,0.20322580645161287,0.09523809523809523,0.2824506749740395,0.0,1.0,0.03508771929824561,0.7948717948717956,0.375,0.375,0.4,0.0,0.0,0.0,1.0,0.0,0.0,0.0,0.0,0.0,0.0,0.0,1.0,0.0,0.0,0.0,0.0,0.0,0.0,0.0
0.08981001727115716,0.2127659574468085,0.1702127659574468,0.6118279569892473,0.37074829931972786,0.06438213914849429,0.16,1.0,0.17543859649122806,0.8461538461538538,0.375,0.375,0.0,0.0,0.0,0.0,1.0,0.0,0.0,0.0,0.0,0.0,0.0,0.0,1.0,0.0,0.0,0.0,0.0,0.0,0.0,0.0
0.8221070811744386,1.0,1.0,0.47096774193548385,0.5034013605442176,0.9999999999999999,1.0,0.6000000000000001,1.0,0.435897435897445,0.625,0.625,0.0,0.0,0.0,0.0,0.0,0.0,1.0,0.0,0.0,0.0,0.0,0.0,1.0,0.0,0.0,0.0,0.0,0.0,0.0,0.0
0.05872193436960276,0.0,0.0425531914893617,0.4731182795698925,0.29081632653061223,0.018691588785046728,0.0,1.0,0.03508771929824561,0.948717948717956,0.625,0.375,1.0,0.0,0.0,0.0,0.0,0.0,0.0,0.0,0.0,1.0,0.0,0.0,0.0,0.0,0.0,1.0,0.0,0.0,0.0,0.0
0.15889464594127806,0.0425531914893617,0.2553191489361702,0.07526881720430108,0.0,0.37798546209761164,0.24,1.0,0.24561403508771928,0.6923076923076934,1.0,0.7916666666666665,0.8000000000000002,0.0,1.0,0.0,0.0,0.0,0.0,0.0,0.0,0.0,0.0,0.0,0.0,0.0,0.0,0.0,0.0,0.0,1.0,0.0
0.1070811744386874,0.1702127659574468,0.1276595744680851,0.10537634408602149,0.14285714285714285,0.06853582554517135,0.32,1.0,0.21052631578947367,0.8461538461538538,0.625,0.625,1.0,0.0,1.0,0.0,0.0,0.0,0.0,0.0,0.0,0.0,0.0,0.0,1.0,0.0,0.0,0.0,0.0,0.0,0.0,0.0
0.027633851468048358,0.0,0.0,0.3548387096774193,0.36139455782312924,0.012461059190031154,0.0,0.0,0.0,0.948717948717956,0.625,0.375,0.4,0.0,1.0,0.0,0.0,0.0,0.0,0.0,0.0,0.0,0.0,0.0,0.0,0.0,0.0,0.0,0.0,1.0,0.0,0.0
0.15889464594127806,0.2553191489361702,0.1702127659574468,0.2150537634408602,0.163265306122449,0.3032191069574247,0.16,0.6000000000000001,0.14035087719298245,0.6410256410256494,0.625,0.625,0.0,0.0,0.0,0.0,0.0,1.0,0.0,0.0,0.0,0.0,0.0,0.0,1.0,0.0,0.0,0.0,0.0,0.0,0.0,0.0
0.32124352331606215,0.2127659574468085,0.1702127659574468,0.5806451612903226,0.46428571428571425,0.28037383177570097,0.08,0.0,0.03508771929824561,0.8461538461538538,0.875,0.7916666666666665,0.0,0.0,0.0,0.0,0.0,0.0,0.0,1.0,0.0,0.0,0.0,0.0,0.0,0.0,0.0,0.0,0.0,0.0,0.0,1.0
0.20725388601036268,0.0851063829787234,0.0,0.4086021505376344,0.28741496598639454,0.10384215991692627,0.0,0.0,0.0,0.948717948717956,0.625,0.375,0.0,0.0,0.0,0.0,0.0,0.0,0.0,1.0,0.0,0.0,0.0,1.0,0.0,0.0,0.0,0.0,0.0,0.0,0.0,0.0
0.4179620034542314,1.0,1.0,0.5376344086021505,0.5850340136054422,0.7372793354101764,1.0,0.6000000000000001,1.0,0.5384615384615472,0.625,0.375,0.8000000000000002,1.0,0.0,0.0,0.0,0.0,0.0,0.0,0.0,0.0,0.0,0.0,1.0,0.0,0.0,0.0,0.0,0.0,0.0,0.0
0.29015544041450775,0.5957446808510638,0.3404255319148936,0.9999999999999999,0.44387755102040816,0.5316718587746625,0.32,1.0,0.5263157894736842,0.2820512820512846,0.625,0.375,0.0,0.0,1.0,0.0,0.0,0.0,0.0,0.0,0.0,0.0,0.0,1.0,0.0,0.0,0.0,0.0,0.0,0.0,0.0,0.0
0.05872193436960276,0.2553191489361702,0.2127659574468085,0.1935483870967742,0.42176870748299317,0.21599169262720663,0.32,0.6000000000000001,0.17543859649122806,0.5897435897435912,0.875,0.958333333333333,0.0,0.0,1.0,0.0,0.0,0.0,0.0,0.0,0.0,0.0,0.0,1.0,0.0,0.0,0.0,0.0,0.0,0.0,0.0,0.0
0.3177892918825561,0.3829787234042553,0.0425531914893617,0.6451612903225806,0.3673469387755102,0.23052959501557632,0.08,0.6000000000000001,0.14035087719298245,0.5384615384615472,0.625,0.625,0.4,0.0,0.0,0.0,0.0,0.0,0.0,0.0,1.0,0.0,0.0,0.0,0.0,0.0,1.0,0.0,0.0,0.0,0.0,0.0
0.5008635578583764,0.5106382978723404,0.1702127659574468,0.9677419354838709,0.9523809523809523,0.15784008307372793,0.0,0.20000000000000018,0.10526315789473684,0.5897435897435912,0.625,0.625,0.0,0.0,0.0,0.0,0.0,0.0,0.0,0.0,1.0,0.0,0.0,0.0,0.0,0.0,0.0,0.0,0.0,1.0,0.0,0.0
0.11053540587219343,0.2127659574468085,0.1276595744680851,0.9999999999999999,0.36139455782312924,0.08515057113187954,0.0,0.6000000000000001,0.17543859649122806,0.3333333333333428,0.625,0.625,0.0,0.0,1.0,0.0,0.0,0.0,0.0,0.0,0.0,0.0,0.0,0.0,0.0,0.0,0.0,0.0,0.0,0.0,0.0,1.0
0.15198618307426598,0.2978723404255319,0.2127659574468085,0.2129032258064516,0.2568027210884354,0.0893042575285566,0.08,0.6000000000000001,0.17543859649122806,0.8461538461538538,0.625,0.625,1.0,0.0,1.0,0.0,0.0,0.0,0.0,0.0,0.0,0.0,0.0,0.0,0.0,0.0,0.0,0.0,0.0,1.0,0.0,0.0
0.2694300518134715,0.1702127659574468,0.1276595744680851,0.3225806451612903,0.12585034013605442,0.3052959501557633,0.32,0.6000000000000001,0.3157894736842105,0.7948717948717956,0.375,0.45833333333333304,0.0,0.0,0.0,0.0,0.0,0.0,0.0,0.0,0.0,1.0,0.0,0.0,0.0,0.0,0.0,0.0,0.0,1.0,0.0,0.0
0.18652849740932642,0.46808510638297873,0.0425531914893617,0.7731182795698924,0.4829931972789116,0.6355140186915887,0.32,1.0,0.3157894736842105,0.8974358974358978,0.375,0.375,0.0,0.0,0.0,0.0,1.0,0.0,0.0,0.0,0.0,0.0,0.0,0.0,1.0,0.0,0.0,0.0,0.0,0.0,0.0,0.0
0.048359240069084625,0.0851063829787234,0.1276595744680851,0.1935483870967742,0.163265306122449,0.6043613707165109,0.16,1.0,0.07017543859649122,0.948717948717956,0.625,0.625,0.0,0.0,1.0,0.0,0.0,0.0,0.0,0.0,0.0,0.0,0.0,0.0,0.0,0.0,0.0,0.0,0.0,0.0,1.0,0.0
0.010362694300518133,0.0,0.0,0.25806451612903225,0.1836734693877551,0.07892004153686397,0.0,0.0,0.0,0.7948717948717956,0.375,0.45833333333333304,0.0,0.0,0.0,0.0,0.0,0.0,0.0,1.0,0.0,0.0,0.0,0.0,1.0,0.0,0.0,0.0,0.0,0.0,0.0,0.0
0.0069084628670120895,0.0,0.0,0.9999999999999999,0.5374149659863945,0.006230529595015576,0.0,0.0,0.0,0.948717948717956,0.625,0.625,0.0,0.0,1.0,0.0,0.0,0.0,0.0,0.0,0.0,0.0,0.0,0.0,1.0,0.0,0.0,0.0,0.0,0.0,0.0,0.0
0.5354058721934369,0.5106382978723404,0.0425531914893617,0.8602150537634409,0.6666666666666666,0.10176531671858775,0.16,1.0,0.10526315789473684,0.8461538461538538,0.625,0.625,0.0,0.0,0.0,0.0,0.0,0.0,0.0,0.0,1.0,0.0,0.0,0.0,0.0,0.0,0.0,0.0,0.0,0.0,0.0,0.0
0.21070811744386872,0.1276595744680851,0.0851063829787234,0.5806451612903226,0.47278911564625853,0.21599169262720663,0.08,1.0,0.03508771929824561,0.8461538461538538,0.625,0.625,0.4,0.0,0.0,0.0,0.0,0.0,0.0,0.0,0.0,1.0,0.0,1.0,0.0,0.0,0.0,0.0,0.0,0.0,0.0,0.0
0.3937823834196891,0.425531914893617,0.3829787234042553,0.3655913978494624,0.35374149659863946,0.26583592938733125,0.08,0.6000000000000001,0.3508771929824561,0.5384615384615472,0.625,0.625,0.0,0.0,1.0,0.0,0.0,0.0,0.0,0.0,0.0,0.0,0.0,0.0,0.0,0.0,0.0,0.0,0.0,1.0,0.0,0.0
0.037996545768566495,0.0425531914893617,0.0,0.4731182795698925,0.2738095238095238,0.026998961578400833,0.0,0.0,0.0,0.8974358974358978,0.625,0.375,0.0,0.0,0.0,0.0,0.0,0.0,0.0,0.0,0.0,1.0,0.0,0.0,0.0,0.0,1.0,0.0,0.0,0.0,0.0,0.0
0.037996545768566495,0.0,0.0,0.3655913978494624,0.2585034013605442,0.012461059190031154,0.0,0.0,0.0,0.948717948717956,0.625,0.625,0.4,0.0,1.0,0.0,0.0,0.0,0.0,0.0,0.0,0.0,0.0,0.0,1.0,0.0,0.0,0.0,0.0,0.0,0.0,0.0
0.055267702936096716,0.1276595744680851,0.0,0.4731182795698925,0.4200680272108843,0.06230529595015576,0.0,1.0,0.03508771929824561,0.8974358974358978,0.625,0.375,0.0,0.0,0.0,0.0,0.0,0.0,0.0,0.0,0.0,1.0,0.0,1.0,0.0,0.0,0.0,0.0,0.0,0.0,0.0,0.0
0.7357512953367875,0.9787234042553191,1.0,0.535483870967742,0.7210884353741496,0.5545171339563862,1.0,0.6000000000000001,1.0,0.5384615384615472,0.625,0.625,1.0,0.0,0.0,0.0,0.0,0.0,1.0,0.0,0.0,0.0,0.0,0.0,1.0,0.0,0.0,0.0,0.0,0.0,0.0,0.0
0.06563039723661485,0.0851063829787234,0.0,0.6666666666666666,0.6530612244897959,0.039460020768431976,0.08,1.0,0.03508771929824561,0.8461538461538538,0.625,0.625,0.4,1.0,0.0,0.0,0.0,0.0,0.0,0.0,0.0,0.0,0.0,0.0,0.0,0.0,0.0,1.0,0.0,0.0,0.0,0.0
1.0,1.0,1.0,0.535483870967742,0.693877551020408,0.4319833852544133,1.0,1.0,1.0,0.5384615384615472,0.625,0.625,0.4,0.0,0.0,0.0,0.0,0.0,1.0,0.0,0.0,0.0,0.0,0.0,1.0,0.0,0.0,0.0,0.0,0.0,0.0,0.0
0.15198618307426598,0.0425531914893617,0.0851063829787234,0.9999999999999999,1.0,0.18483904465212875,0.08,1.0,0.03508771929824561,0.8974358974358978,0.625,0.625,0.0,0.0,0.0,0.0,0.0,0.0,0.0,1.0,0.0,0.0,0.0,1.0,0.0,0.0,0.0,0.0,0.0,0.0,0.0,0.0
0.3177892918825561,0.425531914893617,0.3829787234042553,0.4086021505376344,0.4489795918367347,0.20145379023883694,0.4,0.6000000000000001,0.5263157894736842,0.3333333333333428,0.625,0.375,0.4,0.0,1.0,0.0,0.0,0.0,0.0,0.0,0.0,0.0,0.0,0.0,1.0,0.0,0.0,0.0,0.0,0.0,0.0,0.0
0.04145077720207253,0.0,0.0,0.8602150537634409,0.5765306122448979,0.04569055036344755,0.0,0.0,0.0,0.8974358974358978,0.625,0.625,0.0,0.0,0.0,0.0,0.0,0.0,0.0,1.0,0.0,0.0,0.0,0.0,0.0,0.0,0.0,1.0,0.0,0.0,0.0,0.0
0.0069084628670120895,0.0,0.0,0.3225806451612903,0.32653061224489793,0.010384215991692626,0.0,0.0,0.0,0.8461538461538538,0.625,0.625,0.0,1.0,0.0,0.0,0.0,0.0,0.0,0.0,0.0,0.0,0.0,0.0,0.0,0.0,1.0,0.0,0.0,0.0,0.0,0.0
0.06563039723661485,0.0,0.0,0.4086021505376344,0.28061224489795916,0.033229491173416406,0.08,0.0,0.0,0.1282051282051242,0.625,0.375,0.4,0.0,1.0,0.0,0.0,0.0,0.0,0.0,0.0,0.0,0.0,0.0,1.0,0.0,0.0,0.0,0.0,0.0,0.0,0.0
0.013816925734024179,0.0,0.0,0.8193548387096774,0.5374149659863945,0.23468328141225336,0.0,0.0,0.0,0.8461538461538538,0.625,0.375,0.0,0.0,1.0,0.0,0.0,0.0,0.0,0.0,0.0,0.0,0.0,0.0,1.0,0.0,0.0,0.0,0.0,0.0,0.0,0.0
0.05181347150259067,0.1702127659574468,0.0425531914893617,0.18064516129032254,0.163265306122449,0.23468328141225336,0.08,1.0,0.03508771929824561,0.8974358974358978,0.0,0.375,0.0,0.0,1.0,0.0,0.0,0.0,0.0,0.0,0.0,0.0,0.0,0.0,1.0,0.0,0.0,0.0,0.0,0.0,0.0,0.0
0.35233160621761656,0.1702127659574468,0.0851063829787234,0.4301075268817204,0.3945578231292517,0.16407061266874348,0.0,1.0,0.10526315789473684,0.2820512820512846,0.625,0.625,0.0,0.0,0.0,0.0,0.0,0.0,0.0,0.0,1.0,0.0,0.0,0.0,0.0,0.0,1.0,0.0,0.0,0.0,0.0,0.0
0.48359240069084625,0.2553191489361702,0.1276595744680851,0.8817204301075269,0.4013605442176871,0.3509865005192108,0.08,1.0,0.10526315789473684,0.7948717948717956,0.625,0.375,0.4,0.0,1.0,0.0,0.0,0.0,0.0,0.0,0.0,0.0,0.0,1.0,0.0,0.0,0.0,0.0,0.0,0.0,0.0,0.0
0.04490500863557858,0.0425531914893617,0.0425531914893617,0.6021505376344086,0.227891156462585,0.09553478712357218,0.0,0.0,0.0,0.7435897435897516,0.625,0.375,0.8000000000000002,0.0,1.0,0.0,0.0,0.0,0.0,0.0,0.0,0.0,0.0,0.0,1.0,0.0,0.0,0.0,0.0,0.0,0.0,0.0
0.22797927461139894,0.2127659574468085,0.2553191489361702,0.5913978494623656,0.6394557823129251,0.12461059190031153,0.08,1.0,0.21052631578947367,0.435897435897445,0.125,0.375,0.0,0.0,1.0,0.0,0.0,0.0,0.0,0.0,0.0,0.0,0.0,0.0,1.0,0.0,0.0,0.0,0.0,0.0,0.0,0.0
0.11053540587219343,0.2553191489361702,0.2553191489361702,0.2129032258064516,0.227891156462585,0.06853582554517135,0.08,0.6000000000000001,0.2807017543859649,0.8461538461538538,0.625,0.625,1.0,0.0,1.0,0.0,0.0,0.0,0.0,0.0,0.0,0.0,0.0,0.0,0.0,0.0,0.0,0.0,0.0,0.0,0.0,1.0
0.024179620034542312,0.0,0.0,0.4946236559139785,0.5306122448979591,0.1059190031152648,0.0,0.0,0.0,0.8461538461538538,0.625,0.625,0.0,1.0,0.0,0.0,0.0,0.0,0.0,0.0,0.0,0.0,0.0,0.0,1.0,0.0,0.0,0.0,0.0,0.0,0.0,0.0
0.16580310880829013,0.1276595744680851,0.0425531914893617,0.3655913978494624,0.20238095238095238,0.09345794392523364,0.0,0.6000000000000001,0.10526315789473684,0.7435897435897516,0.625,0.625,0.0,0.0,0.0,0.0,0.0,0.0,0.0,0.0,0.0,1.0,0.0,0.0,0.0,1.0,0.0,0.0,0.0,0.0,0.0,0.0
0.0690846286701209,0.0851063829787234,0.0,0.9999999999999999,1.0,0.0893042575285566,0.0,1.0,0.03508771929824561,0.8461538461538538,0.375,0.45833333333333304,0.4,0.0,0.0,0.0,0.0,0.0,0.0,0.0,0.0,1.0,0.0,0.0,0.0,0.0,0.0,0.0,1.0,0.0,0.0,0.0
0.2003454231433506,0.1702127659574468,0.1702127659574468,0.055913978494623665,0.12244897959183673,0.569055036344756,0.08,1.0,0.14035087719298245,0.025641025641021997,0.625,0.375,0.8000000000000002,0.0,1.0,0.0,0.0,0.0,0.0,0.0,0.0,0.0,0.0,0.0,0.0,0.0,0.0,0.0,0.0,0.0,1.0,0.0
0.11744386873920552,0.0851063829787234,0.0425531914893617,0.4946236559139785,0.40816326530612246,0.07684319833852545,0.08,1.0,0.07017543859649122,0.8974358974358978,0.625,0.625,0.0,1.0,0.0,0.0,0.0,0.0,0.0,0.0,0.0,0.0,0.0,0.0,0.0,0.0,1.0,0.0,0.0,0.0,0.0,0.0
0.055267702936096716,0.1702127659574468,0.0425531914893617,0.5376344086021505,0.5170068027210883,0.024922118380062305,0.08,1.0,0.07017543859649122,0.8974358974358978,0.625,0.625,0.4,0.0,0.0,0.0,0.0,0.0,0.0,0.0,0.0,1.0,0.0,0.0,0.0,0.0,0.0,1.0,0.0,0.0,0.0,0.0
0.2625215889464594,0.0425531914893617,0.425531914893617,0.2150537634408602,0.19047619047619047,0.2720664589823468,0.32,1.0,0.2807017543859649,0.7435897435897516,0.625,0.625,0.0,0.0,0.0,0.0,0.0,1.0,0.0,0.0,0.0,0.0,0.0,0.0,1.0,0.0,0.0,0.0,0.0,0.0,0.0,0.0
0.055267702936096716,0.0851063829787234,0.2978723404255319,0.3182795698924731,0.2142857142857143,0.5524402907580477,0.16,1.0,0.07017543859649122,0.8461538461538538,0.125,0.375,0.4,0.0,0.0,1.0,0.0,0.0,0.0,0.0,0.0,0.0,0.0,0.0,1.0,0.0,0.0,0.0,0.0,0.0,0.0,0.0
0.024179620034542312,0.1276595744680851,0.0425531914893617,0.4301075268817204,0.217687074829932,0.07061266874350987,0.08,1.0,0.03508771929824561,0.7948717948717956,0.375,0.375,0.0,0.0,1.0,0.0,0.0,0.0,0.0,0.0,0.0,0.0,0.0,0.0,1.0,0.0,0.0,0.0,0.0,0.0,0.0,0.0
0.38341968911917096,0.0,0.1702127659574468,0.4301075268817204,0.43537414965986393,0.17030114226375906,0.08,0.6000000000000001,0.07017543859649122,0.7435897435897516,0.625,0.625,0.0,0.0,0.0,0.0,0.0,0.0,0.0,0.0,1.0,0.0,0.0,0.0,0.0,1.0,0.0,0.0,0.0,0.0,0.0,0.0
0.0069084628670120895,0.0425531914893617,0.0425531914893617,0.36666666666666664,0.195578231292517,0.012461059190031154,0.0,0.0,0.03508771929824561,0.7948717948717956,0.625,0.625,0.0,0.0,1.0,0.0,0.0,0.0,0.0,0.0,0.0,0.0,0.0,0.0,1.0,0.0,0.0,0.0,0.0,0.0,0.0,0.0
0.06217616580310881,0.0425531914893617,0.0,0.1827956989247312,0.163265306122449,0.04984423676012461,0.0,0.0,0.0,0.948717948717956,0.625,0.375,0.8000000000000002,0.0,1.0,0.0,0.0,0.0,0.0,0.0,0.0,0.0,0.0,1.0,0.0,0.0,0.0,0.0,0.0,0.0,0.0,0.0
1.0,1.0,1.0,0.3225806451612903,0.6530612244897959,0.9999999999999999,1.0,1.0,1.0,0.0,0.625,0.375,0.4,0.0,1.0,0.0,0.0,0.0,0.0,0.0,0.0,0.0,0.0,0.0,1.0,0.0,0.0,0.0,0.0,0.0,0.0,0.0
0.37305699481865284,0.6382978723404256,0.6808510638297872,0.42795698924731185,0.42176870748299317,0.43613707165109034,0.32,0.6000000000000001,0.5614035087719298,0.5384615384615472,0.625,0.625,0.8000000000000002,0.0,0.0,0.0,0.0,0.0,1.0,0.0,0.0,0.0,0.0,0.0,1.0,0.0,0.0,0.0,0.0,0.0,0.0,0.0
0.12089810017271156,0.1276595744680851,0.46808510638297873,0.9236559139784947,0.5850340136054422,0.6770508826583592,0.56,1.0,0.2807017543859649,0.7948717948717956,0.375,0.375,0.8000000000000002,0.0,0.0,0.0,1.0,0.0,0.0,0.0,0.0,0.0,0.0,0.0,1.0,0.0,0.0,0.0,0.0,0.0,0.0,0.0
0.23488773747841105,0.1276595744680851,0.3404255319148936,0.5161290322580645,0.5578231292517006,0.13291796469366562,0.64,1.0,0.38596491228070173,0.1794871794871824,0.625,0.708333333333333,0.0,0.0,0.0,0.0,0.0,0.0,0.0,0.0,0.0,0.0,0.0,0.0,1.0,0.0,0.0,0.0,0.0,0.0,0.0,0.0
0.010362694300518133,0.0,0.0,0.26559139784946234,0.32653061224489793,0.016614745586708203,0.0,0.0,0.0,0.8974358974358978,0.625,0.375,0.0,0.0,1.0,0.0,0.0,0.0,0.0,0.0,0.0,0.0,0.0,0.0,1.0,0.0,0.0,0.0,0.0,0.0,0.0,0.0
0.08981001727115716,0.1702127659574468,0.0851063829787234,0.7397849462365591,0.7551020408163265,0.15784008307372793,0.08,1.0,0.10526315789473684,0.948717948717956,0.625,0.625,0.0,0.0,1.0,0.0,0.0,0.0,0.0,0.0,0.0,0.0,0.0,0.0,1.0,0.0,0.0,0.0,0.0,0.0,0.0,0.0
0.027633851468048358,0.0425531914893617,0.0,0.7526881720430108,0.37414965986394555,0.010384215991692626,0.08,1.0,0.03508771929824561,0.8974358974358978,0.375,0.45833333333333304,0.0,0.0,1.0,0.0,0.0,0.0,0.0,0.0,0.0,0.0,0.0,0.0,0.0,0.0,0.0,1.0,0.0,0.0,0.0,0.0
0.33160621761658027,0.6808510638297872,0.3404255319148936,0.535483870967742,0.5850340136054422,0.2139148494288681,0.24,1.0,0.2807017543859649,0.5384615384615472,0.625,0.625,1.0,0.0,0.0,0.0,0.0,0.0,1.0,0.0,0.0,0.0,0.0,0.0,1.0,0.0,0.0,0.0,0.0,0.0,0.0,0.0
0.8186528497409326,1.0,0.7659574468085106,0.5376344086021505,0.489795918367347,0.14537902388369678,0.16,1.0,0.10526315789473684,0.8974358974358978,0.625,0.625,0.0,1.0,0.0,0.0,0.0,0.0,0.0,0.0,0.0,0.0,0.0,0.0,0.0,0.0,0.0,1.0,0.0,0.0,0.0,0.0
1.0,0.9787234042553191,1.0,0.535483870967742,0.5170068027210883,0.9999999999999999,1.0,0.6000000000000001,1.0,0.435897435897445,0.625,0.625,1.0,0.0,0.0,0.0,0.0,0.0,1.0,0.0,0.0,0.0,0.0,0.0,1.0,0.0,0.0,0.0,0.0,0.0,0.0,0.0
0.5561312607944732,0.0851063829787234,0.1276595744680851,0.9999999999999999,1.0,0.14537902388369678,0.24,1.0,0.21052631578947367,0.7435897435897516,0.625,0.625,0.0,0.0,0.0,0.0,0.0,0.0,0.0,0.0,1.0,0.0,0.0,0.0,0.0,0.0,0.0,0.0,0.0,1.0,0.0,0.0
0.0034542314335060447,0.0,0.0,0.4731182795698925,0.43537414965986393,0.016614745586708203,0.0,0.0,0.0,0.8974358974358978,0.625,0.375,0.4,0.0,0.0,0.0,0.0,0.0,0.0,1.0,0.0,0.0,0.0,0.0,1.0,0.0,0.0,0.0,0.0,0.0,0.0,0.0
0.1934369602763385,0.2978723404255319,0.3829787234042553,0.5473118279569892,0.24489795918367346,0.4735202492211838,0.32,1.0,0.24561403508771928,0.7948717948717956,0.375,0.375,0.0,0.0,0.0,0.0,1.0,0.0,0.0,0.0,0.0,0.0,0.0,0.0,1.0,0.0,0.0,0.0,0.0,0.0,0.0,0.0
0.20379965457685664,0.1702127659574468,0.0425531914893617,0.3225806451612903,0.2585034013605442,0.07061266874350987,0.0,1.0,0.10526315789473684,0.8974358974358978,0.625,0.375,0.0,0.0,0.0,0.0,0.0,0.0,0.0,0.0,1.0,0.0,0.0,1.0,0.0,0.0,0.0,0.0,0.0,0.0,0.0,0.0
0.017271157167530225,0.0,0.0,0.1333333333333333,0.17346938775510204,0.026998961578400833,0.0,0.0,0.0,0.8461538461538538,0.625,0.375,0.4,0.0,1.0,0.0,0.0,0.0,0.0,0.0,0.0,0.0,0.0,0.0,1.0,0.0,0.0,0.0,0.0,0.0,0.0,0.0
0.1623488773747841,0.0851063829787234,0.0425531914893617,0.5376344086021505,0.39285714285714285,0.07268951194184839,0.08,1.0,0.07017543859649122,0.6923076923076934,0.625,0.625,0.0,0.0,0.0,0.0,0.0,0.0,0.0,0.0,0.0,1.0,0.0,0.0,0.0,0.0,0.0,1.0,0.0,0.0,0.0,0.0
0.08981001727115716,0.0425531914893617,0.0,0.6451612903225806,1.0,0.08307372793354102,0.0,1.0,0.07017543859649122,0.8974358974358978,0.625,0.375,1.0,0.0,0.0,0.0,0.0,0.0,0.0,0.0,0.0,1.0,0.0,0.0,0.0,0.0,0.0,1.0,0.0,0.0,0.0,0.0
0.2003454231433506,0.0851063829787234,0.0851063829787234,0.6989247311827956,0.7074829931972788,0.446521287642783,0.0,1.0,0.10526315789473684,0.948717948717956,0.625,0.625,0.0,0.0,1.0,0.0,0.0,0.0,0.0,0.0,0.0,0.0,0.0,0.0,0.0,0.0,0.0,0.0,0.0,1.0,0.0,0.0
0.08290155440414507,0.0425531914893617,0.2127659574468085,0.2129032258064516,0.2108843537414966,0.05192107995846313,0.08,0.6000000000000001,0.17543859649122806,0.8461538461538538,0.625,0.625,1.0,0.0,1.0,0.0,0.0,0.0,0.0,0.0,0.0,0.0,0.0,0.0,1.0,0.0,0.0,0.0,0.0,0.0,0.0,0.0
0.39032815198618304,0.3404255319148936,1.0,0.4086021505376344,0.3792517006802721,0.49428868120456904,0.96,1.0,1.0,0.3846153846153868,0.125,0.375,0.4,0.0,1.0,0.0,0.0,0.0,0.0,0.0,0.0,0.0,0.0,1.0,0.0,0.0,0.0,0.0,0.0,0.0,0.0,0.0
0.2970639032815198,0.2127659574468085,0.2127659574468085,0.4311827956989247,0.3622448979591837,0.32191069574247144,0.24,0.6000000000000001,0.24561403508771928,0.7948717948717956,0.625,0.625,1.0,0.0,1.0,0.0,0.0,0.0,0.0,0.0,0.0,0.0,0.0,0.0,0.0,0.0,0.0,0.0,0.0,1.0,0.0,0.0
1.0,0.2978723404255319,1.0,0.42795698924731185,0.5034013605442176,0.9999999999999999,1.0,0.6000000000000001,1.0,0.2307692307692406,0.625,0.625,1.0,0.0,0.0,0.0,0.0,0.0,1.0,0.0,0.0,0.0,0.0,0.0,1.0,0.0,0.0,0.0,0.0,0.0,0.0,0.0
0.0069084628670120895,0.0,0.0,0.24946236559139784,0.2312925170068027,0.3862928348909657,0.0,0.0,0.0,0.948717948717956,0.625,0.375,0.0,0.0,1.0,0.0,0.0,0.0,0.0,0.0,0.0,0.0,0.0,0.0,1.0,0.0,0.0,0.0,0.0,0.0,0.0,0.0
0.12435233160621761,0.1276595744680851,0.3829787234042553,0.5010752688172043,0.14965986394557823,0.45275181723779856,0.4,1.0,0.2807017543859649,0.8461538461538538,0.625,0.625,0.0,0.0,1.0,0.0,0.0,0.0,0.0,0.0,0.0,0.0,0.0,0.0,1.0,0.0,0.0,0.0,0.0,0.0,0.0,0.0
0.2141623488773748,0.0851063829787234,0.0851063829787234,0.23655913978494625,0.13775510204081634,0.19522326064382137,0.08,1.0,0.07017543859649122,0.948717948717956,0.625,0.375,0.8000000000000002,0.0,0.0,0.0,0.0,0.0,0.0,1.0,0.0,0.0,0.0,0.0,1.0,0.0,0.0,0.0,0.0,0.0,0.0,0.0
0.21761658031088082,0.1276595744680851,0.1276595744680851,0.5376344086021505,0.45918367346938777,0.25960539979231567,0.08,1.0,0.03508771929824561,0.7948717948717956,0.375,0.45833333333333304,0.4,0.0,1.0,0.0,0.0,0.0,0.0,0.0,0.0,0.0,0.0,0.0,1.0,0.0,0.0,0.0,0.0,0.0,0.0,0.0
1.0,0.3404255319148936,1.0,0.47096774193548385,0.5034013605442176,0.4485981308411215,1.0,0.6000000000000001,0.7719298245614035,0.5384615384615472,0.625,0.625,0.8000000000000002,0.0,0.0,0.0,0.0,0.0,1.0,0.0,0.0,0.0,0.0,0.0,1.0,0.0,0.0,0.0,0.0,0.0,0.0,0.0
1.0,1.0,1.0,0.535483870967742,0.5578231292517006,0.9999999999999999,1.0,0.20000000000000018,1.0,0.435897435897445,0.375,0.45833333333333304,0.0,0.0,0.0,0.0,0.0,0.0,1.0,0.0,0.0,0.0,0.0,0.0,1.0,0.0,0.0,0.0,0.0,0.0,0.0,0.0
0.0690846286701209,0.0425531914893617,0.0425531914893617,0.9999999999999999,1.0,0.041536863966770504,0.08,0.6000000000000001,0.03508771929824561,0.8974358974358978,0.625,0.625,0.8000000000000002,0.0,0.0,0.0,0.0,0.0,1.0,0.0,0.0,0.0,0.0,0.0,1.0,0.0,0.0,0.0,0.0,0.0,0.0,0.0
0.027633851468048358,0.0,0.0,0.16344086021505377,0.14965986394557823,0.9999999999999999,0.0,1.0,0.03508771929824561,0.948717948717956,0.625,0.375,0.4,0.0,1.0,0.0,0.0,0.0,0.0,0.0,0.0,0.0,0.0,0.0,0.0,0.0,0.0,0.0,0.0,0.0,1.0,0.0
0.20725388601036268,0.46808510638297873,0.1702127659574468,0.4301075268817204,0.489795918367347,0.6334371754932502,0.32,1.0,0.3157894736842105,0.948717948717956,0.375,0.375,0.8000000000000002,0.0,1.0,0.0,0.0,0.0,0.0,0.0,0.0,0.0,0.0,0.0,0.0,1.0,0.0,0.0,0.0,0.0,0.0,0.0
0.5250431778929188,0.8936170212765957,1.0,0.535483870967742,0.6530612244897959,0.984423676012461,1.0,1.0,1.0,0.7435897435897516,0.625,0.625,0.4,0.0,0.0,0.0,0.0,0.0,1.0,0.0,0.0,0.0,0.0,0.0,1.0,0.0,0.0,0.0,0.0,0.0,0.0,0.0
0.307426597582038,0.1276595744680851,0.2553191489361702,0.5376344086021505,0.5034013605442176,0.411214953271028,0.4,0.6000000000000001,0.3157894736842105,0.6410256410256494,0.625,0.625,0.4,0.0,0.0,0.0,0.0,0.0,0.0,0.0,1.0,0.0,0.0,0.0,0.0,0.0,1.0,0.0,0.0,0.0,0.0,0.0
0.08981001727115716,0.0851063829787234,0.1276595744680851,0.3225806451612903,0.30272108843537415,0.11422637590861891,0.0,1.0,0.07017543859649122,0.7948717948717956,0.625,0.625,1.0,0.0,0.0,0.0,0.0,0.0,0.0,1.0,0.0,0.0,0.0,0.0,0.0,0.0,0.0,0.0,0.0,0.0,0.0,1.0
0.1312607944732297,0.0425531914893617,0.6382978723404256,0.3225806451612903,0.23809523809523808,0.3925233644859813,1.0,1.0,0.8771929824561403,0.948717948717956,0.375,0.375,0.0,0.0,1.0,0.0,0.0,0.0,0.0,0.0,0.0,0.0,0.0,0.0,1.0,0.0,0.0,0.0,0.0,0.0,0.0,0.0
0.024179620034542312,0.0425531914893617,0.0,0.3225806451612903,0.18027210884353742,0.4963655244029076,0.0,1.0,0.03508771929824561,0.948717948717956,0.0,0.2916666666666665,0.0,0.0,1.0,0.0,0.0,0.0,0.0,0.0,0.0,0.0,0.0,0.0,1.0,0.0,0.0,0.0,0.0,0.0,0.0,0.0
0.15544041450777202,0.0851063829787234,0.1276595744680851,0.6666666666666666,0.1292517006802721,0.2679127725856698,0.08,1.0,0.03508771929824561,0.8974358974358978,0.625,0.625,0.4,1.0,0.0,0.0,0.0,0.0,0.0,0.0,0.0,0.0,0.0,0.0,0.0,0.0,0.0,0.0,0.0,1.0,0.0,0.0
0.6355785837651122,0.2127659574468085,0.2978723404255319,0.9999999999999999,0.9931972789115646,0.24922118380062305,0.24,0.20000000000000018,0.2807017543859649,0.7435897435897516,0.625,0.625,0.8000000000000002,0.0,0.0,0.0,0.0,0.0,1.0,0.0,0.0,0.0,0.0,0.0,1.0,0.0,0.0,0.0,0.0,0.0,0.0,0.0
0.020725388601036267,0.0,0.0,0.3655913978494624,0.26360544217687076,0.008307372793354102,0.0,0.0,0.0,0.8974358974358978,0.625,0.375,1.0,0.0,0.0,0.0,0.0,0.0,0.0,1.0,0.0,0.0,0.0,1.0,0.0,0.0,0.0,0.0,0.0,0.0,0.0,0.0
0.08981001727115716,0.0851063829787234,0.0425531914893617,0.2150537634408602,0.3945578231292517,0.08099688473520249,0.16,0.6000000000000001,0.10526315789473684,0.0,1.0,1.0,0.4,0.0,1.0,0.0,0.0,0.0,0.0,0.0,0.0,0.0,0.0,0.0,0.0,0.0,0.0,0.0,0.0,0.0,0.0,1.0
0.6390328151986183,0.8085106382978723,1.0,0.535483870967742,0.6122448979591836,0.699896157840083,1.0,0.6000000000000001,1.0,0.5897435897435912,0.0,0.2916666666666665,0.8000000000000002,0.0,0.0,0.0,0.0,0.0,1.0,0.0,0.0,0.0,0.0,0.0,1.0,0.0,0.0,0.0,0.0,0.0,0.0,0.0
0.5975820379965457,0.3829787234042553,0.8085106382978723,0.4301075268817204,0.5578231292517006,0.2284527518172378,0.96,0.6000000000000001,0.7017543859649122,0.3333333333333428,0.625,0.625,0.4,0.0,1.0,0.0,0.0,0.0,0.0,0.0,0.0,0.0,0.0,0.0,1.0,0.0,0.0,0.0,0.0,0.0,0.0,0.0
0.07599309153713299,0.0851063829787234,0.0425531914893617,0.23655913978494625,0.20748299319727892,0.7455867082035306,0.0,0.0,0.0,0.7948717948717956,0.375,0.375,0.0,0.0,1.0,0.0,0.0,0.0,0.0,0.0,0.0,0.0,0.0,0.0,0.0,0.0,0.0,0.0,1.0,0.0,0.0,0.0
0.024179620034542312,0.0,0.1702127659574468,0.4946236559139785,0.217687074829932,0.3862928348909657,0.16,1.0,0.07017543859649122,1.0,0.625,0.625,0.0,0.0,1.0,0.0,0.0,0.0,0.0,0.0,0.0,0.0,0.0,0.0,1.0,0.0,0.0,0.0,0.0,0.0,0.0,0.0
0.027633851468048358,0.0851063829787234,0.0425531914893617,0.11612903225806452,0.09523809523809523,0.9999999999999999,0.0,0.0,0.0,0.8974358974358978,0.0,0.375,0.0,0.0,1.0,0.0,0.0,0.0,0.0,0.0,0.0,0.0,0.0,0.0,1.0,0.0,0.0,0.0,0.0,0.0,0.0,0.0
1.0,1.0,1.0,0.5913978494623656,0.6666666666666666,0.5628245067497404,0.96,0.6000000000000001,0.9824561403508771,0.3846153846153868,0.125,0.375,0.0,0.0,1.0,0.0,0.0,0.0,0.0,0.0,0.0,0.0,0.0,0.0,1.0,0.0,0.0,0.0,0.0,0.0,0.0,0.0
0.11744386873920552,0.0425531914893617,0.0,0.3225806451612903,0.22619047619047616,0.09553478712357218,0.0,0.0,0.0,0.8974358974358978,0.375,0.45833333333333304,0.4,0.0,0.0,0.0,0.0,0.0,0.0,1.0,0.0,0.0,0.0,1.0,0.0,0.0,0.0,0.0,0.0,0.0,0.0,0.0
0.37305699481865284,0.1702127659574468,0.0851063829787234,0.8602150537634409,0.6751700680272108,0.1827622014537902,0.08,1.0,0.07017543859649122,0.948717948717956,0.625,0.375,0.0,0.0,0.0,0.0,0.0,0.0,0.0,1.0,0.0,0.0,0.0,0.0,0.0,0.0,0.0,0.0,0.0,1.0,0.0,0.0
0.0034542314335060447,0.0,0.0,0.4946236559139785,0.5306122448979591,0.020768431983385256,0.0,0.0,0.0,0.8461538461538538,0.625,0.375,0.8000000000000002,1.0,0.0,0.0,0.0,0.0,0.0,0.0,0.0,0.0,0.0,0.0,1.0,0.0,0.0,0.0,0.0,0.0,0.0,0.0
0.9706390328151986,0.6808510638297872,0.5957446808510638,0.5505376344086022,0.8299319727891156,0.5877466251298027,0.24,0.6000000000000001,0.5263157894736842,0.5897435897435912,0.625,0.625,1.0,0.0,0.0,0.0,0.0,0.0,0.0,0.0,0.0,0.0,1.0,0.0,0.0,0.0,0.0,1.0,0.0,0.0,0.0,0.0
0.3143350604490501,0.425531914893617,1.0,0.535483870967742,0.6394557823129251,0.23052959501557632,0.24,1.0,0.2807017543859649,0.487179487179489,0.625,0.625,1.0,0.0,0.0,0.0,0.0,0.0,1.0,0.0,0.0,0.0,0.0,0.0,1.0,0.0,0.0,0.0,0.0,0.0,0.0,0.0
1.0,0.8936170212765957,0.425531914893617,0.3225806451612903,0.217687074829932,0.9511941848390446,0.24,0.6000000000000001,0.38596491228070173,0.8461538461538538,0.375,0.375,0.4,0.0,1.0,0.0,0.0,0.0,0.0,0.0,0.0,0.0,0.0,0.0,0.0,0.0,0.0,1.0,0.0,0.0,0.0,0.0
0.5975820379965457,0.46808510638297873,0.0425531914893617,0.7526881720430108,0.2891156462585034,0.25752855659397716,0.08,1.0,0.07017543859649122,0.6923076923076934,0.875,0.45833333333333304,0.4,0.0,1.0,0.0,0.0,0.0,0.0,0.0,0.0,0.0,0.0,1.0,0.0,0.0,0.0,0.0,0.0,0.0,0.0,0.0
0.027633851468048358,0.0851063829787234,0.1276595744680851,0.6258064516129032,0.358843537414966,0.2762201453790239,0.0,0.0,0.0,0.8461538461538538,0.625,0.625,0.0,0.0,1.0,0.0,0.0,0.0,0.0,0.0,0.0,0.0,0.0,0.0,1.0,0.0,0.0,0.0,0.0,0.0,0.0,0.0
0.15198618307426598,0.2127659574468085,0.0,0.8387096774193549,0.7517006802721088,0.13291796469366562,0.08,1.0,0.07017543859649122,0.8974358974358978,0.625,0.375,0.0,0.0,0.0,0.0,0.0,0.0,0.0,1.0,0.0,0.0,0.0,0.0,0.0,1.0,0.0,0.0,0.0,0.0,0.0,0.0
0.5664939550949913,0.7659574468085106,1.0,0.47096774193548385,0.5306122448979591,0.57736240913811,1.0,1.0,1.0,0.5384615384615472,0.625,0.625,1.0,0.0,0.0,0.0,0.0,0.0,1.0,0.0,0.0,0.0,0.0,0.0,1.0,0.0,0.0,0.0,0.0,0.0,0.0,0.0
0.2867012089810017,0.0,0.0,0.3655913978494624,0.2602040816326531,0.14953271028037382,0.0,0.0,0.0,0.8461538461538538,0.625,0.375,0.0,0.0,0.0,0.0,0.0,0.0,0.0,1.0,0.0,0.0,0.0,1.0,0.0,0.0,0.0,0.0,0.0,0.0,0.0,0.0
0.23488773747841105,0.425531914893617,0.0851063829787234,0.4301075268817204,0.7210884353741496,0.6105919003115264,0.24,1.0,0.24561403508771928,0.7948717948717956,0.125,0.375,0.4,0.0,1.0,0.0,0.0,0.0,0.0,0.0,0.0,0.0,0.0,1.0,0.0,0.0,0.0,0.0,0.0,0.0,0.0,0.0
0.037996545768566495,0.0425531914893617,0.0425531914893617,0.16344086021505377,0.14965986394557823,0.7559709241952232,0.08,1.0,0.03508771929824561,0.948717948717956,0.625,0.375,1.0,0.0,1.0,0.0,0.0,0.0,0.0,0.0,0.0,0.0,0.0,0.0,1.0,0.0,0.0,0.0,0.0,0.0,0.0,0.0
0.8704663212435233,0.2553191489361702,0.2127659574468085,0.535483870967742,0.5816326530612245,0.41952232606438217,0.24,0.6000000000000001,0.3157894736842105,0.8974358974358978,0.625,0.625,1.0,0.0,0.0,0.0,0.0,0.0,0.0,0.0,0.0,0.0,1.0,1.0,0.0,0.0,0.0,0.0,0.0,0.0,0.0,0.0
0.007177892918825561,1.0,1.0,0.7526881720430108,0.5578231292517006,0.9999999999999999,1.0,0.6000000000000001,1.0,0.948717948717956,0.5250000000000004,0.958333333333333,0.0,0.0,1.0,0.0,0.0,0.0,0.0,0.0,0.0,0.0,0.0,0.0,0.0,0.0,0.0,1.0,0.0,0.0,0.0,0.0
0.017271157167530225,0.0425531914893617,0.0,0.8172043010752688,0.19727891156462585,0.31568016614745587,0.0,1.0,0.03508771929824561,0.948717948717956,0.375,0.375,0.0,0.0,1.0,0.0,0.0,0.0,0.0,0.0,0.0,0.0,0.0,0.0,1.0,0.0,0.0,0.0,0.0,0.0,0.0,0.0
0.4006908462867012,0.3829787234042553,0.425531914893617,0.47096774193548385,0.5034013605442176,0.15160955347871236,0.32,0.6000000000000001,0.3508771929824561,0.487179487179489,0.625,0.625,0.8000000000000002,0.0,0.0,0.0,0.0,0.0,1.0,0.0,0.0,0.0,0.0,0.0,1.0,0.0,0.0,0.0,0.0,0.0,0.0,0.0
0.31088082901554404,0.1276595744680851,0.1702127659574468,0.3225806451612903,0.108843537414966,0.122533748701973,0.0,0.20000000000000018,0.07017543859649122,0.8974358974358978,0.625,0.625,0.8000000000000002,0.0,0.0,0.0,0.0,0.0,0.0,0.0,1.0,0.0,0.0,0.0,0.0,1.0,0.0,0.0,0.0,0.0,0.0,0.0
0.1692573402417962,0.1702127659574468,0.0,0.4301075268817204,0.2312925170068027,0.060228452751817235,0.0,0.0,0.0,0.8974358974358978,0.625,0.625,0.0,0.0,0.0,0.0,0.0,0.0,0.0,0.0,1.0,0.0,0.0,0.0,0.0,0.0,1.0,0.0,0.0,0.0,0.0,0.0
0.27288428324697755,0.2127659574468085,0.2127659574468085,0.5634408602150538,0.3673469387755102,0.26168224299065423,0.32,1.0,0.21052631578947367,0.7435897435897516,0.625,0.375,0.0,0.0,0.0,0.0,0.0,0.0,0.0,0.0,0.0,0.0,1.0,1.0,0.0,0.0,0.0,0.0,0.0,0.0,0.0,0.0
0.12780656303972365,0.1702127659574468,0.2978723404255319,0.2129032258064516,0.12074829931972789,0.7538940809968847,0.16,0.6000000000000001,0.3157894736842105,0.8974358974358978,0.125,0.375,0.0,0.0,0.0,1.0,0.0,0.0,0.0,0.0,0.0,0.0,0.0,0.0,1.0,0.0,0.0,0.0,0.0,0.0,0.0,0.0
0.48359240069084625,0.5531914893617021,0.7659574468085106,0.42795698924731185,0.489795918367347,0.2139148494288681,0.4,0.6000000000000001,0.5964912280701754,0.487179487179489,0.625,0.625,1.0,0.0,0.0,0.0,0.0,0.0,1.0,0.0,0.0,0.0,0.0,0.0,1.0,0.0,0.0,0.0,0.0,0.0,0.0,0.0
0.4386873920552677,0.1702127659574468,0.3829787234042553,0.6666666666666666,0.2789115646258503,0.7310488058151609,0.64,1.0,0.38596491228070173,1.0,0.875,0.45833333333333304,0.4,0.0,1.0,0.0,0.0,0.0,0.0,0.0,0.0,0.0,0.0,1.0,0.0,0.0,0.0,0.0,0.0,0.0,0.0,0.0
0.07599309153713299,0.0851063829787234,0.1702127659574468,0.3440860215053763,0.32653061224489793,0.39667705088265837,0.48,1.0,0.21052631578947367,0.948717948717956,0.625,0.625,0.0,0.0,1.0,0.0,0.0,0.0,0.0,0.0,0.0,0.0,0.0,0.0,1.0,0.0,0.0,0.0,0.0,0.0,0.0,0.0
0.3488773747841105,0.1702127659574468,0.2978723404255319,0.3870967741935484,0.16666666666666666,0.2284527518172378,0.16,0.6000000000000001,0.07017543859649122,0.7948717948717956,0.625,0.625,0.4,0.0,0.0,0.0,0.0,0.0,0.0,0.0,0.0,1.0,0.0,0.0,0.0,0.0,0.0,0.0,0.0,0.0,0.0,0.0
0.28324697754749567,0.5106382978723404,0.425531914893617,0.8172043010752688,0.6768707482993197,0.48390446521287644,0.8,0.6000000000000001,0.9473684210526315,0.2820512820512846,0.625,0.625,0.0,0.0,1.0,0.0,0.0,0.0,0.0,0.0,0.0,0.0,0.0,0.0,1.0,0.0,0.0,0.0,0.0,0.0,0.0,0.0
0.0058860103626943005,1.0,1.0,0.643010752688172,0.7619047619047619,0.9999999999999999,1.0,0.6000000000000001,1.0,0.8974358974358978,0.625,0.625,0.4,0.0,1.0,0.0,0.0,0.0,0.0,0.0,0.0,0.0,0.0,0.0,1.0,0.0,0.0,0.0,0.0,0.0,0.0,0.0
0.307426597582038,0.5957446808510638,0.3404255319148936,0.3225806451612903,0.2653061224489796,0.3322949117341641,0.4,0.6000000000000001,0.24561403508771928,0.948717948717956,0.375,0.45833333333333304,0.4,0.0,1.0,0.0,0.0,0.0,0.0,0.0,0.0,0.0,0.0,0.0,1.0,0.0,0.0,0.0,0.0,0.0,0.0,0.0
0.03454231433506045,0.0425531914893617,0.0,0.5376344086021505,0.4880952380952381,0.016614745586708203,0.08,1.0,0.03508771929824561,0.948717948717956,0.625,0.375,0.0,0.0,0.0,0.0,0.0,0.0,0.0,1.0,0.0,0.0,0.0,1.0,0.0,0.0,0.0,0.0,0.0,0.0,0.0,0.0
0.013816925734024179,0.0,0.0,0.4731182795698925,0.24829931972789115,0.014537902388369679,0.0,0.0,0.0,0.7948717948717956,0.375,0.45833333333333304,0.0,0.0,0.0,0.0,0.0,0.0,0.0,1.0,0.0,0.0,0.0,0.0,1.0,0.0,0.0,0.0,0.0,0.0,0.0,0.0
0.1934369602763385,0.2127659574468085,0.0425531914893617,0.4301075268817204,0.26700680272108845,0.24506749740394598,0.24,1.0,0.10526315789473684,0.8974358974358978,0.625,0.375,0.8000000000000002,0.0,0.0,0.0,0.0,0.0,0.0,1.0,0.0,0.0,0.0,0.0,0.0,0.0,0.0,1.0,0.0,0.0,0.0,0.0
0.618307426597582,0.5957446808510638,0.3829787234042553,0.9999999999999999,0.4812925170068027,0.3426791277258567,0.64,1.0,0.7368421052631579,0.3333333333333428,1.0,1.0,0.0,0.0,1.0,0.0,0.0,0.0,0.0,0.0,0.0,0.0,0.0,0.0,0.0,0.0,0.0,0.0,0.0,1.0,0.0,0.0
0.459412780656304,1.0,1.0,0.6881720430107526,0.8163265306122448,0.6812045690550362,1.0,1.0,1.0,0.487179487179489,0.125,0.375,0.8000000000000002,0.0,0.0,0.0,0.0,0.0,0.0,0.0,0.0,0.0,0.0,0.0,1.0,0.0,0.0,0.0,0.0,0.0,0.0,0.0
0.18998272884283246,0.0851063829787234,0.2127659574468085,0.2150537634408602,0.12244897959183673,0.28868120456905505,0.0,0.20000000000000018,0.10526315789473684,0.7435897435897516,0.625,0.625,0.0,0.0,0.0,0.0,0.0,1.0,0.0,0.0,0.0,0.0,0.0,0.0,1.0,0.0,0.0,0.0,0.0,0.0,0.0,0.0
0.5664939550949913,0.2127659574468085,0.0425531914893617,0.6451612903225806,0.5170068027210883,0.1723779854620976,0.16,0.20000000000000018,0.21052631578947367,0.8974358974358978,0.625,0.625,0.0,0.0,0.0,0.0,0.0,0.0,0.0,0.0,1.0,0.0,0.0,0.0,0.0,0.0,0.0,0.0,0.0,1.0,0.0,0.0
0.07599309153713299,0.1702127659574468,0.0,0.38602150537634405,0.22108843537414968,0.06853582554517135,0.0,0.6000000000000001,0.03508771929824561,0.948717948717956,0.375,0.375,0.8000000000000002,0.0,0.0,0.0,1.0,0.0,0.0,0.0,0.0,0.0,0.0,1.0,0.0,0.0,0.0,0.0,0.0,0.0,0.0,0.0
0.10362694300518134,0.0851063829787234,0.1702127659574468,0.3225806451612903,0.22619047619047616,0.15784008307372793,0.08,1.0,0.07017543859649122,0.7948717948717956,0.375,0.45833333333333304,0.0,0.0,0.0,0.0,0.0,0.0,0.0,0.0,0.0,1.0,0.0,1.0,0.0,0.0,0.0,0.0,0.0,0.0,0.0,0.0
0.06563039723661485,0.0425531914893617,0.0425531914893617,0.2150537634408602,0.17687074829931973,0.22637590861889925,0.0,1.0,0.03508771929824561,0.7948717948717956,0.875,0.5416666666666665,0.0,0.0,1.0,0.0,0.0,0.0,0.0,0.0,0.0,0.0,0.0,1.0,0.0,0.0,0.0,0.0,0.0,0.0,0.0,0.0
0.031088082901554404,0.0425531914893617,0.0,0.4516129032258064,0.4761904761904762,0.010384215991692626,0.0,1.0,0.03508771929824561,0.7435897435897516,0.0,0.04166666666666652,0.8000000000000002,1.0,0.0,0.0,0.0,0.0,0.0,0.0,0.0,0.0,0.0,0.0,0.0,1.0,0.0,0.0,0.0,0.0,0.0,0.0
0.1623488773747841,0.0851063829787234,0.1276595744680851,0.4731182795698925,0.217687074829932,0.07061266874350987,0.08,0.6000000000000001,0.10526315789473684,0.8974358974358978,0.625,0.625,0.0,0.0,1.0,0.0,0.0,0.0,0.0,0.0,0.0,0.0,0.0,0.0,0.0,0.0,0.0,0.0,1.0,0.0,0.0,0.0
0.11744386873920552,0.0425531914893617,0.0,0.5806451612903226,0.5850340136054422,0.06230529595015576,0.08,0.6000000000000001,0.03508771929824561,0.948717948717956,0.625,0.625,0.0,1.0,0.0,0.0,0.0,0.0,0.0,0.0,0.0,0.0,0.0,0.0,0.0,0.0,0.0,1.0,0.0,0.0,0.0,0.0
1.0,1.0,1.0,0.535483870967742,0.4489795918367347,0.9999999999999999,1.0,0.6000000000000001,1.0,0.3846153846153868,1.0,0.45833333333333304,0.8000000000000002,0.0,0.0,0.0,0.0,0.0,1.0,0.0,0.0,0.0,0.0,1.0,0.0,0.0,0.0,0.0,0.0,0.0,0.0,0.0
0.2763385146804836,0.1702127659574468,0.2127659574468085,0.42795698924731185,0.43537414965986393,0.06645898234683281,0.08,0.6000000000000001,0.14035087719298245,0.3846153846153868,0.625,0.625,1.0,0.0,0.0,0.0,0.0,0.0,1.0,0.0,0.0,0.0,0.0,0.0,1.0,0.0,0.0,0.0,0.0,0.0,0.0,0.0
0.17616580310880828,0.1702127659574468,0.1702127659574468,0.9247311827956989,0.7619047619047619,0.2699896157840083,0.16,1.0,0.10526315789473684,0.8974358974358978,0.625,0.375,0.0,0.0,1.0,0.0,0.0,0.0,0.0,0.0,0.0,0.0,0.0,0.0,0.0,0.0,0.0,1.0,0.0,0.0,0.0,0.0
1.0,0.8085106382978723,1.0,0.9999999999999999,1.0,0.6188992731048806,1.0,0.6000000000000001,0.7368421052631579,0.8974358974358978,0.625,0.625,1.0,0.0,0.0,0.0,0.0,0.0,1.0,0.0,0.0,0.0,0.0,0.0,1.0,0.0,0.0,0.0,0.0,0.0,0.0,0.0
0.231433506044905,0.425531914893617,0.46808510638297873,0.14946236559139786,0.06122448979591837,0.15991692627206644,0.48,1.0,0.3157894736842105,0.8974358974358978,0.375,0.375,0.4,0.0,0.0,0.0,1.0,0.0,0.0,0.0,0.0,0.0,0.0,1.0,0.0,0.0,0.0,0.0,0.0,0.0,0.0,0.0
0.11398963730569947,0.1702127659574468,0.2553191489361702,0.9999999999999999,0.802721088435374,0.3572170301142264,0.16,0.6000000000000001,0.3157894736842105,0.487179487179489,1.0,1.0,0.0,0.0,1.0,0.0,0.0,0.0,0.0,0.0,0.0,0.0,0.0,0.0,0.0,0.0,0.0,1.0,0.0,0.0,0.0,0.0
0.031088082901554404,0.0425531914893617,0.0,0.6752688172043011,0.4761904761904762,0.43613707165109034,0.0,1.0,0.03508771929824561,0.8461538461538538,0.625,0.375,0.0,0.0,1.0,0.0,0.0,0.0,0.0,0.0,0.0,0.0,0.0,0.0,0.0,0.0,0.0,1.0,0.0,0.0,0.0,0.0
0.47668393782383417,0.425531914893617,0.8085106382978723,0.1935483870967742,0.217687074829932,0.3032191069574247,0.64,0.6000000000000001,0.6666666666666666,0.7948717948717956,0.625,0.625,0.0,1.0,0.0,0.0,0.0,0.0,0.0,0.0,0.0,0.0,0.0,0.0,0.0,0.0,0.0,0.0,0.0,1.0,0.0,0.0
0.055267702936096716,0.0425531914893617,0.0425531914893617,0.39677419354838706,0.22448979591836737,0.029075804776739357,0.0,0.0,0.0,0.8461538461538538,0.375,0.375,0.0,0.0,0.0,0.0,1.0,0.0,0.0,0.0,0.0,0.0,0.0,1.0,0.0,0.0,0.0,0.0,0.0,0.0,0.0,0.0
1.0,1.0,0.9361702127659575,0.2150537634408602,0.2312925170068027,0.9802699896157839,0.72,1.0,1.0,0.5384615384615472,0.625,0.625,0.4,0.0,1.0,0.0,0.0,0.0,0.0,0.0,0.0,0.0,0.0,0.0,1.0,0.0,0.0,0.0,0.0,0.0,0.0,0.0
0.17962003454231432,0.1276595744680851,0.2127659574468085,0.17204301075268813,0.14285714285714285,0.5420560747663551,0.16,1.0,0.07017543859649122,0.8461538461538538,0.375,0.375,0.0,0.0,1.0,0.0,0.0,0.0,0.0,0.0,0.0,0.0,0.0,0.0,0.0,0.0,0.0,0.0,1.0,0.0,0.0,0.0
0.4905008635578584,1.0,1.0,0.021505376344086016,0.36394557823129253,0.9999999999999999,1.0,0.6000000000000001,1.0,0.6410256410256494,0.375,0.45833333333333304,0.0,0.0,1.0,0.0,0.0,0.0,0.0,0.0,0.0,0.0,0.0,0.0,1.0,0.0,0.0,0.0,0.0,0.0,0.0,0.0
0.49740932642487046,0.0,0.0425531914893617,0.7849462365591398,0.3129251700680272,0.2782969885773624,0.08,1.0,0.14035087719298245,0.0769230769230802,1.0,1.0,0.0,0.0,1.0,0.0,0.0,0.0,0.0,0.0,0.0,0.0,0.0,1.0,0.0,0.0,0.0,0.0,0.0,0.0,0.0,0.0
0.2659758203799654,0.1276595744680851,0.1276595744680851,0.2150537634408602,0.06802721088435373,0.1412253374870197,0.0,0.20000000000000018,0.07017543859649122,0.8974358974358978,0.625,0.625,0.8000000000000002,0.0,0.0,0.0,0.0,0.0,0.0,0.0,1.0,0.0,0.0,0.0,0.0,1.0,0.0,0.0,0.0,0.0,0.0,0.0
0.23488773747841105,0.2553191489361702,0.425531914893617,0.47096774193548385,0.4489795918367347,0.09138110072689512,0.08,1.0,0.45614035087719296,0.487179487179489,0.625,0.625,0.4,0.0,0.0,0.0,0.0,0.0,1.0,0.0,0.0,0.0,0.0,0.0,1.0,0.0,0.0,0.0,0.0,0.0,0.0,0.0
0.5595854922279793,0.5106382978723404,0.425531914893617,0.4301075268817204,0.41836734693877553,0.9999999999999999,0.72,1.0,0.631578947368421,1.0,0.375,0.375,0.8000000000000002,0.0,1.0,0.0,0.0,0.0,0.0,0.0,0.0,0.0,0.0,1.0,0.0,0.0,0.0,0.0,0.0,0.0,0.0,0.0
0.2245250431778929,0.6808510638297872,0.0851063829787234,0.3268817204301075,0.5493197278911564,0.2679127725856698,0.0,1.0,0.21052631578947367,0.7435897435897516,0.375,0.375,0.0,0.0,1.0,0.0,0.0,0.0,0.0,0.0,0.0,0.0,0.0,1.0,0.0,0.0,0.0,0.0,0.0,0.0,0.0,0.0
1.0,1.0,1.0,0.535483870967742,0.17687074829931973,0.9999999999999999,1.0,0.6000000000000001,1.0,0.3333333333333428,0.5250000000000004,0.5083333333333333,0.8000000000000002,0.0,1.0,0.0,0.0,0.0,0.0,0.0,0.0,0.0,0.0,0.0,1.0,0.0,0.0,0.0,0.0,0.0,0.0,0.0
0.037996545768566495,0.0851063829787234,0.0,0.26881720430107525,0.24489795918367346,0.12876427829698855,0.0,0.20000000000000018,0.03508771929824561,0.8974358974358978,0.625,0.625,0.0,0.0,1.0,0.0,0.0,0.0,0.0,0.0,0.0,0.0,0.0,0.0,0.0,0.0,0.0,1.0,0.0,0.0,0.0,0.0
0.06563039723661485,0.0,0.0425531914893617,0.4580645161290322,0.3129251700680272,0.024922118380062305,0.08,1.0,0.03508771929824561,0.948717948717956,0.625,0.375,0.4,0.0,1.0,0.0,0.0,0.0,0.0,0.0,0.0,0.0,0.0,0.0,1.0,0.0,0.0,0.0,0.0,0.0,0.0,0.0
0.0069084628670120895,0.0,0.0,0.23225806451612901,0.04081632653061224,0.04776739356178608,0.0,0.0,0.0,0.948717948717956,0.0,0.2916666666666665,0.0,0.0,0.0,1.0,0.0,0.0,0.0,0.0,0.0,0.0,0.0,0.0,1.0,0.0,0.0,0.0,0.0,0.0,0.0,0.0
0.3385146804835924,0.1276595744680851,0.0,0.4301075268817204,0.2857142857142857,0.1412253374870197,0.0,0.0,0.0,0.7435897435897516,0.625,0.625,0.0,0.0,0.0,0.0,0.0,0.0,0.0,0.0,1.0,0.0,0.0,0.0,0.0,1.0,0.0,0.0,0.0,0.0,0.0,0.0
0.36269430051813467,1.0,1.0,0.6451612903225806,0.489795918367347,0.5129802699896158,1.0,0.6000000000000001,1.0,0.5897435897435912,0.625,0.375,0.8000000000000002,1.0,0.0,0.0,0.0,0.0,0.0,0.0,0.0,0.0,0.0,0.0,1.0,0.0,0.0,0.0,0.0,0.0,0.0,0.0
0.0034542314335060447,0.0,0.0,0.1935483870967742,0.11054421768707484,0.033229491173416406,0.0,0.0,0.0,0.7948717948717956,0.625,0.625,0.0,0.0,0.0,0.0,0.0,0.0,0.0,1.0,0.0,0.0,0.0,0.0,1.0,0.0,0.0,0.0,0.0,0.0,0.0,0.0
0.048359240069084625,0.1702127659574468,0.0425531914893617,0.39569892473118273,0.22619047619047616,0.6251298026998962,0.0,0.0,0.0,0.948717948717956,0.125,0.375,0.0,0.0,0.0,1.0,0.0,0.0,0.0,0.0,0.0,0.0,0.0,0.0,1.0,0.0,0.0,0.0,0.0,0.0,0.0,0.0
0.49740932642487046,0.6808510638297872,0.7234042553191489,0.5806451612903226,0.5408163265306122,0.7206645898234683,1.0,1.0,1.0,0.487179487179489,0.625,0.625,0.0,0.0,1.0,0.0,0.0,0.0,0.0,0.0,0.0,0.0,0.0,0.0,0.0,0.0,0.0,1.0,0.0,0.0,0.0,0.0
0.11053540587219343,0.0851063829787234,0.0,0.9999999999999999,0.9795918367346939,0.04984423676012461,0.0,0.0,0.0,0.948717948717956,1.0,0.958333333333333,0.0,0.0,1.0,0.0,0.0,0.0,0.0,0.0,0.0,0.0,0.0,1.0,0.0,0.0,0.0,0.0,0.0,0.0,0.0,0.0
0.017271157167530225,0.0,0.0425531914893617,0.4516129032258064,0.4489795918367347,0.9999999999999999,0.08,1.0,0.03508771929824561,0.8974358974358978,0.625,0.625,0.0,0.0,1.0,0.0,0.0,0.0,0.0,0.0,0.0,0.0,0.0,0.0,1.0,0.0,0.0,0.0,0.0,0.0,0.0,0.0
0.386873920552677,0.1702127659574468,0.0425531914893617,0.5376344086021505,0.5578231292517006,0.12461059190031153,0.08,0.20000000000000018,0.21052631578947367,0.6410256410256494,0.625,0.625,0.0,0.0,0.0,0.0,0.0,0.0,0.0,0.0,1.0,0.0,0.0,1.0,0.0,0.0,0.0,0.0,0.0,0.0,0.0,0.0
0.05872193436960276,0.0,0.0,0.5376344086021505,0.6394557823129251,0.04984423676012461,0.0,1.0,0.07017543859649122,0.435897435897445,0.625,0.625,1.0,0.0,0.0,0.0,0.0,0.0,0.0,0.0,1.0,0.0,0.0,1.0,0.0,0.0,0.0,0.0,0.0,0.0,0.0,0.0
0.38341968911917096,0.6382978723404256,0.5957446808510638,0.6666666666666666,0.7210884353741496,0.5441329179646937,0.64,0.6000000000000001,0.7719298245614035,0.5384615384615472,0.125,0.375,0.0,0.0,0.0,0.0,0.0,0.0,0.0,0.0,0.0,0.0,0.0,0.0,1.0,0.0,0.0,0.0,0.0,0.0,0.0,0.0
0.4559585492227979,0.2978723404255319,0.9787234042553191,0.535483870967742,0.5306122448979591,0.4402907580477674,0.4,0.6000000000000001,0.7017543859649122,0.3846153846153868,0.625,0.625,1.0,0.0,0.0,0.0,0.0,0.0,1.0,0.0,0.0,0.0,0.0,0.0,1.0,0.0,0.0,0.0,0.0,0.0,0.0,0.0
0.35233160621761656,0.2553191489361702,0.0,0.3655913978494624,0.25510204081632654,0.3094496365524403,0.0,0.6000000000000001,0.07017543859649122,0.8974358974358978,0.375,0.375,0.0,0.0,1.0,0.0,0.0,0.0,0.0,0.0,0.0,0.0,0.0,0.0,0.0,0.0,0.0,1.0,0.0,0.0,0.0,0.0
0.09326424870466321,0.1276595744680851,0.0851063829787234,0.34516129032258064,0.2108843537414966,0.17445482866043613,0.08,1.0,0.17543859649122806,0.7948717948717956,0.625,0.625,1.0,0.0,1.0,0.0,0.0,0.0,0.0,0.0,0.0,0.0,0.0,0.0,0.0,0.0,0.0,0.0,0.0,0.0,0.0,1.0
0.12780656303972365,0.0,0.0851063829787234,0.24086021505376343,0.05442176870748299,0.0976116303219107,0.0,1.0,0.03508771929824561,0.948717948717956,0.375,0.375,0.0,0.0,1.0,0.0,0.0,0.0,0.0,0.0,0.0,0.0,0.0,0.0,0.0,0.0,0.0,0.0,0.0,1.0,0.0,0.0
0.11744386873920552,0.1276595744680851,0.1276595744680851,0.3225806451612903,0.24829931972789115,0.07684319833852545,0.08,1.0,0.03508771929824561,0.7948717948717956,0.375,0.375,1.0,0.0,0.0,0.0,0.0,0.0,0.0,1.0,0.0,0.0,0.0,0.0,0.0,0.0,0.0,0.0,0.0,0.0,0.0,0.0
0.12780656303972365,0.2553191489361702,0.2127659574468085,0.5365591397849462,0.32312925170068024,0.31360332294911736,0.08,1.0,0.14035087719298245,0.7948717948717956,0.375,0.375,0.0,0.0,0.0,0.0,1.0,0.0,0.0,0.0,0.0,0.0,0.0,0.0,1.0,0.0,0.0,0.0,0.0,0.0,0.0,0.0
0.005671848013816925,1.0,1.0,0.6451612903225806,0.9795918367346939,0.9999999999999999,1.0,1.0,1.0,0.8974358974358978,0.7249999999999996,0.958333333333333,0.4,0.0,1.0,0.0,0.0,0.0,0.0,0.0,0.0,0.0,0.0,0.0,0.0,0.0,0.0,1.0,0.0,0.0,0.0,0.0
0.10362694300518134,0.0425531914893617,0.0,0.4301075268817204,0.3401360544217687,0.09138110072689512,0.08,1.0,0.07017543859649122,0.7948717948717956,0.625,0.625,0.0,0.0,1.0,0.0,0.0,0.0,0.0,0.0,0.0,0.0,0.0,0.0,0.0,0.0,0.0,1.0,0.0,0.0,0.0,0.0
0.0690846286701209,0.2127659574468085,0.0425531914893617,0.4301075268817204,0.445578231292517,0.06230529595015576,0.16,1.0,0.14035087719298245,0.5384615384615472,0.625,0.625,1.0,0.0,1.0,0.0,0.0,0.0,0.0,0.0,0.0,0.0,0.0,0.0,1.0,0.0,0.0,0.0,0.0,0.0,0.0,0.0
0.4317789291882556,0.3829787234042553,0.9787234042553191,0.5376344086021505,0.5306122448979591,0.3343717549325026,0.72,0.6000000000000001,0.7017543859649122,0.1282051282051242,0.625,0.708333333333333,0.4,0.0,0.0,0.0,0.0,0.0,0.0,0.0,0.0,0.0,0.0,0.0,1.0,0.0,0.0,0.0,0.0,0.0,0.0,0.0
0.031088082901554404,0.0425531914893617,0.0,0.3225806451612903,0.42176870748299317,0.020768431983385256,0.0,0.0,0.03508771929824561,0.5897435897435912,0.625,0.625,0.0,0.0,0.0,0.0,0.0,0.0,0.0,0.0,1.0,0.0,0.0,0.0,1.0,0.0,0.0,0.0,0.0,0.0,0.0,0.0
0.9844559585492227,0.9787234042553191,0.2553191489361702,0.7526881720430108,0.7482993197278911,0.42990654205607476,0.4,1.0,0.6666666666666666,0.6410256410256494,0.625,0.625,0.0,0.0,0.0,0.0,0.0,0.0,0.0,0.0,1.0,0.0,0.0,0.0,0.0,0.0,0.0,0.0,0.0,1.0,0.0,0.0
0.24179620034542312,0.3404255319148936,0.5106382978723404,0.4086021505376344,0.43537414965986393,0.2949117341640706,0.56,0.6000000000000001,0.7017543859649122,0.0769230769230802,0.625,0.708333333333333,0.0,0.0,0.0,0.0,0.0,0.0,0.0,0.0,0.0,0.0,0.0,0.0,1.0,0.0,0.0,0.0,0.0,0.0,0.0,0.0
0.231433506044905,0.3404255319148936,0.1276595744680851,0.15053763440860213,0.06122448979591837,0.49428868120456904,0.16,0.6000000000000001,0.49122807017543857,0.2307692307692406,0.625,0.375,1.0,0.0,0.0,0.0,0.0,0.0,0.0,0.0,0.0,0.0,0.0,0.0,0.0,0.0,0.0,0.0,0.0,0.0,1.0,0.0
0.21070811744386872,0.1702127659574468,0.0425531914893617,0.9999999999999999,1.0,0.07268951194184839,0.08,1.0,0.03508771929824561,0.0,0.625,0.625,0.8000000000000002,0.0,0.0,0.0,0.0,0.0,1.0,0.0,0.0,0.0,0.0,0.0,1.0,0.0,0.0,0.0,0.0,0.0,0.0,0.0
0.055267702936096716,0.0,0.0,0.25806451612903225,0.1717687074829932,0.037383177570093455,0.0,0.0,0.0,0.8974358974358978,0.625,0.375,0.0,0.0,0.0,0.0,0.0,0.0,0.0,0.0,0.0,1.0,0.0,0.0,0.0,1.0,0.0,0.0,0.0,0.0,0.0,0.0
1.0,0.2978723404255319,1.0,0.535483870967742,0.5442176870748299,0.660436137071651,1.0,0.6000000000000001,0.6666666666666666,0.2307692307692406,0.625,0.625,0.4,0.0,0.0,0.0,0.0,0.0,1.0,0.0,0.0,0.0,0.0,0.0,1.0,0.0,0.0,0.0,0.0,0.0,0.0,0.0
0.08981001727115716,0.2553191489361702,0.0,0.5376344086021505,0.5170068027210883,0.09345794392523364,0.16,1.0,0.10526315789473684,0.8461538461538538,0.625,0.625,0.0,1.0,0.0,0.0,0.0,0.0,0.0,0.0,0.0,0.0,0.0,0.0,0.0,0.0,0.0,0.0,0.0,0.0,0.0,1.0
1.0,1.0,1.0,0.42795698924731185,0.35374149659863946,0.9999999999999999,1.0,0.6000000000000001,1.0,0.5897435897435912,0.625,0.625,0.0,0.0,0.0,0.0,0.0,0.0,1.0,0.0,0.0,0.0,0.0,0.0,1.0,0.0,0.0,0.0,0.0,0.0,0.0,0.0
0.10362694300518134,0.0425531914893617,0.0,0.9999999999999999,1.0,0.07476635514018692,0.0,0.0,0.0,0.8974358974358978,0.625,0.375,0.0,0.0,0.0,0.0,0.0,0.0,0.0,0.0,0.0,1.0,0.0,0.0,0.0,1.0,0.0,0.0,0.0,0.0,0.0,0.0
0.8186528497409326,0.5106382978723404,0.2127659574468085,0.5376344086021505,0.43197278911564624,0.5316718587746625,0.16,1.0,0.3157894736842105,0.8461538461538538,0.875,0.7916666666666665,0.0,0.0,0.0,0.0,0.0,0.0,0.0,0.0,0.0,1.0,0.0,0.0,0.0,0.0,0.0,0.0,1.0,0.0,0.0,0.0
0.010362694300518133,0.0,0.0425531914893617,0.6666666666666666,0.42176870748299317,0.4215991692627207,0.0,0.0,0.0,1.0,0.625,0.625,0.0,0.0,1.0,0.0,0.0,0.0,0.0,0.0,0.0,0.0,0.0,0.0,1.0,0.0,0.0,0.0,0.0,0.0,0.0,0.0
0.020725388601036267,0.0,0.0425531914893617,0.2752688172043011,0.09523809523809523,0.35514018691588783,0.0,0.0,0.0,0.8461538461538538,0.125,0.375,0.0,0.0,0.0,1.0,0.0,0.0,0.0,0.0,0.0,0.0,0.0,0.0,1.0,0.0,0.0,0.0,0.0,0.0,0.0,0.0
0.3385146804835924,0.2553191489361702,0.0425531914893617,0.3225806451612903,0.2585034013605442,0.26583592938733125,0.0,0.0,0.0,0.8974358974358978,0.625,0.625,0.8000000000000002,1.0,0.0,0.0,0.0,0.0,0.0,0.0,0.0,0.0,0.0,0.0,0.0,0.0,1.0,0.0,0.0,0.0,0.0,0.0
0.037996545768566495,0.0,0.0425531914893617,0.4086021505376344,0.2789115646258503,0.024922118380062305,0.0,0.0,0.0,0.7435897435897516,0.375,0.45833333333333304,0.0,0.0,0.0,0.0,0.0,0.0,0.0,1.0,0.0,0.0,0.0,0.0,0.0,0.0,0.0,1.0,0.0,0.0,0.0,0.0
0.08290155440414507,0.0,0.0,0.27956989247311825,0.2857142857142857,0.010384215991692626,0.0,0.0,0.0,0.7435897435897516,0.625,0.375,0.0,1.0,0.0,0.0,0.0,0.0,0.0,0.0,0.0,0.0,0.0,0.0,1.0,0.0,0.0,0.0,0.0,0.0,0.0,0.0
0.08981001727115716,0.0,0.0,0.37419354838709673,0.4761904761904762,0.014537902388369679,0.0,0.0,0.0,0.7435897435897516,0.625,0.375,0.8000000000000002,0.0,0.0,0.0,0.0,0.0,0.0,0.0,0.0,0.0,1.0,0.0,0.0,0.0,0.0,0.0,0.0,1.0,0.0,0.0
0.42141623488773744,0.1276595744680851,0.1702127659574468,0.6451612903225806,0.35374149659863946,0.29698857736240913,0.64,1.0,0.24561403508771928,0.2820512820512846,0.625,0.708333333333333,0.4,0.0,0.0,0.0,0.0,0.0,0.0,0.0,1.0,0.0,0.0,0.0,0.0,0.0,0.0,1.0,0.0,0.0,0.0,0.0
0.20379965457685664,0.2127659574468085,0.1276595744680851,0.5806451612903226,0.6819727891156462,0.12045690550363447,0.24,0.6000000000000001,0.10526315789473684,0.7948717948717956,0.375,0.45833333333333304,0.0,0.0,0.0,0.0,0.0,0.0,0.0,0.0,0.0,1.0,0.0,0.0,0.0,0.0,0.0,0.0,0.0,1.0,0.0,0.0
0.10362694300518134,0.2978723404255319,0.2553191489361702,0.4301075268817204,0.6122448979591836,0.31360332294911736,0.24,1.0,0.21052631578947367,0.3846153846153868,0.625,0.375,1.0,0.0,1.0,0.0,0.0,0.0,0.0,0.0,0.0,0.0,0.0,1.0,0.0,0.0,0.0,0.0,0.0,0.0,0.0,0.0
0.07944732297063903,0.1702127659574468,0.2127659574468085,0.8967741935483872,0.7959183673469387,0.20353063343717548,0.64,1.0,0.3508771929824561,0.7435897435897516,0.625,0.625,0.0,0.0,1.0,0.0,0.0,0.0,0.0,0.0,0.0,0.0,0.0,0.0,1.0,0.0,0.0,0.0,0.0,0.0,0.0,0.0
0.04490500863557858,0.0,0.0425531914893617,0.5376344086021505,0.4523809523809524,0.060228452751817235,0.0,1.0,0.03508771929824561,0.948717948717956,0.625,0.375,0.0,0.0,0.0,0.0,0.0,0.0,0.0,1.0,0.0,0.0,0.0,0.0,0.0,0.0,0.0,1.0,0.0,0.0,0.0,0.0
0.7046632124352331,0.7234042553191489,0.8936170212765957,0.4838709677419355,0.5170068027210883,0.7892004153686396,0.48,0.6000000000000001,0.45614035087719296,0.8461538461538538,0.625,0.625,0.4,0.0,1.0,0.0,0.0,0.0,0.0,0.0,0.0,0.0,0.0,0.0,0.0,0.0,0.0,1.0,0.0,0.0,0.0,0.0
0.5561312607944732,0.3404255319148936,0.5106382978723404,0.3139784946236559,0.2312925170068027,0.28660436137071654,0.56,0.6000000000000001,0.5614035087719298,0.7948717948717956,0.125,0.375,1.0,0.0,1.0,0.0,0.0,0.0,0.0,0.0,0.0,0.0,0.0,1.0,0.0,0.0,0.0,0.0,0.0,0.0,0.0,0.0
0.12780656303972365,0.0425531914893617,0.0425531914893617,0.4946236559139785,0.35374149659863946,0.020768431983385256,0.08,1.0,0.03508771929824561,0.7948717948717956,0.625,0.375,1.0,1.0,0.0,0.0,0.0,0.0,0.0,0.0,0.0,0.0,0.0,0.0,0.0,0.0,1.0,0.0,0.0,0.0,0.0,0.0
0.03454231433506045,0.0,0.0851063829787234,0.4301075268817204,0.4098639455782313,0.06438213914849429,0.0,1.0,0.03508771929824561,0.8461538461538538,0.625,0.375,0.0,0.0,0.0,0.0,0.0,0.0,0.0,1.0,0.0,0.0,0.0,0.0,1.0,0.0,0.0,0.0,0.0,0.0,0.0,0.0
0.17271157167530224,0.2978723404255319,0.0851063829787234,0.10752688172043011,0.217687074829932,0.23260643821391483,0.16,0.6000000000000001,0.17543859649122806,0.6923076923076934,0.625,0.625,0.4,0.0,1.0,0.0,0.0,0.0,0.0,0.0,0.0,0.0,0.0,1.0,0.0,0.0,0.0,0.0,0.0,0.0,0.0,0.0
0.013816925734024179,0.0,0.0425531914893617,0.8602150537634409,0.7448979591836734,0.014537902388369679,0.0,0.0,0.0,0.8974358974358978,0.875,0.7916666666666665,1.0,0.0,0.0,0.0,0.0,0.0,0.0,0.0,0.0,1.0,0.0,0.0,1.0,0.0,0.0,0.0,0.0,0.0,0.0,0.0
0.697754749568221,0.3829787234042553,1.0,0.535483870967742,0.5306122448979591,0.4714434060228453,0.96,1.0,1.0,0.3846153846153868,0.625,0.625,1.0,0.0,0.0,0.0,0.0,0.0,1.0,0.0,0.0,0.0,0.0,0.0,1.0,0.0,0.0,0.0,0.0,0.0,0.0,0.0
0.12435233160621761,0.0425531914893617,0.0425531914893617,0.3225806451612903,0.1836734693877551,0.12876427829698855,0.08,1.0,0.03508771929824561,0.7948717948717956,0.625,0.625,0.0,0.0,0.0,0.0,0.0,0.0,0.0,0.0,0.0,1.0,0.0,0.0,0.0,0.0,1.0,0.0,0.0,0.0,0.0,0.0
0.2003454231433506,0.1276595744680851,0.1702127659574468,0.535483870967742,0.7210884353741496,0.004153686396677051,0.08,1.0,0.03508771929824561,0.435897435897445,0.625,0.625,0.4,0.0,0.0,0.0,0.0,0.0,1.0,0.0,0.0,0.0,0.0,1.0,0.0,0.0,0.0,0.0,0.0,0.0,0.0,0.0
1.0,0.3829787234042553,1.0,0.535483870967742,0.6802721088435374,0.6105919003115264,1.0,0.6000000000000001,0.7719298245614035,0.2820512820512846,0.625,0.625,0.4,0.0,0.0,0.0,0.0,0.0,1.0,0.0,0.0,0.0,0.0,0.0,1.0,0.0,0.0,0.0,0.0,0.0,0.0,0.0
0.3143350604490501,0.1702127659574468,0.1702127659574468,0.3225806451612903,0.1360544217687075,0.12045690550363447,0.08,1.0,0.10526315789473684,0.948717948717956,0.625,0.625,0.0,0.0,0.0,0.0,0.0,0.0,0.0,0.0,1.0,0.0,0.0,1.0,0.0,0.0,0.0,0.0,0.0,0.0,0.0,0.0
0.1070811744386874,0.0851063829787234,0.1702127659574468,0.5376344086021505,0.49999999999999994,0.08515057113187954,0.24,1.0,0.10526315789473684,1.0,0.625,0.375,0.4,0.0,1.0,0.0,0.0,0.0,0.0,0.0,0.0,0.0,0.0,1.0,0.0,0.0,0.0,0.0,0.0,0.0,0.0,0.0
1.0,1.0,1.0,0.2258064516129032,0.49999999999999994,0.9999999999999999,1.0,0.6000000000000001,1.0,0.0,0.625,0.375,0.4,0.0,1.0,0.0,0.0,0.0,0.0,0.0,0.0,0.0,0.0,0.0,1.0,0.0,0.0,0.0,0.0,0.0,0.0,0.0
1.0,1.0,0.6808510638297872,0.5806451612903226,0.5578231292517006,0.7268951194184838,0.88,0.6000000000000001,0.9122807017543859,0.2307692307692406,0.625,0.708333333333333,0.0,0.0,0.0,0.0,0.0,0.0,0.0,0.0,0.0,0.0,0.0,0.0,1.0,0.0,0.0,0.0,0.0,0.0,0.0,0.0
0.6666666666666666,0.1702127659574468,0.1276595744680851,0.5376344086021505,0.3673469387755102,0.2139148494288681,0.4,0.6000000000000001,0.3508771929824561,0.3333333333333428,0.0,0.625,0.0,0.0,0.0,0.0,0.0,0.0,0.0,0.0,1.0,0.0,0.0,1.0,0.0,0.0,0.0,0.0,0.0,0.0,0.0,0.0
0.08635578583765112,0.0851063829787234,0.1276595744680851,0.2129032258064516,0.28401360544217685,0.056074766355140186,0.16,1.0,0.10526315789473684,0.487179487179489,0.625,0.625,1.0,0.0,1.0,0.0,0.0,0.0,0.0,0.0,0.0,0.0,0.0,1.0,0.0,0.0,0.0,0.0,0.0,0.0,0.0,0.0
0.04490500863557858,0.0,0.0,0.9999999999999999,0.802721088435374,0.03115264797507788,0.0,0.0,0.0,0.8974358974358978,0.375,0.45833333333333304,1.0,0.0,1.0,0.0,0.0,0.0,0.0,0.0,0.0,0.0,0.0,0.0,0.0,0.0,0.0,0.0,1.0,0.0,0.0,0.0
0.2625215889464594,0.1276595744680851,0.1276595744680851,0.3225806451612903,0.2312925170068027,0.1889927310488058,0.4,0.6000000000000001,0.2807017543859649,0.2307692307692406,0.625,0.375,1.0,0.0,0.0,0.0,0.0,0.0,0.0,0.0,1.0,0.0,0.0,0.0,1.0,0.0,0.0,0.0,0.0,0.0,0.0,0.0
0.11053540587219343,0.3404255319148936,0.1276595744680851,0.3225806451612903,0.24489795918367346,0.2222222222222222,0.24,0.6000000000000001,0.42105263157894735,0.6410256410256494,0.625,0.375,0.0,0.0,1.0,0.0,0.0,0.0,0.0,0.0,0.0,0.0,0.0,0.0,0.0,0.0,0.0,0.0,1.0,0.0,0.0,0.0
0.031088082901554404,0.0851063829787234,0.0,0.5161290322580645,0.3673469387755102,0.008307372793354102,0.0,0.0,0.0,0.948717948717956,0.125,0.375,0.0,0.0,1.0,0.0,0.0,0.0,0.0,0.0,0.0,0.0,0.0,0.0,1.0,0.0,0.0,0.0,0.0,0.0,0.0,0.0
0.1381692573402418,0.0851063829787234,0.0,0.3225806451612903,0.3469387755102041,0.18483904465212875,0.0,0.0,0.0,0.8974358974358978,0.625,0.375,1.0,0.0,0.0,0.0,0.0,0.0,0.0,0.0,0.0,1.0,0.0,1.0,0.0,0.0,0.0,0.0,0.0,0.0,0.0,0.0
0.19689119170984454,0.1276595744680851,0.0425531914893617,0.3548387096774193,0.3401360544217687,0.2699896157840083,0.08,1.0,0.10526315789473684,0.7948717948717956,0.375,0.375,0.0,0.0,1.0,0.0,0.0,0.0,0.0,0.0,0.0,0.0,0.0,0.0,0.0,0.0,0.0,0.0,0.0,1.0,0.0,0.0
0.17616580310880828,0.1702127659574468,0.2978723404255319,0.06451612903225808,0.141156462585034,0.5794392523364486,0.24,1.0,0.24561403508771928,0.0769230769230802,0.625,0.375,0.8000000000000002,0.0,1.0,0.0,0.0,0.0,0.0,0.0,0.0,0.0,0.0,0.0,0.0,0.0,0.0,0.0,0.0,0.0,1.0,0.0
0.010362694300518133,0.0425531914893617,0.0,0.14623655913978495,0.12244897959183673,0.9999999999999999,0.0,0.0,0.0,0.948717948717956,0.625,0.375,0.4,0.0,1.0,0.0,0.0,0.0,0.0,0.0,0.0,0.0,0.0,0.0,0.0,0.0,0.0,0.0,0.0,0.0,1.0,0.0
0.0690846286701209,0.0851063829787234,0.0425531914893617,0.9129032258064517,0.5748299319727891,0.0976116303219107,0.08,0.6000000000000001,0.07017543859649122,0.8974358974358978,0.375,0.375,0.8000000000000002,0.0,0.0,0.0,1.0,0.0,0.0,0.0,0.0,0.0,0.0,0.0,1.0,0.0,0.0,0.0,0.0,0.0,0.0,0.0
0.9671848013816925,0.7659574468085106,0.6808510638297872,0.3225806451612903,0.2857142857142857,0.4672897196261682,0.56,0.6000000000000001,0.7017543859649122,0.5384615384615472,0.625,0.625,0.0,0.0,0.0,0.0,0.0,0.0,0.0,0.0,1.0,0.0,0.0,0.0,0.0,0.0,0.0,0.0,0.0,1.0,0.0,0.0
0.2936096718480138,0.1276595744680851,0.1276595744680851,0.9999999999999999,1.0,0.2824506749740395,0.08,1.0,0.10526315789473684,0.7948717948717956,0.375,0.375,0.0,0.0,1.0,0.0,0.0,0.0,0.0,0.0,0.0,0.0,0.0,0.0,1.0,0.0,0.0,0.0,0.0,0.0,0.0,0.0
0.3799654576856649,0.3829787234042553,1.0,0.47096774193548385,0.5034013605442176,0.6188992731048806,0.64,0.6000000000000001,1.0,0.487179487179489,0.625,0.625,1.0,0.0,0.0,0.0,0.0,0.0,1.0,0.0,0.0,0.0,0.0,0.0,1.0,0.0,0.0,0.0,0.0,0.0,0.0,0.0
0.3005181347150259,0.1276595744680851,0.1276595744680851,0.8602150537634409,0.5714285714285714,0.10799584631360333,0.0,1.0,0.17543859649122806,0.7435897435897516,0.625,0.625,0.0,0.0,0.0,0.0,0.0,0.0,0.0,0.0,1.0,0.0,0.0,0.0,0.0,0.0,0.0,0.0,0.0,0.0,0.0,0.0
0.037996545768566495,0.0,0.0,0.6236559139784946,0.5442176870748299,0.010384215991692626,0.0,1.0,0.03508771929824561,0.8974358974358978,0.625,0.625,0.0,1.0,0.0,0.0,0.0,0.0,0.0,0.0,0.0,0.0,0.0,1.0,0.0,0.0,0.0,0.0,0.0,0.0,0.0,0.0
0.0690846286701209,0.0851063829787234,0.0425531914893617,0.1935483870967742,0.16666666666666666,0.16407061266874348,0.0,1.0,0.03508771929824561,0.8974358974358978,0.375,0.375,0.0,0.0,1.0,0.0,0.0,0.0,0.0,0.0,0.0,0.0,0.0,0.0,0.0,1.0,0.0,0.0,0.0,0.0,0.0,0.0
0.17962003454231432,0.0425531914893617,0.0425531914893617,0.5376344086021505,0.46258503401360546,0.08099688473520249,0.0,0.6000000000000001,0.07017543859649122,0.1282051282051242,0.625,0.625,0.0,0.0,0.0,0.0,0.0,0.0,0.0,0.0,1.0,0.0,0.0,0.0,1.0,0.0,0.0,0.0,0.0,0.0,0.0,0.0
0.21761658031088082,0.1276595744680851,0.1702127659574468,0.4946236559139785,0.272108843537415,0.19522326064382137,0.08,0.6000000000000001,0.03508771929824561,0.5897435897435912,1.0,0.7916666666666665,0.0,0.0,1.0,0.0,0.0,0.0,0.0,0.0,0.0,0.0,0.0,1.0,0.0,0.0,0.0,0.0,0.0,0.0,0.0,0.0
0.17962003454231432,0.1276595744680851,0.1276595744680851,0.25806451612903225,0.10204081632653061,0.14953271028037382,0.8,1.0,0.45614035087719296,0.8974358974358978,0.625,0.625,0.4,0.0,0.0,0.0,0.0,0.0,0.0,0.0,0.0,1.0,0.0,0.0,0.0,0.0,0.0,0.0,0.0,1.0,0.0,0.0
0.15198618307426598,0.3829787234042553,0.2978723404255319,0.5053763440860215,0.5306122448979591,0.17030114226375906,0.56,0.6000000000000001,0.3508771929824561,0.1794871794871824,0.625,0.708333333333333,0.0,0.0,0.0,0.0,0.0,0.0,0.0,0.0,0.0,0.0,0.0,0.0,1.0,0.0,0.0,0.0,0.0,0.0,0.0,0.0
0.9879101899827288,0.6382978723404256,0.0425531914893617,0.589247311827957,0.489795918367347,0.3904465212876428,0.16,0.6000000000000001,0.3157894736842105,0.3846153846153868,0.375,0.375,0.0,0.0,1.0,0.0,0.0,0.0,0.0,0.0,0.0,0.0,0.0,0.0,0.0,0.0,0.0,0.0,1.0,0.0,0.0,0.0
0.03454231433506045,0.0,0.0,0.3225806451612903,0.489795918367347,0.029075804776739357,0.08,0.0,0.03508771929824561,0.3846153846153868,0.625,0.625,0.4,0.0,0.0,0.0,0.0,0.0,0.0,0.0,1.0,0.0,0.0,0.0,0.0,0.0,1.0,0.0,0.0,0.0,0.0,0.0
0.004252158894645941,1.0,1.0,0.4516129032258064,0.3673469387755102,0.7933541017653166,0.32,1.0,0.17543859649122806,0.7435897435897516,0.625,0.625,0.8000000000000002,1.0,0.0,0.0,0.0,0.0,0.0,0.0,0.0,0.0,0.0,0.0,0.0,0.0,1.0,0.0,0.0,0.0,0.0,0.0
0.017271157167530225,0.0,0.0,0.6666666666666666,0.6258503401360543,0.006230529595015576,0.0,0.0,0.0,0.8974358974358978,0.625,0.625,0.0,1.0,0.0,0.0,0.0,0.0,0.0,0.0,0.0,0.0,0.0,0.0,0.0,0.0,1.0,0.0,0.0,0.0,0.0,0.0
0.21070811744386872,0.1276595744680851,0.3404255319148936,0.4301075268817204,0.4761904761904762,0.13707165109034267,0.08,1.0,0.14035087719298245,0.1794871794871824,0.625,0.708333333333333,0.0,0.0,0.0,0.0,0.0,0.0,0.0,0.0,0.0,0.0,0.0,0.0,1.0,0.0,0.0,0.0,0.0,0.0,0.0,0.0
0.08635578583765112,0.0425531914893617,0.0425531914893617,0.6236559139784946,0.40816326530612246,0.05399792315680166,0.0,1.0,0.03508771929824561,0.0769230769230802,1.0,1.0,0.0,0.0,0.0,0.0,0.0,0.0,0.0,0.0,0.0,0.0,0.0,1.0,0.0,0.0,0.0,0.0,0.0,0.0,0.0,0.0
0.2245250431778929,0.1702127659574468,0.2553191489361702,0.18172043010752686,0.0816326530612245,0.32191069574247144,0.32,1.0,0.24561403508771928,0.7948717948717956,0.375,0.375,0.0,0.0,0.0,0.0,1.0,0.0,0.0,0.0,0.0,0.0,0.0,0.0,1.0,0.0,0.0,0.0,0.0,0.0,0.0,0.0
0.18307426597582038,0.1702127659574468,0.0425531914893617,0.4731182795698925,0.40476190476190477,0.122533748701973,0.08,1.0,0.03508771929824561,0.7948717948717956,0.375,0.45833333333333304,0.0,0.0,0.0,0.0,0.0,0.0,0.0,0.0,0.0,1.0,0.0,0.0,0.0,0.0,0.0,1.0,0.0,0.0,0.0,0.0
0.20379965457685664,0.1702127659574468,0.0,0.6666666666666666,0.4863945578231293,0.1059190031152648,0.0,0.6000000000000001,0.10526315789473684,0.0769230769230802,0.875,0.708333333333333,0.0,0.0,1.0,0.0,0.0,0.0,0.0,0.0,0.0,0.0,0.0,0.0,1.0,0.0,0.0,0.0,0.0,0.0,0.0,0.0
0.5215889464594128,0.2978723404255319,0.9361702127659575,0.42795698924731185,0.42176870748299317,0.37175493250259606,0.16,0.6000000000000001,0.8070175438596491,0.435897435897445,0.625,0.625,0.8000000000000002,0.0,0.0,0.0,0.0,0.0,1.0,0.0,0.0,0.0,0.0,0.0,1.0,0.0,0.0,0.0,0.0,0.0,0.0,0.0
0.11398963730569947,0.2127659574468085,0.1702127659574468,0.5849462365591398,0.2789115646258503,0.3862928348909657,0.08,1.0,0.07017543859649122,1.0,0.625,0.625,0.0,0.0,1.0,0.0,0.0,0.0,0.0,0.0,0.0,0.0,0.0,0.0,0.0,0.0,0.0,0.0,0.0,0.0,0.0,1.0
0.6010362694300518,0.46808510638297873,0.1276595744680851,0.3440860215053763,0.5170068027210883,0.31152647975077885,0.16,1.0,0.14035087719298245,0.7435897435897516,0.625,0.625,0.0,0.0,1.0,0.0,0.0,0.0,0.0,0.0,0.0,0.0,0.0,0.0,0.0,0.0,0.0,0.0,0.0,0.0,0.0,1.0
0.010362694300518133,0.0,0.0,0.4731182795698925,0.43197278911564624,0.010384215991692626,0.0,0.0,0.0,0.8461538461538538,0.625,0.625,1.0,0.0,0.0,0.0,0.0,0.0,0.0,1.0,0.0,0.0,0.0,0.0,1.0,0.0,0.0,0.0,0.0,0.0,0.0,0.0
0.22797927461139894,0.2978723404255319,0.0851063829787234,0.4086021505376344,0.19387755102040816,0.19106957424714432,0.0,1.0,0.10526315789473684,0.7435897435897516,0.375,0.45833333333333304,1.0,0.0,0.0,0.0,0.0,0.0,0.0,1.0,0.0,0.0,0.0,0.0,1.0,0.0,0.0,0.0,0.0,0.0,0.0,0.0
0.8324697754749568,0.5957446808510638,0.5106382978723404,0.2150537634408602,0.09863945578231292,0.8182762201453789,0.16,1.0,0.10526315789473684,0.8974358974358978,0.0,0.0,0.0,0.0,0.0,0.0,0.0,0.0,0.0,0.0,0.0,1.0,0.0,0.0,0.0,0.0,1.0,0.0,0.0,0.0,0.0,0.0
0.43523316062176165,0.46808510638297873,0.3829787234042553,0.9999999999999999,1.0,0.2741433021806854,0.32,1.0,0.45614035087719296,0.5384615384615472,0.625,0.375,0.0,0.0,1.0,0.0,0.0,0.0,0.0,0.0,0.0,0.0,0.0,0.0,0.0,1.0,0.0,0.0,0.0,0.0,0.0,0.0
0.1692573402417962,0.2127659574468085,0.0851063829787234,0.23655913978494625,0.22448979591836737,0.3426791277258567,0.08,1.0,0.14035087719298245,0.7948717948717956,0.375,0.45833333333333304,0.0,0.0,1.0,0.0,0.0,0.0,0.0,0.0,0.0,0.0,0.0,0.0,1.0,0.0,0.0,0.0,0.0,0.0,0.0,0.0
0.32124352331606215,0.2553191489361702,0.0425531914893617,0.6451612903225806,0.4761904761904762,0.18691588785046728,0.08,0.6000000000000001,0.17543859649122806,0.6410256410256494,0.625,0.625,0.0,0.0,0.0,0.0,0.0,0.0,0.0,0.0,1.0,0.0,0.0,1.0,0.0,0.0,0.0,0.0,0.0,0.0,0.0,0.0
0.33506044905008636,0.1276595744680851,0.0425531914893617,0.6666666666666666,0.49829931972789115,0.13291796469366562,0.08,0.6000000000000001,0.21052631578947367,0.025641025641021997,0.625,0.375,0.0,0.0,1.0,0.0,0.0,0.0,0.0,0.0,0.0,0.0,0.0,1.0,0.0,0.0,0.0,0.0,0.0,0.0,0.0,0.0
0.15544041450777202,0.5531914893617021,0.3829787234042553,0.7311827956989247,0.8163265306122448,0.2928348909657321,0.32,1.0,0.49122807017543857,0.7948717948717956,0.625,0.375,0.0,0.0,1.0,0.0,0.0,0.0,0.0,0.0,0.0,0.0,0.0,0.0,0.0,0.0,0.0,0.0,0.0,0.0,0.0,1.0
0.5906735751295337,1.0,0.8936170212765957,0.6989247311827956,0.7891156462585033,0.6895119418483904,0.88,1.0,0.9122807017543859,0.1794871794871824,0.625,0.708333333333333,0.0,0.0,0.0,0.0,0.0,0.0,0.0,0.0,0.0,0.0,0.0,0.0,1.0,0.0,0.0,0.0,0.0,0.0,0.0,0.0
0.8601036269430051,0.3829787234042553,0.46808510638297873,0.6451612903225806,0.489795918367347,0.4319833852544133,0.32,1.0,0.5964912280701754,0.6410256410256494,0.625,0.625,0.0,0.0,0.0,0.0,0.0,0.0,0.0,0.0,1.0,0.0,0.0,1.0,0.0,0.0,0.0,0.0,0.0,0.0,0.0,0.0
0.024179620034542312,0.0,0.0,0.7956989247311828,0.7448979591836734,0.018691588785046728,0.0,0.0,0.0,0.948717948717956,0.625,0.375,0.0,0.0,0.0,0.0,0.0,0.0,0.0,0.0,0.0,1.0,0.0,0.0,0.0,0.0,0.0,1.0,0.0,0.0,0.0,0.0
0.48359240069084625,0.2978723404255319,0.2127659574468085,0.6451612903225806,0.7210884353741496,0.1557632398753894,0.08,1.0,0.10526315789473684,0.8461538461538538,0.625,0.625,0.0,0.0,0.0,0.0,0.0,0.0,0.0,0.0,1.0,0.0,0.0,0.0,0.0,0.0,0.0,0.0,0.0,1.0,0.0,0.0
0.11053540587219343,0.0851063829787234,0.0,0.7526881720430108,0.5850340136054422,0.08307372793354102,0.0,0.0,0.0,0.8974358974358978,0.625,0.375,0.0,0.0,1.0,0.0,0.0,0.0,0.0,0.0,0.0,0.0,0.0,1.0,0.0,0.0,0.0,0.0,0.0,0.0,0.0,0.0
0.9740932642487046,1.0,1.0,0.42795698924731185,0.4761904761904762,0.9999999999999999,1.0,0.6000000000000001,1.0,0.2820512820512846,0.625,0.625,0.0,0.0,0.0,0.0,0.0,0.0,1.0,0.0,0.0,0.0,0.0,0.0,1.0,0.0,0.0,0.0,0.0,0.0,0.0,0.0
0.8739205526770293,0.7659574468085106,1.0,0.535483870967742,0.5578231292517006,0.5109034267912772,1.0,1.0,1.0,0.435897435897445,0.625,0.625,1.0,0.0,0.0,0.0,0.0,0.0,1.0,0.0,0.0,0.0,0.0,0.0,1.0,0.0,0.0,0.0,0.0,0.0,0.0,0.0
1.0,0.7234042553191489,1.0,0.42795698924731185,0.489795918367347,0.49428868120456904,1.0,0.6000000000000001,1.0,0.435897435897445,0.625,0.625,1.0,0.0,0.0,0.0,0.0,0.0,1.0,0.0,0.0,0.0,0.0,1.0,0.0,0.0,0.0,0.0,0.0,0.0,0.0,0.0
0.010362694300518133,0.0,0.0,0.27956989247311825,0.217687074829932,0.14745586708203529,0.0,0.0,0.0,0.8461538461538538,0.625,0.375,0.0,1.0,0.0,0.0,0.0,0.0,0.0,0.0,0.0,0.0,0.0,0.0,1.0,0.0,0.0,0.0,0.0,0.0,0.0,0.0
0.031088082901554404,0.0,0.0425531914893617,0.210752688172043,0.3333333333333333,0.16407061266874348,0.08,1.0,0.07017543859649122,0.8974358974358978,0.125,0.375,1.0,0.0,0.0,1.0,0.0,0.0,0.0,0.0,0.0,0.0,0.0,0.0,1.0,0.0,0.0,0.0,0.0,0.0,0.0,0.0
0.2141623488773748,0.1276595744680851,0.0425531914893617,0.8602150537634409,0.5714285714285714,0.060228452751817235,0.08,1.0,0.10526315789473684,0.8974358974358978,0.625,0.625,0.0,0.0,0.0,0.0,0.0,0.0,0.0,0.0,1.0,0.0,0.0,0.0,0.0,0.0,0.0,0.0,0.0,1.0,0.0,0.0
0.04145077720207253,0.0425531914893617,0.0851063829787234,0.2838709677419355,0.2857142857142857,0.17653167185877464,0.0,0.0,0.0,0.7948717948717956,0.375,0.45833333333333304,0.4,0.0,1.0,0.0,0.0,0.0,0.0,0.0,0.0,0.0,0.0,0.0,1.0,0.0,0.0,0.0,0.0,0.0,0.0,0.0
0.03454231433506045,0.1276595744680851,0.0851063829787234,0.4516129032258064,0.43537414965986393,0.9241952232606437,0.0,0.0,0.0,0.948717948717956,0.625,0.625,0.0,0.0,1.0,0.0,0.0,0.0,0.0,0.0,0.0,0.0,0.0,0.0,1.0,0.0,0.0,0.0,0.0,0.0,0.0,0.0
1.0,1.0,1.0,0.47096774193548385,0.4761904761904762,0.9999999999999999,1.0,0.6000000000000001,1.0,0.3333333333333428,0.625,0.625,0.4,0.0,0.0,0.0,0.0,0.0,1.0,0.0,0.0,0.0,0.0,0.0,1.0,0.0,0.0,0.0,0.0,0.0,0.0,0.0
0.055267702936096716,0.1276595744680851,0.0425531914893617,0.9247311827956989,0.6802721088435374,0.07268951194184839,0.0,1.0,0.03508771929824561,0.2820512820512846,1.0,1.0,0.0,0.0,0.0,0.0,0.0,0.0,0.0,0.0,0.0,0.0,0.0,0.0,1.0,0.0,0.0,0.0,0.0,0.0,0.0,0.0
0.04145077720207253,0.0425531914893617,0.0425531914893617,0.25806451612903225,0.12244897959183673,0.037383177570093455,0.0,0.0,0.0,0.8974358974358978,0.625,0.375,0.8000000000000002,0.0,0.0,0.0,0.0,0.0,0.0,1.0,0.0,0.0,0.0,0.0,0.0,0.0,0.0,1.0,0.0,0.0,0.0,0.0
0.04490500863557858,0.0,0.0425531914893617,0.24086021505376343,0.12074829931972789,0.3821391484942887,0.0,1.0,0.03508771929824561,0.948717948717956,0.125,0.375,0.0,0.0,0.0,1.0,0.0,0.0,0.0,0.0,0.0,0.0,0.0,0.0,1.0,0.0,0.0,0.0,0.0,0.0,0.0,0.0
0.5837651122625216,0.3404255319148936,0.46808510638297873,0.535483870967742,0.7210884353741496,0.20768431983385252,0.32,0.6000000000000001,0.5964912280701754,0.435897435897445,0.625,0.625,0.8000000000000002,0.0,0.0,0.0,0.0,0.0,1.0,0.0,0.0,0.0,0.0,0.0,1.0,0.0,0.0,0.0,0.0,0.0,0.0,0.0
0.031088082901554404,0.2127659574468085,0.0425531914893617,0.210752688172043,0.10714285714285715,0.5295950155763239,0.0,0.6000000000000001,0.10526315789473684,0.948717948717956,0.125,0.375,0.0,0.0,0.0,1.0,0.0,0.0,0.0,0.0,0.0,0.0,0.0,0.0,1.0,0.0,0.0,0.0,0.0,0.0,0.0,0.0
0.011506044905008636,1.0,1.0,0.16129032258064513,0.7346938775510203,0.9999999999999999,1.0,1.0,1.0,0.7435897435897516,0.875,0.958333333333333,0.4,0.0,1.0,0.0,0.0,0.0,0.0,0.0,0.0,0.0,0.0,0.0,0.0,0.0,0.0,0.0,0.0,1.0,0.0,0.0
0.017271157167530225,0.0,0.0,0.3655913978494624,0.37414965986394555,0.004153686396677051,0.0,0.0,0.0,0.8974358974358978,0.625,0.375,1.0,0.0,0.0,0.0,0.0,0.0,0.0,1.0,0.0,0.0,0.0,0.0,1.0,0.0,0.0,0.0,0.0,0.0,0.0,0.0
0.0690846286701209,0.1276595744680851,0.0,0.4623655913978495,0.3401360544217687,0.04361370716510903,0.08,1.0,0.07017543859649122,0.6410256410256494,0.625,0.625,0.0,0.0,1.0,0.0,0.0,0.0,0.0,0.0,0.0,0.0,0.0,0.0,0.0,0.0,0.0,0.0,1.0,0.0,0.0,0.0
0.11053540587219343,0.0425531914893617,0.0851063829787234,0.6021505376344086,0.7210884353741496,0.06230529595015576,0.0,0.6000000000000001,0.07017543859649122,0.7435897435897516,1.0,0.958333333333333,0.0,0.0,1.0,0.0,0.0,0.0,0.0,0.0,0.0,0.0,0.0,0.0,0.0,0.0,0.0,1.0,0.0,0.0,0.0,0.0
0.5768566493955095,0.2127659574468085,0.1702127659574468,0.4838709677419355,0.29931972789115646,0.25545171339563866,0.16,0.6000000000000001,0.42105263157894735,0.0,0.625,0.625,0.0,0.0,0.0,0.0,0.0,0.0,0.0,0.0,1.0,0.0,0.0,0.0,0.0,1.0,0.0,0.0,0.0,0.0,0.0,0.0
0.05872193436960276,0.0,0.0,0.15053763440860213,0.07142857142857142,0.039460020768431976,0.0,0.0,0.0,0.7948717948717956,0.0,0.2916666666666665,0.0,0.0,0.0,0.0,0.0,0.0,0.0,1.0,0.0,0.0,0.0,0.0,0.0,1.0,0.0,0.0,0.0,0.0,0.0,0.0
0.13471502590673576,0.0425531914893617,0.0,0.4086021505376344,0.3945578231292517,0.10176531671858775,0.0,1.0,0.03508771929824561,0.7435897435897516,0.375,0.45833333333333304,1.0,0.0,0.0,0.0,0.0,0.0,0.0,1.0,0.0,0.0,0.0,0.0,0.0,0.0,0.0,0.0,0.0,0.0,0.0,1.0
0.18307426597582038,0.3404255319148936,0.2553191489361702,0.21935483870967742,0.19047619047619047,0.2990654205607477,0.32,1.0,0.17543859649122806,0.8461538461538538,0.125,0.375,0.0,0.0,0.0,1.0,0.0,0.0,0.0,0.0,0.0,0.0,0.0,0.0,1.0,0.0,0.0,0.0,0.0,0.0,0.0,0.0
0.14162348877374784,0.0425531914893617,0.1276595744680851,0.07526881720430108,0.0,0.2512980269989616,0.0,0.6000000000000001,0.17543859649122806,0.6923076923076934,1.0,0.7916666666666665,0.8000000000000002,0.0,1.0,0.0,0.0,0.0,0.0,0.0,0.0,0.0,0.0,0.0,0.0,0.0,0.0,0.0,0.0,0.0,1.0,0.0
0.07599309153713299,0.1276595744680851,0.3404255319148936,0.10752688172043011,0.19047619047619047,0.15784008307372793,0.32,1.0,0.2807017543859649,0.5384615384615472,0.625,0.625,0.0,0.0,1.0,0.0,0.0,0.0,0.0,0.0,0.0,0.0,0.0,0.0,0.0,0.0,0.0,0.0,1.0,0.0,0.0,0.0
1.0,1.0,1.0,0.5376344086021505,1.0,0.9999999999999999,0.48,0.6000000000000001,0.5614035087719298,0.0,0.625,0.375,0.8000000000000002,0.0,1.0,0.0,0.0,0.0,0.0,0.0,0.0,0.0,0.0,0.0,1.0,0.0,0.0,0.0,0.0,0.0,0.0,0.0
1.0,1.0,1.0,0.42795698924731185,0.29931972789115646,0.9999999999999999,1.0,0.6000000000000001,1.0,0.435897435897445,0.625,0.625,0.0,0.0,0.0,0.0,0.0,0.0,1.0,0.0,0.0,0.0,0.0,0.0,1.0,0.0,0.0,0.0,0.0,0.0,0.0,0.0
0.0069084628670120895,0.0,0.0425531914893617,0.27956989247311825,0.2585034013605442,0.02284527518172378,0.0,0.0,0.0,0.8974358974358978,0.625,0.375,0.0,0.0,0.0,0.0,0.0,0.0,0.0,0.0,0.0,0.0,1.0,0.0,1.0,0.0,0.0,0.0,0.0,0.0,0.0,0.0
0.2452504317789292,0.1276595744680851,0.2553191489361702,0.4516129032258064,0.3945578231292517,0.32191069574247144,0.16,0.6000000000000001,0.17543859649122806,0.7948717948717956,0.375,0.45833333333333304,0.0,0.0,1.0,0.0,0.0,0.0,0.0,0.0,0.0,0.0,0.0,0.0,1.0,0.0,0.0,0.0,0.0,0.0,0.0,0.0
0.6079447322970639,0.8085106382978723,1.0,0.37419354838709673,0.46258503401360546,0.45898234683281414,0.48,1.0,0.6666666666666666,0.5897435897435912,0.625,0.625,0.8000000000000002,0.0,0.0,0.0,0.0,0.0,0.0,0.0,0.0,0.0,1.0,0.0,0.0,0.0,0.0,0.0,0.0,1.0,0.0,0.0
1.0,0.8085106382978723,0.7234042553191489,0.5161290322580645,0.42176870748299317,0.6396677050882658,0.08,1.0,0.03508771929824561,0.8461538461538538,0.625,0.625,0.8000000000000002,1.0,0.0,0.0,0.0,0.0,0.0,0.0,0.0,0.0,0.0,0.0,0.0,0.0,1.0,0.0,0.0,0.0,0.0,0.0
0.15544041450777202,0.2553191489361702,0.0,0.7204301075268817,0.6122448979591836,0.11007268951194185,0.08,1.0,0.14035087719298245,0.6923076923076934,0.7249999999999996,0.708333333333333,0.0,0.0,1.0,0.0,0.0,0.0,0.0,0.0,0.0,0.0,0.0,0.0,1.0,0.0,0.0,0.0,0.0,0.0,0.0,0.0
0.25906735751295334,0.425531914893617,0.2127659574468085,0.26236559139784943,0.4200680272108843,0.4485981308411215,0.24,1.0,0.24561403508771928,0.7948717948717956,0.375,0.375,1.0,0.0,1.0,0.0,0.0,0.0,0.0,0.0,0.0,0.0,0.0,0.0,0.0,0.0,0.0,1.0,0.0,0.0,0.0,0.0
0.2659758203799654,0.2127659574468085,0.0425531914893617,0.9999999999999999,0.70578231292517,0.11214953271028037,0.16,1.0,0.07017543859649122,0.948717948717956,0.625,0.375,0.0,0.0,0.0,0.0,0.0,0.0,0.0,1.0,0.0,0.0,0.0,0.0,0.0,0.0,0.0,0.0,0.0,0.0,0.0,0.0
0.024179620034542312,0.0425531914893617,0.0425531914893617,0.4516129032258064,0.4489795918367347,0.24922118380062305,0.0,0.0,0.0,0.8974358974358978,0.625,0.625,0.0,0.0,1.0,0.0,0.0,0.0,0.0,0.0,0.0,0.0,0.0,0.0,1.0,0.0,0.0,0.0,0.0,0.0,0.0,0.0
0.24870466321243523,0.0425531914893617,0.1702127659574468,0.5376344086021505,0.4795918367346939,0.205607476635514,0.24,1.0,0.10526315789473684,0.7948717948717956,0.625,0.625,0.4,0.0,0.0,0.0,0.0,0.0,0.0,0.0,0.0,1.0,0.0,1.0,0.0,0.0,0.0,0.0,0.0,0.0,0.0,0.0
0.0690846286701209,0.0425531914893617,0.0,0.5129032258064516,0.5068027210884353,0.19522326064382137,0.24,1.0,0.10526315789473684,0.948717948717956,0.625,0.625,0.4,0.0,1.0,0.0,0.0,0.0,0.0,0.0,0.0,0.0,0.0,1.0,0.0,0.0,0.0,0.0,0.0,0.0,0.0,0.0
0.05181347150259067,0.0425531914893617,0.0851063829787234,0.3225806451612903,0.32653061224489793,0.041536863966770504,0.08,0.6000000000000001,0.14035087719298245,0.7948717948717956,0.625,0.625,0.0,1.0,0.0,0.0,0.0,0.0,0.0,0.0,0.0,0.0,0.0,0.0,1.0,0.0,0.0,0.0,0.0,0.0,0.0,0.0
0.17271157167530224,0.2127659574468085,0.6808510638297872,0.3655913978494624,0.3945578231292517,0.2741433021806854,0.88,0.20000000000000018,0.631578947368421,0.1794871794871824,0.625,0.708333333333333,0.0,0.0,0.0,0.0,0.0,0.0,0.0,0.0,0.0,0.0,0.0,0.0,1.0,0.0,0.0,0.0,0.0,0.0,0.0,0.0
0.15889464594127806,0.1276595744680851,0.0,0.9892473118279569,0.0816326530612245,0.018691588785046728,0.0,0.0,0.0,0.3333333333333428,1.0,0.625,0.0,0.0,1.0,0.0,0.0,0.0,0.0,0.0,0.0,0.0,0.0,1.0,0.0,0.0,0.0,0.0,0.0,0.0,0.0,0.0
0.07944732297063903,0.0425531914893617,0.0,0.3655913978494624,0.141156462585034,0.06853582554517135,0.0,1.0,0.07017543859649122,0.8974358974358978,0.625,0.375,0.0,0.0,0.0,0.0,0.0,0.0,0.0,1.0,0.0,0.0,0.0,0.0,0.0,0.0,0.0,0.0,0.0,0.0,1.0,0.0
0.1312607944732297,0.1702127659574468,0.0,0.9999999999999999,0.8384353741496597,0.08307372793354102,0.0,0.0,0.0,0.8974358974358978,0.625,0.625,0.0,0.0,0.0,0.0,0.0,0.0,0.0,0.0,0.0,1.0,0.0,1.0,0.0,0.0,0.0,0.0,0.0,0.0,0.0,0.0
0.04490500863557858,0.0425531914893617,0.0851063829787234,0.7978494623655914,0.6020408163265305,0.24091381100726894,0.0,0.0,0.03508771929824561,0.7948717948717956,0.625,0.375,0.0,0.0,1.0,0.0,0.0,0.0,0.0,0.0,0.0,0.0,0.0,0.0,1.0,0.0,0.0,0.0,0.0,0.0,0.0,0.0
0.3246977547495682,0.2978723404255319,0.0,0.4086021505376344,0.29591836734693877,0.3094496365524403,0.08,1.0,0.14035087719298245,0.8974358974358978,0.375,0.375,0.0,0.0,1.0,0.0,0.0,0.0,0.0,0.0,0.0,0.0,0.0,0.0,0.0,0.0,0.0,1.0,0.0,0.0,0.0,0.0
0.3143350604490501,0.3404255319148936,0.1702127659574468,0.6451612903225806,0.46258503401360546,0.1889927310488058,0.16,1.0,0.14035087719298245,0.8974358974358978,0.625,0.625,0.0,0.0,0.0,0.0,0.0,0.0,0.0,0.0,1.0,0.0,0.0,0.0,1.0,0.0,0.0,0.0,0.0,0.0,0.0,0.0
0.07944732297063903,0.1702127659574468,0.0851063829787234,0.24623655913978493,0.12585034013605442,0.07061266874350987,0.0,1.0,0.03508771929824561,0.8461538461538538,0.375,0.375,0.0,0.0,0.0,0.0,1.0,0.0,0.0,0.0,0.0,0.0,0.0,0.0,1.0,0.0,0.0,0.0,0.0,0.0,0.0,0.0
0.09326424870466321,0.0425531914893617,0.1276595744680851,0.43870967741935485,0.40816326530612246,0.12876427829698855,0.0,0.0,0.0,0.8974358974358978,0.625,0.375,0.0,0.0,0.0,0.0,0.0,0.0,0.0,0.0,0.0,0.0,1.0,0.0,1.0,0.0,0.0,0.0,0.0,0.0,0.0,0.0
0.017271157167530225,0.0851063829787234,0.0,0.3655913978494624,0.35374149659863946,0.07476635514018692,0.0,1.0,0.03508771929824561,0.8974358974358978,0.625,0.375,0.0,0.0,1.0,0.0,0.0,0.0,0.0,0.0,0.0,0.0,0.0,0.0,1.0,0.0,0.0,0.0,0.0,0.0,0.0,0.0
0.0,0.0,0.0,0.1935483870967742,0.04081632653061224,0.09968847352024922,0.0,0.0,0.0,0.8974358974358978,0.625,0.375,0.0,0.0,0.0,0.0,0.0,0.0,0.0,0.0,0.0,1.0,0.0,0.0,0.0,0.0,0.0,0.0,0.0,0.0,1.0,0.0
0.15198618307426598,0.1276595744680851,0.0425531914893617,0.9677419354838709,0.5918367346938774,0.07684319833852545,0.0,0.6000000000000001,0.07017543859649122,0.948717948717956,0.625,0.375,0.4,0.0,0.0,0.0,0.0,0.0,0.0,0.0,0.0,1.0,0.0,0.0,0.0,0.0,0.0,0.0,0.0,1.0,0.0,0.0
0.024179620034542312,0.0851063829787234,0.0,0.8580645161290322,0.3656462585034014,0.11630321910695743,0.0,0.0,0.0,0.8461538461538538,0.625,0.375,0.0,0.0,1.0,0.0,0.0,0.0,0.0,0.0,0.0,0.0,0.0,0.0,0.0,0.0,1.0,0.0,0.0,0.0,0.0,0.0
0.15544041450777202,0.425531914893617,0.1276595744680851,0.4505376344086022,0.2619047619047619,0.17860851505711317,0.08,1.0,0.21052631578947367,0.948717948717956,0.375,0.375,1.0,0.0,0.0,0.0,1.0,0.0,0.0,0.0,0.0,0.0,0.0,0.0,1.0,0.0,0.0,0.0,0.0,0.0,0.0,0.0
0.09326424870466321,0.0851063829787234,0.0425531914893617,0.27956989247311825,0.24489795918367346,0.0893042575285566,0.16,1.0,0.10526315789473684,0.8974358974358978,0.625,0.625,0.0,1.0,0.0,0.0,0.0,0.0,0.0,0.0,0.0,0.0,0.0,0.0,0.0,0.0,1.0,0.0,0.0,0.0,0.0,0.0
0.09671848013816925,0.0851063829787234,0.0425531914893617,0.4838709677419355,0.2312925170068027,0.04776739356178608,0.08,1.0,0.10526315789473684,0.948717948717956,0.625,0.625,1.0,0.0,1.0,0.0,0.0,0.0,0.0,0.0,0.0,0.0,0.0,0.0,0.0,0.0,0.0,0.0,0.0,1.0,0.0,0.0
0.031088082901554404,0.0,0.0851063829787234,0.210752688172043,0.06802721088435373,0.22014537902388367,0.0,0.6000000000000001,0.03508771929824561,0.8461538461538538,0.125,0.375,0.0,0.0,0.0,1.0,0.0,0.0,0.0,0.0,0.0,0.0,0.0,0.0,1.0,0.0,0.0,0.0,0.0,0.0,0.0,0.0
1.0,1.0,1.0,0.1935483870967742,0.20408163265306123,0.9999999999999999,1.0,0.6000000000000001,1.0,0.7435897435897516,0.625,0.625,0.0,0.0,0.0,0.0,0.0,1.0,0.0,0.0,0.0,0.0,0.0,0.0,1.0,0.0,0.0,0.0,0.0,0.0,0.0,0.0
0.037996545768566495,0.0,0.1276595744680851,0.27956989247311825,0.2108843537414966,0.14745586708203529,0.08,0.6000000000000001,0.07017543859649122,0.8461538461538538,0.625,0.375,0.0,0.0,1.0,0.0,0.0,0.0,0.0,0.0,0.0,0.0,0.0,0.0,1.0,0.0,0.0,0.0,0.0,0.0,0.0,0.0
0.06563039723661485,0.0425531914893617,0.1276595744680851,0.27956989247311825,0.2312925170068027,0.05399792315680166,0.16,1.0,0.10526315789473684,0.8461538461538538,0.625,0.375,0.4,1.0,0.0,0.0,0.0,0.0,0.0,0.0,0.0,0.0,0.0,0.0,1.0,0.0,0.0,0.0,0.0,0.0,0.0,0.0
1.0,1.0,0.8085106382978723,0.3225806451612903,0.217687074829932,0.9553478712357216,0.96,0.6000000000000001,0.9824561403508771,0.8461538461538538,0.375,0.375,0.0,0.0,0.0,0.0,0.0,0.0,0.0,0.0,1.0,0.0,0.0,0.0,0.0,1.0,0.0,0.0,0.0,0.0,0.0,0.0
0.048359240069084625,0.0,0.0425531914893617,0.3118279569892473,0.24489795918367346,0.7289719626168224,0.0,0.0,0.0,0.8974358974358978,0.625,0.375,0.0,0.0,1.0,0.0,0.0,0.0,0.0,0.0,0.0,0.0,0.0,0.0,1.0,0.0,0.0,0.0,0.0,0.0,0.0,0.0
0.027633851468048358,0.0,0.0425531914893617,0.2150537634408602,0.17687074829931973,0.13499480789200413,0.0,0.0,0.0,0.948717948717956,0.625,0.625,0.0,0.0,1.0,0.0,0.0,0.0,0.0,0.0,0.0,0.0,0.0,0.0,0.0,0.0,1.0,0.0,0.0,0.0,0.0,0.0
0.14162348877374784,0.0851063829787234,0.0,0.3440860215053763,0.30612244897959184,0.3343717549325026,0.0,1.0,0.07017543859649122,0.8461538461538538,0.375,0.375,0.8000000000000002,0.0,1.0,0.0,0.0,0.0,0.0,0.0,0.0,0.0,0.0,0.0,1.0,0.0,0.0,0.0,0.0,0.0,0.0,0.0
0.20379965457685664,0.0851063829787234,0.0425531914893617,0.4301075268817204,0.3945578231292517,0.2949117341640706,0.08,0.0,0.0,0.3333333333333428,0.625,0.625,0.0,0.0,0.0,0.0,0.0,0.0,0.0,0.0,1.0,0.0,0.0,0.0,0.0,0.0,1.0,0.0,0.0,0.0,0.0,0.0
0.0690846286701209,0.0425531914893617,0.0,0.4301075268817204,0.37755102040816324,0.49428868120456904,0.0,1.0,0.03508771929824561,0.948717948717956,0.0,0.2916666666666665,0.0,0.0,1.0,0.0,0.0,0.0,0.0,0.0,0.0,0.0,0.0,0.0,1.0,0.0,0.0,0.0,0.0,0.0,0.0,0.0
0.7875647668393781,0.46808510638297873,0.1276595744680851,0.6451612903225806,0.4489795918367347,0.24714434060228452,0.0,1.0,0.14035087719298245,0.7435897435897516,0.625,0.625,0.4,0.0,0.0,0.0,0.0,0.0,0.0,0.0,1.0,0.0,0.0,1.0,0.0,0.0,0.0,0.0,0.0,0.0,0.0,0.0
1.0,0.5957446808510638,0.5957446808510638,0.6451612903225806,0.3129251700680272,0.7248182762201453,0.8,1.0,0.8771929824561403,0.5384615384615472,0.625,0.625,1.0,0.0,0.0,0.0,0.0,0.0,0.0,0.0,1.0,0.0,0.0,0.0,0.0,0.0,0.0,0.0,0.0,0.0,0.0,1.0
0.01535405872193437,1.0,1.0,0.9999999999999999,1.0,0.9999999999999999,1.0,1.0,1.0,0.6410256410256494,0.625,0.625,0.0,0.0,1.0,0.0,0.0,0.0,0.0,0.0,0.0,0.0,0.0,0.0,0.0,0.0,0.0,0.0,0.0,1.0,0.0,0.0
0.05872193436960276,0.0851063829787234,0.0,0.4086021505376344,0.29081632653061223,0.06853582554517135,0.08,0.6000000000000001,0.03508771929824561,0.8974358974358978,0.625,0.625,0.4,0.0,0.0,0.0,0.0,0.0,0.0,0.0,0.0,1.0,0.0,1.0,0.0,0.0,0.0,0.0,0.0,0.0,0.0,0.0
0.6735751295336787,0.2978723404255319,1.0,0.47096774193548385,0.5306122448979591,0.5067497403946002,1.0,0.6000000000000001,1.0,0.435897435897445,0.625,0.625,1.0,0.0,0.0,0.0,0.0,0.0,1.0,0.0,0.0,0.0,0.0,0.0,1.0,0.0,0.0,0.0,0.0,0.0,0.0,0.0
0.024179620034542312,0.0851063829787234,0.0425531914893617,0.210752688172043,0.13095238095238096,0.3032191069574247,0.0,1.0,0.07017543859649122,0.948717948717956,0.125,0.375,0.0,0.0,0.0,1.0,0.0,0.0,0.0,0.0,0.0,0.0,0.0,0.0,1.0,0.0,0.0,0.0,0.0,0.0,0.0,0.0
0.22797927461139894,0.0851063829787234,0.0,0.14838709677419354,0.023809523809523815,0.20145379023883694,0.0,1.0,0.17543859649122806,0.487179487179489,0.375,0.375,0.4,0.0,1.0,0.0,0.0,0.0,0.0,0.0,0.0,0.0,0.0,1.0,0.0,0.0,0.0,0.0,0.0,0.0,0.0,0.0
0.2936096718480138,0.1702127659574468,0.1702127659574468,0.9677419354838709,0.9659863945578231,0.18483904465212875,0.16,0.6000000000000001,0.10526315789473684,0.5384615384615472,0.625,0.625,0.0,0.0,0.0,0.0,0.0,0.0,0.0,0.0,1.0,0.0,0.0,0.0,0.0,0.0,0.0,1.0,0.0,0.0,0.0,0.0
0.048359240069084625,0.0425531914893617,0.1702127659574468,0.5376344086021505,0.42176870748299317,0.041536863966770504,0.24,1.0,0.10526315789473684,0.487179487179489,0.625,0.375,0.0,0.0,1.0,0.0,0.0,0.0,0.0,0.0,0.0,0.0,0.0,0.0,1.0,0.0,0.0,0.0,0.0,0.0,0.0,0.0
0.07253886010362694,0.0425531914893617,0.0425531914893617,0.25806451612903225,0.06972789115646258,0.020768431983385256,0.0,0.0,0.0,0.7435897435897516,0.625,0.625,0.4,0.0,0.0,0.0,0.0,0.0,0.0,0.0,0.0,1.0,0.0,0.0,1.0,0.0,0.0,0.0,0.0,0.0,0.0,0.0
0.03454231433506045,0.1276595744680851,0.0851063829787234,0.5161290322580645,0.5170068027210883,0.12876427829698855,0.08,1.0,0.03508771929824561,0.8974358974358978,0.625,0.625,0.0,0.0,1.0,0.0,0.0,0.0,0.0,0.0,0.0,0.0,0.0,0.0,1.0,0.0,0.0,0.0,0.0,0.0,0.0,0.0
0.031088082901554404,0.0,0.0,0.5376344086021505,0.4421768707482993,0.02284527518172378,0.0,0.0,0.0,0.8974358974358978,0.625,0.375,1.0,0.0,0.0,0.0,0.0,0.0,0.0,1.0,0.0,0.0,0.0,0.0,1.0,0.0,0.0,0.0,0.0,0.0,0.0,0.0
0.1312607944732297,0.2978723404255319,0.2127659574468085,0.021505376344086016,0.14965986394557823,0.3343717549325026,0.24,0.6000000000000001,0.24561403508771928,0.6410256410256494,0.625,0.625,0.0,0.0,1.0,0.0,0.0,0.0,0.0,0.0,0.0,0.0,0.0,0.0,1.0,0.0,0.0,0.0,0.0,0.0,0.0,0.0
0.010362694300518133,0.0425531914893617,0.0,0.1913978494623656,0.17346938775510204,0.07268951194184839,0.0,0.0,0.0,0.8461538461538538,0.625,0.625,0.0,0.0,1.0,0.0,0.0,0.0,0.0,0.0,0.0,0.0,0.0,0.0,1.0,0.0,0.0,0.0,0.0,0.0,0.0,0.0
0.17962003454231432,0.3829787234042553,0.5957446808510638,0.42795698924731185,0.35374149659863946,0.1973001038421599,0.4,0.6000000000000001,0.49122807017543857,0.5384615384615472,0.625,0.625,1.0,0.0,0.0,0.0,0.0,0.0,1.0,0.0,0.0,0.0,0.0,0.0,1.0,0.0,0.0,0.0,0.0,0.0,0.0,0.0
0.020725388601036267,0.0,0.0,0.2150537634408602,0.2312925170068027,0.04569055036344755,0.0,0.0,0.0,0.8461538461538538,0.625,0.375,0.4,0.0,1.0,0.0,0.0,0.0,0.0,0.0,0.0,0.0,0.0,0.0,0.0,0.0,0.0,0.0,0.0,0.0,1.0,0.0
0.0069084628670120895,0.0425531914893617,0.0,0.3010752688172043,0.2585034013605442,0.0,0.0,0.0,0.0,0.8974358974358978,0.625,0.375,0.0,1.0,0.0,0.0,0.0,0.0,0.0,0.0,0.0,0.0,0.0,0.0,1.0,0.0,0.0,0.0,0.0,0.0,0.0,0.0
0.18652849740932642,0.0851063829787234,0.0425531914893617,0.4946236559139785,0.5306122448979591,0.10799584631360333,0.08,0.6000000000000001,0.10526315789473684,0.2307692307692406,0.625,0.708333333333333,0.0,0.0,0.0,0.0,0.0,0.0,0.0,0.0,0.0,0.0,0.0,0.0,0.0,0.0,0.0,0.0,0.0,1.0,0.0,0.0
0.1934369602763385,0.0851063829787234,0.0,0.3225806451612903,0.23809523809523808,0.09345794392523364,0.08,0.6000000000000001,0.10526315789473684,0.7948717948717956,0.375,0.45833333333333304,0.0,0.0,0.0,0.0,0.0,0.0,0.0,0.0,0.0,1.0,0.0,0.0,0.0,0.0,0.0,0.0,0.0,1.0,0.0,0.0
0.09326424870466321,0.0,0.0,0.3655913978494624,0.2585034013605442,0.0976116303219107,0.0,0.0,0.0,0.7435897435897516,0.375,0.45833333333333304,0.0,0.0,0.0,0.0,0.0,0.0,0.0,0.0,0.0,1.0,0.0,1.0,0.0,0.0,0.0,0.0,0.0,0.0,0.0,0.0
0.007996545768566494,1.0,1.0,0.3655913978494624,0.29931972789115646,0.9999999999999999,1.0,0.6000000000000001,1.0,0.8974358974358978,0.125,0.375,0.4,0.0,1.0,0.0,0.0,0.0,0.0,0.0,0.0,0.0,0.0,0.0,1.0,0.0,0.0,0.0,0.0,0.0,0.0,0.0
0.6873920552677029,0.0851063829787234,0.2978723404255319,0.2150537634408602,0.17687074829931973,0.3883696780893043,0.24,1.0,0.24561403508771928,0.7435897435897516,0.625,0.375,0.0,0.0,1.0,0.0,0.0,0.0,0.0,0.0,0.0,0.0,0.0,0.0,0.0,0.0,0.0,0.0,0.0,1.0,0.0,0.0
0.23488773747841105,0.1276595744680851,0.3829787234042553,0.07526881720430108,0.020408163265306124,0.37798546209761164,0.48,1.0,0.5263157894736842,0.6923076923076934,1.0,0.7916666666666665,0.0,0.0,1.0,0.0,0.0,0.0,0.0,0.0,0.0,0.0,0.0,0.0,0.0,0.0,0.0,0.0,0.0,0.0,1.0,0.0
0.06217616580310881,0.0425531914893617,0.0425531914893617,0.4731182795698925,0.6054421768707482,0.11214953271028037,0.0,0.20000000000000018,0.03508771929824561,0.7948717948717956,0.625,0.625,1.0,0.0,0.0,0.0,0.0,0.0,0.0,0.0,0.0,1.0,0.0,0.0,0.0,0.0,0.0,0.0,0.0,0.0,1.0,0.0
1.0,1.0,1.0,0.9999999999999999,1.0,0.9999999999999999,1.0,1.0,1.0,0.7435897435897516,0.625,0.625,0.8000000000000002,0.0,0.0,0.0,0.0,0.0,1.0,0.0,0.0,0.0,0.0,0.0,1.0,0.0,0.0,0.0,0.0,0.0,0.0,0.0
0.3005181347150259,0.3404255319148936,0.425531914893617,0.7096774193548387,0.7482993197278911,0.2533748701973001,0.4,1.0,0.3508771929824561,0.2820512820512846,0.625,0.708333333333333,0.0,0.0,0.0,0.0,0.0,0.0,0.0,0.0,0.0,0.0,0.0,0.0,1.0,0.0,0.0,0.0,0.0,0.0,0.0,0.0
0.14507772020725387,0.0425531914893617,0.0425531914893617,0.4086021505376344,0.26700680272108845,0.11214953271028037,0.0,1.0,0.07017543859649122,0.8461538461538538,0.625,0.625,0.0,0.0,0.0,0.0,0.0,0.0,0.0,0.0,0.0,1.0,0.0,1.0,0.0,0.0,0.0,0.0,0.0,0.0,0.0,0.0
0.0034542314335060447,0.0,0.0,0.17311827956989245,0.14965986394557823,0.037383177570093455,0.08,1.0,0.03508771929824561,0.948717948717956,0.625,0.625,0.0,0.0,1.0,0.0,0.0,0.0,0.0,0.0,0.0,0.0,0.0,0.0,1.0,0.0,0.0,0.0,0.0,0.0,0.0,0.0
0.5630397236614852,0.2553191489361702,1.0,0.535483870967742,0.5306122448979591,0.5877466251298027,0.64,0.6000000000000001,0.9824561403508771,0.3846153846153868,0.625,0.625,1.0,0.0,0.0,0.0,0.0,0.0,1.0,0.0,0.0,0.0,0.0,0.0,1.0,0.0,0.0,0.0,0.0,0.0,0.0,0.0
0.024179620034542312,0.0,0.1276595744680851,0.15053763440860213,0.32653061224489793,0.026998961578400833,0.16,0.6000000000000001,0.10526315789473684,0.7948717948717956,0.625,0.375,0.0,0.0,1.0,0.0,0.0,0.0,0.0,0.0,0.0,0.0,0.0,0.0,1.0,0.0,0.0,0.0,0.0,0.0,0.0,0.0
0.7599309153713298,0.46808510638297873,0.0851063829787234,0.9677419354838709,0.91156462585034,0.41952232606438217,0.48,1.0,0.49122807017543857,0.2307692307692406,0.625,0.625,0.0,0.0,0.0,0.0,0.0,0.0,0.0,0.0,1.0,0.0,0.0,1.0,0.0,0.0,0.0,0.0,0.0,0.0,0.0,0.0
0.5319516407599308,1.0,0.9787234042553191,0.535483870967742,0.3129251700680272,0.9999999999999999,1.0,0.6000000000000001,1.0,0.1282051282051242,1.0,0.958333333333333,0.0,0.0,0.0,0.0,0.0,0.0,1.0,0.0,0.0,0.0,0.0,1.0,0.0,0.0,0.0,0.0,0.0,0.0,0.0,0.0
0.3937823834196891,0.5106382978723404,0.3829787234042553,0.8602150537634409,0.7482993197278911,0.43613707165109034,0.48,1.0,0.631578947368421,0.2307692307692406,0.625,0.625,0.0,0.0,1.0,0.0,0.0,0.0,0.0,0.0,0.0,0.0,0.0,0.0,0.0,0.0,0.0,0.0,0.0,1.0,0.0,0.0
