Favorilere Ekleyen Kişi Sayısı,Okuyacağım olarak işaretlenmiş sayısı,Okudum olarak işaretlenmiş sayısı,Liste Fiyatı,Sayfa Sayısı,Toplam Satılma Sayısı,Toplam Yorum Sayısı,Puan,Oy_Sayisi,Yayin_Yili,En,Boy,Yazar_Kitap_Sayisi,Kagit_Cinsi_Kitap_Kagidi_Mi,Yayınevi_DESTEK YAYIN GRUBU-KAMPANYA,Yayınevi_Diğer,Yayınevi_EPONA KİTAP,Yayınevi_FİHRİST KİTAP,Yayınevi_HAYY KİTAP - KAMPANYA,Yayınevi_PEGASUS YAYINLARI,Yayınevi_SARMAL KİTABEVİ,Yayınevi_SAY YAYIN GRUBU-KAMPANYA,Yayınevi_URZENİ,Yayınevi_YEDİVEREN YAYIN GRUBU - KAMPANYA,Ana_Kategori_Diğer,Ana_Kategori_Edebiyat,Ana_Kategori_Felsefe-Düşünce,Ana_Kategori_Kişisel Gelişim,Ana_Kategori_Siyaset,Ana_Kategori_Sosyoloji,Ana_Kategori_Tarih,Ana_Kategori_Çocuk Kitapları,Ana_Kategori_İslam
8.0,0.0,2.0,150.0,144.0,339.0,3.0,5.0,3.0,2024.0,13.5,19.5,3.5,1,0.0,1.0,0.0,0.0,0.0,0.0,0.0,0.0,0.0,0.0,0.0,0.0,0.0,0.0,0.0,0.0,0.0,1.0,0.0
113.0,6.0,23.5,299.0,416.0,253.0,12.5,5.0,28.5,2015.0,13.5,21.0,3.5,1,0.0,0.0,0.0,0.0,0.0,1.0,0.0,0.0,0.0,0.0,0.0,1.0,0.0,0.0,0.0,0.0,0.0,0.0,0.0
24.0,5.0,3.0,270.0,248.0,81.0,5.0,5.0,8.0,2015.0,14.0,21.0,1.0,1,0.0,1.0,0.0,0.0,0.0,0.0,0.0,0.0,0.0,0.0,0.0,0.0,0.0,0.0,1.0,0.0,0.0,0.0,0.0
36.0,5.0,2.0,174.0,265.0,73.0,0.0,5.0,4.0,2020.0,13.0,19.5,1.0,1,0.0,1.0,0.0,0.0,0.0,0.0,0.0,0.0,0.0,0.0,0.0,1.0,0.0,0.0,0.0,0.0,0.0,0.0,0.0
107.0,13.0,23.5,249.0,256.0,189.0,10.0,4.0,28.5,2015.0,13.5,21.0,3.5,1,0.0,0.0,0.0,0.0,0.0,1.0,0.0,0.0,0.0,0.0,0.0,1.0,0.0,0.0,0.0,0.0,0.0,0.0,0.0
11.0,1.0,1.0,188.0,244.0,320.0,1.0,5.0,1.0,2023.0,12.5,19.5,1.0,1,0.0,0.0,1.0,0.0,0.0,0.0,0.0,0.0,0.0,0.0,0.0,1.0,0.0,0.0,0.0,0.0,0.0,0.0,0.0
50.0,13.0,4.0,515.0,544.0,94.0,5.0,4.0,16.0,2015.0,13.5,21.0,1.0,1,0.0,1.0,0.0,0.0,0.0,0.0,0.0,0.0,0.0,0.0,0.0,0.0,0.0,0.0,0.0,0.0,0.0,0.0,1.0
120.0,8.0,1.0,160.0,116.0,135.0,0.0,5.0,5.0,2023.0,13.0,19.5,1.0,1,0.0,1.0,0.0,0.0,0.0,0.0,0.0,0.0,0.0,0.0,0.0,0.0,0.0,0.0,1.0,0.0,0.0,0.0,0.0
108.0,19.0,2.0,200.0,264.0,77.0,1.0,5.0,5.0,2005.5,13.5,19.5,1.0,1,0.0,0.0,0.0,0.0,0.0,0.0,0.0,1.0,0.0,0.0,0.0,0.0,1.0,0.0,0.0,0.0,0.0,0.0,0.0
91.0,4.0,7.0,200.0,208.0,50.0,2.0,5.0,7.0,2022.0,13.5,21.0,1.0,1,0.0,0.0,0.0,0.0,0.0,0.0,0.0,1.0,0.0,0.0,0.0,0.0,0.0,0.0,0.0,0.0,1.0,0.0,0.0
49.0,1.0,4.0,150.0,216.0,36.0,1.0,4.0,2.0,2020.0,13.5,19.5,1.0,1,0.0,0.0,0.0,0.0,1.0,0.0,0.0,0.0,0.0,0.0,0.0,1.0,0.0,0.0,0.0,0.0,0.0,0.0,0.0
231.0,23.0,7.0,515.0,416.0,213.0,2.0,4.0,15.0,2016.0,13.5,21.5,3.5,1,0.0,1.0,0.0,0.0,0.0,0.0,0.0,0.0,0.0,0.0,1.0,0.0,0.0,0.0,0.0,0.0,0.0,0.0,0.0
79.0,2.0,2.0,175.0,80.0,154.0,1.0,5.0,2.0,2024.0,13.5,21.0,1.0,1,0.0,1.0,0.0,0.0,0.0,0.0,0.0,0.0,0.0,0.0,0.0,1.0,0.0,0.0,0.0,0.0,0.0,0.0,0.0
43.0,3.0,3.0,336.0,208.0,105.0,2.0,4.0,5.0,2023.0,13.5,21.0,3.0,1,0.0,1.0,0.0,0.0,0.0,0.0,0.0,0.0,0.0,0.0,0.0,1.0,0.0,0.0,0.0,0.0,0.0,0.0,0.0
175.0,4.0,3.0,515.0,612.0,99.0,1.0,5.0,4.0,2020.0,14.25,23.0,3.5,1,0.0,0.0,0.0,0.0,0.0,0.0,0.0,0.0,1.0,0.0,1.0,0.0,0.0,0.0,0.0,0.0,0.0,0.0,0.0
21.0,2.0,0.0,187.0,224.0,13.0,0.0,2.5,0.0,2022.0,13.5,19.5,1.0,1,0.0,0.0,0.0,0.0,0.0,0.0,0.0,0.0,0.0,1.0,0.0,0.0,0.0,0.0,0.0,0.0,1.0,0.0,0.0
96.0,7.0,9.0,420.0,544.0,118.0,9.0,5.0,14.0,2013.0,12.5,19.5,1.0,1,0.0,0.0,0.0,0.0,0.0,0.0,0.0,0.0,0.0,0.0,0.0,1.0,0.0,0.0,0.0,0.0,0.0,0.0,0.0
202.0,6.0,19.0,299.0,336.0,222.0,8.0,4.0,21.0,2013.0,13.5,21.0,2.0,1,0.0,0.0,0.0,0.0,0.0,1.0,0.0,0.0,0.0,0.0,0.0,1.0,0.0,0.0,0.0,0.0,0.0,0.0,0.0
51.0,1.0,4.0,216.0,80.0,55.0,1.0,5.0,1.0,2024.0,13.0,19.5,1.0,1,0.0,1.0,0.0,0.0,0.0,0.0,0.0,0.0,0.0,0.0,0.0,0.0,0.0,0.0,1.0,0.0,0.0,0.0,0.0
32.0,3.0,2.0,280.0,214.0,37.0,2.0,4.0,5.0,2015.0,12.5,21.0,1.0,1,0.0,1.0,0.0,0.0,0.0,0.0,0.0,0.0,0.0,0.0,0.0,1.0,0.0,0.0,0.0,0.0,0.0,0.0,0.0
39.0,3.0,0.0,299.0,320.0,231.0,1.0,5.0,2.0,2023.0,13.0,19.5,1.0,1,0.0,1.0,0.0,0.0,0.0,0.0,0.0,0.0,0.0,0.0,0.0,0.0,0.0,0.0,1.0,0.0,0.0,0.0,0.0
4.0,0.0,0.0,280.0,328.0,7.0,0.0,5.0,1.0,2021.0,13.5,21.0,1.0,1,1.0,0.0,0.0,0.0,0.0,0.0,0.0,0.0,0.0,0.0,1.0,0.0,0.0,0.0,0.0,0.0,0.0,0.0,0.0
289.5,23.5,16.0,200.0,176.0,482.5,8.0,4.0,10.0,2022.0,13.5,19.5,1.0,1,0.0,1.0,0.0,0.0,0.0,0.0,0.0,0.0,0.0,0.0,0.0,0.0,0.0,1.0,0.0,0.0,0.0,0.0,0.0
47.0,2.0,2.0,349.0,222.0,60.0,1.0,5.0,1.0,2023.0,13.5,19.5,3.0,1,0.0,1.0,0.0,0.0,0.0,0.0,0.0,0.0,0.0,0.0,1.0,0.0,0.0,0.0,0.0,0.0,0.0,0.0,0.0
175.0,5.0,3.0,300.0,272.0,148.0,0.0,4.0,3.0,2022.0,13.5,21.0,3.0,1,0.0,0.0,0.0,0.0,0.0,0.0,0.0,1.0,0.0,0.0,0.0,0.0,1.0,0.0,0.0,0.0,0.0,0.0,0.0
20.0,2.0,1.0,220.0,274.0,17.0,1.0,5.0,2.0,2019.0,13.5,21.0,3.5,1,0.0,0.0,0.0,0.0,0.0,0.0,0.0,0.0,1.0,0.0,0.0,1.0,0.0,0.0,0.0,0.0,0.0,0.0,0.0
52.0,3.0,4.0,150.0,144.0,99.0,2.0,5.0,5.0,2021.0,14.25,23.0,1.0,1,0.0,0.0,0.0,0.0,1.0,0.0,0.0,0.0,0.0,0.0,1.0,0.0,0.0,0.0,0.0,0.0,0.0,0.0,0.0
17.0,0.0,0.0,515.0,160.0,32.0,0.0,5.0,1.0,2019.0,14.25,22.0,2.0,0,0.0,1.0,0.0,0.0,0.0,0.0,0.0,0.0,0.0,0.0,1.0,0.0,0.0,0.0,0.0,0.0,0.0,0.0,0.0
60.0,4.0,4.0,269.0,288.0,48.0,2.0,4.0,5.0,2015.0,13.5,21.0,3.5,1,0.0,0.0,0.0,0.0,0.0,1.0,0.0,0.0,0.0,0.0,0.0,1.0,0.0,0.0,0.0,0.0,0.0,0.0,0.0
40.0,2.0,3.0,295.0,608.0,39.0,4.0,5.0,8.0,2014.0,13.5,21.0,3.0,1,0.0,1.0,0.0,0.0,0.0,0.0,0.0,0.0,0.0,0.0,0.0,1.0,0.0,0.0,0.0,0.0,0.0,0.0,0.0
75.0,5.0,2.0,130.0,120.0,211.0,2.0,5.0,3.0,2021.0,13.0,19.5,3.0,1,0.0,1.0,0.0,0.0,0.0,0.0,0.0,0.0,0.0,0.0,0.0,1.0,0.0,0.0,0.0,0.0,0.0,0.0,0.0
223.0,18.0,9.0,250.0,336.0,122.0,8.0,4.0,18.0,2017.0,13.5,21.0,3.0,1,0.0,1.0,0.0,0.0,0.0,0.0,0.0,0.0,0.0,0.0,0.0,1.0,0.0,0.0,0.0,0.0,0.0,0.0,0.0
102.0,20.0,10.0,379.5,280.0,163.0,4.0,5.0,9.0,2023.0,13.0,19.5,3.5,1,0.0,0.0,0.0,1.0,0.0,0.0,0.0,0.0,0.0,0.0,0.0,1.0,0.0,0.0,0.0,0.0,0.0,0.0,0.0
17.0,1.0,1.0,240.0,271.0,38.0,0.0,2.5,0.0,2024.0,13.5,19.5,1.0,1,0.0,0.0,0.0,0.0,0.0,0.0,1.0,0.0,0.0,0.0,0.0,0.0,0.0,0.0,0.0,0.0,0.0,0.0,0.0
16.0,0.0,0.0,515.0,524.0,31.0,0.0,2.5,0.0,2024.0,13.0,20.0,3.0,1,0.0,1.0,0.0,0.0,0.0,0.0,0.0,0.0,0.0,0.0,1.0,0.0,0.0,0.0,0.0,0.0,0.0,0.0,0.0
25.0,0.0,0.0,515.0,484.0,9.0,0.0,2.5,0.0,2023.0,14.25,23.25,1.0,1,0.0,1.0,0.0,0.0,0.0,0.0,0.0,0.0,0.0,0.0,0.0,0.0,0.0,0.0,0.0,0.0,0.0,0.0,1.0
36.0,2.0,1.0,275.0,120.0,36.0,0.0,2.5,0.0,2023.0,13.5,21.0,1.0,1,0.0,0.0,0.0,0.0,0.0,0.0,0.0,1.0,0.0,0.0,0.0,0.0,0.0,1.0,0.0,0.0,0.0,0.0,0.0
81.0,9.0,17.0,299.0,408.0,146.0,6.0,5.0,13.0,2017.0,13.5,21.0,1.0,1,0.0,0.0,0.0,0.0,0.0,1.0,0.0,0.0,0.0,0.0,0.0,1.0,0.0,0.0,0.0,0.0,0.0,0.0,0.0
15.0,3.0,1.0,349.0,220.0,29.0,1.0,2.5,1.0,2020.0,13.5,21.0,2.0,1,0.0,1.0,0.0,0.0,0.0,0.0,0.0,0.0,0.0,0.0,0.0,1.0,0.0,0.0,0.0,0.0,0.0,0.0,0.0
116.0,7.0,14.0,299.0,400.0,92.0,2.0,4.0,9.0,2014.0,13.5,21.0,2.0,1,0.0,1.0,0.0,0.0,0.0,0.0,0.0,0.0,0.0,0.0,0.0,1.0,0.0,0.0,0.0,0.0,0.0,0.0,0.0
29.0,2.0,3.0,50.0,272.0,59.0,0.0,4.0,3.0,2015.0,13.5,21.0,1.0,1,0.0,1.0,0.0,0.0,0.0,0.0,0.0,0.0,0.0,0.0,0.0,0.0,0.0,0.0,1.0,0.0,0.0,0.0,0.0
3.787,23.5,23.5,440.0,408.0,482.5,12.5,5.0,28.5,2023.0,13.5,19.5,1.0,1,0.0,1.0,0.0,0.0,0.0,0.0,0.0,0.0,0.0,0.0,0.0,1.0,0.0,0.0,0.0,0.0,0.0,0.0,0.0
125.0,11.0,8.0,260.0,252.0,301.0,4.0,5.0,9.0,2023.0,13.0,20.0,1.0,1,0.0,1.0,0.0,0.0,0.0,0.0,0.0,0.0,0.0,0.0,0.0,1.0,0.0,0.0,0.0,0.0,0.0,0.0,0.0
57.0,2.0,2.0,250.0,160.0,43.0,0.0,2.5,0.0,2023.0,13.5,21.0,3.0,1,0.0,0.0,0.0,0.0,0.0,0.0,1.0,0.0,0.0,0.0,0.0,0.0,0.0,0.0,0.0,0.0,0.0,0.0,0.0
33.0,4.0,1.0,195.0,240.0,34.0,0.0,5.0,2.0,2022.0,13.5,19.5,2.0,1,0.0,0.0,0.0,0.0,0.0,0.0,0.0,0.0,0.0,1.0,0.0,1.0,0.0,0.0,0.0,0.0,0.0,0.0,0.0
2.0,1.0,1.0,233.0,264.0,15.0,0.0,2.5,0.0,2023.0,13.5,19.5,1.0,1,0.0,0.0,0.0,0.0,0.0,0.0,0.0,0.0,0.0,1.0,0.0,1.0,0.0,0.0,0.0,0.0,0.0,0.0,0.0
1.111,23.5,23.0,480.0,326.0,482.5,12.5,5.0,28.5,2025.0,13.5,19.5,1.0,1,0.0,1.0,0.0,0.0,0.0,0.0,0.0,0.0,0.0,0.0,1.0,0.0,0.0,0.0,0.0,0.0,0.0,0.0,0.0
93.0,9.0,3.0,500.0,488.0,77.0,2.0,5.0,2.0,2022.0,13.5,21.0,1.0,1,0.0,0.0,0.0,0.0,0.0,0.0,0.0,1.0,0.0,0.0,0.0,0.0,0.0,0.0,0.0,0.0,1.0,0.0,0.0
175.0,10.0,19.0,515.0,480.0,188.0,12.5,5.0,26.0,2014.0,13.5,21.5,1.0,1,0.0,1.0,0.0,0.0,0.0,0.0,0.0,0.0,0.0,0.0,0.0,1.0,0.0,0.0,0.0,0.0,0.0,0.0,0.0
274.0,15.0,23.5,269.0,304.0,369.0,12.5,4.0,28.5,2014.0,13.5,21.0,3.5,1,0.0,0.0,0.0,0.0,0.0,1.0,0.0,0.0,0.0,0.0,0.0,1.0,0.0,0.0,0.0,0.0,0.0,0.0,0.0
12.0,0.0,0.0,490.0,308.0,70.0,1.0,5.0,1.0,2022.0,13.0,20.0,1.0,1,0.0,1.0,0.0,0.0,0.0,0.0,0.0,0.0,0.0,0.0,1.0,0.0,0.0,0.0,0.0,0.0,0.0,0.0,0.0
289.5,17.0,5.0,250.0,416.0,357.0,2.0,4.0,15.0,2016.0,13.5,21.0,1.0,1,0.0,1.0,0.0,0.0,0.0,0.0,0.0,0.0,0.0,0.0,1.0,0.0,0.0,0.0,0.0,0.0,0.0,0.0,0.0
100.0,6.0,2.0,309.5,224.0,66.0,2.0,5.0,4.0,2022.0,13.0,19.5,1.0,1,0.0,0.0,0.0,1.0,0.0,0.0,0.0,0.0,0.0,0.0,0.0,1.0,0.0,0.0,0.0,0.0,0.0,0.0,0.0
278.0,22.0,23.5,150.0,136.0,482.5,12.5,4.0,28.5,2019.0,13.5,21.0,1.0,1,0.0,0.0,0.0,0.0,1.0,0.0,0.0,0.0,0.0,0.0,0.0,1.0,0.0,0.0,0.0,0.0,0.0,0.0,0.0
51.0,6.0,4.0,140.0,94.0,166.0,1.0,4.0,4.0,2023.0,13.0,20.0,1.0,1,0.0,1.0,0.0,0.0,0.0,0.0,0.0,0.0,0.0,0.0,0.0,0.0,0.0,0.0,0.0,0.0,0.0,0.0,0.0
24.0,0.0,0.0,190.0,168.0,22.0,0.0,2.5,0.0,2023.0,13.5,21.0,1.0,1,0.0,0.0,0.0,0.0,0.0,0.0,1.0,0.0,0.0,0.0,0.0,1.0,0.0,0.0,0.0,0.0,0.0,0.0,0.0
5.0,0.0,0.0,507.0,184.0,98.0,0.0,2.5,0.0,2024.0,14.25,23.0,3.5,1,0.0,1.0,0.0,0.0,0.0,0.0,0.0,0.0,0.0,0.0,1.0,0.0,0.0,0.0,0.0,0.0,0.0,0.0,0.0
10.0,2.0,3.0,98.0,70.0,166.0,1.0,5.0,2.0,2021.0,13.0,19.5,1.0,1,0.0,1.0,0.0,0.0,0.0,0.0,0.0,0.0,0.0,0.0,0.0,0.0,0.0,0.0,0.0,0.0,0.0,0.0,1.0
1.0,0.0,0.0,120.0,86.0,45.0,0.0,2.5,0.0,2017.0,13.5,19.5,1.0,1,0.0,1.0,0.0,0.0,0.0,0.0,0.0,0.0,0.0,0.0,0.0,1.0,0.0,0.0,0.0,0.0,0.0,0.0,0.0
131.0,19.0,23.5,299.0,352.0,391.0,12.5,5.0,23.0,2020.0,13.5,21.0,2.0,1,0.0,0.0,0.0,0.0,0.0,1.0,0.0,0.0,0.0,0.0,0.0,1.0,0.0,0.0,0.0,0.0,0.0,0.0,0.0
103.0,3.0,0.0,400.0,288.0,95.0,1.0,5.0,1.0,2019.0,13.5,21.0,1.0,1,0.0,0.0,0.0,0.0,0.0,0.0,0.0,1.0,0.0,0.0,0.0,0.0,0.0,1.0,0.0,0.0,0.0,0.0,0.0
139.0,8.0,23.5,249.0,208.0,243.0,4.0,4.0,9.0,2021.0,13.5,21.0,3.5,1,0.0,0.0,0.0,0.0,0.0,1.0,0.0,0.0,0.0,0.0,0.0,1.0,0.0,0.0,0.0,0.0,0.0,0.0,0.0
5.0,0.0,3.0,140.0,144.0,181.0,0.0,2.5,0.0,2021.0,13.5,21.0,1.0,1,0.0,1.0,0.0,0.0,0.0,0.0,0.0,0.0,0.0,0.0,0.0,1.0,0.0,0.0,0.0,0.0,0.0,0.0,0.0
3.0,2.0,0.0,515.0,192.0,95.0,0.0,5.0,2.0,2024.0,14.25,23.25,1.0,1,0.0,1.0,0.0,0.0,0.0,0.0,0.0,0.0,0.0,0.0,1.0,0.0,0.0,0.0,0.0,0.0,0.0,0.0,0.0
76.0,11.0,9.0,369.5,272.0,64.0,8.0,5.0,13.0,2022.0,13.0,19.5,1.0,1,0.0,0.0,0.0,1.0,0.0,0.0,0.0,0.0,0.0,0.0,0.0,1.0,0.0,0.0,0.0,0.0,0.0,0.0,0.0
289.5,23.5,23.5,299.0,432.0,347.0,12.5,4.0,28.5,2018.0,13.5,21.0,1.0,1,0.0,0.0,0.0,0.0,0.0,1.0,0.0,0.0,0.0,0.0,0.0,1.0,0.0,0.0,0.0,0.0,0.0,0.0,0.0
27.0,3.0,0.0,270.0,257.0,29.0,0.0,5.0,1.0,2021.0,13.5,21.0,2.0,1,0.0,0.0,0.0,0.0,0.0,0.0,0.0,0.0,1.0,0.0,1.0,0.0,0.0,0.0,0.0,0.0,0.0,0.0,0.0
68.0,4.0,1.0,515.0,296.0,179.0,1.0,4.0,3.0,2023.0,14.25,23.25,1.0,1,0.0,1.0,0.0,0.0,0.0,0.0,0.0,0.0,0.0,0.0,1.0,0.0,0.0,0.0,0.0,0.0,0.0,0.0,0.0
20.0,4.0,4.0,460.0,592.0,29.0,1.0,4.0,7.0,2021.0,13.5,21.0,1.0,1,0.0,1.0,0.0,0.0,0.0,0.0,0.0,0.0,0.0,0.0,0.0,1.0,0.0,0.0,0.0,0.0,0.0,0.0,0.0
289.5,23.5,23.5,269.0,224.0,482.5,12.5,4.0,28.5,2017.0,13.5,21.0,1.0,1,0.0,0.0,0.0,0.0,0.0,1.0,0.0,0.0,0.0,0.0,0.0,0.0,0.0,0.0,1.0,0.0,0.0,0.0,0.0
1.0,0.0,0.0,200.0,240.0,2.0,0.0,2.5,0.0,2023.0,13.5,19.5,3.0,1,1.0,0.0,0.0,0.0,0.0,0.0,0.0,0.0,0.0,0.0,0.0,1.0,0.0,0.0,0.0,0.0,0.0,0.0,0.0
34.0,7.0,7.0,229.5,152.0,31.0,3.0,5.0,6.0,2022.0,13.0,19.5,1.0,1,0.0,0.0,0.0,1.0,0.0,0.0,0.0,0.0,0.0,0.0,0.0,1.0,0.0,0.0,0.0,0.0,0.0,0.0,0.0
31.0,6.0,0.0,230.0,228.0,148.0,0.0,2.5,0.0,2021.0,13.0,19.5,1.0,1,0.0,1.0,0.0,0.0,0.0,0.0,0.0,0.0,0.0,0.0,0.0,0.0,0.0,0.0,0.0,0.0,1.0,0.0,0.0
289.5,23.5,23.5,249.0,128.0,482.5,12.5,4.0,28.5,2016.0,12.25,17.8,1.0,1,0.0,0.0,0.0,0.0,0.0,1.0,0.0,0.0,0.0,0.0,0.0,0.0,0.0,1.0,0.0,0.0,0.0,0.0,0.0
186.0,23.5,23.5,269.0,336.0,239.0,9.0,5.0,28.0,2017.0,13.5,21.0,2.0,1,0.0,0.0,0.0,0.0,0.0,1.0,0.0,0.0,0.0,0.0,0.0,1.0,0.0,0.0,0.0,0.0,0.0,0.0,0.0
52.0,0.0,8.0,219.0,218.0,71.0,3.0,5.0,9.0,2021.0,13.5,21.0,3.0,1,0.0,0.0,0.0,0.0,0.0,0.0,0.0,0.0,0.0,1.0,0.0,0.0,0.0,0.0,0.0,0.0,1.0,0.0,0.0
33.0,1.0,4.0,210.5,229.0,53.0,1.0,5.0,3.0,2021.0,13.5,21.0,3.5,1,0.0,1.0,0.0,0.0,0.0,0.0,0.0,0.0,0.0,0.0,0.0,1.0,0.0,0.0,0.0,0.0,0.0,0.0,0.0
44.0,8.0,9.0,120.0,72.0,200.0,3.0,4.0,19.0,2010.0,13.5,19.5,3.5,1,0.0,0.0,0.0,0.0,0.0,0.0,0.0,0.0,0.0,0.0,0.0,0.0,0.0,0.0,0.0,0.0,0.0,1.0,0.0
289.5,23.5,23.5,299.0,320.0,482.5,12.5,4.0,28.5,2014.0,13.5,21.0,3.5,1,0.0,0.0,0.0,0.0,0.0,1.0,0.0,0.0,0.0,0.0,0.0,1.0,0.0,0.0,0.0,0.0,0.0,0.0,0.0
34.0,0.0,0.0,220.0,208.0,41.0,0.0,2.5,0.0,2023.0,13.5,19.5,2.0,1,0.0,0.0,0.0,0.0,0.0,0.0,1.0,0.0,0.0,0.0,0.0,0.0,0.0,0.0,1.0,0.0,0.0,0.0,0.0
146.0,10.0,23.5,320.0,368.0,245.0,10.0,5.0,20.0,2011.0,13.5,21.5,1.0,1,0.0,0.0,0.0,0.0,0.0,0.0,0.0,0.0,0.0,0.0,0.0,1.0,0.0,0.0,0.0,0.0,0.0,0.0,0.0
7.0,0.0,0.0,351.0,110.0,14.0,0.0,2.5,0.0,2023.0,14.25,23.25,2.0,1,0.0,1.0,0.0,0.0,0.0,0.0,0.0,0.0,0.0,0.0,1.0,0.0,0.0,0.0,0.0,0.0,0.0,0.0,0.0
20.0,1.0,0.0,420.0,466.0,30.0,0.0,5.0,1.0,2023.0,13.5,19.5,1.0,1,0.0,0.0,0.0,0.0,0.0,0.0,0.0,0.0,1.0,0.0,0.0,0.0,0.0,1.0,0.0,0.0,0.0,0.0,0.0
204.0,16.0,23.5,299.0,488.0,362.0,5.0,4.0,28.5,2016.0,12.25,19.0,3.0,1,0.0,0.0,0.0,0.0,0.0,1.0,0.0,0.0,0.0,0.0,0.0,1.0,0.0,0.0,0.0,0.0,0.0,0.0,0.0
9.0,1.0,2.0,166.0,160.0,199.0,2.0,5.0,3.0,2022.0,13.5,19.5,1.0,1,0.0,1.0,0.0,0.0,0.0,0.0,0.0,0.0,0.0,0.0,0.0,1.0,0.0,0.0,0.0,0.0,0.0,0.0,0.0
57.0,4.0,2.0,240.0,210.0,21.0,1.0,5.0,3.0,2024.0,13.5,21.0,2.0,1,0.0,0.0,0.0,0.0,0.0,0.0,0.0,0.0,1.0,0.0,1.0,0.0,0.0,0.0,0.0,0.0,0.0,0.0,0.0
30.0,4.0,2.0,209.5,134.0,93.0,2.0,5.0,4.0,2024.0,13.0,19.5,3.0,1,0.0,0.0,0.0,1.0,0.0,0.0,0.0,0.0,0.0,0.0,1.0,0.0,0.0,0.0,0.0,0.0,0.0,0.0,0.0
30.0,2.0,4.0,300.0,296.0,316.0,1.0,5.0,3.0,2022.0,13.0,20.0,1.0,1,0.0,1.0,0.0,0.0,0.0,0.0,0.0,0.0,0.0,0.0,0.0,1.0,0.0,0.0,0.0,0.0,0.0,0.0,0.0
63.0,5.0,4.0,240.0,180.0,95.0,1.0,4.0,4.0,2019.0,13.5,21.0,1.0,1,0.0,0.0,0.0,0.0,0.0,0.0,0.0,0.0,1.0,0.0,0.0,0.0,1.0,0.0,0.0,0.0,0.0,0.0,0.0
8.0,0.0,0.0,230.0,216.0,5.0,0.0,2.5,0.0,2022.0,13.5,21.0,1.0,1,1.0,0.0,0.0,0.0,0.0,0.0,0.0,0.0,0.0,0.0,0.0,1.0,0.0,0.0,0.0,0.0,0.0,0.0,0.0
289.5,23.5,23.5,249.0,208.0,482.5,12.5,3.0,28.5,2012.0,13.5,21.0,1.0,1,0.0,0.0,0.0,0.0,0.0,1.0,0.0,0.0,0.0,0.0,0.0,1.0,0.0,0.0,0.0,0.0,0.0,0.0,0.0
73.0,1.0,0.0,300.0,272.0,98.0,1.0,5.0,1.0,2021.0,13.0,19.5,1.0,1,0.0,1.0,0.0,0.0,0.0,0.0,0.0,0.0,0.0,0.0,0.0,0.0,0.0,0.0,1.0,0.0,0.0,0.0,0.0
21.0,2.0,0.0,515.0,612.0,19.0,0.0,5.0,1.0,2017.0,14.25,23.25,1.0,1,0.0,1.0,0.0,0.0,0.0,0.0,0.0,0.0,0.0,0.0,1.0,0.0,0.0,0.0,0.0,0.0,0.0,0.0,0.0
14.0,3.0,1.0,220.0,202.0,9.0,1.0,5.0,1.0,2019.0,13.5,21.0,2.0,1,0.0,0.0,0.0,0.0,0.0,0.0,0.0,0.0,1.0,0.0,0.0,1.0,0.0,0.0,0.0,0.0,0.0,0.0,0.0
9.0,2.0,0.0,150.0,160.0,10.0,0.0,2.5,0.0,2023.0,13.5,19.5,1.0,1,0.0,0.0,0.0,0.0,0.0,0.0,0.0,0.0,0.0,1.0,0.0,1.0,0.0,0.0,0.0,0.0,0.0,0.0,0.0
42.0,1.0,0.0,440.0,427.0,39.0,0.0,5.0,1.0,2022.0,13.0,20.0,1.0,1,0.0,0.0,0.0,0.0,0.0,0.0,0.0,0.0,1.0,0.0,1.0,0.0,0.0,0.0,0.0,0.0,0.0,0.0,0.0
18.0,1.0,1.0,220.0,199.0,27.0,1.0,3.0,1.0,2024.0,13.5,19.5,1.0,1,0.0,0.0,0.0,0.0,0.0,0.0,1.0,0.0,0.0,0.0,1.0,0.0,0.0,0.0,0.0,0.0,0.0,0.0,0.0
120.0,5.0,3.0,350.0,280.0,75.0,3.0,4.0,3.0,2020.0,13.5,21.0,1.0,1,0.0,0.0,0.0,0.0,0.0,0.0,0.0,1.0,0.0,0.0,1.0,0.0,0.0,0.0,0.0,0.0,0.0,0.0,0.0
175.0,12.0,16.0,299.0,352.0,140.0,3.0,5.0,13.0,2014.0,13.5,21.0,3.5,1,0.0,0.0,0.0,0.0,0.0,1.0,0.0,0.0,0.0,0.0,0.0,1.0,0.0,0.0,0.0,0.0,0.0,0.0,0.0
271.0,23.5,23.5,350.0,464.0,482.5,10.0,5.0,24.0,2024.0,13.5,21.0,1.0,1,0.0,1.0,0.0,0.0,0.0,0.0,0.0,0.0,0.0,0.0,0.0,1.0,0.0,0.0,0.0,0.0,0.0,0.0,0.0
29.0,0.0,1.0,515.0,392.0,112.0,2.0,5.0,3.0,2022.0,13.0,20.0,1.0,1,0.0,1.0,0.0,0.0,0.0,0.0,0.0,0.0,0.0,0.0,1.0,0.0,0.0,0.0,0.0,0.0,0.0,0.0,0.0
20.0,1.0,10.0,154.0,123.0,131.0,0.0,5.0,1.0,2025.0,13.5,19.5,1.0,1,0.0,1.0,0.0,0.0,0.0,0.0,0.0,0.0,0.0,0.0,0.0,1.0,0.0,0.0,0.0,0.0,0.0,0.0,0.0
94.0,4.0,8.0,254.0,243.0,195.0,4.0,5.0,12.0,2024.0,13.5,19.5,1.0,1,0.0,1.0,0.0,0.0,0.0,0.0,0.0,0.0,0.0,0.0,0.0,1.0,0.0,0.0,0.0,0.0,0.0,0.0,0.0
144.0,7.0,2.0,350.0,240.0,104.0,1.0,5.0,2.0,2015.0,13.5,21.0,2.0,1,0.0,0.0,0.0,0.0,0.0,0.0,0.0,1.0,0.0,0.0,0.0,0.0,0.0,1.0,0.0,0.0,0.0,0.0,0.0
16.0,1.0,0.0,280.0,304.0,16.0,1.0,5.0,1.0,2022.0,13.5,21.0,1.0,1,1.0,0.0,0.0,0.0,0.0,0.0,0.0,0.0,0.0,0.0,0.0,0.0,0.0,1.0,0.0,0.0,0.0,0.0,0.0
29.0,1.0,1.0,300.0,200.0,21.0,0.0,4.0,1.0,2023.0,13.5,21.0,1.0,1,0.0,0.0,0.0,0.0,0.0,0.0,0.0,1.0,0.0,0.0,0.0,0.0,1.0,0.0,0.0,0.0,0.0,0.0,0.0
147.0,7.0,1.0,480.0,495.0,101.0,2.0,5.0,3.0,2005.5,14.0,23.25,1.0,0,0.0,1.0,0.0,0.0,0.0,0.0,0.0,0.0,0.0,0.0,1.0,0.0,0.0,0.0,0.0,0.0,0.0,0.0,0.0
289.5,23.5,23.5,235.0,400.0,482.5,12.5,5.0,28.5,2022.0,13.5,19.5,2.0,1,0.0,1.0,0.0,0.0,0.0,0.0,0.0,0.0,0.0,0.0,0.0,1.0,0.0,0.0,0.0,0.0,0.0,0.0,0.0
25.0,1.0,2.0,270.0,254.0,29.0,0.0,5.0,2.0,2023.0,13.5,21.0,1.0,1,0.0,0.0,0.0,0.0,0.0,0.0,1.0,0.0,0.0,0.0,0.0,1.0,0.0,0.0,0.0,0.0,0.0,0.0,0.0
17.0,3.0,4.0,158.0,58.0,303.0,3.0,4.0,4.0,2024.0,12.5,19.5,1.0,1,0.0,0.0,1.0,0.0,0.0,0.0,0.0,0.0,0.0,0.0,0.0,1.0,0.0,0.0,0.0,0.0,0.0,0.0,0.0
42.0,0.0,0.0,194.0,232.0,30.0,0.0,2.5,0.0,2020.0,13.5,19.5,1.0,1,0.0,0.0,0.0,0.0,0.0,0.0,0.0,0.0,0.0,1.0,1.0,0.0,0.0,0.0,0.0,0.0,0.0,0.0,0.0
151.0,5.0,0.0,200.0,150.0,219.0,0.0,5.0,4.0,2023.0,13.0,19.5,1.0,1,0.0,1.0,0.0,0.0,0.0,0.0,0.0,0.0,0.0,0.0,0.0,1.0,0.0,0.0,0.0,0.0,0.0,0.0,0.0
45.0,2.0,1.0,185.0,256.0,41.0,0.0,4.0,3.0,2014.0,12.5,19.5,1.0,1,0.0,0.0,0.0,0.0,0.0,0.0,0.0,0.0,0.0,0.0,1.0,0.0,0.0,0.0,0.0,0.0,0.0,0.0,0.0
51.0,7.0,5.0,249.0,384.0,45.0,1.0,5.0,6.0,2015.0,13.5,21.0,3.5,1,0.0,0.0,0.0,0.0,0.0,1.0,0.0,0.0,0.0,0.0,0.0,1.0,0.0,0.0,0.0,0.0,0.0,0.0,0.0
9.0,0.0,2.0,129.0,154.0,73.0,0.0,5.0,2.0,2023.0,13.5,19.5,2.0,1,0.0,1.0,0.0,0.0,0.0,0.0,0.0,0.0,0.0,0.0,0.0,1.0,0.0,0.0,0.0,0.0,0.0,0.0,0.0
96.0,5.0,5.0,150.0,104.0,144.0,4.0,4.0,7.0,2021.0,13.5,21.0,1.0,1,0.0,0.0,0.0,0.0,1.0,0.0,0.0,0.0,0.0,0.0,0.0,0.0,0.0,0.0,0.0,0.0,0.0,0.0,1.0
3.0,0.0,0.0,364.0,285.0,143.0,0.0,2.5,0.0,2023.0,13.5,19.5,1.0,1,0.0,1.0,0.0,0.0,0.0,0.0,0.0,0.0,0.0,0.0,0.0,1.0,0.0,0.0,0.0,0.0,0.0,0.0,0.0
289.5,14.0,23.5,110.0,144.0,482.5,8.0,5.0,17.0,2023.0,13.5,19.5,1.0,1,0.0,1.0,0.0,0.0,0.0,0.0,0.0,0.0,0.0,0.0,0.0,0.0,1.0,0.0,0.0,0.0,0.0,0.0,0.0
118.0,9.0,22.0,299.0,336.0,164.0,6.0,4.0,20.0,2015.0,13.5,21.0,1.0,1,0.0,0.0,0.0,0.0,0.0,1.0,0.0,0.0,0.0,0.0,0.0,1.0,0.0,0.0,0.0,0.0,0.0,0.0,0.0
72.0,9.0,10.0,350.0,448.0,108.0,6.0,4.0,13.0,2010.0,13.5,21.5,1.0,1,0.0,0.0,0.0,0.0,0.0,0.0,0.0,0.0,0.0,0.0,0.0,1.0,0.0,0.0,0.0,0.0,0.0,0.0,0.0
137.0,8.0,12.0,269.0,320.0,77.0,1.0,5.0,12.0,2015.0,13.5,21.0,2.0,1,0.0,0.0,0.0,0.0,0.0,1.0,0.0,0.0,0.0,0.0,0.0,1.0,0.0,0.0,0.0,0.0,0.0,0.0,0.0
8.0,1.0,3.0,98.0,72.0,249.0,0.0,5.0,2.0,2023.0,12.25,19.5,1.0,1,0.0,1.0,0.0,0.0,0.0,0.0,0.0,0.0,0.0,0.0,0.0,1.0,0.0,0.0,0.0,0.0,0.0,0.0,0.0
53.0,3.0,3.0,360.0,292.0,205.0,1.0,5.0,2.0,2023.0,13.0,19.5,1.0,1,0.0,1.0,0.0,0.0,0.0,0.0,0.0,0.0,0.0,0.0,0.0,1.0,0.0,0.0,0.0,0.0,0.0,0.0,0.0
44.0,2.0,10.0,139.5,76.0,188.0,5.0,5.0,5.0,2021.0,13.0,19.5,3.5,1,0.0,0.0,0.0,1.0,0.0,0.0,0.0,0.0,0.0,0.0,0.0,1.0,0.0,0.0,0.0,0.0,0.0,0.0,0.0
236.0,12.0,6.0,210.0,148.0,196.0,5.0,5.0,16.0,2007.0,14.0,21.5,1.0,1,0.0,1.0,0.0,0.0,0.0,0.0,0.0,0.0,0.0,0.0,0.0,0.0,0.0,0.0,0.0,0.0,1.0,0.0,0.0
289.5,23.5,23.5,299.0,352.0,482.5,12.5,4.0,28.5,2016.0,13.5,21.0,1.0,1,0.0,0.0,0.0,0.0,0.0,1.0,0.0,0.0,0.0,0.0,0.0,1.0,0.0,0.0,0.0,0.0,0.0,0.0,0.0
14.0,3.0,5.0,249.0,288.0,44.0,0.0,4.0,2.0,2014.0,13.5,21.0,3.5,1,0.0,1.0,0.0,0.0,0.0,0.0,0.0,0.0,0.0,0.0,0.0,0.0,0.0,0.0,0.0,0.0,0.0,1.0,0.0
3.0,0.0,0.0,175.0,148.0,3.0,1.0,5.0,1.0,2021.0,13.5,21.0,3.5,1,0.0,1.0,0.0,0.0,0.0,0.0,0.0,0.0,0.0,0.0,0.0,1.0,0.0,0.0,0.0,0.0,0.0,0.0,0.0
7.0,0.0,1.0,385.0,360.0,99.0,1.0,5.0,1.0,2024.0,13.5,21.0,1.0,1,0.0,1.0,0.0,0.0,0.0,0.0,0.0,0.0,0.0,0.0,0.0,1.0,0.0,0.0,0.0,0.0,0.0,0.0,0.0
32.0,0.0,0.0,260.0,344.0,31.0,0.0,5.0,1.0,2021.0,13.5,21.0,1.0,1,0.0,1.0,0.0,0.0,0.0,0.0,0.0,0.0,0.0,0.0,0.0,1.0,0.0,0.0,0.0,0.0,0.0,0.0,0.0
11.0,1.0,0.0,194.0,120.0,59.0,1.0,5.0,1.0,2024.0,12.5,19.5,1.0,1,0.0,1.0,0.0,0.0,0.0,0.0,0.0,0.0,0.0,0.0,0.0,0.0,0.0,0.0,0.0,1.0,0.0,0.0,0.0
34.0,0.0,1.0,255.0,392.0,63.0,0.0,5.0,2.0,2019.0,12.25,17.25,1.0,1,0.0,0.0,0.0,0.0,0.0,0.0,0.0,0.0,0.0,1.0,0.0,0.0,0.0,0.0,0.0,0.0,0.0,1.0,0.0
11.0,0.0,0.0,180.0,119.0,12.0,0.0,2.5,0.0,2021.0,13.5,21.0,1.0,1,0.0,0.0,0.0,0.0,0.0,0.0,0.0,0.0,1.0,0.0,0.0,0.0,0.0,0.0,0.0,1.0,0.0,0.0,0.0
130.0,6.0,9.0,200.0,256.0,104.0,4.0,4.0,10.0,2010.0,13.5,19.5,1.0,1,0.0,0.0,0.0,0.0,0.0,0.0,0.0,1.0,0.0,0.0,0.0,1.0,0.0,0.0,0.0,0.0,0.0,0.0,0.0
32.0,2.0,0.0,240.0,190.0,37.0,0.0,5.0,1.0,2020.0,13.0,20.0,1.0,1,0.0,0.0,0.0,0.0,0.0,0.0,0.0,0.0,1.0,0.0,0.0,0.0,0.0,0.0,0.0,1.0,0.0,0.0,0.0
28.0,23.5,23.5,359.0,383.0,456.0,12.5,4.0,28.5,2023.0,13.5,19.5,2.0,1,0.0,1.0,0.0,0.0,0.0,0.0,0.0,0.0,0.0,0.0,0.0,1.0,0.0,0.0,0.0,0.0,0.0,0.0,0.0
8.0,3.0,4.0,410.0,256.0,82.0,12.5,5.0,20.0,2023.0,13.0,20.0,1.0,1,0.0,1.0,0.0,0.0,0.0,0.0,0.0,0.0,0.0,0.0,0.0,1.0,0.0,0.0,0.0,0.0,0.0,0.0,0.0
235.0,23.5,23.5,195.0,208.0,482.5,10.0,5.0,9.0,2023.0,13.5,19.5,1.0,1,0.0,0.0,0.0,0.0,0.0,0.0,0.0,0.0,0.0,1.0,0.0,1.0,0.0,0.0,0.0,0.0,0.0,0.0,0.0
186.0,23.5,23.5,200.0,172.0,482.5,12.5,5.0,28.5,2023.0,13.0,20.0,1.0,1,0.0,1.0,0.0,0.0,0.0,0.0,0.0,0.0,0.0,0.0,0.0,1.0,0.0,0.0,0.0,0.0,0.0,0.0,0.0
0.0,0.0,0.0,276.0,48.0,34.0,0.0,2.5,0.0,2022.0,14.0,21.0,1.0,1,0.0,1.0,0.0,0.0,0.0,0.0,0.0,0.0,0.0,0.0,0.0,0.0,0.0,0.0,0.0,0.0,0.0,1.0,0.0
27.0,4.0,3.0,200.0,168.0,148.0,3.0,5.0,5.0,2022.0,13.5,21.0,1.0,1,0.0,1.0,0.0,0.0,0.0,0.0,0.0,0.0,0.0,0.0,1.0,0.0,0.0,0.0,0.0,0.0,0.0,0.0,0.0
71.0,10.0,23.5,249.0,272.0,124.0,9.0,4.0,23.0,2016.0,13.5,21.0,3.5,1,0.0,0.0,0.0,0.0,0.0,1.0,0.0,0.0,0.0,0.0,0.0,1.0,0.0,0.0,0.0,0.0,0.0,0.0,0.0
21.0,1.0,0.0,150.0,256.0,34.0,2.0,3.0,2.0,2020.0,13.5,21.0,2.0,1,0.0,0.0,0.0,0.0,1.0,0.0,0.0,0.0,0.0,0.0,0.0,1.0,0.0,0.0,0.0,0.0,0.0,0.0,0.0
173.0,13.0,10.0,175.0,144.0,255.0,7.0,4.0,15.0,2018.0,14.25,23.0,1.0,1,0.0,0.0,0.0,0.0,1.0,0.0,0.0,0.0,0.0,0.0,1.0,0.0,0.0,0.0,0.0,0.0,0.0,0.0,0.0
289.5,13.0,23.5,299.0,480.0,482.5,12.5,4.0,28.5,2010.0,13.5,21.0,2.0,1,0.0,0.0,0.0,0.0,0.0,1.0,0.0,0.0,0.0,0.0,0.0,1.0,0.0,0.0,0.0,0.0,0.0,0.0,0.0
90.0,16.0,15.0,120.0,120.0,318.0,12.5,5.0,28.5,2013.0,13.5,21.0,1.0,1,0.0,1.0,0.0,0.0,0.0,0.0,0.0,0.0,0.0,0.0,0.0,0.0,0.0,0.0,0.0,0.0,1.0,0.0,0.0
156.0,7.0,9.0,299.0,416.0,87.0,5.0,5.0,14.0,2013.0,13.5,21.0,1.0,1,0.0,0.0,0.0,0.0,0.0,1.0,0.0,0.0,0.0,0.0,0.0,1.0,0.0,0.0,0.0,0.0,0.0,0.0,0.0
240.0,23.5,23.5,249.0,232.0,482.5,12.5,4.0,28.5,2016.0,13.5,21.0,2.0,1,0.0,0.0,0.0,0.0,0.0,1.0,0.0,0.0,0.0,0.0,1.0,0.0,0.0,0.0,0.0,0.0,0.0,0.0,0.0
70.0,9.0,13.0,299.0,344.0,62.0,0.0,5.0,4.0,2016.0,13.5,21.0,2.0,1,0.0,0.0,0.0,0.0,0.0,1.0,0.0,0.0,0.0,0.0,0.0,1.0,0.0,0.0,0.0,0.0,0.0,0.0,0.0
69.0,3.0,2.0,320.0,322.0,183.0,1.0,5.0,3.0,2021.0,13.0,20.0,1.0,1,0.0,1.0,0.0,0.0,0.0,0.0,0.0,0.0,0.0,0.0,0.0,1.0,0.0,0.0,0.0,0.0,0.0,0.0,0.0
266.0,23.5,23.5,150.0,136.0,482.5,12.5,2.5,28.5,2019.0,13.5,21.0,1.0,1,0.0,0.0,0.0,0.0,1.0,0.0,0.0,0.0,0.0,0.0,0.0,1.0,0.0,0.0,0.0,0.0,0.0,0.0,0.0
12.0,1.0,0.0,320.0,420.0,69.0,0.0,2.5,0.0,2020.0,14.0,22.0,1.0,1,0.0,0.0,0.0,0.0,0.0,0.0,0.0,0.0,1.0,0.0,0.0,1.0,0.0,0.0,0.0,0.0,0.0,0.0,0.0
15.0,0.0,1.0,270.0,360.0,52.0,0.0,2.5,0.0,2023.0,13.5,19.5,2.0,1,0.0,0.0,0.0,0.0,0.0,0.0,0.0,0.0,1.0,0.0,1.0,0.0,0.0,0.0,0.0,0.0,0.0,0.0,0.0
60.0,5.0,2.0,400.0,422.0,69.0,2.0,4.0,6.0,2022.0,13.0,20.0,3.5,1,0.0,0.0,0.0,0.0,0.0,0.0,1.0,0.0,0.0,0.0,0.0,0.0,0.0,0.0,0.0,0.0,1.0,0.0,0.0
25.0,3.0,1.0,100.0,144.0,48.0,1.0,5.0,1.0,2020.0,14.25,23.0,1.0,1,0.0,0.0,0.0,0.0,1.0,0.0,0.0,0.0,0.0,0.0,1.0,0.0,0.0,0.0,0.0,0.0,0.0,0.0,0.0
10.0,2.0,0.0,206.5,360.0,133.0,0.0,2.5,0.0,2021.0,12.5,19.5,1.0,1,0.0,1.0,0.0,0.0,0.0,0.0,0.0,0.0,0.0,0.0,0.0,1.0,0.0,0.0,0.0,0.0,0.0,0.0,0.0
36.0,1.0,2.0,256.0,200.0,84.0,1.0,4.0,2.0,2022.0,12.25,19.5,1.0,1,0.0,0.0,1.0,0.0,0.0,0.0,0.0,0.0,0.0,0.0,0.0,1.0,0.0,0.0,0.0,0.0,0.0,0.0,0.0
53.0,0.0,1.0,160.0,136.0,6.0,0.0,5.0,1.0,2020.0,13.5,21.0,1.0,1,1.0,0.0,0.0,0.0,0.0,0.0,0.0,0.0,0.0,0.0,0.0,0.0,1.0,0.0,0.0,0.0,0.0,0.0,0.0
50.0,4.0,1.0,350.0,289.0,46.0,0.0,5.0,1.0,2022.0,13.5,21.0,2.0,1,0.0,0.0,0.0,0.0,0.0,0.0,0.0,0.0,1.0,0.0,1.0,0.0,0.0,0.0,0.0,0.0,0.0,0.0,0.0
17.0,1.0,0.0,210.0,208.0,3.0,0.0,2.5,0.0,2023.0,13.5,21.0,3.0,1,1.0,0.0,0.0,0.0,0.0,0.0,0.0,0.0,0.0,0.0,0.0,0.0,1.0,0.0,0.0,0.0,0.0,0.0,0.0
289.5,23.5,23.5,150.0,144.0,482.5,12.5,4.0,28.5,2019.0,13.5,21.0,1.0,1,0.0,1.0,0.0,0.0,0.0,0.0,0.0,0.0,0.0,0.0,0.0,0.0,0.0,0.0,0.0,0.0,0.0,0.0,1.0
92.0,15.0,23.5,155.0,312.0,391.0,12.5,4.0,28.5,2022.0,13.5,21.0,3.5,1,0.0,1.0,0.0,0.0,0.0,0.0,0.0,0.0,0.0,0.0,0.0,1.0,0.0,0.0,0.0,0.0,0.0,0.0,0.0
83.0,5.0,5.0,140.0,100.0,236.0,4.0,5.0,6.0,2021.0,13.0,20.0,1.0,1,0.0,1.0,0.0,0.0,0.0,0.0,0.0,0.0,0.0,0.0,0.0,1.0,0.0,0.0,0.0,0.0,0.0,0.0,0.0
289.5,10.0,8.0,515.0,612.0,155.0,5.0,5.0,8.0,2020.0,13.5,21.0,3.5,1,0.0,0.0,0.0,0.0,0.0,1.0,0.0,0.0,0.0,0.0,0.0,1.0,0.0,0.0,0.0,0.0,0.0,0.0,0.0
20.0,2.0,2.0,99.0,128.0,9.0,1.0,5.0,2.0,2022.0,13.5,21.0,3.5,1,0.0,1.0,0.0,0.0,0.0,0.0,0.0,0.0,0.0,0.0,0.0,1.0,0.0,0.0,0.0,0.0,0.0,0.0,0.0
236.0,20.0,20.0,249.0,272.0,204.0,6.0,4.0,28.0,2017.0,13.5,17.25,1.0,1,0.0,0.0,0.0,0.0,0.0,1.0,0.0,0.0,0.0,0.0,0.0,1.0,0.0,0.0,0.0,0.0,0.0,0.0,0.0
14.0,5.0,1.0,334.0,228.0,97.0,1.0,4.0,2.0,2023.0,13.5,21.0,1.0,1,0.0,1.0,0.0,0.0,0.0,0.0,0.0,0.0,0.0,0.0,0.0,0.0,0.0,0.0,1.0,0.0,0.0,0.0,0.0
19.0,4.0,6.0,165.0,104.0,482.5,3.0,5.0,2.0,2024.0,12.5,19.5,2.0,1,0.0,0.0,1.0,0.0,0.0,0.0,0.0,0.0,0.0,0.0,0.0,1.0,0.0,0.0,0.0,0.0,0.0,0.0,0.0
289.5,23.5,23.5,70.0,390.0,482.5,12.5,5.0,28.5,2021.0,12.5,19.5,1.0,1,0.0,1.0,0.0,0.0,0.0,0.0,0.0,0.0,0.0,0.0,0.0,1.0,0.0,0.0,0.0,0.0,0.0,0.0,0.0
23.0,3.0,4.0,135.0,120.0,89.0,1.0,2.5,0.0,2024.0,13.5,19.5,3.0,1,0.0,1.0,0.0,0.0,0.0,0.0,0.0,0.0,0.0,0.0,1.0,0.0,0.0,0.0,0.0,0.0,0.0,0.0,0.0
74.0,6.0,1.0,250.0,224.0,47.0,0.0,5.0,1.0,2024.0,13.5,21.0,1.0,1,0.0,0.0,0.0,0.0,0.0,0.0,0.0,1.0,0.0,0.0,1.0,0.0,0.0,0.0,0.0,0.0,0.0,0.0,0.0
270.0,23.0,23.5,249.0,176.0,482.5,12.5,3.0,25.0,2008.0,13.54,21.0,1.0,1,0.0,0.0,0.0,0.0,0.0,1.0,0.0,0.0,0.0,0.0,1.0,0.0,0.0,0.0,0.0,0.0,0.0,0.0,0.0
27.0,0.0,2.0,340.0,200.0,10.0,0.0,2.5,0.0,2023.0,13.0,20.0,2.0,1,0.0,1.0,0.0,0.0,0.0,0.0,0.0,0.0,0.0,0.0,1.0,0.0,0.0,0.0,0.0,0.0,0.0,0.0,0.0
83.0,4.0,0.0,300.0,255.0,52.0,1.0,5.0,1.0,2008.0,13.5,19.5,1.0,1,0.0,0.0,0.0,0.0,0.0,0.0,0.0,1.0,0.0,0.0,1.0,0.0,0.0,0.0,0.0,0.0,0.0,0.0,0.0
11.0,2.0,1.0,170.0,114.0,11.0,0.0,5.0,1.0,2022.0,13.5,19.5,3.0,1,0.0,0.0,0.0,0.0,0.0,0.0,0.0,0.0,1.0,0.0,0.0,1.0,0.0,0.0,0.0,0.0,0.0,0.0,0.0
42.0,2.0,4.0,180.0,128.0,127.0,4.0,5.0,5.0,2023.0,13.5,21.0,1.0,1,0.0,1.0,0.0,0.0,0.0,0.0,0.0,0.0,0.0,0.0,0.0,0.0,0.0,0.0,0.0,0.0,1.0,0.0,0.0
109.0,11.0,9.0,299.0,384.0,74.0,7.0,4.0,13.0,2017.0,13.5,21.0,3.0,1,0.0,0.0,0.0,0.0,0.0,1.0,0.0,0.0,0.0,0.0,0.0,1.0,0.0,0.0,0.0,0.0,0.0,0.0,0.0
65.0,3.0,6.0,250.0,288.0,274.0,3.0,5.0,3.0,2023.0,13.5,21.0,2.0,1,1.0,0.0,0.0,0.0,0.0,0.0,0.0,0.0,0.0,0.0,0.0,1.0,0.0,0.0,0.0,0.0,0.0,0.0,0.0
18.0,1.0,1.0,370.0,339.0,34.0,0.0,5.0,1.0,2023.0,13.5,19.5,1.0,1,0.0,0.0,0.0,0.0,0.0,0.0,0.0,0.0,1.0,0.0,0.0,0.0,0.0,0.0,1.0,0.0,0.0,0.0,0.0
31.0,1.0,2.0,350.0,386.0,35.0,0.0,5.0,2.0,2021.0,13.0,20.0,1.0,1,0.0,0.0,0.0,0.0,0.0,0.0,0.0,0.0,1.0,0.0,1.0,0.0,0.0,0.0,0.0,0.0,0.0,0.0,0.0
30.0,1.0,2.0,330.0,256.0,97.0,1.0,5.0,2.0,2022.0,13.5,21.0,1.0,1,0.0,1.0,0.0,0.0,0.0,0.0,0.0,0.0,0.0,0.0,0.0,1.0,0.0,0.0,0.0,0.0,0.0,0.0,0.0
37.0,4.0,1.0,174.5,108.0,153.0,0.0,5.0,1.0,2023.0,13.0,19.5,1.0,1,0.0,0.0,0.0,1.0,0.0,0.0,0.0,0.0,0.0,0.0,0.0,1.0,0.0,0.0,0.0,0.0,0.0,0.0,0.0
27.0,2.0,1.0,250.0,298.0,104.0,2.0,4.0,3.0,2024.0,13.0,19.5,1.0,1,0.0,1.0,0.0,0.0,0.0,0.0,0.0,0.0,0.0,0.0,1.0,0.0,0.0,0.0,0.0,0.0,0.0,0.0,0.0
1.739,23.5,23.5,320.0,384.0,482.5,12.5,5.0,28.5,2023.0,13.5,21.0,1.0,1,0.0,1.0,0.0,0.0,0.0,0.0,0.0,0.0,0.0,0.0,0.0,1.0,0.0,0.0,0.0,0.0,0.0,0.0,0.0
39.0,4.0,3.0,200.0,152.0,139.0,3.0,4.0,6.0,2018.0,14.25,23.25,1.0,0,0.0,1.0,0.0,0.0,0.0,0.0,0.0,0.0,0.0,0.0,1.0,0.0,0.0,0.0,0.0,0.0,0.0,0.0,0.0
30.0,4.0,2.0,400.0,354.0,78.0,0.0,4.0,2.0,2019.0,14.0,22.0,1.0,1,0.0,0.0,0.0,0.0,0.0,0.0,0.0,0.0,1.0,0.0,0.0,0.0,0.0,0.0,1.0,0.0,0.0,0.0,0.0
20.0,1.0,0.0,230.0,164.0,15.0,1.0,2.5,0.0,2008.0,13.5,19.5,2.0,1,0.0,1.0,0.0,0.0,0.0,0.0,0.0,0.0,0.0,0.0,0.0,1.0,0.0,0.0,0.0,0.0,0.0,0.0,0.0
199.0,23.5,17.0,515.0,612.0,334.0,12.0,5.0,28.0,2020.0,13.5,21.0,3.0,1,0.0,0.0,0.0,0.0,0.0,1.0,0.0,0.0,0.0,0.0,0.0,0.0,0.0,0.0,0.0,0.0,0.0,1.0,0.0
41.0,0.0,10.0,474.5,364.0,104.0,3.0,5.0,4.0,2021.0,13.0,19.5,3.0,1,0.0,0.0,0.0,1.0,0.0,0.0,0.0,0.0,0.0,0.0,0.0,1.0,0.0,0.0,0.0,0.0,0.0,0.0,0.0
120.0,5.0,6.0,200.0,144.0,89.0,1.0,5.0,10.0,2012.0,13.5,21.0,1.0,1,0.0,0.0,0.0,0.0,0.0,0.0,0.0,1.0,0.0,0.0,0.0,0.0,1.0,0.0,0.0,0.0,0.0,0.0,0.0
15.0,1.0,1.0,175.0,179.0,12.0,0.0,2.5,0.0,2021.0,12.5,19.5,1.0,1,0.0,1.0,0.0,0.0,0.0,0.0,0.0,0.0,0.0,0.0,0.0,1.0,0.0,0.0,0.0,0.0,0.0,0.0,0.0
213.0,3.0,20.0,299.0,336.0,204.0,6.0,4.0,20.0,2012.0,13.5,21.0,2.0,1,0.0,0.0,0.0,0.0,0.0,1.0,0.0,0.0,0.0,0.0,0.0,1.0,0.0,0.0,0.0,0.0,0.0,0.0,0.0
23.0,3.0,2.0,149.0,181.0,39.0,1.0,4.0,3.0,2022.0,13.5,21.0,3.5,1,0.0,1.0,0.0,0.0,0.0,0.0,0.0,0.0,0.0,0.0,0.0,0.0,0.0,0.0,0.0,0.0,0.0,0.0,1.0
4.0,0.0,0.0,163.0,176.0,6.0,0.0,2.5,0.0,2023.0,13.5,19.5,1.0,1,0.0,0.0,0.0,0.0,0.0,0.0,0.0,0.0,0.0,1.0,0.0,0.0,0.0,1.0,0.0,0.0,0.0,0.0,0.0
37.0,3.0,2.0,370.0,455.0,53.0,2.0,5.0,4.0,2021.0,13.5,21.0,3.5,1,0.0,0.0,0.0,0.0,0.0,0.0,0.0,0.0,1.0,0.0,0.0,0.0,0.0,0.0,1.0,0.0,0.0,0.0,0.0
130.0,9.0,4.0,400.0,296.0,75.0,0.0,5.0,1.0,2020.0,13.5,21.0,1.0,1,0.0,0.0,0.0,0.0,0.0,0.0,0.0,1.0,0.0,0.0,0.0,0.0,0.0,0.0,0.0,0.0,0.0,0.0,0.0
161.0,11.0,4.0,250.0,320.0,85.0,3.0,4.0,15.0,2019.0,13.5,21.0,3.0,1,0.0,1.0,0.0,0.0,0.0,0.0,0.0,0.0,0.0,0.0,0.0,1.0,0.0,0.0,0.0,0.0,0.0,0.0,0.0
78.0,7.0,4.0,240.0,296.0,77.0,1.0,5.0,5.0,2020.0,12.25,17.5,3.0,1,1.0,0.0,0.0,0.0,0.0,0.0,0.0,0.0,0.0,0.0,0.0,0.0,0.0,0.0,0.0,0.0,1.0,0.0,0.0
22.0,5.0,1.0,219.5,144.0,30.0,0.0,5.0,2.0,2024.0,13.0,19.5,1.0,1,0.0,0.0,0.0,1.0,0.0,0.0,0.0,0.0,0.0,0.0,0.0,1.0,0.0,0.0,0.0,0.0,0.0,0.0,0.0
204.0,23.0,13.0,379.5,284.0,371.0,7.0,5.0,12.0,2023.0,13.0,19.5,1.0,1,0.0,0.0,0.0,1.0,0.0,0.0,0.0,0.0,0.0,0.0,0.0,0.0,0.0,0.0,0.0,1.0,0.0,0.0,0.0
3.0,0.0,0.0,165.0,168.0,138.0,0.0,2.5,0.0,2022.0,13.5,21.0,1.0,1,0.0,1.0,0.0,0.0,0.0,0.0,0.0,0.0,0.0,0.0,0.0,1.0,0.0,0.0,0.0,0.0,0.0,0.0,0.0
289.5,22.0,9.0,180.0,120.0,461.0,2.0,3.0,9.0,2023.0,13.0,19.5,2.0,1,0.0,1.0,0.0,0.0,0.0,0.0,0.0,0.0,0.0,0.0,0.0,0.0,0.0,0.0,0.0,0.0,1.0,0.0,0.0
78.0,4.0,2.0,119.0,38.0,130.0,1.0,5.0,7.0,2015.0,13.0,19.5,2.0,0,0.0,1.0,0.0,0.0,0.0,0.0,0.0,0.0,0.0,0.0,1.0,0.0,0.0,0.0,0.0,0.0,0.0,0.0,0.0
9.0,1.0,1.0,296.0,136.0,228.0,0.0,3.0,1.0,2022.0,13.5,19.5,2.0,1,0.0,1.0,0.0,0.0,0.0,0.0,0.0,0.0,0.0,0.0,0.0,1.0,0.0,0.0,0.0,0.0,0.0,0.0,0.0
48.0,3.0,11.0,158.5,137.0,96.0,3.0,5.0,4.0,2024.0,13.5,19.5,3.0,1,0.0,1.0,0.0,0.0,0.0,0.0,0.0,0.0,0.0,0.0,0.0,1.0,0.0,0.0,0.0,0.0,0.0,0.0,0.0
216.0,23.5,22.0,299.0,384.0,166.0,4.0,4.0,12.0,2015.0,13.5,21.0,3.5,1,0.0,0.0,0.0,0.0,0.0,1.0,0.0,0.0,0.0,0.0,0.0,1.0,0.0,0.0,0.0,0.0,0.0,0.0,0.0
53.0,2.0,7.0,165.0,128.0,223.0,5.0,4.0,7.0,2020.0,13.5,19.5,1.0,1,0.0,1.0,0.0,0.0,0.0,0.0,0.0,0.0,0.0,0.0,1.0,0.0,0.0,0.0,0.0,0.0,0.0,0.0,0.0
169.0,22.0,20.0,150.0,128.0,482.5,8.0,4.0,24.0,2018.0,13.5,21.0,1.0,1,0.0,0.0,0.0,0.0,1.0,0.0,0.0,0.0,0.0,0.0,0.0,1.0,0.0,0.0,0.0,0.0,0.0,0.0,0.0
5.0,1.0,0.0,251.0,366.0,73.0,0.0,5.0,1.0,2023.0,13.5,19.5,1.0,1,0.0,1.0,0.0,0.0,0.0,0.0,0.0,0.0,0.0,0.0,0.0,1.0,0.0,0.0,0.0,0.0,0.0,0.0,0.0
2.0,0.0,0.0,200.0,60.0,23.0,0.0,2.5,0.0,2023.0,13.5,21.0,1.0,1,0.0,1.0,0.0,0.0,0.0,0.0,0.0,0.0,0.0,0.0,0.0,1.0,0.0,0.0,0.0,0.0,0.0,0.0,0.0
48.0,8.0,4.0,150.0,364.0,216.0,3.0,4.0,5.0,2021.0,13.5,21.0,2.0,1,0.0,1.0,0.0,0.0,0.0,0.0,0.0,0.0,0.0,0.0,0.0,1.0,0.0,0.0,0.0,0.0,0.0,0.0,0.0
49.0,3.0,3.0,165.0,140.0,44.0,0.0,5.0,1.0,2021.0,13.5,21.0,1.0,1,0.0,1.0,0.0,0.0,0.0,0.0,0.0,0.0,0.0,0.0,1.0,0.0,0.0,0.0,0.0,0.0,0.0,0.0,0.0
44.0,2.0,2.0,515.0,612.0,152.0,0.0,4.0,1.0,2023.0,13.0,20.0,1.0,1,0.0,1.0,0.0,0.0,0.0,0.0,0.0,0.0,0.0,0.0,0.0,1.0,0.0,0.0,0.0,0.0,0.0,0.0,0.0
64.0,8.0,3.0,200.0,196.0,142.0,0.0,5.0,4.0,2021.0,13.0,20.0,1.0,1,0.0,1.0,0.0,0.0,0.0,0.0,0.0,0.0,0.0,0.0,0.0,1.0,0.0,0.0,0.0,0.0,0.0,0.0,0.0
289.5,23.5,23.5,464.5,354.0,482.5,12.5,5.0,28.5,2023.0,13.0,19.5,1.0,1,0.0,0.0,0.0,1.0,0.0,0.0,0.0,0.0,0.0,0.0,0.0,0.0,1.0,0.0,0.0,0.0,0.0,0.0,0.0
19.0,0.0,0.0,181.0,248.0,38.0,0.0,5.0,1.0,2024.0,13.5,19.5,1.0,1,0.0,0.0,0.0,0.0,0.0,0.0,0.0,0.0,0.0,1.0,0.0,0.0,0.0,0.0,0.0,0.0,0.0,0.0,1.0
12.0,1.0,0.0,320.0,376.0,19.0,0.0,5.0,1.0,2023.0,13.5,19.5,1.0,1,0.0,0.0,0.0,0.0,0.0,0.0,0.0,0.0,1.0,0.0,0.0,0.0,0.0,0.0,1.0,0.0,0.0,0.0,0.0
1.0,0.0,0.0,180.0,240.0,2.0,0.0,2.5,0.0,2021.0,13.5,19.5,1.0,1,1.0,0.0,0.0,0.0,0.0,0.0,0.0,0.0,0.0,0.0,0.0,0.0,0.0,0.0,0.0,0.0,0.0,0.0,0.0
238.0,23.5,10.0,400.0,352.0,255.0,6.0,5.0,13.0,2016.0,13.5,21.0,1.0,1,0.0,0.0,0.0,0.0,0.0,0.0,0.0,1.0,0.0,0.0,0.0,0.0,0.0,0.0,0.0,0.0,0.0,0.0,0.0
47.0,8.0,6.0,129.0,88.0,166.0,2.0,5.0,2.0,2023.0,12.5,19.5,1.0,1,0.0,1.0,0.0,0.0,0.0,0.0,0.0,0.0,0.0,0.0,0.0,1.0,0.0,0.0,0.0,0.0,0.0,0.0,0.0
27.0,4.0,1.0,194.5,124.0,42.0,0.0,4.0,1.0,2024.0,13.0,19.5,3.0,1,0.0,0.0,0.0,1.0,0.0,0.0,0.0,0.0,0.0,0.0,1.0,0.0,0.0,0.0,0.0,0.0,0.0,0.0,0.0
14.0,3.0,1.0,300.0,284.0,11.0,1.0,5.0,2.0,2020.0,13.5,21.0,2.0,1,0.0,0.0,0.0,0.0,0.0,0.0,0.0,0.0,1.0,0.0,0.0,0.0,0.0,0.0,1.0,0.0,0.0,0.0,0.0
51.0,2.0,1.0,164.5,96.0,18.0,0.0,5.0,2.0,2023.0,13.0,19.5,3.5,1,0.0,0.0,0.0,1.0,0.0,0.0,0.0,0.0,0.0,0.0,0.0,1.0,0.0,0.0,0.0,0.0,0.0,0.0,0.0
42.0,0.0,3.0,285.0,294.0,80.0,3.0,5.0,3.0,2022.0,13.5,21.0,1.0,1,0.0,1.0,0.0,0.0,0.0,0.0,0.0,0.0,0.0,0.0,0.0,0.0,0.0,0.0,0.0,0.0,0.0,0.0,1.0
53.0,3.0,2.0,515.0,612.0,22.0,1.0,3.0,2.0,2019.0,13.5,21.0,3.5,1,0.0,1.0,0.0,0.0,0.0,0.0,0.0,0.0,0.0,0.0,0.0,0.0,0.0,0.0,1.0,0.0,0.0,0.0,0.0
6.0,2.0,0.0,280.0,296.0,14.0,0.0,5.0,1.0,2023.0,13.5,21.0,2.0,1,1.0,0.0,0.0,0.0,0.0,0.0,0.0,0.0,0.0,0.0,0.0,0.0,0.0,0.0,0.0,0.0,0.0,0.0,1.0
221.0,14.0,10.0,515.0,612.0,268.0,7.0,5.0,12.0,2020.0,13.5,21.0,3.5,1,0.0,0.0,0.0,0.0,0.0,1.0,0.0,0.0,0.0,0.0,0.0,1.0,0.0,0.0,0.0,0.0,0.0,0.0,0.0
13.0,2.0,0.0,360.0,400.0,13.0,0.0,5.0,1.0,2022.0,13.5,21.0,2.0,1,1.0,0.0,0.0,0.0,0.0,0.0,0.0,0.0,0.0,0.0,0.0,0.0,0.0,0.0,0.0,0.0,1.0,0.0,0.0
29.0,0.0,2.0,85.0,24.0,83.0,1.0,4.0,4.0,2019.0,14.25,22.0,3.0,1,0.0,1.0,0.0,0.0,0.0,0.0,0.0,0.0,0.0,0.0,0.0,0.0,0.0,0.0,0.0,0.0,0.0,1.0,0.0
150.0,23.0,23.5,299.0,360.0,434.0,9.0,4.0,28.5,2016.0,12.25,19.0,3.0,1,0.0,0.0,0.0,0.0,0.0,1.0,0.0,0.0,0.0,0.0,0.0,1.0,0.0,0.0,0.0,0.0,0.0,0.0,0.0
185.0,10.0,8.0,210.0,238.0,482.5,4.0,5.0,6.0,2024.0,13.0,19.5,1.0,1,0.0,1.0,0.0,0.0,0.0,0.0,0.0,0.0,0.0,0.0,0.0,0.0,0.0,0.0,0.0,0.0,1.0,0.0,0.0
227.0,10.0,3.0,299.0,352.0,324.0,1.0,5.0,7.0,2023.0,13.0,19.5,1.0,1,0.0,1.0,0.0,0.0,0.0,0.0,0.0,0.0,0.0,0.0,0.0,0.0,1.0,0.0,0.0,0.0,0.0,0.0,0.0
83.0,4.0,15.0,320.0,280.0,322.0,9.0,5.0,12.0,2024.0,13.5,19.5,1.0,1,0.0,1.0,0.0,0.0,0.0,0.0,0.0,0.0,0.0,0.0,0.0,0.0,0.0,0.0,1.0,0.0,0.0,0.0,0.0
28.0,4.0,5.0,280.0,164.0,89.0,1.0,5.0,3.0,2023.0,13.5,21.0,3.5,1,0.0,1.0,0.0,0.0,0.0,0.0,0.0,0.0,0.0,0.0,0.0,0.0,0.0,0.0,0.0,1.0,0.0,0.0,0.0
8.0,0.0,2.0,125.0,142.0,43.0,1.0,4.0,1.0,2021.0,12.5,19.5,1.0,1,0.0,1.0,0.0,0.0,0.0,0.0,0.0,0.0,0.0,0.0,0.0,1.0,0.0,0.0,0.0,0.0,0.0,0.0,0.0
186.0,13.0,7.0,310.0,247.0,136.0,4.0,5.0,18.0,2009.0,13.5,19.5,1.0,1,0.0,1.0,0.0,0.0,0.0,0.0,0.0,0.0,0.0,0.0,0.0,0.0,0.0,0.0,1.0,0.0,0.0,0.0,0.0
93.0,8.0,3.0,269.0,320.0,47.0,1.0,5.0,4.0,2015.0,13.5,21.0,3.5,1,0.0,0.0,0.0,0.0,0.0,1.0,0.0,0.0,0.0,0.0,0.0,1.0,0.0,0.0,0.0,0.0,0.0,0.0,0.0
7.0,0.0,0.0,294.0,98.0,66.0,0.0,2.5,0.0,2022.0,13.5,19.5,2.0,1,0.0,1.0,0.0,0.0,0.0,0.0,0.0,0.0,0.0,0.0,0.0,0.0,0.0,0.0,0.0,0.0,0.0,0.0,1.0
289.5,23.5,8.0,515.0,612.0,464.0,6.0,4.0,13.0,2020.0,13.5,21.0,3.5,1,0.0,0.0,0.0,0.0,0.0,1.0,0.0,0.0,0.0,0.0,0.0,1.0,0.0,0.0,0.0,0.0,0.0,0.0,0.0
26.0,2.0,0.0,499.0,445.0,82.0,0.0,5.0,1.0,2023.0,14.25,23.0,1.0,1,0.0,1.0,0.0,0.0,0.0,0.0,0.0,0.0,0.0,0.0,0.0,0.0,0.0,0.0,1.0,0.0,0.0,0.0,0.0
49.0,3.0,6.0,515.0,344.0,67.0,2.0,5.0,4.0,2017.0,13.7,21.5,2.0,0,0.0,1.0,0.0,0.0,0.0,0.0,0.0,0.0,0.0,0.0,1.0,0.0,0.0,0.0,0.0,0.0,0.0,0.0,0.0
10.0,1.0,3.0,156.0,155.0,270.0,0.0,2.5,0.0,2021.0,12.5,19.5,1.0,1,0.0,0.0,1.0,0.0,0.0,0.0,0.0,0.0,0.0,0.0,0.0,1.0,0.0,0.0,0.0,0.0,0.0,0.0,0.0
14.0,5.0,4.0,104.5,48.0,16.0,0.0,2.5,0.0,2023.0,13.0,19.5,2.0,1,0.0,0.0,0.0,1.0,0.0,0.0,0.0,0.0,0.0,0.0,0.0,1.0,0.0,0.0,0.0,0.0,0.0,0.0,0.0
25.0,5.0,2.0,120.0,76.0,88.0,2.0,5.0,6.0,2022.0,13.5,21.0,1.0,1,0.0,0.0,0.0,0.0,0.0,0.0,1.0,0.0,0.0,0.0,0.0,0.0,1.0,0.0,0.0,0.0,0.0,0.0,0.0
5.0,0.0,0.0,220.0,185.0,8.0,0.0,2.5,0.0,2023.0,13.0,20.0,1.0,1,0.0,0.0,0.0,0.0,0.0,0.0,0.0,0.0,1.0,0.0,1.0,0.0,0.0,0.0,0.0,0.0,0.0,0.0,0.0
43.0,3.0,2.0,270.0,294.0,75.0,0.0,2.5,0.0,2021.0,13.5,21.0,2.0,1,0.0,0.0,0.0,0.0,0.0,0.0,0.0,0.0,1.0,0.0,1.0,0.0,0.0,0.0,0.0,0.0,0.0,0.0,0.0
7.0,0.0,0.0,263.5,272.0,3.0,0.0,2.5,0.0,2022.0,13.5,19.5,2.0,0,0.0,1.0,0.0,0.0,0.0,0.0,0.0,0.0,0.0,0.0,0.0,1.0,0.0,0.0,0.0,0.0,0.0,0.0,0.0
269.0,13.0,4.0,450.0,432.0,127.0,1.0,5.0,7.0,2022.0,13.5,21.0,1.0,1,0.0,0.0,0.0,0.0,0.0,0.0,0.0,1.0,0.0,0.0,0.0,0.0,0.0,0.0,0.0,0.0,0.0,0.0,0.0
18.0,2.0,2.0,170.0,145.0,19.0,0.0,5.0,1.0,2021.0,13.5,21.0,1.0,1,0.0,0.0,0.0,0.0,0.0,0.0,1.0,0.0,0.0,0.0,0.0,1.0,0.0,0.0,0.0,0.0,0.0,0.0,0.0
13.0,0.0,1.0,180.0,64.0,3.0,0.0,2.5,0.0,2020.0,14.25,21.0,1.0,1,1.0,0.0,0.0,0.0,0.0,0.0,0.0,0.0,0.0,0.0,1.0,0.0,0.0,0.0,0.0,0.0,0.0,0.0,0.0
38.0,16.0,3.0,239.5,160.0,223.0,3.0,5.0,9.0,2023.0,13.0,19.5,3.5,1,0.0,0.0,0.0,1.0,0.0,0.0,0.0,0.0,0.0,0.0,0.0,1.0,0.0,0.0,0.0,0.0,0.0,0.0,0.0
77.0,3.0,7.0,220.0,230.0,84.0,2.0,5.0,7.0,2020.0,13.0,20.0,2.0,1,0.0,0.0,0.0,0.0,0.0,0.0,0.0,0.0,1.0,0.0,1.0,0.0,0.0,0.0,0.0,0.0,0.0,0.0,0.0
135.0,23.5,23.5,300.0,422.0,174.0,12.5,5.0,28.5,2015.0,13.5,21.0,1.0,1,0.0,1.0,0.0,0.0,0.0,0.0,0.0,0.0,0.0,0.0,1.0,0.0,0.0,0.0,0.0,0.0,0.0,0.0,0.0
80.0,3.0,15.0,285.0,336.0,138.0,8.0,4.0,16.0,2009.0,13.5,21.5,1.0,1,0.0,0.0,0.0,0.0,0.0,0.0,0.0,0.0,0.0,0.0,0.0,1.0,0.0,0.0,0.0,0.0,0.0,0.0,0.0
103.0,9.0,8.0,194.5,124.0,230.0,6.0,5.0,8.0,2021.0,13.0,19.5,1.0,1,0.0,0.0,0.0,1.0,0.0,0.0,0.0,0.0,0.0,0.0,0.0,1.0,0.0,0.0,0.0,0.0,0.0,0.0,0.0
161.0,12.0,23.5,249.0,336.0,299.0,7.0,4.0,28.5,2015.0,13.5,21.0,3.5,1,0.0,0.0,0.0,0.0,0.0,1.0,0.0,0.0,0.0,0.0,0.0,1.0,0.0,0.0,0.0,0.0,0.0,0.0,0.0
47.0,6.0,3.0,404.5,302.0,103.0,2.0,5.0,3.0,2023.0,13.0,19.5,3.5,1,0.0,0.0,0.0,1.0,0.0,0.0,0.0,0.0,0.0,0.0,0.0,1.0,0.0,0.0,0.0,0.0,0.0,0.0,0.0
132.0,6.0,4.0,350.0,408.0,137.0,2.0,5.0,7.0,2014.0,13.5,21.0,1.0,1,0.0,1.0,0.0,0.0,0.0,0.0,0.0,0.0,0.0,0.0,0.0,0.0,0.0,0.0,0.0,0.0,1.0,0.0,0.0
65.0,6.0,5.0,149.0,208.0,148.0,2.0,5.0,7.0,2016.0,13.5,21.0,3.5,1,0.0,1.0,0.0,0.0,0.0,0.0,0.0,0.0,0.0,0.0,0.0,1.0,0.0,0.0,0.0,0.0,0.0,0.0,0.0
14.0,2.0,1.0,100.0,110.0,46.0,1.0,4.0,3.0,2023.0,13.5,19.0,1.0,0,0.0,1.0,0.0,0.0,0.0,0.0,0.0,0.0,0.0,0.0,1.0,0.0,0.0,0.0,0.0,0.0,0.0,0.0,0.0
15.0,0.0,1.0,125.0,127.0,61.0,0.0,5.0,2.0,2021.0,12.5,19.5,1.0,1,0.0,1.0,0.0,0.0,0.0,0.0,0.0,0.0,0.0,0.0,0.0,1.0,0.0,0.0,0.0,0.0,0.0,0.0,0.0
53.0,5.0,0.0,275.0,203.0,70.0,3.0,4.0,4.0,2018.0,14.25,23.25,1.0,0,0.0,1.0,0.0,0.0,0.0,0.0,0.0,0.0,0.0,0.0,1.0,0.0,0.0,0.0,0.0,0.0,0.0,0.0,0.0
8.0,1.0,0.0,220.0,240.0,13.0,0.0,4.0,1.0,2022.0,13.5,21.0,3.0,1,1.0,0.0,0.0,0.0,0.0,0.0,0.0,0.0,0.0,0.0,0.0,1.0,0.0,0.0,0.0,0.0,0.0,0.0,0.0
50.0,5.0,0.0,420.0,425.0,40.0,1.0,5.0,1.0,2024.0,13.5,19.5,2.0,1,0.0,0.0,0.0,0.0,0.0,0.0,1.0,0.0,0.0,0.0,0.0,0.0,0.0,0.0,1.0,0.0,0.0,0.0,0.0
128.0,10.0,13.0,150.0,136.0,241.0,7.0,5.0,14.0,2019.0,13.5,21.0,1.0,1,0.0,0.0,0.0,0.0,1.0,0.0,0.0,0.0,0.0,0.0,0.0,0.0,0.0,0.0,0.0,0.0,0.0,0.0,1.0
57.0,7.0,12.0,299.0,472.0,71.0,2.0,5.0,9.0,2015.0,13.5,21.0,3.5,1,0.0,0.0,0.0,0.0,0.0,1.0,0.0,0.0,0.0,0.0,0.0,1.0,0.0,0.0,0.0,0.0,0.0,0.0,0.0
45.0,4.0,3.0,149.0,199.0,29.0,3.0,5.0,5.0,2022.0,13.5,21.0,3.5,1,0.0,1.0,0.0,0.0,0.0,0.0,0.0,0.0,0.0,0.0,0.0,0.0,0.0,0.0,0.0,0.0,1.0,0.0,0.0
20.0,0.0,4.0,200.0,136.0,21.0,0.0,2.5,0.0,2024.0,13.5,19.5,1.0,1,0.0,0.0,0.0,0.0,0.0,0.0,1.0,0.0,0.0,0.0,0.0,0.0,1.0,0.0,0.0,0.0,0.0,0.0,0.0
67.0,1.0,2.0,515.0,236.5,65.0,0.0,2.5,0.0,2023.0,13.5,19.5,3.5,1,0.0,1.0,0.0,0.0,0.0,0.0,0.0,0.0,0.0,0.0,0.0,0.0,0.0,0.0,0.0,0.0,0.0,1.0,0.0
33.0,3.0,1.0,250.0,158.0,20.0,1.0,4.0,4.0,2024.0,13.5,19.5,1.0,1,0.0,1.0,0.0,0.0,0.0,0.0,0.0,0.0,0.0,0.0,0.0,0.0,1.0,0.0,0.0,0.0,0.0,0.0,0.0
81.0,10.0,23.5,249.0,272.0,130.0,9.0,4.0,27.0,2015.0,13.5,21.0,3.5,1,0.0,0.0,0.0,0.0,0.0,1.0,0.0,0.0,0.0,0.0,0.0,1.0,0.0,0.0,0.0,0.0,0.0,0.0,0.0
8.0,2.0,0.0,300.0,508.0,11.0,0.0,2.5,0.0,2021.0,13.5,19.5,1.0,0,0.0,1.0,0.0,0.0,0.0,0.0,0.0,0.0,0.0,0.0,0.0,0.0,0.0,0.0,0.0,0.0,1.0,0.0,0.0
289.5,23.5,14.0,180.0,168.0,53.0,4.0,5.0,5.0,2020.0,13.5,19.5,2.0,1,1.0,0.0,0.0,0.0,0.0,0.0,0.0,0.0,0.0,0.0,0.0,1.0,0.0,0.0,0.0,0.0,0.0,0.0,0.0
203.0,23.5,23.5,299.0,320.0,482.5,12.5,4.0,28.5,2016.0,13.5,21.0,1.0,1,0.0,0.0,0.0,0.0,0.0,1.0,0.0,0.0,0.0,0.0,0.0,1.0,0.0,0.0,0.0,0.0,0.0,0.0,0.0
107.0,8.0,1.0,240.0,202.0,197.0,1.0,5.0,7.0,2023.0,13.0,19.5,1.0,1,0.0,1.0,0.0,0.0,0.0,0.0,0.0,0.0,0.0,0.0,0.0,0.0,0.0,0.0,1.0,0.0,0.0,0.0,0.0
84.0,4.0,1.0,250.0,152.0,86.0,1.0,5.0,4.0,2010.0,13.5,21.0,1.0,1,0.0,0.0,0.0,0.0,0.0,0.0,0.0,1.0,0.0,0.0,0.0,0.0,1.0,0.0,0.0,0.0,0.0,0.0,0.0
289.5,14.0,5.0,400.0,254.0,209.0,3.0,5.0,6.0,2023.0,13.5,19.5,1.0,0,0.0,1.0,0.0,0.0,0.0,0.0,0.0,0.0,0.0,0.0,0.0,0.0,0.0,0.0,0.0,0.0,1.0,0.0,0.0
2.207,23.5,23.5,200.0,160.0,482.5,12.5,4.0,28.5,2025.0,13.5,19.5,1.0,1,0.0,1.0,0.0,0.0,0.0,0.0,0.0,0.0,0.0,0.0,0.0,1.0,0.0,0.0,0.0,0.0,0.0,0.0,0.0
289.5,15.0,22.0,515.0,612.0,460.0,11.0,4.0,22.0,2020.0,13.5,21.0,3.0,1,0.0,0.0,0.0,0.0,0.0,1.0,0.0,0.0,0.0,0.0,0.0,1.0,0.0,0.0,0.0,0.0,0.0,0.0,0.0
12.0,0.0,0.0,220.0,210.0,34.0,0.0,2.5,0.0,2022.0,12.25,17.25,1.0,1,0.0,0.0,0.0,0.0,0.0,0.0,0.0,0.0,1.0,0.0,1.0,0.0,0.0,0.0,0.0,0.0,0.0,0.0,0.0
164.0,10.0,23.5,299.0,480.0,205.0,12.0,5.0,28.5,2013.0,13.5,21.0,3.0,1,0.0,0.0,0.0,0.0,0.0,1.0,0.0,0.0,0.0,0.0,0.0,1.0,0.0,0.0,0.0,0.0,0.0,0.0,0.0
158.0,13.0,10.0,340.0,200.0,210.0,7.0,5.0,16.0,2019.0,13.5,21.0,1.0,1,0.0,1.0,0.0,0.0,0.0,0.0,0.0,0.0,0.0,0.0,0.0,0.0,0.0,0.0,0.0,0.0,1.0,0.0,0.0
72.0,14.0,8.0,380.0,232.0,91.0,3.0,4.0,11.0,2012.0,13.5,21.5,1.0,1,0.0,1.0,0.0,0.0,0.0,0.0,0.0,0.0,0.0,0.0,0.0,1.0,0.0,0.0,0.0,0.0,0.0,0.0,0.0
15.0,1.0,0.0,139.5,76.0,21.0,0.0,2.5,0.0,2022.0,13.0,19.5,1.0,1,0.0,0.0,0.0,1.0,0.0,0.0,0.0,0.0,0.0,0.0,0.0,1.0,0.0,0.0,0.0,0.0,0.0,0.0,0.0
87.0,8.0,13.0,269.0,312.0,58.0,0.0,4.0,7.0,2014.0,13.5,21.0,3.5,1,0.0,0.0,0.0,0.0,0.0,1.0,0.0,0.0,0.0,0.0,1.0,0.0,0.0,0.0,0.0,0.0,0.0,0.0,0.0
28.0,3.0,1.0,140.0,179.0,70.0,1.0,5.0,3.0,2006.0,13.5,21.0,1.0,1,0.0,1.0,0.0,0.0,0.0,0.0,0.0,0.0,0.0,0.0,0.0,0.0,0.0,0.0,0.0,0.0,0.0,0.0,1.0
12.0,1.0,1.0,230.0,240.0,12.0,0.0,5.0,2.0,2023.0,13.5,21.0,1.0,1,0.0,1.0,0.0,0.0,0.0,0.0,0.0,0.0,0.0,0.0,0.0,0.0,0.0,0.0,1.0,0.0,0.0,0.0,0.0
247.0,3.0,23.5,299.0,320.0,206.0,11.0,4.0,21.0,2012.0,13.5,21.0,2.0,1,0.0,0.0,0.0,0.0,0.0,1.0,0.0,0.0,0.0,0.0,0.0,1.0,0.0,0.0,0.0,0.0,0.0,0.0,0.0
23.0,1.0,0.0,270.0,255.0,16.0,0.0,2.5,0.0,2024.0,13.5,19.5,1.0,1,0.0,0.0,0.0,0.0,0.0,0.0,1.0,0.0,0.0,0.0,0.0,0.0,0.0,1.0,0.0,0.0,0.0,0.0,0.0
38.0,0.0,0.0,270.0,236.5,48.0,0.0,2.5,0.0,2024.0,13.5,19.5,1.0,1,0.0,0.0,0.0,0.0,0.0,0.0,1.0,0.0,0.0,0.0,0.0,0.0,0.0,0.0,0.0,0.0,1.0,0.0,0.0
103.0,16.0,1.0,499.5,402.0,116.0,2.0,5.0,7.0,2024.0,13.0,19.5,1.0,1,0.0,0.0,0.0,1.0,0.0,0.0,0.0,0.0,0.0,0.0,0.0,0.0,0.0,0.0,1.0,0.0,0.0,0.0,0.0
50.0,0.0,1.0,220.0,208.0,50.0,2.0,4.0,2.0,2020.0,13.0,20.0,1.0,1,0.0,0.0,0.0,0.0,0.0,0.0,0.0,0.0,1.0,0.0,1.0,0.0,0.0,0.0,0.0,0.0,0.0,0.0,0.0
289.5,11.0,23.5,249.0,416.0,382.0,12.5,4.0,28.5,2010.0,13.5,21.0,2.0,1,0.0,0.0,0.0,0.0,0.0,1.0,0.0,0.0,0.0,0.0,0.0,1.0,0.0,0.0,0.0,0.0,0.0,0.0,0.0
91.0,8.0,9.0,515.0,541.0,327.0,7.0,4.0,13.0,2015.0,13.5,21.0,3.5,1,0.0,1.0,0.0,0.0,0.0,0.0,0.0,0.0,0.0,0.0,1.0,0.0,0.0,0.0,0.0,0.0,0.0,0.0,0.0
158.0,12.0,20.0,234.0,288.0,232.0,6.0,4.0,22.0,2021.0,13.5,21.0,3.5,1,0.0,0.0,0.0,0.0,0.0,0.0,0.0,0.0,0.0,1.0,1.0,0.0,0.0,0.0,0.0,0.0,0.0,0.0,0.0
161.0,12.0,4.0,350.0,384.0,205.0,5.0,5.0,16.0,2013.0,13.5,19.5,3.0,1,0.0,0.0,0.0,0.0,0.0,0.0,0.0,1.0,0.0,0.0,0.0,0.0,0.0,0.0,0.0,0.0,0.0,0.0,1.0
172.0,9.0,1.0,290.0,236.5,129.0,1.0,4.0,8.0,2013.0,13.5,21.0,3.5,1,0.0,1.0,0.0,0.0,0.0,0.0,0.0,0.0,0.0,0.0,0.0,0.0,0.0,0.0,0.0,1.0,0.0,0.0,0.0
10.0,1.0,0.0,250.0,288.0,6.0,0.0,2.5,0.0,2021.0,13.5,19.5,1.0,1,1.0,0.0,0.0,0.0,0.0,0.0,0.0,0.0,0.0,0.0,0.0,1.0,0.0,0.0,0.0,0.0,0.0,0.0,0.0
8.0,0.0,0.0,223.5,169.0,80.0,0.0,2.5,0.0,2024.0,14.0,21.0,1.0,1,0.0,1.0,0.0,0.0,0.0,0.0,0.0,0.0,0.0,0.0,0.0,0.0,0.0,0.0,0.0,0.0,0.0,0.0,1.0
6.0,2.0,1.0,150.0,64.0,5.0,1.0,5.0,1.0,2021.0,14.25,22.0,1.0,1,0.0,0.0,0.0,0.0,1.0,0.0,0.0,0.0,0.0,0.0,0.0,1.0,0.0,0.0,0.0,0.0,0.0,0.0,0.0
67.0,7.0,9.0,250.0,304.0,102.0,6.0,5.0,8.0,2011.0,14.0,20.0,1.0,1,0.0,0.0,0.0,0.0,0.0,0.0,0.0,0.0,0.0,0.0,0.0,1.0,0.0,0.0,0.0,0.0,0.0,0.0,0.0
3.0,1.0,0.0,220.0,242.0,6.0,0.0,2.5,0.0,2023.0,13.5,19.5,1.0,1,0.0,0.0,0.0,0.0,0.0,0.0,1.0,0.0,0.0,0.0,0.0,0.0,0.0,0.0,1.0,0.0,0.0,0.0,0.0
202.0,16.0,6.0,340.0,434.0,61.0,4.0,5.0,12.0,2019.0,13.5,21.0,1.0,1,1.0,0.0,0.0,0.0,0.0,0.0,0.0,0.0,0.0,0.0,0.0,1.0,0.0,0.0,0.0,0.0,0.0,0.0,0.0
46.0,4.0,3.0,220.0,248.0,232.0,1.0,4.0,4.0,2021.0,13.5,21.0,2.0,1,0.0,1.0,0.0,0.0,0.0,0.0,0.0,0.0,0.0,0.0,0.0,0.0,0.0,0.0,1.0,0.0,0.0,0.0,0.0
159.0,10.0,15.0,140.0,136.0,256.0,10.0,5.0,20.0,2013.0,12.5,19.5,1.0,1,0.0,0.0,0.0,0.0,0.0,0.0,0.0,0.0,0.0,0.0,0.0,0.0,0.0,0.0,0.0,0.0,1.0,0.0,0.0
25.0,2.0,4.0,182.0,200.0,75.0,0.0,2.5,0.0,2022.0,13.5,19.5,1.0,1,0.0,0.0,0.0,0.0,0.0,0.0,0.0,0.0,0.0,1.0,0.0,1.0,0.0,0.0,0.0,0.0,0.0,0.0,0.0
49.0,4.0,3.0,200.0,192.0,31.0,3.0,3.0,6.0,2016.0,13.0,19.5,1.0,1,0.0,0.0,0.0,0.0,0.0,0.0,0.0,1.0,0.0,0.0,0.0,0.0,1.0,0.0,0.0,0.0,0.0,0.0,0.0
78.0,7.0,21.0,273.0,88.0,133.0,12.5,5.0,24.0,2018.0,14.25,21.0,1.0,1,0.0,0.0,0.0,0.0,0.0,0.0,0.0,0.0,0.0,1.0,0.0,0.0,0.0,0.0,0.0,0.0,0.0,1.0,0.0
248.0,16.0,17.0,350.0,288.0,272.0,12.5,5.0,24.0,2017.0,14.0,22.0,1.0,1,0.0,0.0,0.0,0.0,0.0,0.0,0.0,1.0,0.0,0.0,0.0,0.0,0.0,0.0,0.0,0.0,1.0,0.0,0.0
289.5,16.0,6.0,350.0,232.0,192.0,7.0,5.0,12.0,2013.0,13.5,21.0,2.0,1,0.0,0.0,0.0,0.0,0.0,0.0,0.0,1.0,0.0,0.0,0.0,0.0,0.0,0.0,0.0,0.0,0.0,0.0,0.0
4.0,1.0,0.0,250.0,224.0,1.0,0.0,2.5,0.0,2024.0,13.5,21.0,3.5,1,0.0,1.0,0.0,0.0,0.0,0.0,0.0,0.0,0.0,0.0,0.0,1.0,0.0,0.0,0.0,0.0,0.0,0.0,0.0
57.0,5.0,2.0,184.0,144.0,73.0,2.0,4.0,6.0,2015.0,13.0,19.5,3.5,1,0.0,1.0,0.0,0.0,0.0,0.0,0.0,0.0,0.0,0.0,0.0,0.0,0.0,0.0,1.0,0.0,0.0,0.0,0.0
11.0,0.0,0.0,300.0,320.0,52.0,2.0,2.5,0.0,2025.0,13.5,19.5,2.0,1,0.0,1.0,0.0,0.0,0.0,0.0,0.0,0.0,0.0,0.0,1.0,0.0,0.0,0.0,0.0,0.0,0.0,0.0,0.0
65.0,5.0,5.0,120.0,168.0,126.0,2.0,3.0,11.0,2018.0,13.5,19.5,1.0,1,0.0,1.0,0.0,0.0,0.0,0.0,0.0,0.0,0.0,0.0,0.0,0.0,0.0,0.0,0.0,0.0,0.0,0.0,0.0
144.0,8.0,23.5,220.0,256.0,241.0,12.5,4.0,27.0,2011.0,13.5,21.5,1.0,1,0.0,0.0,0.0,0.0,0.0,0.0,0.0,0.0,0.0,0.0,0.0,1.0,0.0,0.0,0.0,0.0,0.0,0.0,0.0
155.0,13.0,23.5,299.0,352.0,281.0,4.0,4.0,19.0,2019.0,13.5,21.0,3.0,1,0.0,0.0,0.0,0.0,0.0,1.0,0.0,0.0,0.0,0.0,0.0,1.0,0.0,0.0,0.0,0.0,0.0,0.0,0.0
289.5,23.5,14.0,380.0,272.0,482.5,12.5,5.0,23.0,2022.0,12.5,19.5,1.0,1,0.0,1.0,0.0,0.0,0.0,0.0,0.0,0.0,0.0,0.0,0.0,1.0,0.0,0.0,0.0,0.0,0.0,0.0,0.0
38.0,6.0,4.0,414.4,314.0,150.0,1.0,5.0,4.0,2021.0,13.0,19.5,1.0,1,0.0,0.0,0.0,1.0,0.0,0.0,0.0,0.0,0.0,0.0,0.0,1.0,0.0,0.0,0.0,0.0,0.0,0.0,0.0
33.0,5.0,0.0,510.0,560.0,40.0,0.0,5.0,2.0,2016.0,13.5,19.5,3.5,1,0.0,1.0,0.0,0.0,0.0,0.0,0.0,0.0,0.0,0.0,1.0,0.0,0.0,0.0,0.0,0.0,0.0,0.0,0.0
95.0,14.0,10.0,269.5,188.0,103.0,2.0,5.0,7.0,2023.0,13.0,19.5,3.5,1,0.0,0.0,0.0,1.0,0.0,0.0,0.0,0.0,0.0,0.0,0.0,1.0,0.0,0.0,0.0,0.0,0.0,0.0,0.0
2.0,0.0,0.0,242.5,248.0,7.0,0.0,2.5,0.0,2022.0,13.0,19.5,1.0,1,0.0,1.0,0.0,0.0,0.0,0.0,0.0,0.0,0.0,0.0,0.0,1.0,0.0,0.0,0.0,0.0,0.0,0.0,0.0
41.0,11.0,2.0,314.5,228.0,65.0,0.0,5.0,4.0,2024.0,13.0,19.5,3.5,1,0.0,0.0,0.0,1.0,0.0,0.0,0.0,0.0,0.0,0.0,0.0,1.0,0.0,0.0,0.0,0.0,0.0,0.0,0.0
1.199,23.5,23.5,395.0,544.0,482.5,10.0,4.0,22.0,2023.0,13.5,21.0,1.0,1,0.0,1.0,0.0,0.0,0.0,0.0,0.0,0.0,0.0,0.0,0.0,1.0,0.0,0.0,0.0,0.0,0.0,0.0,0.0
33.0,2.0,0.0,400.0,184.0,80.0,2.0,4.0,3.0,2021.0,13.0,20.0,1.0,1,0.0,1.0,0.0,0.0,0.0,0.0,0.0,0.0,0.0,0.0,0.0,1.0,0.0,0.0,0.0,0.0,0.0,0.0,0.0
50.0,3.0,3.0,350.0,492.0,75.0,5.0,4.0,10.0,2015.0,14.25,23.25,1.0,1,0.0,1.0,0.0,0.0,0.0,0.0,0.0,0.0,0.0,0.0,0.0,0.0,0.0,0.0,0.0,0.0,1.0,0.0,0.0
38.0,2.0,2.0,220.0,232.0,41.0,0.0,2.5,0.0,2020.0,13.0,20.0,1.0,1,0.0,0.0,0.0,0.0,0.0,0.0,1.0,0.0,0.0,0.0,0.0,0.0,0.0,0.0,1.0,0.0,0.0,0.0,0.0
286.0,13.0,5.0,250.0,160.0,129.0,2.0,4.0,5.0,2022.0,13.5,21.0,1.0,1,0.0,0.0,0.0,0.0,0.0,0.0,0.0,1.0,0.0,0.0,0.0,0.0,0.0,0.0,0.0,0.0,0.0,0.0,0.0
54.0,4.0,4.0,199.5,128.0,51.0,3.0,4.0,4.0,2022.0,13.5,19.5,3.5,1,0.0,0.0,0.0,1.0,0.0,0.0,0.0,0.0,0.0,0.0,1.0,0.0,0.0,0.0,0.0,0.0,0.0,0.0,0.0
138.0,23.5,22.0,299.0,288.0,482.5,12.5,4.0,28.5,2015.0,14.25,20.0,1.0,1,0.0,0.0,0.0,0.0,0.0,1.0,0.0,0.0,0.0,0.0,1.0,0.0,0.0,0.0,0.0,0.0,0.0,0.0,0.0
137.0,9.0,13.0,144.5,80.0,207.0,7.0,4.0,14.0,2023.0,13.0,19.5,1.0,1,0.0,0.0,0.0,1.0,0.0,0.0,0.0,0.0,0.0,0.0,0.0,1.0,0.0,0.0,0.0,0.0,0.0,0.0,0.0
47.0,9.0,5.0,254.5,176.0,56.0,5.0,5.0,9.0,2022.0,13.0,19.5,1.0,1,0.0,0.0,0.0,1.0,0.0,0.0,0.0,0.0,0.0,0.0,0.0,1.0,0.0,0.0,0.0,0.0,0.0,0.0,0.0
14.0,2.0,0.0,270.0,275.0,24.0,0.0,2.5,0.0,2020.0,13.0,20.0,3.5,1,0.0,0.0,0.0,0.0,0.0,0.0,1.0,0.0,0.0,0.0,0.0,1.0,0.0,0.0,0.0,0.0,0.0,0.0,0.0
14.0,0.0,1.0,149.0,160.0,9.0,0.0,5.0,2.0,2022.0,13.5,21.0,3.5,1,0.0,1.0,0.0,0.0,0.0,0.0,0.0,0.0,0.0,0.0,0.0,1.0,0.0,0.0,0.0,0.0,0.0,0.0,0.0
23.0,1.0,1.0,215.0,112.0,20.0,0.0,2.5,0.0,2023.0,13.0,20.0,1.0,1,0.0,1.0,0.0,0.0,0.0,0.0,0.0,0.0,0.0,0.0,1.0,0.0,0.0,0.0,0.0,0.0,0.0,0.0,0.0
6.0,0.0,1.0,200.0,134.0,16.0,0.0,2.5,0.0,2024.0,13.5,21.0,1.0,1,0.0,0.0,0.0,0.0,0.0,0.0,1.0,0.0,0.0,0.0,0.0,1.0,0.0,0.0,0.0,0.0,0.0,0.0,0.0
260.0,15.0,23.5,300.0,352.0,482.5,12.5,5.0,28.5,2007.0,13.5,21.5,1.0,1,0.0,0.0,0.0,0.0,0.0,0.0,0.0,0.0,0.0,0.0,0.0,1.0,0.0,0.0,0.0,0.0,0.0,0.0,0.0
289.5,12.0,23.5,249.0,240.0,311.0,12.5,4.0,28.5,2014.0,13.5,21.0,3.0,1,0.0,0.0,0.0,0.0,0.0,1.0,0.0,0.0,0.0,0.0,0.0,1.0,0.0,0.0,0.0,0.0,0.0,0.0,0.0
25.0,1.0,0.0,250.0,184.0,29.0,0.0,2.5,0.0,2021.0,13.0,20.0,3.0,1,0.0,0.0,0.0,0.0,0.0,0.0,0.0,0.0,1.0,0.0,0.0,0.0,0.0,0.0,0.0,1.0,0.0,0.0,0.0
13.0,2.0,0.0,150.0,120.0,65.0,2.0,5.0,3.0,2021.0,13.0,19.5,1.0,1,0.0,1.0,0.0,0.0,0.0,0.0,0.0,0.0,0.0,0.0,1.0,0.0,0.0,0.0,0.0,0.0,0.0,0.0,0.0
21.0,1.0,0.0,420.0,362.0,39.0,1.0,5.0,1.0,2023.0,13.5,19.5,1.0,1,0.0,0.0,0.0,0.0,0.0,0.0,1.0,0.0,0.0,0.0,0.0,0.0,0.0,1.0,0.0,0.0,0.0,0.0,0.0
1.0,0.0,0.0,225.0,206.0,107.0,0.0,2.5,0.0,2022.0,13.0,19.5,1.0,1,0.0,1.0,0.0,0.0,0.0,0.0,0.0,0.0,0.0,0.0,0.0,1.0,0.0,0.0,0.0,0.0,0.0,0.0,0.0
146.0,8.0,5.0,300.0,376.0,71.0,2.0,4.0,5.0,2020.0,13.5,21.0,1.0,1,0.0,0.0,0.0,0.0,0.0,0.0,0.0,1.0,0.0,0.0,0.0,0.0,0.0,0.0,0.0,0.0,1.0,0.0,0.0
126.0,7.0,7.0,129.5,68.0,138.0,4.0,4.0,7.0,2023.0,13.0,19.5,1.0,1,0.0,0.0,0.0,1.0,0.0,0.0,0.0,0.0,0.0,0.0,0.0,0.0,1.0,0.0,0.0,0.0,0.0,0.0,0.0
211.0,22.0,23.5,299.0,432.0,226.0,10.0,4.0,26.0,2016.0,13.5,21.0,3.5,1,0.0,0.0,0.0,0.0,0.0,1.0,0.0,0.0,0.0,0.0,1.0,0.0,0.0,0.0,0.0,0.0,0.0,0.0,0.0
12.0,3.0,4.0,495.0,608.0,296.0,3.0,5.0,5.0,2022.0,13.5,21.0,1.0,1,0.0,1.0,0.0,0.0,0.0,0.0,0.0,0.0,0.0,0.0,0.0,1.0,0.0,0.0,0.0,0.0,0.0,0.0,0.0
219.0,17.0,21.0,350.0,310.0,338.0,12.5,5.0,28.5,2010.0,13.5,21.0,2.0,0,0.0,0.0,0.0,0.0,0.0,0.0,0.0,1.0,0.0,0.0,0.0,0.0,0.0,0.0,1.0,0.0,0.0,0.0,0.0
188.0,12.0,23.5,200.0,159.0,482.5,12.5,4.0,28.5,2017.0,14.25,23.25,1.0,1,0.0,1.0,0.0,0.0,0.0,0.0,0.0,0.0,0.0,0.0,1.0,0.0,0.0,0.0,0.0,0.0,0.0,0.0,0.0
20.0,3.0,0.0,500.0,510.0,29.0,0.0,5.0,1.0,2022.0,13.5,21.0,3.0,1,0.0,0.0,0.0,0.0,0.0,0.0,1.0,0.0,0.0,0.0,0.0,0.0,0.0,0.0,0.0,0.0,0.0,0.0,1.0
289.5,23.5,23.5,120.0,272.0,482.5,12.5,4.0,28.5,2012.0,12.25,17.25,1.0,1,0.0,1.0,0.0,0.0,0.0,0.0,0.0,0.0,0.0,0.0,0.0,0.0,0.0,0.0,0.0,0.0,1.0,0.0,0.0
17.0,0.0,1.0,300.0,328.0,72.0,0.0,5.0,1.0,2023.0,13.5,19.5,1.0,1,0.0,1.0,0.0,0.0,0.0,0.0,0.0,0.0,0.0,0.0,0.0,1.0,0.0,0.0,0.0,0.0,0.0,0.0,0.0
7.0,0.0,1.0,170.0,124.0,3.0,0.0,2.5,0.0,2023.0,13.0,19.5,1.0,1,0.0,1.0,0.0,0.0,0.0,0.0,0.0,0.0,0.0,0.0,0.0,0.0,0.0,1.0,0.0,0.0,0.0,0.0,0.0
93.0,1.0,0.0,515.0,456.0,45.0,0.0,3.0,1.0,2023.0,13.5,21.0,1.0,1,0.0,0.0,0.0,0.0,0.0,0.0,0.0,1.0,0.0,0.0,0.0,0.0,1.0,0.0,0.0,0.0,0.0,0.0,0.0
5.0,0.0,1.0,150.0,113.0,28.0,1.0,3.0,1.0,2023.0,13.5,19.5,1.0,1,0.0,0.0,0.0,0.0,0.0,0.0,0.0,0.0,1.0,0.0,0.0,1.0,0.0,0.0,0.0,0.0,0.0,0.0,0.0
170.0,10.0,3.0,300.0,232.0,65.0,1.0,4.0,1.0,2023.0,13.5,21.0,1.0,1,0.0,0.0,0.0,0.0,0.0,0.0,0.0,1.0,0.0,0.0,0.0,0.0,0.0,0.0,0.0,0.0,1.0,0.0,0.0
81.0,18.0,18.0,399.5,300.0,145.0,12.5,5.0,20.0,2022.0,13.0,19.5,1.0,1,0.0,0.0,0.0,1.0,0.0,0.0,0.0,0.0,0.0,0.0,0.0,1.0,0.0,0.0,0.0,0.0,0.0,0.0,0.0
169.0,23.5,15.0,300.0,312.0,354.0,12.5,4.0,28.5,2011.0,14.0,21.0,1.0,1,0.0,1.0,0.0,0.0,0.0,0.0,0.0,0.0,0.0,0.0,0.0,0.0,0.0,0.0,0.0,0.0,1.0,0.0,0.0
35.0,0.0,1.0,220.0,216.0,48.0,0.0,2.5,0.0,2023.0,13.5,19.5,1.0,1,0.0,0.0,0.0,0.0,0.0,0.0,0.0,0.0,1.0,0.0,1.0,0.0,0.0,0.0,0.0,0.0,0.0,0.0,0.0
33.0,2.0,0.0,240.0,160.0,57.0,0.0,2.5,0.0,2022.0,13.5,21.0,1.0,1,0.0,0.0,0.0,0.0,0.0,0.0,0.0,0.0,1.0,0.0,0.0,0.0,0.0,0.0,1.0,0.0,0.0,0.0,0.0
52.0,3.0,2.0,240.0,256.0,56.0,5.0,4.0,4.0,2010.0,13.5,21.0,1.0,1,0.0,1.0,0.0,0.0,0.0,0.0,0.0,0.0,0.0,0.0,0.0,1.0,0.0,0.0,0.0,0.0,0.0,0.0,0.0
16.0,1.0,2.0,320.0,300.0,45.0,2.0,5.0,3.0,2021.0,13.0,20.0,1.0,1,0.0,0.0,0.0,0.0,0.0,0.0,0.0,0.0,1.0,0.0,1.0,0.0,0.0,0.0,0.0,0.0,0.0,0.0,0.0
193.0,13.0,7.0,410.0,324.0,166.0,5.0,5.0,15.0,2014.0,13.5,21.5,1.0,1,0.0,1.0,0.0,0.0,0.0,0.0,0.0,0.0,0.0,0.0,0.0,0.0,0.0,0.0,1.0,0.0,0.0,0.0,0.0
6.0,1.0,4.0,149.0,64.0,111.0,0.0,5.0,1.0,2023.0,12.5,19.5,1.0,1,0.0,0.0,1.0,0.0,0.0,0.0,0.0,0.0,0.0,0.0,0.0,1.0,0.0,0.0,0.0,0.0,0.0,0.0,0.0
38.0,9.0,3.0,344.5,250.0,152.0,1.0,4.0,8.0,2023.0,13.0,19.5,3.5,1,0.0,0.0,0.0,1.0,0.0,0.0,0.0,0.0,0.0,0.0,0.0,1.0,0.0,0.0,0.0,0.0,0.0,0.0,0.0
13.0,4.0,1.0,179.0,135.0,157.0,1.0,5.0,2.0,2024.0,12.5,19.5,1.0,1,0.0,0.0,1.0,0.0,0.0,0.0,0.0,0.0,0.0,0.0,0.0,1.0,0.0,0.0,0.0,0.0,0.0,0.0,0.0
123.0,6.0,1.0,250.0,216.0,116.0,0.0,4.0,6.0,2021.0,13.5,21.0,1.0,1,0.0,0.0,0.0,0.0,0.0,0.0,0.0,0.0,1.0,0.0,0.0,0.0,0.0,0.0,0.0,0.0,1.0,0.0,0.0
188.0,9.0,5.0,350.0,344.0,88.0,4.0,5.0,9.0,2012.0,13.5,21.0,1.0,1,0.0,0.0,0.0,0.0,0.0,0.0,0.0,1.0,0.0,0.0,0.0,0.0,0.0,0.0,0.0,0.0,1.0,0.0,0.0
266.0,10.0,23.5,299.0,352.0,482.5,12.5,3.0,28.5,2013.0,13.5,21.0,3.5,1,0.0,0.0,0.0,0.0,0.0,1.0,0.0,0.0,0.0,0.0,0.0,1.0,0.0,0.0,0.0,0.0,0.0,0.0,0.0
13.0,2.0,0.0,280.0,160.0,79.0,0.0,5.0,1.0,2021.0,13.0,20.0,1.0,1,0.0,1.0,0.0,0.0,0.0,0.0,0.0,0.0,0.0,0.0,1.0,0.0,0.0,0.0,0.0,0.0,0.0,0.0,0.0
289.5,12.0,23.5,299.0,488.0,273.0,12.5,5.0,28.5,2012.0,13.5,21.0,3.5,1,0.0,0.0,0.0,0.0,0.0,1.0,0.0,0.0,0.0,0.0,0.0,1.0,0.0,0.0,0.0,0.0,0.0,0.0,0.0
1.0,1.0,0.0,400.0,311.0,14.0,1.0,5.0,1.0,2023.0,13.5,19.5,2.0,1,0.0,0.0,0.0,0.0,0.0,0.0,1.0,0.0,0.0,0.0,0.0,0.0,0.0,0.0,0.0,0.0,0.0,0.0,1.0
33.0,5.0,3.0,159.0,68.0,332.0,1.0,5.0,4.0,2024.0,12.5,19.5,1.0,1,0.0,0.0,1.0,0.0,0.0,0.0,0.0,0.0,0.0,0.0,0.0,1.0,0.0,0.0,0.0,0.0,0.0,0.0,0.0
17.0,1.0,0.0,170.0,117.0,10.0,0.0,2.5,0.0,2022.0,13.5,21.0,3.0,1,0.0,0.0,0.0,0.0,0.0,0.0,1.0,0.0,0.0,0.0,0.0,0.0,0.0,0.0,1.0,0.0,0.0,0.0,0.0
127.0,10.0,13.0,336.0,202.0,191.0,7.0,5.0,16.0,2022.0,13.5,21.0,3.0,1,0.0,1.0,0.0,0.0,0.0,0.0,0.0,0.0,0.0,0.0,0.0,0.0,0.0,0.0,0.0,0.0,0.0,0.0,1.0
67.0,8.0,6.0,150.0,139.0,108.0,5.0,5.0,10.0,2019.0,13.5,21.0,1.0,1,0.0,1.0,0.0,0.0,0.0,0.0,0.0,0.0,0.0,0.0,0.0,1.0,0.0,0.0,0.0,0.0,0.0,0.0,0.0
25.0,1.0,0.0,515.0,612.0,40.0,1.0,5.0,1.0,2023.0,14.0,21.0,3.0,1,0.0,0.0,0.0,0.0,0.0,0.0,0.0,0.0,1.0,0.0,0.0,0.0,0.0,0.0,0.0,0.0,0.0,0.0,1.0
42.0,1.0,2.0,160.0,192.0,64.0,1.0,3.0,1.0,2008.0,13.5,21.5,1.0,1,0.0,0.0,0.0,0.0,0.0,0.0,0.0,0.0,0.0,0.0,0.0,0.0,0.0,0.0,1.0,0.0,0.0,0.0,0.0
112.0,9.0,3.0,350.0,344.0,90.0,0.0,5.0,3.0,2023.0,13.5,21.0,1.0,1,0.0,0.0,0.0,0.0,0.0,0.0,0.0,1.0,0.0,0.0,0.0,0.0,0.0,0.0,0.0,0.0,1.0,0.0,0.0
159.0,9.0,6.0,450.0,440.0,94.0,2.0,4.0,3.0,2021.0,13.5,21.0,1.0,1,0.0,0.0,0.0,0.0,0.0,0.0,0.0,1.0,0.0,0.0,0.0,0.0,0.0,0.0,0.0,0.0,0.0,0.0,0.0
17.0,2.0,0.0,150.0,192.0,14.0,0.0,2.5,0.0,2021.0,13.5,19.5,1.0,1,0.0,0.0,0.0,0.0,1.0,0.0,0.0,0.0,0.0,0.0,0.0,1.0,0.0,0.0,0.0,0.0,0.0,0.0,0.0
50.0,3.0,7.0,212.0,203.0,393.0,6.0,5.0,6.0,2024.0,13.5,19.5,1.0,1,0.0,1.0,0.0,0.0,0.0,0.0,0.0,0.0,0.0,0.0,0.0,1.0,0.0,0.0,0.0,0.0,0.0,0.0,0.0
166.0,17.0,23.5,299.0,320.0,285.0,6.0,5.0,24.0,2016.0,13.5,21.0,1.0,1,0.0,0.0,0.0,0.0,0.0,1.0,0.0,0.0,0.0,0.0,0.0,1.0,0.0,0.0,0.0,0.0,0.0,0.0,0.0
25.0,4.0,3.0,320.0,336.0,57.0,0.0,5.0,2.0,2013.0,13.0,19.5,1.0,1,0.0,1.0,0.0,0.0,0.0,0.0,0.0,0.0,0.0,0.0,0.0,1.0,0.0,0.0,0.0,0.0,0.0,0.0,0.0
12.0,1.0,2.0,310.5,136.0,26.0,1.0,5.0,2.0,2021.0,13.5,21.0,1.0,1,0.0,1.0,0.0,0.0,0.0,0.0,0.0,0.0,0.0,0.0,0.0,1.0,0.0,0.0,0.0,0.0,0.0,0.0,0.0
43.0,5.0,6.0,269.0,352.0,29.0,1.0,4.0,3.0,2017.0,13.5,21.0,3.5,1,0.0,0.0,0.0,0.0,0.0,1.0,0.0,0.0,0.0,0.0,1.0,0.0,0.0,0.0,0.0,0.0,0.0,0.0,0.0
16.0,0.0,1.0,200.0,192.0,31.0,0.0,2.5,0.0,2022.0,13.5,21.0,1.0,1,1.0,0.0,0.0,0.0,0.0,0.0,0.0,0.0,0.0,0.0,0.0,0.0,0.0,0.0,1.0,0.0,0.0,0.0,0.0
27.0,1.0,1.0,220.0,160.0,25.0,0.0,5.0,1.0,2019.0,13.5,21.0,1.0,1,0.0,0.0,0.0,0.0,0.0,0.0,0.0,0.0,1.0,0.0,0.0,0.0,0.0,0.0,1.0,0.0,0.0,0.0,0.0
5.0,1.0,0.0,150.0,64.0,36.0,1.0,5.0,1.0,2021.0,13.0,20.0,3.0,1,0.0,0.0,0.0,0.0,0.0,0.0,1.0,0.0,0.0,0.0,1.0,0.0,0.0,0.0,0.0,0.0,0.0,0.0,0.0
25.0,6.0,7.0,120.0,160.0,435.0,7.0,5.0,9.0,2022.0,13.5,19.5,2.0,1,0.0,1.0,0.0,0.0,0.0,0.0,0.0,0.0,0.0,0.0,0.0,1.0,0.0,0.0,0.0,0.0,0.0,0.0,0.0
177.0,23.5,23.5,249.0,288.0,155.0,12.5,4.0,28.5,2015.0,13.5,21.0,3.0,1,0.0,0.0,0.0,0.0,0.0,1.0,0.0,0.0,0.0,0.0,0.0,1.0,0.0,0.0,0.0,0.0,0.0,0.0,0.0
60.0,4.0,1.0,140.0,52.0,61.0,0.0,5.0,1.0,2022.0,13.0,20.0,1.0,1,0.0,0.0,0.0,0.0,0.0,0.0,1.0,0.0,0.0,0.0,0.0,0.0,0.0,1.0,0.0,0.0,0.0,0.0,0.0
4.0,0.0,0.0,170.0,93.0,14.0,0.0,2.5,0.0,2022.0,13.5,21.0,1.0,1,0.0,0.0,0.0,0.0,0.0,0.0,1.0,0.0,0.0,0.0,0.0,1.0,0.0,0.0,0.0,0.0,0.0,0.0,0.0
244.0,18.0,8.0,515.0,612.0,471.0,9.0,4.0,19.0,2017.0,14.25,23.25,1.0,1,0.0,1.0,0.0,0.0,0.0,0.0,0.0,0.0,0.0,0.0,1.0,0.0,0.0,0.0,0.0,0.0,0.0,0.0,0.0
140.0,4.0,6.0,180.0,224.0,110.0,1.0,5.0,3.0,2020.0,13.5,21.0,1.0,1,0.0,1.0,0.0,0.0,0.0,0.0,0.0,0.0,0.0,0.0,0.0,0.0,0.0,0.0,0.0,0.0,0.0,0.0,1.0
18.0,0.0,0.0,228.0,150.0,16.0,0.0,2.5,0.0,2024.0,13.5,19.5,1.0,1,0.0,1.0,0.0,0.0,0.0,0.0,0.0,0.0,0.0,0.0,0.0,0.0,0.0,0.0,0.0,0.0,1.0,0.0,0.0
25.0,4.0,7.0,139.5,78.0,132.0,5.0,5.0,5.0,2022.0,13.0,19.5,1.0,1,0.0,0.0,0.0,1.0,0.0,0.0,0.0,0.0,0.0,0.0,0.0,1.0,0.0,0.0,0.0,0.0,0.0,0.0,0.0
22.0,1.0,3.0,304.5,216.0,35.0,2.0,5.0,4.0,2022.0,13.0,19.5,3.5,1,0.0,0.0,0.0,1.0,0.0,0.0,0.0,0.0,0.0,0.0,0.0,1.0,0.0,0.0,0.0,0.0,0.0,0.0,0.0
130.0,10.0,8.0,175.0,208.0,207.0,3.0,4.0,12.0,2021.0,13.5,21.0,1.0,1,0.0,1.0,0.0,0.0,0.0,0.0,0.0,0.0,0.0,0.0,0.0,1.0,0.0,0.0,0.0,0.0,0.0,0.0,0.0
5.0,1.0,0.0,338.0,272.0,18.0,0.0,2.5,0.0,2023.0,13.5,19.0,1.0,1,0.0,1.0,0.0,0.0,0.0,0.0,0.0,0.0,0.0,0.0,0.0,1.0,0.0,0.0,0.0,0.0,0.0,0.0,0.0
289.5,23.5,23.5,279.0,320.0,482.5,12.5,4.0,28.0,2023.0,13.5,17.25,1.0,1,0.0,1.0,0.0,0.0,0.0,0.0,0.0,0.0,0.0,0.0,0.0,1.0,0.0,0.0,0.0,0.0,0.0,0.0,0.0
289.5,4.0,19.0,269.0,232.0,280.0,12.5,4.0,24.0,2013.0,13.5,21.0,3.0,1,0.0,0.0,0.0,0.0,0.0,1.0,0.0,0.0,0.0,0.0,0.0,1.0,0.0,0.0,0.0,0.0,0.0,0.0,0.0
289.5,23.5,19.0,250.0,214.0,482.5,4.0,5.0,15.0,2023.0,13.5,21.0,3.5,1,0.0,0.0,0.0,0.0,0.0,0.0,1.0,0.0,0.0,0.0,0.0,1.0,0.0,0.0,0.0,0.0,0.0,0.0,0.0
18.0,1.0,1.0,170.0,156.0,45.0,0.0,2.5,0.0,2021.0,13.5,21.0,1.0,1,0.0,0.0,0.0,0.0,0.0,0.0,0.0,0.0,1.0,0.0,1.0,0.0,0.0,0.0,0.0,0.0,0.0,0.0,0.0
0.0,0.0,0.0,250.0,196.0,1.0,0.0,2.5,0.0,2024.0,13.5,21.0,3.5,1,0.0,1.0,0.0,0.0,0.0,0.0,0.0,0.0,0.0,0.0,0.0,1.0,0.0,0.0,0.0,0.0,0.0,0.0,0.0
145.0,7.0,9.0,319.5,232.0,108.0,6.0,5.0,8.0,2022.0,13.0,19.5,1.0,1,0.0,0.0,0.0,1.0,0.0,0.0,0.0,0.0,0.0,0.0,0.0,0.0,0.0,0.0,1.0,0.0,0.0,0.0,0.0
22.0,4.0,0.0,399.0,452.0,97.0,1.0,2.5,1.0,2021.0,13.0,19.5,1.0,1,0.0,1.0,0.0,0.0,0.0,0.0,0.0,0.0,0.0,0.0,0.0,1.0,0.0,0.0,0.0,0.0,0.0,0.0,0.0
208.0,18.0,10.0,250.0,368.0,143.0,6.0,4.0,21.0,2018.0,13.5,21.0,3.0,1,0.0,1.0,0.0,0.0,0.0,0.0,0.0,0.0,0.0,0.0,0.0,1.0,0.0,0.0,0.0,0.0,0.0,0.0,0.0
289.5,23.5,23.5,150.0,160.0,482.5,12.5,5.0,28.5,2022.0,13.5,19.5,1.0,1,0.0,1.0,0.0,0.0,0.0,0.0,0.0,0.0,0.0,0.0,0.0,1.0,0.0,0.0,0.0,0.0,0.0,0.0,0.0
8.0,1.0,1.0,300.0,200.0,16.0,0.0,5.0,1.0,2025.0,13.5,19.5,1.0,1,0.0,1.0,0.0,0.0,0.0,0.0,0.0,0.0,0.0,0.0,1.0,0.0,0.0,0.0,0.0,0.0,0.0,0.0,0.0
26.625,3.392,2.54,515.0,612.0,482.5,1.601,5.0,28.5,2018.0,13.5,21.0,1.0,1,0.0,0.0,0.0,0.0,0.0,1.0,0.0,0.0,0.0,0.0,0.0,0.0,0.0,0.0,0.0,0.0,0.0,0.0,0.0
5.0,1.0,0.0,202.0,240.0,34.0,0.0,2.5,0.0,2022.0,12.25,19.5,1.0,1,0.0,0.0,0.0,0.0,0.0,0.0,0.0,0.0,0.0,1.0,0.0,1.0,0.0,0.0,0.0,0.0,0.0,0.0,0.0
132.0,3.0,6.0,450.0,600.0,46.0,3.0,5.0,5.0,2012.0,13.5,21.0,1.0,1,0.0,0.0,0.0,0.0,0.0,0.0,0.0,1.0,0.0,0.0,0.0,1.0,0.0,0.0,0.0,0.0,0.0,0.0,0.0
64.0,8.0,4.0,329.5,234.0,60.0,1.0,5.0,6.0,2022.0,13.0,19.5,1.0,1,0.0,0.0,0.0,1.0,0.0,0.0,0.0,0.0,0.0,0.0,0.0,1.0,0.0,0.0,0.0,0.0,0.0,0.0,0.0
289.5,23.0,20.0,515.0,612.0,379.0,12.5,5.0,28.5,2020.0,13.5,21.0,3.5,1,0.0,0.0,0.0,0.0,0.0,1.0,0.0,0.0,0.0,0.0,0.0,1.0,0.0,0.0,0.0,0.0,0.0,0.0,0.0
172.0,5.0,6.0,515.0,612.0,140.0,3.0,5.0,3.0,2022.0,13.5,21.0,2.0,1,0.0,0.0,0.0,0.0,0.0,1.0,0.0,0.0,0.0,0.0,0.0,1.0,0.0,0.0,0.0,0.0,0.0,0.0,0.0
115.0,4.0,1.0,450.0,376.0,99.0,0.0,5.0,5.0,2021.0,13.5,21.0,1.0,1,0.0,0.0,0.0,0.0,0.0,0.0,0.0,1.0,0.0,0.0,0.0,0.0,1.0,0.0,0.0,0.0,0.0,0.0,0.0
14.0,1.0,1.0,119.5,58.0,108.0,0.0,2.5,0.0,2022.0,13.0,19.5,1.0,1,0.0,0.0,0.0,1.0,0.0,0.0,0.0,0.0,0.0,0.0,0.0,1.0,0.0,0.0,0.0,0.0,0.0,0.0,0.0
174.0,3.0,7.0,200.0,168.0,152.0,3.0,3.0,7.0,2022.0,13.5,21.0,1.0,1,0.0,0.0,0.0,0.0,0.0,0.0,0.0,1.0,0.0,0.0,0.0,0.0,0.0,0.0,0.0,0.0,1.0,0.0,0.0
20.0,1.0,0.0,220.0,140.0,7.0,0.0,2.5,0.0,2023.0,13.5,21.0,3.0,1,0.0,0.0,0.0,0.0,0.0,0.0,1.0,0.0,0.0,0.0,0.0,1.0,0.0,0.0,0.0,0.0,0.0,0.0,0.0
59.0,2.0,4.0,200.0,192.0,115.0,4.0,4.0,9.0,2009.0,13.5,21.0,1.0,1,0.0,0.0,0.0,0.0,0.0,0.0,0.0,1.0,0.0,0.0,1.0,0.0,0.0,0.0,0.0,0.0,0.0,0.0,0.0
167.0,18.0,23.5,299.0,448.0,317.0,12.5,5.0,28.5,2017.0,13.5,21.0,2.0,1,0.0,0.0,0.0,0.0,0.0,1.0,0.0,0.0,0.0,0.0,0.0,1.0,0.0,0.0,0.0,0.0,0.0,0.0,0.0
27.0,7.0,14.0,162.0,72.0,353.0,12.0,5.0,18.0,2022.0,12.5,19.5,2.0,1,0.0,0.0,1.0,0.0,0.0,0.0,0.0,0.0,0.0,0.0,0.0,1.0,0.0,0.0,0.0,0.0,0.0,0.0,0.0
5.0,0.0,1.0,290.0,328.0,97.0,0.0,2.5,0.0,2023.0,13.5,21.0,1.0,1,0.0,1.0,0.0,0.0,0.0,0.0,0.0,0.0,0.0,0.0,0.0,1.0,0.0,0.0,0.0,0.0,0.0,0.0,0.0
117.0,7.0,1.0,360.0,322.0,131.0,0.0,5.0,2.0,2023.0,13.0,19.5,3.5,1,0.0,1.0,0.0,0.0,0.0,0.0,0.0,0.0,0.0,0.0,0.0,0.0,0.0,0.0,1.0,0.0,0.0,0.0,0.0
29.0,2.0,4.0,274.5,192.0,340.0,6.0,5.0,7.0,2021.0,13.0,19.5,1.0,1,0.0,0.0,0.0,1.0,0.0,0.0,0.0,0.0,0.0,0.0,0.0,1.0,0.0,0.0,0.0,0.0,0.0,0.0,0.0
22.0,1.0,2.0,515.0,440.0,29.0,1.0,5.0,1.0,2023.0,13.5,19.5,2.0,1,0.0,1.0,0.0,0.0,0.0,0.0,0.0,0.0,0.0,0.0,0.0,1.0,0.0,0.0,0.0,0.0,0.0,0.0,0.0
27.0,0.0,0.0,140.0,64.0,48.0,0.0,5.0,1.0,2024.0,13.5,19.5,2.0,1,0.0,0.0,0.0,0.0,0.0,0.0,1.0,0.0,0.0,0.0,1.0,0.0,0.0,0.0,0.0,0.0,0.0,0.0,0.0
289.5,23.5,23.5,280.0,280.0,482.5,10.0,5.0,24.0,2024.0,14.25,23.0,1.0,1,0.0,1.0,0.0,0.0,0.0,0.0,0.0,0.0,0.0,0.0,0.0,0.0,0.0,0.0,0.0,0.0,0.0,0.0,0.0
90.0,10.0,12.0,299.0,376.0,186.0,4.0,4.0,7.0,2021.0,13.5,21.0,3.0,1,0.0,0.0,0.0,0.0,0.0,1.0,0.0,0.0,0.0,0.0,0.0,1.0,0.0,0.0,0.0,0.0,0.0,0.0,0.0
138.0,13.0,7.0,190.0,232.0,241.0,7.0,5.0,19.0,2016.0,13.5,21.0,3.5,1,0.0,0.0,0.0,0.0,0.0,0.0,0.0,0.0,0.0,0.0,0.0,0.0,0.0,0.0,0.0,0.0,1.0,0.0,0.0
4.0,1.0,0.0,340.0,228.0,482.5,0.0,2.5,0.0,2021.0,13.5,21.0,1.0,1,0.0,1.0,0.0,0.0,0.0,0.0,0.0,0.0,0.0,0.0,0.0,1.0,0.0,0.0,0.0,0.0,0.0,0.0,0.0
38.0,16.0,3.0,269.5,186.0,75.0,3.0,5.0,9.0,2023.0,13.0,19.5,3.5,1,0.0,0.0,0.0,1.0,0.0,0.0,0.0,0.0,0.0,0.0,0.0,1.0,0.0,0.0,0.0,0.0,0.0,0.0,0.0
160.0,12.0,15.0,299.0,384.0,115.0,4.0,5.0,9.0,2014.0,13.5,21.0,1.0,1,0.0,0.0,0.0,0.0,0.0,1.0,0.0,0.0,0.0,0.0,0.0,1.0,0.0,0.0,0.0,0.0,0.0,0.0,0.0
25.0,6.0,0.0,220.0,248.0,38.0,3.0,5.0,5.0,2023.0,12.25,17.5,1.0,1,1.0,0.0,0.0,0.0,0.0,0.0,0.0,0.0,0.0,0.0,0.0,1.0,0.0,0.0,0.0,0.0,0.0,0.0,0.0
191.0,16.0,6.0,160.0,128.0,239.0,5.0,5.0,10.0,2024.0,13.0,19.5,1.0,1,0.0,1.0,0.0,0.0,0.0,0.0,0.0,0.0,0.0,0.0,0.0,0.0,0.0,0.0,1.0,0.0,0.0,0.0,0.0
95.0,2.0,5.0,299.0,432.0,15.0,2.0,5.0,5.0,2014.0,13.5,21.0,2.0,1,0.0,0.0,0.0,0.0,0.0,1.0,0.0,0.0,0.0,0.0,1.0,0.0,0.0,0.0,0.0,0.0,0.0,0.0,0.0
154.0,13.0,23.5,299.0,448.0,340.0,8.0,4.0,28.5,2015.0,13.5,21.0,3.0,1,0.0,0.0,0.0,0.0,0.0,1.0,0.0,0.0,0.0,0.0,0.0,1.0,0.0,0.0,0.0,0.0,0.0,0.0,0.0
274.0,23.5,7.0,400.0,376.0,156.0,4.0,5.0,12.0,2015.0,13.5,21.0,1.0,1,0.0,0.0,0.0,0.0,0.0,0.0,0.0,1.0,0.0,0.0,0.0,0.0,0.0,0.0,0.0,0.0,1.0,0.0,0.0
217.0,20.0,23.5,299.0,64.0,482.5,9.0,4.0,28.5,2013.0,14.25,23.25,3.0,1,0.0,0.0,0.0,0.0,0.0,1.0,0.0,0.0,0.0,0.0,1.0,0.0,0.0,0.0,0.0,0.0,0.0,0.0,0.0
19.0,1.0,8.0,58.0,24.0,177.0,3.0,5.0,4.0,2020.0,14.25,22.0,1.0,1,0.0,1.0,0.0,0.0,0.0,0.0,0.0,0.0,0.0,0.0,0.0,0.0,0.0,0.0,0.0,0.0,0.0,1.0,0.0
63.0,2.0,8.0,299.0,416.0,47.0,5.0,4.0,7.0,2018.0,13.5,21.0,3.5,1,0.0,0.0,0.0,0.0,0.0,1.0,0.0,0.0,0.0,0.0,0.0,1.0,0.0,0.0,0.0,0.0,0.0,0.0,0.0
3.0,2.0,0.0,110.0,208.0,10.0,0.0,5.0,2.0,2017.0,13.5,21.0,1.0,1,0.0,1.0,0.0,0.0,0.0,0.0,0.0,0.0,0.0,0.0,1.0,0.0,0.0,0.0,0.0,0.0,0.0,0.0,0.0
69.0,7.0,5.0,364.5,270.0,108.0,3.0,5.0,7.0,2022.0,13.5,19.5,1.0,1,0.0,0.0,0.0,1.0,0.0,0.0,0.0,0.0,0.0,0.0,0.0,1.0,0.0,0.0,0.0,0.0,0.0,0.0,0.0
147.0,7.0,23.5,299.0,384.0,150.0,5.0,4.0,15.0,2013.0,13.5,21.0,2.0,1,0.0,0.0,0.0,0.0,0.0,1.0,0.0,0.0,0.0,0.0,0.0,1.0,0.0,0.0,0.0,0.0,0.0,0.0,0.0
6.0,0.0,2.0,150.0,144.0,223.0,0.0,2.5,0.0,2024.0,13.0,20.0,1.0,1,0.0,1.0,0.0,0.0,0.0,0.0,0.0,0.0,0.0,0.0,0.0,1.0,0.0,0.0,0.0,0.0,0.0,0.0,0.0
3.0,0.0,0.0,150.0,72.0,21.0,0.0,2.5,0.0,2020.0,13.5,19.5,1.0,1,0.0,0.0,0.0,0.0,0.0,0.0,1.0,0.0,0.0,0.0,0.0,1.0,0.0,0.0,0.0,0.0,0.0,0.0,0.0
59.0,5.0,5.0,119.0,44.0,168.0,7.0,5.0,5.0,2005.5,14.25,23.25,1.0,0,0.0,1.0,0.0,0.0,0.0,0.0,0.0,0.0,0.0,0.0,0.0,0.0,0.0,0.0,0.0,0.0,0.0,1.0,0.0
244.0,6.0,4.0,400.0,448.0,124.0,3.0,4.0,6.0,2014.0,13.5,21.0,1.0,1,0.0,0.0,0.0,0.0,0.0,0.0,0.0,1.0,0.0,0.0,0.0,0.0,0.0,0.0,1.0,0.0,0.0,0.0,0.0
42.0,1.0,3.0,360.0,368.0,80.0,1.0,4.0,1.0,2021.0,13.0,20.0,1.0,1,0.0,1.0,0.0,0.0,0.0,0.0,0.0,0.0,0.0,0.0,0.0,1.0,0.0,0.0,0.0,0.0,0.0,0.0,0.0
81.0,6.0,6.0,145.0,160.0,116.0,6.0,5.0,9.0,2010.0,13.5,19.5,1.0,1,0.0,0.0,0.0,0.0,0.0,0.0,0.0,0.0,0.0,0.0,0.0,0.0,0.0,0.0,0.0,0.0,1.0,0.0,0.0
99.0,5.0,5.0,249.0,272.0,42.0,0.0,4.0,3.0,2012.0,13.5,21.0,3.5,1,0.0,0.0,0.0,0.0,0.0,1.0,0.0,0.0,0.0,0.0,0.0,1.0,0.0,0.0,0.0,0.0,0.0,0.0,0.0
92.0,3.0,2.0,250.0,248.0,47.0,1.0,5.0,1.0,2023.0,13.5,21.0,1.0,1,0.0,0.0,0.0,0.0,0.0,0.0,0.0,1.0,0.0,0.0,0.0,0.0,1.0,0.0,0.0,0.0,0.0,0.0,0.0
61.0,2.0,0.0,250.0,128.0,40.0,0.0,4.0,3.0,2023.0,13.5,21.0,1.0,1,0.0,0.0,0.0,0.0,0.0,0.0,0.0,1.0,0.0,0.0,1.0,0.0,0.0,0.0,0.0,0.0,0.0,0.0,0.0
6.0,0.0,0.0,202.0,216.0,17.0,0.0,2.5,0.0,2023.0,13.5,19.5,3.5,1,0.0,0.0,0.0,0.0,0.0,0.0,0.0,0.0,0.0,1.0,0.0,1.0,0.0,0.0,0.0,0.0,0.0,0.0,0.0
89.0,5.0,5.0,250.0,184.0,140.0,3.0,5.0,7.0,2022.0,13.5,21.0,3.5,1,0.0,0.0,0.0,0.0,0.0,0.0,1.0,0.0,0.0,0.0,0.0,0.0,0.0,0.0,0.0,0.0,1.0,0.0,0.0
9.0,0.0,2.0,155.0,160.0,26.0,1.0,5.0,1.0,2023.0,13.5,19.5,1.0,1,0.0,0.0,0.0,0.0,0.0,0.0,0.0,0.0,0.0,1.0,0.0,1.0,0.0,0.0,0.0,0.0,0.0,0.0,0.0
5.0,0.0,1.0,150.0,117.0,14.0,0.0,2.5,0.0,2023.0,13.5,19.5,3.5,1,0.0,0.0,0.0,0.0,0.0,0.0,1.0,0.0,0.0,0.0,0.0,1.0,0.0,0.0,0.0,0.0,0.0,0.0,0.0
37.0,7.0,7.0,133.0,198.0,159.0,4.0,4.0,13.0,2015.0,13.5,19.5,2.0,1,0.0,1.0,0.0,0.0,0.0,0.0,0.0,0.0,0.0,0.0,0.0,1.0,0.0,0.0,0.0,0.0,0.0,0.0,0.0
219.0,7.0,5.0,515.0,320.0,225.0,4.0,4.0,8.0,2024.0,14.25,21.0,2.0,1,0.0,1.0,0.0,0.0,0.0,0.0,0.0,0.0,0.0,0.0,1.0,0.0,0.0,0.0,0.0,0.0,0.0,0.0,0.0
186.0,5.0,6.0,250.0,200.0,113.0,2.0,5.0,4.0,2022.0,13.5,21.0,1.0,1,0.0,0.0,0.0,0.0,0.0,0.0,0.0,1.0,0.0,0.0,0.0,0.0,1.0,0.0,0.0,0.0,0.0,0.0,0.0
4.0,0.0,0.0,180.0,152.0,5.0,0.0,2.5,0.0,2021.0,13.5,21.0,3.0,1,1.0,0.0,0.0,0.0,0.0,0.0,0.0,0.0,0.0,0.0,0.0,0.0,1.0,0.0,0.0,0.0,0.0,0.0,0.0
182.0,6.0,4.0,360.0,336.0,124.0,7.0,5.0,7.0,2010.0,14.0,20.0,1.0,1,0.0,1.0,0.0,0.0,0.0,0.0,0.0,0.0,0.0,0.0,1.0,0.0,0.0,0.0,0.0,0.0,0.0,0.0,0.0
14.0,2.0,1.0,149.0,191.0,14.0,1.0,5.0,3.0,2022.0,13.5,21.0,3.5,1,0.0,1.0,0.0,0.0,0.0,0.0,0.0,0.0,0.0,0.0,0.0,1.0,0.0,0.0,0.0,0.0,0.0,0.0,0.0
104.0,23.5,23.5,300.0,368.0,271.0,12.5,5.0,28.5,2009.0,13.5,21.0,1.0,1,0.0,0.0,0.0,0.0,0.0,0.0,0.0,0.0,0.0,0.0,0.0,1.0,0.0,0.0,0.0,0.0,0.0,0.0,0.0
8.0,0.0,0.0,515.0,612.0,13.0,0.0,2.5,0.0,2021.0,14.25,23.25,1.0,1,0.0,1.0,0.0,0.0,0.0,0.0,0.0,0.0,0.0,0.0,1.0,0.0,0.0,0.0,0.0,0.0,0.0,0.0,0.0
54.0,5.0,4.0,149.0,191.0,60.0,3.0,5.0,10.0,2022.0,13.5,21.0,3.5,1,0.0,1.0,0.0,0.0,0.0,0.0,0.0,0.0,0.0,0.0,0.0,0.0,0.0,0.0,0.0,0.0,1.0,0.0,0.0
1.795,23.5,23.5,180.0,244.0,482.5,12.5,5.0,28.5,2018.0,13.5,21.0,1.0,1,0.0,1.0,0.0,0.0,0.0,0.0,0.0,0.0,0.0,0.0,0.0,0.0,0.0,0.0,1.0,0.0,0.0,0.0,0.0
13.0,0.0,0.0,160.0,160.0,10.0,0.0,2.5,0.0,2021.0,13.5,21.0,1.0,1,1.0,0.0,0.0,0.0,0.0,0.0,0.0,0.0,0.0,0.0,1.0,0.0,0.0,0.0,0.0,0.0,0.0,0.0,0.0
98.0,5.0,3.0,350.0,248.0,117.0,2.0,4.0,7.0,2020.0,13.5,21.0,1.0,1,0.0,0.0,0.0,0.0,0.0,0.0,0.0,1.0,0.0,0.0,0.0,0.0,1.0,0.0,0.0,0.0,0.0,0.0,0.0
13.0,1.0,3.0,139.0,71.0,194.0,1.0,4.0,4.0,2024.0,12.5,19.5,1.0,1,0.0,0.0,1.0,0.0,0.0,0.0,0.0,0.0,0.0,0.0,0.0,1.0,0.0,0.0,0.0,0.0,0.0,0.0,0.0
11.0,0.0,1.0,130.0,104.0,15.0,1.0,4.0,3.0,2017.0,12.5,19.5,1.0,1,0.0,0.0,0.0,0.0,0.0,0.0,0.0,0.0,0.0,0.0,0.0,1.0,0.0,0.0,0.0,0.0,0.0,0.0,0.0
184.0,23.5,18.0,279.5,196.0,405.0,11.0,5.0,22.0,2023.0,13.0,19.5,1.0,1,0.0,0.0,0.0,1.0,0.0,0.0,0.0,0.0,0.0,0.0,0.0,1.0,0.0,0.0,0.0,0.0,0.0,0.0,0.0
78.0,3.0,1.0,240.0,217.0,70.0,0.0,5.0,3.0,2021.0,13.5,21.0,1.0,1,0.0,0.0,0.0,0.0,0.0,0.0,0.0,0.0,1.0,0.0,1.0,0.0,0.0,0.0,0.0,0.0,0.0,0.0,0.0
1.337,23.5,23.5,300.0,352.0,482.5,12.5,5.0,28.5,2018.0,13.5,21.0,3.5,1,0.0,1.0,0.0,0.0,0.0,0.0,0.0,0.0,0.0,0.0,1.0,0.0,0.0,0.0,0.0,0.0,0.0,0.0,0.0
139.0,4.0,8.0,250.0,192.0,93.0,6.0,3.0,9.0,2010.0,13.5,19.5,1.0,1,0.0,1.0,0.0,0.0,0.0,0.0,0.0,0.0,0.0,0.0,0.0,1.0,0.0,0.0,0.0,0.0,0.0,0.0,0.0
13.0,0.0,0.0,220.0,141.0,34.0,0.0,2.5,0.0,2021.0,13.0,20.0,1.0,1,0.0,0.0,0.0,0.0,0.0,0.0,0.0,0.0,1.0,0.0,1.0,0.0,0.0,0.0,0.0,0.0,0.0,0.0,0.0
106.0,3.0,6.0,350.0,320.0,138.0,5.0,4.0,5.0,2022.0,13.5,19.5,3.0,0,0.0,1.0,0.0,0.0,0.0,0.0,0.0,0.0,0.0,0.0,0.0,0.0,0.0,0.0,0.0,0.0,0.0,0.0,1.0
65.0,8.0,13.0,191.5,232.0,196.0,4.0,4.0,16.0,2021.0,13.5,21.0,1.0,1,0.0,1.0,0.0,0.0,0.0,0.0,0.0,0.0,0.0,0.0,0.0,0.0,0.0,0.0,0.0,0.0,0.0,0.0,1.0
108.0,14.0,9.0,336.0,204.0,173.0,4.0,5.0,13.0,2021.0,13.5,21.0,3.0,1,0.0,1.0,0.0,0.0,0.0,0.0,0.0,0.0,0.0,0.0,0.0,0.0,0.0,0.0,0.0,0.0,0.0,0.0,1.0
117.0,13.0,7.0,300.0,304.0,197.0,6.0,5.0,14.0,2015.0,13.5,21.0,1.0,1,0.0,1.0,0.0,0.0,0.0,0.0,0.0,0.0,0.0,0.0,0.0,0.0,0.0,0.0,0.0,0.0,1.0,0.0,0.0
289.5,23.5,23.5,299.0,480.0,430.0,12.5,4.0,28.5,2011.0,13.5,21.0,3.5,1,0.0,0.0,0.0,0.0,0.0,1.0,0.0,0.0,0.0,0.0,0.0,1.0,0.0,0.0,0.0,0.0,0.0,0.0,0.0
70.0,3.0,2.0,169.5,100.0,53.0,0.0,4.0,3.0,2023.0,13.0,19.5,2.0,1,0.0,0.0,0.0,1.0,0.0,0.0,0.0,0.0,0.0,0.0,0.0,1.0,0.0,0.0,0.0,0.0,0.0,0.0,0.0
14.0,1.0,2.0,385.0,232.0,22.0,0.0,2.5,0.0,2023.0,13.0,20.0,1.0,1,0.0,1.0,0.0,0.0,0.0,0.0,0.0,0.0,0.0,0.0,1.0,0.0,0.0,0.0,0.0,0.0,0.0,0.0,0.0
8.0,2.0,0.0,300.0,250.0,17.0,0.0,2.5,0.0,2021.0,13.0,20.0,1.0,1,0.0,0.0,0.0,0.0,0.0,0.0,0.0,0.0,1.0,0.0,1.0,0.0,0.0,0.0,0.0,0.0,0.0,0.0,0.0
164.0,7.0,9.0,172.0,112.0,122.0,6.0,4.0,13.0,2014.0,13.5,21.5,3.5,1,0.0,1.0,0.0,0.0,0.0,0.0,0.0,0.0,0.0,0.0,0.0,1.0,0.0,0.0,0.0,0.0,0.0,0.0,0.0
51.0,3.0,1.0,164.5,132.0,116.0,0.0,4.0,2.0,2021.0,13.0,19.5,1.0,1,0.0,0.0,0.0,1.0,0.0,0.0,0.0,0.0,0.0,0.0,0.0,1.0,0.0,0.0,0.0,0.0,0.0,0.0,0.0
13.0,1.0,1.0,390.0,240.0,10.0,0.0,5.0,1.0,2023.0,13.5,21.0,3.5,1,0.0,1.0,0.0,0.0,0.0,0.0,0.0,0.0,0.0,0.0,0.0,0.0,0.0,0.0,0.0,1.0,0.0,0.0,0.0
217.0,11.0,16.0,200.0,96.0,215.0,11.0,5.0,18.0,2017.0,13.5,21.0,1.0,1,0.0,0.0,0.0,0.0,0.0,0.0,0.0,1.0,0.0,0.0,0.0,0.0,0.0,0.0,0.0,0.0,1.0,0.0,0.0
88.0,16.0,11.0,200.0,200.0,194.0,3.0,5.0,8.0,2021.0,14.25,23.0,3.5,1,0.0,0.0,0.0,0.0,1.0,0.0,0.0,0.0,0.0,0.0,1.0,0.0,0.0,0.0,0.0,0.0,0.0,0.0,0.0
289.5,7.0,21.0,285.0,368.0,192.0,12.5,4.0,23.0,2010.0,13.5,19.5,1.0,1,0.0,1.0,0.0,0.0,0.0,0.0,0.0,0.0,0.0,0.0,0.0,1.0,0.0,0.0,0.0,0.0,0.0,0.0,0.0
4.0,1.0,0.0,200.0,108.0,82.0,0.0,2.5,0.0,2021.0,13.5,19.5,3.0,1,0.0,1.0,0.0,0.0,0.0,0.0,0.0,0.0,0.0,0.0,1.0,0.0,0.0,0.0,0.0,0.0,0.0,0.0,0.0
5.0,0.0,0.0,208.5,100.0,101.0,0.0,5.0,1.0,2023.0,14.25,23.25,1.0,1,0.0,1.0,0.0,0.0,0.0,0.0,0.0,0.0,0.0,0.0,1.0,0.0,0.0,0.0,0.0,0.0,0.0,0.0,0.0
289.5,23.5,23.5,185.0,286.0,482.5,12.5,4.0,28.5,2011.0,13.5,19.5,1.0,1,0.0,1.0,0.0,0.0,0.0,0.0,0.0,0.0,0.0,0.0,0.0,1.0,0.0,0.0,0.0,0.0,0.0,0.0,0.0
17.0,1.0,2.0,500.0,497.0,15.0,0.0,5.0,2.0,2024.0,13.5,19.5,3.5,1,0.0,0.0,0.0,0.0,0.0,0.0,0.0,0.0,1.0,0.0,0.0,0.0,0.0,0.0,1.0,0.0,0.0,0.0,0.0
18.0,1.0,0.0,120.0,48.0,75.0,0.0,2.5,0.0,2021.0,14.25,23.25,1.0,1,0.0,1.0,0.0,0.0,0.0,0.0,0.0,0.0,0.0,0.0,0.0,0.0,0.0,0.0,0.0,0.0,1.0,0.0,0.0
82.0,1.0,4.0,269.0,336.0,56.0,2.0,4.0,3.0,2014.0,13.5,21.0,3.5,1,0.0,0.0,0.0,0.0,0.0,1.0,0.0,0.0,0.0,0.0,1.0,0.0,0.0,0.0,0.0,0.0,0.0,0.0,0.0
187.0,23.5,23.5,250.0,320.0,420.0,12.5,5.0,28.5,2010.0,13.5,19.5,2.0,1,0.0,1.0,0.0,0.0,0.0,0.0,0.0,0.0,0.0,0.0,0.0,0.0,0.0,0.0,0.0,0.0,0.0,1.0,0.0
6.0,4.0,1.0,169.0,95.0,113.0,0.0,5.0,1.0,2022.0,12.5,19.5,1.0,1,0.0,0.0,1.0,0.0,0.0,0.0,0.0,0.0,0.0,0.0,0.0,1.0,0.0,0.0,0.0,0.0,0.0,0.0,0.0
289.5,23.5,23.5,120.0,120.0,482.5,12.5,4.0,28.5,2013.0,13.5,21.0,1.0,1,0.0,1.0,0.0,0.0,0.0,0.0,0.0,0.0,0.0,0.0,0.0,0.0,0.0,0.0,0.0,0.0,1.0,0.0,0.0
20.0,2.0,1.0,220.0,96.0,30.0,1.0,5.0,1.0,2021.0,13.5,19.5,1.0,1,1.0,0.0,0.0,0.0,0.0,0.0,0.0,0.0,0.0,0.0,0.0,1.0,0.0,0.0,0.0,0.0,0.0,0.0,0.0
6.0,0.0,2.0,146.0,96.0,298.0,1.0,5.0,1.0,2023.0,12.5,19.5,1.0,1,0.0,0.0,1.0,0.0,0.0,0.0,0.0,0.0,0.0,0.0,0.0,1.0,0.0,0.0,0.0,0.0,0.0,0.0,0.0
7.0,0.0,0.0,195.0,200.0,30.0,0.0,2.5,0.0,2024.0,13.5,21.0,1.0,1,0.0,1.0,0.0,0.0,0.0,0.0,0.0,0.0,0.0,0.0,0.0,0.0,0.0,0.0,0.0,0.0,1.0,0.0,0.0
4.0,0.0,0.0,104.0,80.0,106.0,0.0,5.0,1.0,2023.0,12.25,19.5,1.0,1,0.0,1.0,0.0,0.0,0.0,0.0,0.0,0.0,0.0,0.0,0.0,1.0,0.0,0.0,0.0,0.0,0.0,0.0,0.0
5.0,1.0,0.0,128.0,112.0,137.0,0.0,2.5,0.0,2023.0,13.5,19.5,1.0,1,0.0,1.0,0.0,0.0,0.0,0.0,0.0,0.0,0.0,0.0,0.0,1.0,0.0,0.0,0.0,0.0,0.0,0.0,0.0
20.0,1.0,2.0,269.0,280.0,134.0,0.0,5.0,1.0,2021.0,13.0,19.5,3.0,1,0.0,1.0,0.0,0.0,0.0,0.0,0.0,0.0,0.0,0.0,0.0,1.0,0.0,0.0,0.0,0.0,0.0,0.0,0.0
126.0,11.0,8.0,200.0,112.0,136.0,3.0,4.0,16.0,2011.0,13.5,19.5,1.0,1,0.0,0.0,0.0,0.0,0.0,0.0,0.0,1.0,0.0,0.0,0.0,0.0,0.0,0.0,0.0,1.0,0.0,0.0,0.0
149.0,9.0,4.0,350.0,280.0,70.0,0.0,5.0,3.0,2021.0,13.5,21.0,2.0,1,0.0,0.0,0.0,0.0,0.0,0.0,0.0,1.0,0.0,0.0,0.0,0.0,0.0,0.0,0.0,0.0,0.0,0.0,0.0
34.0,2.0,1.0,515.0,612.0,23.0,0.0,2.5,0.0,2023.0,13.5,21.0,3.5,1,0.0,0.0,0.0,0.0,0.0,1.0,0.0,0.0,0.0,0.0,0.0,1.0,0.0,0.0,0.0,0.0,0.0,0.0,0.0
35.0,1.0,2.0,120.0,78.0,142.0,0.0,2.5,0.0,2021.0,13.0,19.5,3.0,1,0.0,1.0,0.0,0.0,0.0,0.0,0.0,0.0,0.0,0.0,0.0,1.0,0.0,0.0,0.0,0.0,0.0,0.0,0.0
24.0,0.0,0.0,300.0,280.0,20.0,0.0,2.5,0.0,2021.0,13.0,20.0,2.0,1,0.0,0.0,0.0,0.0,0.0,0.0,0.0,0.0,1.0,0.0,1.0,0.0,0.0,0.0,0.0,0.0,0.0,0.0,0.0
26.0,2.0,1.0,163.0,192.0,33.0,2.0,3.0,3.0,2023.0,13.5,19.5,1.0,1,0.0,0.0,0.0,0.0,0.0,0.0,0.0,0.0,0.0,1.0,0.0,0.0,0.0,1.0,0.0,0.0,0.0,0.0,0.0
4.0,1.0,0.0,120.0,87.0,50.0,0.0,5.0,1.0,2021.0,13.0,20.0,1.0,1,0.0,1.0,0.0,0.0,0.0,0.0,0.0,0.0,0.0,0.0,0.0,1.0,0.0,0.0,0.0,0.0,0.0,0.0,0.0
289.5,23.5,23.5,145.0,245.0,482.5,12.5,4.0,28.5,2005.5,13.5,19.5,1.0,1,0.0,1.0,0.0,0.0,0.0,0.0,0.0,0.0,0.0,0.0,0.0,1.0,0.0,0.0,0.0,0.0,0.0,0.0,0.0
45.0,3.0,0.0,200.0,165.0,29.0,0.0,5.0,2.0,2023.0,13.5,21.0,1.0,1,0.0,0.0,0.0,0.0,0.0,0.0,0.0,0.0,1.0,0.0,0.0,0.0,0.0,0.0,0.0,0.0,1.0,0.0,0.0
125.0,14.0,11.0,269.0,320.0,70.0,1.0,4.0,2.0,2016.0,13.5,21.0,3.0,1,0.0,0.0,0.0,0.0,0.0,1.0,0.0,0.0,0.0,0.0,1.0,0.0,0.0,0.0,0.0,0.0,0.0,0.0,0.0
169.0,23.5,23.5,175.0,392.0,471.0,12.5,4.0,28.5,2018.0,13.5,21.0,2.0,1,0.0,0.0,0.0,0.0,1.0,0.0,0.0,0.0,0.0,0.0,0.0,1.0,0.0,0.0,0.0,0.0,0.0,0.0,0.0
114.0,11.0,14.0,182.0,264.0,344.0,2.0,4.0,15.0,2018.0,14.25,21.5,1.0,1,0.0,1.0,0.0,0.0,0.0,0.0,0.0,0.0,0.0,0.0,0.0,1.0,0.0,0.0,0.0,0.0,0.0,0.0,0.0
4.0,0.0,0.0,230.0,216.0,8.0,0.0,2.5,0.0,2022.0,13.5,21.0,2.0,1,1.0,0.0,0.0,0.0,0.0,0.0,0.0,0.0,0.0,0.0,0.0,0.0,0.0,1.0,0.0,0.0,0.0,0.0,0.0
107.0,1.0,7.0,269.0,328.0,87.0,3.0,4.0,9.0,2013.0,13.5,21.0,1.0,1,0.0,0.0,0.0,0.0,0.0,1.0,0.0,0.0,0.0,0.0,0.0,1.0,0.0,0.0,0.0,0.0,0.0,0.0,0.0
14.0,1.0,4.0,148.0,60.0,482.5,1.0,4.0,3.0,2024.0,12.5,19.5,1.0,1,0.0,0.0,1.0,0.0,0.0,0.0,0.0,0.0,0.0,0.0,0.0,1.0,0.0,0.0,0.0,0.0,0.0,0.0,0.0
168.0,11.0,23.5,299.0,368.0,226.0,12.5,5.0,28.5,2014.0,13.5,21.0,3.0,1,0.0,0.0,0.0,0.0,0.0,1.0,0.0,0.0,0.0,0.0,0.0,1.0,0.0,0.0,0.0,0.0,0.0,0.0,0.0
6.0,0.0,0.0,150.0,160.0,17.0,0.0,2.5,0.0,2022.0,13.5,19.5,2.0,1,0.0,1.0,0.0,0.0,0.0,0.0,0.0,0.0,0.0,0.0,0.0,0.0,0.0,0.0,0.0,0.0,0.0,1.0,0.0
26.0,2.0,1.0,325.0,158.0,129.0,2.0,5.0,4.0,2022.0,13.5,21.0,1.0,1,0.0,1.0,0.0,0.0,0.0,0.0,0.0,0.0,0.0,0.0,0.0,1.0,0.0,0.0,0.0,0.0,0.0,0.0,0.0
107.0,23.5,23.5,299.0,440.0,250.0,12.5,4.0,22.0,2015.0,13.5,21.0,3.5,1,0.0,0.0,0.0,0.0,0.0,1.0,0.0,0.0,0.0,0.0,0.0,1.0,0.0,0.0,0.0,0.0,0.0,0.0,0.0
107.0,11.0,5.0,200.0,204.0,153.0,12.5,5.0,19.0,2020.0,13.5,21.0,2.0,1,0.0,0.0,0.0,0.0,0.0,0.0,0.0,0.0,1.0,0.0,0.0,0.0,0.0,0.0,0.0,0.0,1.0,0.0,0.0
289.5,23.5,23.5,65.0,160.0,482.5,12.5,5.0,28.5,2019.0,12.5,19.5,2.0,1,0.0,1.0,0.0,0.0,0.0,0.0,0.0,0.0,0.0,0.0,0.0,1.0,0.0,0.0,0.0,0.0,0.0,0.0,0.0
45.0,5.0,3.0,300.0,296.0,190.0,1.0,4.0,5.0,2023.0,13.0,20.0,1.0,1,0.0,1.0,0.0,0.0,0.0,0.0,0.0,0.0,0.0,0.0,0.0,1.0,0.0,0.0,0.0,0.0,0.0,0.0,0.0
162.0,8.0,9.0,180.0,139.0,135.0,2.0,5.0,6.0,2005.5,13.5,19.5,3.5,0,0.0,1.0,0.0,0.0,0.0,0.0,0.0,0.0,0.0,0.0,0.0,1.0,0.0,0.0,0.0,0.0,0.0,0.0,0.0
5.0,1.0,0.0,150.0,113.0,6.0,0.0,2.5,0.0,2022.0,13.5,19.5,2.0,1,0.0,1.0,0.0,0.0,0.0,0.0,0.0,0.0,0.0,0.0,0.0,1.0,0.0,0.0,0.0,0.0,0.0,0.0,0.0
234.0,5.0,23.5,269.0,312.0,300.0,7.0,4.0,28.5,2013.0,13.5,21.0,3.5,1,0.0,0.0,0.0,0.0,0.0,1.0,0.0,0.0,0.0,0.0,0.0,1.0,0.0,0.0,0.0,0.0,0.0,0.0,0.0
52.0,6.0,4.0,449.5,340.0,268.0,4.0,5.0,8.0,2021.0,13.0,19.5,1.0,1,0.0,0.0,0.0,1.0,0.0,0.0,0.0,0.0,0.0,0.0,0.0,1.0,0.0,0.0,0.0,0.0,0.0,0.0,0.0
84.0,1.0,1.0,400.0,482.0,68.0,1.0,5.0,2.0,2021.0,13.5,21.0,1.0,1,0.0,0.0,0.0,0.0,0.0,0.0,0.0,0.0,1.0,0.0,0.0,0.0,0.0,0.0,0.0,0.0,1.0,0.0,0.0
32.0,6.0,1.0,174.5,104.0,32.0,0.0,5.0,3.0,2022.0,13.0,19.5,1.0,1,0.0,0.0,0.0,1.0,0.0,0.0,0.0,0.0,0.0,0.0,0.0,1.0,0.0,0.0,0.0,0.0,0.0,0.0,0.0
6.0,0.0,0.0,220.0,201.0,42.0,0.0,2.5,0.0,2024.0,14.0,20.0,1.0,1,0.0,0.0,0.0,0.0,0.0,0.0,1.0,0.0,0.0,0.0,1.0,0.0,0.0,0.0,0.0,0.0,0.0,0.0,0.0
204.0,23.0,23.5,299.0,288.0,482.5,8.0,4.0,28.0,2014.0,14.25,20.0,3.0,1,0.0,0.0,0.0,0.0,0.0,1.0,0.0,0.0,0.0,0.0,1.0,0.0,0.0,0.0,0.0,0.0,0.0,0.0,0.0
14.0,1.0,1.0,150.0,120.0,3.0,0.0,2.5,0.0,2021.0,13.5,19.5,1.0,1,0.0,0.0,0.0,0.0,1.0,0.0,0.0,0.0,0.0,0.0,0.0,1.0,0.0,0.0,0.0,0.0,0.0,0.0,0.0
78.0,7.0,1.0,515.0,320.0,84.0,2.0,4.0,5.0,2025.0,13.5,21.0,2.0,1,0.0,1.0,0.0,0.0,0.0,0.0,0.0,0.0,0.0,0.0,0.0,0.0,0.0,1.0,0.0,0.0,0.0,0.0,0.0
10.0,2.0,1.0,311.0,152.0,253.0,0.0,2.5,0.0,2021.0,13.5,19.5,1.0,1,0.0,1.0,0.0,0.0,0.0,0.0,0.0,0.0,0.0,0.0,0.0,1.0,0.0,0.0,0.0,0.0,0.0,0.0,0.0
162.0,7.0,8.0,160.0,130.0,236.0,3.0,5.0,5.0,2023.0,13.0,20.0,2.0,1,0.0,1.0,0.0,0.0,0.0,0.0,0.0,0.0,0.0,0.0,0.0,1.0,0.0,0.0,0.0,0.0,0.0,0.0,0.0
147.0,5.0,1.0,220.0,170.0,82.0,0.0,2.5,0.0,2021.0,13.0,20.0,1.0,1,0.0,0.0,0.0,0.0,0.0,0.0,0.0,0.0,1.0,0.0,1.0,0.0,0.0,0.0,0.0,0.0,0.0,0.0,0.0
149.0,23.5,23.5,430.0,304.0,482.5,12.5,4.0,28.5,2016.0,13.5,19.5,1.0,1,0.0,1.0,0.0,0.0,0.0,0.0,0.0,0.0,0.0,0.0,0.0,1.0,0.0,0.0,0.0,0.0,0.0,0.0,0.0
115.0,12.0,7.0,316.0,304.0,127.0,7.0,4.0,13.0,2017.0,13.0,19.5,3.5,1,0.0,1.0,0.0,0.0,0.0,0.0,0.0,0.0,0.0,0.0,0.0,0.0,0.0,0.0,1.0,0.0,0.0,0.0,0.0
19.0,1.0,1.0,211.0,176.0,66.0,1.0,5.0,2.0,2024.0,13.5,19.5,1.0,1,0.0,1.0,0.0,0.0,0.0,0.0,0.0,0.0,0.0,0.0,1.0,0.0,0.0,0.0,0.0,0.0,0.0,0.0,0.0
81.0,8.0,2.0,239.5,162.0,62.0,1.0,5.0,4.0,2022.0,13.0,19.5,1.0,1,0.0,0.0,0.0,1.0,0.0,0.0,0.0,0.0,0.0,0.0,0.0,1.0,0.0,0.0,0.0,0.0,0.0,0.0,0.0
40.0,3.0,1.0,140.0,98.0,178.0,0.0,2.5,0.0,2023.0,13.0,19.5,1.0,1,0.0,1.0,0.0,0.0,0.0,0.0,0.0,0.0,0.0,0.0,0.0,0.0,0.0,1.0,0.0,0.0,0.0,0.0,0.0
15.0,1.0,3.0,150.0,236.5,75.0,0.0,2.5,0.0,2019.0,14.0,21.0,1.0,1,0.0,1.0,0.0,0.0,0.0,0.0,0.0,0.0,0.0,0.0,0.0,0.0,0.0,0.0,0.0,0.0,0.0,0.0,1.0
19.0,6.0,3.0,224.5,150.0,18.0,1.0,4.0,3.0,2023.0,13.0,19.5,1.0,1,0.0,0.0,0.0,1.0,0.0,0.0,0.0,0.0,0.0,0.0,0.0,1.0,0.0,0.0,0.0,0.0,0.0,0.0,0.0
6.0,0.0,0.0,165.0,147.0,92.0,0.0,5.0,1.0,2024.0,13.5,19.5,1.0,1,0.0,1.0,0.0,0.0,0.0,0.0,0.0,0.0,0.0,0.0,0.0,0.0,0.0,0.0,0.0,0.0,0.0,1.0,0.0
16.0,1.0,2.0,200.0,198.0,89.0,0.0,2.5,0.0,2020.0,13.0,20.0,1.0,1,0.0,0.0,0.0,0.0,0.0,0.0,0.0,0.0,1.0,0.0,0.0,1.0,0.0,0.0,0.0,0.0,0.0,0.0,0.0
62.0,4.0,3.0,140.0,108.0,429.0,1.0,5.0,3.0,2022.0,13.0,20.0,1.0,1,0.0,1.0,0.0,0.0,0.0,0.0,0.0,0.0,0.0,0.0,0.0,1.0,0.0,0.0,0.0,0.0,0.0,0.0,0.0
61.0,2.0,1.0,351.0,240.0,82.0,1.0,3.0,1.0,2023.0,13.5,19.5,3.0,1,0.0,1.0,0.0,0.0,0.0,0.0,0.0,0.0,0.0,0.0,1.0,0.0,0.0,0.0,0.0,0.0,0.0,0.0,0.0
55.0,6.0,2.0,400.0,304.0,52.0,1.0,5.0,2.0,2023.0,13.0,21.0,1.0,1,0.0,0.0,0.0,0.0,0.0,0.0,0.0,1.0,0.0,0.0,0.0,0.0,0.0,0.0,0.0,0.0,1.0,0.0,0.0
289.5,23.5,23.5,85.0,176.0,482.5,12.5,5.0,28.5,2019.0,12.5,19.5,2.0,1,0.0,1.0,0.0,0.0,0.0,0.0,0.0,0.0,0.0,0.0,0.0,1.0,0.0,0.0,0.0,0.0,0.0,0.0,0.0
7.0,0.0,1.0,150.0,120.0,39.0,1.0,5.0,2.0,2019.0,13.5,21.0,1.0,1,0.0,0.0,0.0,0.0,1.0,0.0,0.0,0.0,0.0,0.0,0.0,1.0,0.0,0.0,0.0,0.0,0.0,0.0,0.0
26.0,0.0,2.0,220.0,143.0,33.0,1.0,5.0,1.0,2021.0,13.5,21.0,2.0,1,0.0,0.0,0.0,0.0,0.0,0.0,0.0,0.0,1.0,0.0,1.0,0.0,0.0,0.0,0.0,0.0,0.0,0.0,0.0
98.0,6.0,5.0,269.0,320.0,29.0,1.0,5.0,7.0,2014.0,13.5,19.5,3.5,1,0.0,0.0,0.0,0.0,0.0,1.0,0.0,0.0,0.0,0.0,1.0,0.0,0.0,0.0,0.0,0.0,0.0,0.0,0.0
76.0,2.0,4.0,78.0,101.0,255.0,3.0,4.0,7.0,2006.0,13.5,21.0,3.0,1,0.0,1.0,0.0,0.0,0.0,0.0,0.0,0.0,0.0,0.0,0.0,0.0,0.0,0.0,0.0,0.0,0.0,1.0,0.0
47.0,2.0,1.0,350.0,300.0,291.0,1.0,5.0,2.0,2023.0,13.0,19.5,1.0,1,0.0,1.0,0.0,0.0,0.0,0.0,0.0,0.0,0.0,0.0,1.0,0.0,0.0,0.0,0.0,0.0,0.0,0.0,0.0
127.0,9.0,1.0,350.0,288.0,88.0,2.0,5.0,3.0,2022.0,13.5,21.0,1.0,1,0.0,0.0,0.0,0.0,0.0,0.0,0.0,1.0,0.0,0.0,0.0,0.0,0.0,0.0,0.0,0.0,0.0,0.0,0.0
101.0,8.0,6.0,360.0,360.0,285.0,2.0,5.0,4.0,2020.0,13.0,20.0,1.0,1,0.0,1.0,0.0,0.0,0.0,0.0,0.0,0.0,0.0,0.0,0.0,1.0,0.0,0.0,0.0,0.0,0.0,0.0,0.0
3.0,0.0,1.0,140.0,125.0,17.0,0.0,2.5,0.0,2021.0,13.0,19.0,1.0,1,0.0,1.0,0.0,0.0,0.0,0.0,0.0,0.0,0.0,0.0,0.0,1.0,0.0,0.0,0.0,0.0,0.0,0.0,0.0
63.0,4.0,1.0,296.0,136.0,98.0,0.0,5.0,1.0,2024.0,13.5,21.0,1.0,1,0.0,1.0,0.0,0.0,0.0,0.0,0.0,0.0,0.0,0.0,0.0,0.0,0.0,0.0,0.0,0.0,1.0,0.0,0.0
36.0,1.0,0.0,385.0,232.0,69.0,0.0,2.5,0.0,2021.0,13.0,20.0,3.0,1,0.0,1.0,0.0,0.0,0.0,0.0,0.0,0.0,0.0,0.0,0.0,0.0,1.0,0.0,0.0,0.0,0.0,0.0,0.0
288.0,23.5,7.0,250.0,184.0,330.0,2.0,4.0,15.0,2011.0,13.5,21.0,1.0,1,0.0,0.0,0.0,0.0,0.0,0.0,0.0,1.0,0.0,0.0,1.0,0.0,0.0,0.0,0.0,0.0,0.0,0.0,0.0
23.0,4.0,5.0,130.0,112.0,345.0,2.0,5.0,3.0,2023.0,13.5,19.5,1.0,1,0.0,1.0,0.0,0.0,0.0,0.0,0.0,0.0,0.0,0.0,0.0,1.0,0.0,0.0,0.0,0.0,0.0,0.0,0.0
4.0,0.0,0.0,150.0,144.0,168.0,0.0,2.5,0.0,2023.0,13.5,19.5,1.0,1,0.0,1.0,0.0,0.0,0.0,0.0,0.0,0.0,0.0,0.0,0.0,1.0,0.0,0.0,0.0,0.0,0.0,0.0,0.0
62.0,2.0,0.0,270.0,320.0,72.0,1.0,5.0,1.0,2023.0,13.5,19.5,1.0,1,0.0,0.0,0.0,0.0,0.0,0.0,1.0,0.0,0.0,0.0,1.0,0.0,0.0,0.0,0.0,0.0,0.0,0.0,0.0
30.0,0.0,2.0,515.0,320.0,22.0,1.0,5.0,3.0,2011.0,14.25,23.25,1.0,0,0.0,1.0,0.0,0.0,0.0,0.0,0.0,0.0,0.0,0.0,1.0,0.0,0.0,0.0,0.0,0.0,0.0,0.0,0.0
53.0,4.0,6.0,275.0,336.0,44.0,2.0,4.0,5.0,2010.0,13.5,21.5,1.0,1,0.0,0.0,0.0,0.0,0.0,0.0,0.0,0.0,0.0,0.0,0.0,1.0,0.0,0.0,0.0,0.0,0.0,0.0,0.0
11.0,1.0,3.0,402.0,288.0,73.0,3.0,5.0,3.0,2024.0,13.5,19.5,1.0,1,0.0,1.0,0.0,0.0,0.0,0.0,0.0,0.0,0.0,0.0,0.0,1.0,0.0,0.0,0.0,0.0,0.0,0.0,0.0
44.0,0.0,2.0,200.0,208.0,244.0,1.0,5.0,5.0,2022.0,13.5,21.0,1.0,1,0.0,1.0,0.0,0.0,0.0,0.0,0.0,0.0,0.0,0.0,0.0,0.0,0.0,0.0,0.0,0.0,1.0,0.0,0.0
178.0,9.0,20.0,299.0,304.0,153.0,4.0,4.0,18.0,2014.0,13.5,21.0,1.0,1,0.0,0.0,0.0,0.0,0.0,1.0,0.0,0.0,0.0,0.0,0.0,1.0,0.0,0.0,0.0,0.0,0.0,0.0,0.0
18.0,0.0,0.0,240.0,304.0,24.0,0.0,2.5,0.0,2024.0,13.5,19.5,1.0,1,0.0,0.0,0.0,0.0,0.0,0.0,1.0,0.0,0.0,0.0,1.0,0.0,0.0,0.0,0.0,0.0,0.0,0.0,0.0
26.0,0.0,5.0,220.0,248.0,92.0,4.0,4.0,4.0,2021.0,13.5,21.0,1.0,1,0.0,1.0,0.0,0.0,0.0,0.0,0.0,0.0,0.0,0.0,0.0,1.0,0.0,0.0,0.0,0.0,0.0,0.0,0.0
21.0,2.0,8.0,249.5,170.0,28.0,5.0,5.0,5.0,2022.0,13.0,19.5,1.0,1,0.0,0.0,0.0,1.0,0.0,0.0,0.0,0.0,0.0,0.0,0.0,0.0,1.0,0.0,0.0,0.0,0.0,0.0,0.0
24.0,4.0,3.0,240.0,320.0,48.0,4.0,4.0,6.0,2015.0,12.5,19.5,2.0,1,0.0,0.0,0.0,0.0,0.0,0.0,0.0,0.0,0.0,0.0,0.0,1.0,0.0,0.0,0.0,0.0,0.0,0.0,0.0
133.0,19.0,23.5,299.0,376.0,429.0,11.0,5.0,25.0,2021.0,13.5,21.0,2.0,1,0.0,0.0,0.0,0.0,0.0,1.0,0.0,0.0,0.0,0.0,0.0,1.0,0.0,0.0,0.0,0.0,0.0,0.0,0.0
31.0,3.0,4.0,250.0,229.0,73.0,0.0,5.0,3.0,2021.0,13.5,21.0,3.5,1,0.0,0.0,0.0,0.0,0.0,0.0,1.0,0.0,0.0,0.0,0.0,0.0,0.0,0.0,0.0,0.0,0.0,0.0,0.0
1.0,0.0,0.0,200.0,184.0,1.0,0.0,2.5,0.0,2021.0,13.5,19.5,1.0,1,1.0,0.0,0.0,0.0,0.0,0.0,0.0,0.0,0.0,0.0,1.0,0.0,0.0,0.0,0.0,0.0,0.0,0.0,0.0
72.0,5.0,1.0,200.0,156.0,183.0,1.0,4.0,5.0,2022.0,13.0,19.5,1.0,1,0.0,1.0,0.0,0.0,0.0,0.0,0.0,0.0,0.0,0.0,0.0,0.0,0.0,0.0,1.0,0.0,0.0,0.0,0.0
289.5,17.0,3.0,400.0,364.0,229.0,3.0,5.0,8.0,2023.0,13.5,19.5,1.0,1,0.0,1.0,0.0,0.0,0.0,0.0,0.0,0.0,0.0,0.0,0.0,0.0,1.0,0.0,0.0,0.0,0.0,0.0,0.0
107.0,10.0,8.0,309.5,224.0,79.0,5.0,5.0,9.0,2022.0,13.0,19.5,1.0,1,0.0,0.0,0.0,1.0,0.0,0.0,0.0,0.0,0.0,0.0,0.0,1.0,0.0,0.0,0.0,0.0,0.0,0.0,0.0
145.0,8.0,6.0,300.0,250.0,113.0,0.0,5.0,4.0,2023.0,13.0,19.5,1.0,1,0.0,1.0,0.0,0.0,0.0,0.0,0.0,0.0,0.0,0.0,0.0,0.0,0.0,0.0,0.0,0.0,1.0,0.0,0.0
239.0,8.0,23.5,299.0,384.0,365.0,10.0,4.0,28.5,2012.0,13.5,21.0,3.0,1,0.0,0.0,0.0,0.0,0.0,1.0,0.0,0.0,0.0,0.0,0.0,1.0,0.0,0.0,0.0,0.0,0.0,0.0,0.0
200.0,19.0,13.0,515.0,612.0,294.0,12.5,5.0,22.0,2020.0,13.5,21.0,3.5,1,0.0,0.0,0.0,0.0,0.0,1.0,0.0,0.0,0.0,0.0,0.0,1.0,0.0,0.0,0.0,0.0,0.0,0.0,0.0
166.0,13.0,15.0,275.0,336.0,220.0,10.0,5.0,17.0,2007.0,13.5,21.5,1.0,0,0.0,0.0,0.0,0.0,0.0,0.0,0.0,0.0,0.0,0.0,0.0,1.0,0.0,0.0,0.0,0.0,0.0,0.0,0.0
197.0,22.0,12.0,280.0,312.0,245.0,12.0,5.0,24.0,2010.0,13.5,21.0,1.0,1,0.0,1.0,0.0,0.0,0.0,0.0,0.0,0.0,0.0,0.0,0.0,0.0,0.0,0.0,0.0,0.0,1.0,0.0,0.0
111.0,6.0,17.0,299.0,352.0,145.0,11.0,5.0,13.0,2016.0,13.5,21.0,3.0,1,0.0,0.0,0.0,0.0,0.0,1.0,0.0,0.0,0.0,0.0,0.0,1.0,0.0,0.0,0.0,0.0,0.0,0.0,0.0
74.0,13.0,6.0,354.5,260.0,97.0,3.0,5.0,8.0,2023.0,13.0,19.5,3.5,1,0.0,0.0,0.0,1.0,0.0,0.0,0.0,0.0,0.0,0.0,0.0,1.0,0.0,0.0,0.0,0.0,0.0,0.0,0.0
14.0,0.0,0.0,150.0,160.0,12.0,0.0,2.5,0.0,2023.0,13.5,19.5,1.0,1,0.0,0.0,0.0,0.0,0.0,0.0,0.0,0.0,0.0,1.0,0.0,0.0,0.0,1.0,0.0,0.0,0.0,0.0,0.0
11.0,0.0,5.0,139.0,72.0,197.0,6.0,5.0,6.0,2022.0,12.5,19.5,1.0,1,0.0,0.0,1.0,0.0,0.0,0.0,0.0,0.0,0.0,0.0,0.0,1.0,0.0,0.0,0.0,0.0,0.0,0.0,0.0
74.0,2.0,0.0,515.0,612.0,32.0,1.0,5.0,1.0,2023.0,13.5,21.0,3.5,1,0.0,0.0,0.0,0.0,0.0,1.0,0.0,0.0,0.0,0.0,0.0,1.0,0.0,0.0,0.0,0.0,0.0,0.0,0.0
289.5,20.0,10.0,350.0,288.0,330.0,6.0,5.0,21.0,2017.0,13.5,21.0,2.0,1,0.0,0.0,0.0,0.0,0.0,0.0,0.0,1.0,0.0,0.0,0.0,0.0,0.0,0.0,0.0,0.0,0.0,0.0,1.0
83.0,7.0,18.0,299.0,336.0,141.0,6.0,4.0,12.0,2015.0,13.5,21.0,3.0,1,0.0,0.0,0.0,0.0,0.0,1.0,0.0,0.0,0.0,0.0,0.0,1.0,0.0,0.0,0.0,0.0,0.0,0.0,0.0
27.0,1.0,0.0,280.0,376.0,18.0,1.0,2.5,1.0,2007.0,14.0,22.0,1.0,1,0.0,0.0,0.0,0.0,0.0,0.0,0.0,0.0,0.0,0.0,0.0,1.0,0.0,0.0,0.0,0.0,0.0,0.0,0.0
28.0,0.0,2.0,515.0,480.0,10.0,1.0,5.0,2.0,2021.0,14.25,19.5,1.0,1,0.0,1.0,0.0,0.0,0.0,0.0,0.0,0.0,0.0,0.0,0.0,0.0,0.0,0.0,0.0,0.0,0.0,1.0,0.0
58.0,6.0,9.0,145.0,112.0,131.0,5.0,4.0,13.0,2009.0,13.5,19.5,1.0,0,0.0,0.0,0.0,0.0,0.0,0.0,0.0,0.0,0.0,0.0,0.0,1.0,0.0,0.0,0.0,0.0,0.0,0.0,0.0
67.0,5.0,6.0,350.0,336.0,115.0,1.0,5.0,4.0,2016.0,13.5,19.5,3.5,1,0.0,1.0,0.0,0.0,0.0,0.0,0.0,0.0,0.0,0.0,0.0,0.0,0.0,0.0,0.0,1.0,0.0,0.0,0.0
26.0,2.0,2.0,180.0,368.0,22.0,1.0,3.0,2.0,2023.0,13.5,19.5,1.0,1,0.0,1.0,0.0,0.0,0.0,0.0,0.0,0.0,0.0,0.0,0.0,0.0,1.0,0.0,0.0,0.0,0.0,0.0,0.0
81.0,3.0,7.0,220.0,184.0,126.0,1.0,4.0,4.0,2022.0,13.5,21.0,1.0,1,0.0,0.0,0.0,0.0,0.0,0.0,1.0,0.0,0.0,0.0,0.0,0.0,0.0,0.0,0.0,0.0,0.0,0.0,0.0
4.0,0.0,0.0,400.0,358.0,7.0,0.0,2.5,0.0,2023.0,13.5,19.5,1.0,1,0.0,0.0,0.0,0.0,0.0,0.0,0.0,0.0,1.0,0.0,0.0,0.0,0.0,0.0,1.0,0.0,0.0,0.0,0.0
1.0,0.0,0.0,120.0,80.0,6.0,0.0,2.5,0.0,2024.0,13.5,19.5,2.0,1,0.0,1.0,0.0,0.0,0.0,0.0,0.0,0.0,0.0,0.0,0.0,1.0,0.0,0.0,0.0,0.0,0.0,0.0,0.0
268.0,5.0,23.5,299.0,376.0,316.0,12.5,4.0,28.5,2012.0,13.5,21.0,2.0,1,0.0,0.0,0.0,0.0,0.0,1.0,0.0,0.0,0.0,0.0,0.0,1.0,0.0,0.0,0.0,0.0,0.0,0.0,0.0
5.0,0.0,2.0,80.0,128.0,48.0,1.0,5.0,1.0,2023.0,13.5,19.5,3.0,1,0.0,1.0,0.0,0.0,0.0,0.0,0.0,0.0,0.0,0.0,0.0,0.0,0.0,0.0,0.0,0.0,0.0,1.0,0.0
33.0,7.0,5.0,84.0,108.0,81.0,3.0,5.0,7.0,2018.0,13.5,19.5,1.0,1,0.0,1.0,0.0,0.0,0.0,0.0,0.0,0.0,0.0,0.0,0.0,1.0,0.0,0.0,0.0,0.0,0.0,0.0,0.0
98.0,10.0,23.5,299.0,344.0,194.0,12.5,5.0,28.5,2015.0,13.5,21.0,3.0,1,0.0,0.0,0.0,0.0,0.0,1.0,0.0,0.0,0.0,0.0,0.0,1.0,0.0,0.0,0.0,0.0,0.0,0.0,0.0
19.0,1.0,0.0,450.0,525.0,35.0,1.0,4.0,1.0,2023.0,13.5,21.0,1.0,1,0.0,0.0,0.0,0.0,0.0,0.0,1.0,0.0,0.0,0.0,0.0,1.0,0.0,0.0,0.0,0.0,0.0,0.0,0.0
82.0,3.0,8.0,126.0,136.0,168.0,3.0,4.0,9.0,2021.0,13.5,21.0,1.0,1,0.0,1.0,0.0,0.0,0.0,0.0,0.0,0.0,0.0,0.0,1.0,0.0,0.0,0.0,0.0,0.0,0.0,0.0,0.0
13.0,0.0,3.0,200.0,498.0,18.0,0.0,2.5,0.0,2022.0,13.5,21.0,1.0,1,0.0,1.0,0.0,0.0,0.0,0.0,0.0,0.0,0.0,0.0,0.0,1.0,0.0,0.0,0.0,0.0,0.0,0.0,0.0
134.0,17.0,18.0,440.0,544.0,292.0,8.0,5.0,21.0,2010.0,13.5,21.5,3.0,1,0.0,0.0,0.0,0.0,0.0,0.0,0.0,0.0,0.0,0.0,0.0,1.0,0.0,0.0,0.0,0.0,0.0,0.0,0.0
18.0,2.0,4.0,310.0,384.0,46.0,1.0,5.0,2.0,2019.0,12.5,19.5,2.0,1,0.0,0.0,0.0,0.0,0.0,0.0,0.0,0.0,0.0,0.0,0.0,1.0,0.0,0.0,0.0,0.0,0.0,0.0,0.0
5.0,1.0,0.0,190.0,120.0,5.0,1.0,3.0,2.0,2024.0,13.5,21.0,1.0,1,0.0,1.0,0.0,0.0,0.0,0.0,0.0,0.0,0.0,0.0,0.0,1.0,0.0,0.0,0.0,0.0,0.0,0.0,0.0
289.5,18.0,23.5,300.0,272.0,482.5,12.5,4.0,28.5,2016.0,13.5,21.0,1.0,0,0.0,1.0,0.0,0.0,0.0,0.0,0.0,0.0,0.0,0.0,1.0,0.0,0.0,0.0,0.0,0.0,0.0,0.0,0.0
7.0,0.0,0.0,150.0,74.0,11.0,0.0,2.5,0.0,2022.0,13.5,21.0,3.0,1,0.0,0.0,0.0,0.0,0.0,0.0,1.0,0.0,0.0,0.0,1.0,0.0,0.0,0.0,0.0,0.0,0.0,0.0,0.0
11.0,2.0,0.0,174.0,184.0,482.5,0.0,2.5,0.0,2023.0,12.5,19.5,1.0,1,0.0,0.0,1.0,0.0,0.0,0.0,0.0,0.0,0.0,0.0,0.0,1.0,0.0,0.0,0.0,0.0,0.0,0.0,0.0
26.0,3.0,4.0,125.0,104.0,57.0,0.0,3.0,4.0,2018.0,13.5,21.0,1.0,1,0.0,0.0,0.0,0.0,1.0,0.0,0.0,0.0,0.0,0.0,0.0,1.0,0.0,0.0,0.0,0.0,0.0,0.0,0.0
6.0,0.0,0.0,80.0,128.0,49.0,0.0,2.5,0.0,2023.0,13.5,19.5,3.0,1,0.0,1.0,0.0,0.0,0.0,0.0,0.0,0.0,0.0,0.0,0.0,0.0,0.0,0.0,0.0,0.0,0.0,1.0,0.0
6.0,0.0,1.0,295.0,168.0,46.0,0.0,2.5,0.0,2021.0,13.0,20.0,1.0,1,0.0,1.0,0.0,0.0,0.0,0.0,0.0,0.0,0.0,0.0,1.0,0.0,0.0,0.0,0.0,0.0,0.0,0.0,0.0
31.0,5.0,1.0,99.0,126.0,31.0,2.0,4.0,4.0,2022.0,13.5,21.0,3.5,1,0.0,1.0,0.0,0.0,0.0,0.0,0.0,0.0,0.0,0.0,0.0,1.0,0.0,0.0,0.0,0.0,0.0,0.0,0.0
179.0,22.0,23.5,390.0,496.0,337.0,12.5,5.0,28.5,2012.0,13.5,21.5,3.0,1,0.0,0.0,0.0,0.0,0.0,0.0,0.0,0.0,0.0,0.0,0.0,1.0,0.0,0.0,0.0,0.0,0.0,0.0,0.0
42.0,2.0,1.0,360.0,208.0,47.0,2.0,5.0,2.0,2017.0,13.5,19.5,3.0,1,0.0,1.0,0.0,0.0,0.0,0.0,0.0,0.0,0.0,0.0,0.0,1.0,0.0,0.0,0.0,0.0,0.0,0.0,0.0
99.0,7.0,1.0,350.0,304.0,58.0,0.0,5.0,1.0,2022.0,13.5,21.0,1.0,1,0.0,0.0,0.0,0.0,0.0,0.0,0.0,1.0,0.0,0.0,0.0,0.0,0.0,0.0,0.0,0.0,0.0,0.0,0.0
90.0,10.0,15.0,139.5,82.0,299.0,10.0,5.0,18.0,2021.0,13.0,19.5,1.0,1,0.0,0.0,0.0,1.0,0.0,0.0,0.0,0.0,0.0,0.0,0.0,1.0,0.0,0.0,0.0,0.0,0.0,0.0,0.0
190.0,23.5,21.0,249.0,160.0,482.5,12.5,4.0,28.5,2012.0,13.8,21.0,1.0,1,0.0,0.0,0.0,0.0,0.0,1.0,0.0,0.0,0.0,0.0,0.0,1.0,0.0,0.0,0.0,0.0,0.0,0.0,0.0
162.0,8.0,21.0,249.0,240.0,190.0,11.0,4.0,20.0,2013.0,13.5,21.0,2.0,1,0.0,0.0,0.0,0.0,0.0,1.0,0.0,0.0,0.0,0.0,0.0,1.0,0.0,0.0,0.0,0.0,0.0,0.0,0.0
30.0,2.0,1.0,204.5,132.0,67.0,0.0,5.0,2.0,2024.0,13.0,19.5,1.0,1,0.0,0.0,0.0,1.0,0.0,0.0,0.0,0.0,0.0,0.0,1.0,0.0,0.0,0.0,0.0,0.0,0.0,0.0,0.0
52.0,2.0,2.0,480.0,224.0,40.0,3.0,5.0,4.0,2019.0,14.25,21.0,2.0,1,0.0,1.0,0.0,0.0,0.0,0.0,0.0,0.0,0.0,0.0,1.0,0.0,0.0,0.0,0.0,0.0,0.0,0.0,0.0
86.0,6.0,5.0,250.0,240.0,59.0,3.0,5.0,8.0,2017.0,13.0,19.5,1.0,1,0.0,0.0,0.0,0.0,0.0,0.0,0.0,1.0,0.0,0.0,0.0,0.0,1.0,0.0,0.0,0.0,0.0,0.0,0.0
289.5,23.5,23.5,299.0,464.0,482.5,12.5,5.0,28.5,2016.0,14.25,23.25,1.0,1,0.0,0.0,0.0,0.0,0.0,1.0,0.0,0.0,0.0,0.0,1.0,0.0,0.0,0.0,0.0,0.0,0.0,0.0,0.0
91.0,7.0,8.0,315.0,440.0,233.0,0.0,5.0,6.0,2020.0,14.25,23.25,1.0,1,0.0,1.0,0.0,0.0,0.0,0.0,0.0,0.0,0.0,0.0,1.0,0.0,0.0,0.0,0.0,0.0,0.0,0.0,0.0
6.0,0.0,0.0,158.0,48.0,252.0,0.0,5.0,1.0,2024.0,12.25,19.0,1.0,1,0.0,0.0,1.0,0.0,0.0,0.0,0.0,0.0,0.0,0.0,0.0,1.0,0.0,0.0,0.0,0.0,0.0,0.0,0.0
50.0,4.0,0.0,515.0,456.0,180.0,0.0,2.5,0.0,2022.0,14.0,21.0,1.0,1,0.0,1.0,0.0,0.0,0.0,0.0,0.0,0.0,0.0,0.0,0.0,0.0,0.0,0.0,1.0,0.0,0.0,0.0,0.0
31.0,1.0,4.0,299.0,384.0,57.0,1.0,5.0,1.0,2012.0,13.5,21.0,3.5,1,0.0,1.0,0.0,0.0,0.0,0.0,0.0,0.0,0.0,0.0,0.0,0.0,0.0,0.0,0.0,0.0,0.0,1.0,0.0
93.0,6.0,3.0,376.0,368.0,38.0,1.0,5.0,2.0,2010.0,13.0,19.5,1.0,1,0.0,1.0,0.0,0.0,0.0,0.0,0.0,0.0,0.0,0.0,0.0,0.0,1.0,0.0,0.0,0.0,0.0,0.0,0.0
4.0,0.0,0.0,195.0,195.0,44.0,0.0,3.0,1.0,2024.0,13.5,21.0,1.0,1,0.0,1.0,0.0,0.0,0.0,0.0,0.0,0.0,0.0,0.0,0.0,1.0,0.0,0.0,0.0,0.0,0.0,0.0,0.0
289.5,23.5,23.5,219.0,144.0,482.5,12.5,4.0,28.5,2010.0,13.5,21.0,3.0,1,0.0,0.0,0.0,0.0,0.0,1.0,0.0,0.0,0.0,0.0,0.0,1.0,0.0,0.0,0.0,0.0,0.0,0.0,0.0
220.0,13.0,2.0,450.0,488.0,153.0,1.0,5.0,5.0,2022.0,13.5,21.0,1.0,1,0.0,0.0,0.0,0.0,0.0,0.0,0.0,1.0,0.0,0.0,0.0,0.0,0.0,0.0,0.0,0.0,1.0,0.0,0.0
78.0,3.0,9.0,390.0,464.0,109.0,1.0,5.0,8.0,2015.0,13.5,21.0,1.0,1,0.0,1.0,0.0,0.0,0.0,0.0,0.0,0.0,0.0,0.0,0.0,0.0,0.0,0.0,0.0,0.0,1.0,0.0,0.0
8.0,0.0,1.0,150.0,160.0,20.0,1.0,4.0,1.0,2021.0,13.5,19.5,1.0,1,0.0,1.0,0.0,0.0,0.0,0.0,0.0,0.0,0.0,0.0,0.0,1.0,0.0,0.0,0.0,0.0,0.0,0.0,0.0
119.0,3.0,3.0,175.0,160.0,482.5,2.0,4.0,3.0,2022.0,13.0,19.5,1.0,1,0.0,1.0,0.0,0.0,0.0,0.0,0.0,0.0,0.0,0.0,0.0,0.0,0.0,0.0,0.0,0.0,0.0,0.0,1.0
19.0,1.0,1.0,420.0,236.5,28.0,0.0,4.0,1.0,2020.0,13.0,20.0,1.0,1,0.0,0.0,0.0,0.0,0.0,0.0,0.0,0.0,1.0,0.0,0.0,1.0,0.0,0.0,0.0,0.0,0.0,0.0,0.0
289.5,23.5,23.5,219.0,160.0,482.5,12.5,4.0,28.5,2015.0,12.25,17.8,1.0,1,0.0,0.0,0.0,0.0,0.0,1.0,0.0,0.0,0.0,0.0,1.0,0.0,0.0,0.0,0.0,0.0,0.0,0.0,0.0
58.0,4.0,2.0,150.0,144.0,166.0,0.0,5.0,1.0,2022.0,13.5,19.5,1.0,1,0.0,1.0,0.0,0.0,0.0,0.0,0.0,0.0,0.0,0.0,0.0,1.0,0.0,0.0,0.0,0.0,0.0,0.0,0.0
14.0,4.0,0.0,240.0,225.0,45.0,1.0,5.0,1.0,2023.0,13.5,19.5,1.0,1,0.0,0.0,0.0,0.0,0.0,0.0,0.0,0.0,1.0,0.0,1.0,0.0,0.0,0.0,0.0,0.0,0.0,0.0,0.0
289.5,23.5,23.5,515.0,612.0,424.0,12.5,5.0,28.5,2011.0,13.5,21.5,1.0,1,0.0,1.0,0.0,0.0,0.0,0.0,0.0,0.0,0.0,0.0,0.0,1.0,0.0,0.0,0.0,0.0,0.0,0.0,0.0
19.0,0.0,0.0,370.0,404.0,31.0,0.0,2.5,0.0,2022.0,13.5,21.0,1.0,1,0.0,0.0,0.0,0.0,0.0,0.0,0.0,0.0,1.0,0.0,1.0,0.0,0.0,0.0,0.0,0.0,0.0,0.0,0.0
10.0,3.0,3.0,189.0,85.0,422.0,0.0,4.0,2.0,2024.0,12.5,19.5,2.0,1,0.0,0.0,1.0,0.0,0.0,0.0,0.0,0.0,0.0,0.0,0.0,1.0,0.0,0.0,0.0,0.0,0.0,0.0,0.0
2.0,0.0,0.0,485.0,304.0,136.0,0.0,2.5,0.0,2022.0,13.0,20.0,3.5,1,0.0,1.0,0.0,0.0,0.0,0.0,0.0,0.0,0.0,0.0,0.0,0.0,0.0,0.0,0.0,1.0,0.0,0.0,0.0
5.0,0.0,0.0,105.0,78.0,44.0,0.0,5.0,1.0,2023.0,12.5,19.5,1.0,1,0.0,1.0,0.0,0.0,0.0,0.0,0.0,0.0,0.0,0.0,0.0,1.0,0.0,0.0,0.0,0.0,0.0,0.0,0.0
77.0,11.0,9.0,299.0,344.0,78.0,0.0,5.0,3.0,2017.0,13.5,21.0,3.5,1,0.0,0.0,0.0,0.0,0.0,1.0,0.0,0.0,0.0,0.0,0.0,1.0,0.0,0.0,0.0,0.0,0.0,0.0,0.0
32.0,4.0,5.0,249.0,232.0,41.0,1.0,5.0,7.0,2017.0,13.5,21.0,3.5,1,0.0,0.0,0.0,0.0,0.0,1.0,0.0,0.0,0.0,0.0,0.0,1.0,0.0,0.0,0.0,0.0,0.0,0.0,0.0
289.5,23.5,23.5,319.0,416.0,482.5,10.0,4.0,16.0,2022.0,13.5,21.0,2.0,1,0.0,1.0,0.0,0.0,0.0,0.0,0.0,0.0,0.0,0.0,0.0,1.0,0.0,0.0,0.0,0.0,0.0,0.0,0.0
15.0,1.0,1.0,170.0,144.0,13.0,0.0,5.0,1.0,2022.0,13.5,19.5,3.0,1,0.0,0.0,0.0,0.0,0.0,0.0,0.0,0.0,1.0,0.0,0.0,1.0,0.0,0.0,0.0,0.0,0.0,0.0,0.0
92.0,14.0,5.0,140.0,124.0,252.0,2.0,4.0,7.0,2022.0,13.0,20.0,1.0,1,0.0,1.0,0.0,0.0,0.0,0.0,0.0,0.0,0.0,0.0,0.0,1.0,0.0,0.0,0.0,0.0,0.0,0.0,0.0
188.0,6.0,4.0,200.0,160.0,185.0,0.0,4.0,7.0,2024.0,13.0,19.5,1.0,1,0.0,1.0,0.0,0.0,0.0,0.0,0.0,0.0,0.0,0.0,0.0,0.0,0.0,0.0,1.0,0.0,0.0,0.0,0.0
45.0,11.0,10.0,325.0,464.0,151.0,8.0,5.0,9.0,2014.0,12.5,19.5,1.0,1,0.0,0.0,0.0,0.0,0.0,0.0,0.0,0.0,0.0,0.0,0.0,1.0,0.0,0.0,0.0,0.0,0.0,0.0,0.0
289.5,14.0,23.5,299.0,448.0,298.0,12.5,4.0,28.5,2011.0,13.5,21.0,3.5,1,0.0,0.0,0.0,0.0,0.0,1.0,0.0,0.0,0.0,0.0,0.0,1.0,0.0,0.0,0.0,0.0,0.0,0.0,0.0
18.0,2.0,2.0,220.0,175.0,23.0,0.0,2.5,0.0,2020.0,13.0,20.0,3.5,1,0.0,0.0,0.0,0.0,0.0,0.0,1.0,0.0,0.0,0.0,1.0,0.0,0.0,0.0,0.0,0.0,0.0,0.0,0.0
39.0,1.0,1.0,130.0,144.0,30.0,1.0,4.0,2.0,2018.0,13.5,19.5,3.5,1,1.0,0.0,0.0,0.0,0.0,0.0,0.0,0.0,0.0,0.0,0.0,1.0,0.0,0.0,0.0,0.0,0.0,0.0,0.0
39.0,3.0,0.0,220.0,217.0,18.0,0.0,2.5,0.0,2020.0,13.0,20.0,1.0,1,0.0,0.0,0.0,0.0,0.0,0.0,0.0,0.0,1.0,0.0,0.0,0.0,0.0,0.0,1.0,0.0,0.0,0.0,0.0
69.0,2.0,6.0,515.0,372.0,41.0,1.0,5.0,3.0,2021.0,14.25,23.25,3.0,1,0.0,0.0,0.0,0.0,0.0,0.0,1.0,0.0,0.0,0.0,0.0,1.0,0.0,0.0,0.0,0.0,0.0,0.0,0.0
183.0,8.0,5.0,156.0,104.0,157.0,2.0,5.0,7.0,2007.0,12.5,19.5,3.5,1,0.0,1.0,0.0,0.0,0.0,0.0,0.0,0.0,0.0,0.0,1.0,0.0,0.0,0.0,0.0,0.0,0.0,0.0,0.0
4.0,0.0,0.0,360.0,224.0,18.0,0.0,2.5,0.0,2020.0,13.5,21.0,1.0,1,0.0,1.0,0.0,0.0,0.0,0.0,0.0,0.0,0.0,0.0,0.0,1.0,0.0,0.0,0.0,0.0,0.0,0.0,0.0
16.0,2.0,1.0,140.0,112.0,82.0,0.0,4.0,1.0,2021.0,13.0,20.0,1.0,1,0.0,1.0,0.0,0.0,0.0,0.0,0.0,0.0,0.0,0.0,0.0,1.0,0.0,0.0,0.0,0.0,0.0,0.0,0.0
32.0,2.0,3.0,250.0,288.0,39.0,2.0,4.0,3.0,2008.0,13.5,21.5,1.0,0,0.0,0.0,0.0,0.0,0.0,0.0,0.0,0.0,0.0,0.0,0.0,1.0,0.0,0.0,0.0,0.0,0.0,0.0,0.0
15.0,1.0,0.0,119.5,58.0,45.0,0.0,2.5,0.0,2022.0,13.0,19.5,2.0,1,0.0,0.0,0.0,1.0,0.0,0.0,0.0,0.0,0.0,0.0,0.0,1.0,0.0,0.0,0.0,0.0,0.0,0.0,0.0
2.0,1.0,0.0,385.0,302.0,39.0,3.0,5.0,3.0,2023.0,13.5,21.0,1.0,1,0.0,1.0,0.0,0.0,0.0,0.0,0.0,0.0,0.0,0.0,0.0,1.0,0.0,0.0,0.0,0.0,0.0,0.0,0.0
49.0,7.0,2.0,515.0,612.0,86.0,1.0,4.0,3.0,2021.0,13.5,21.0,3.0,1,0.0,0.0,0.0,0.0,0.0,0.0,1.0,0.0,0.0,0.0,0.0,0.0,1.0,0.0,0.0,0.0,0.0,0.0,0.0
40.0,5.0,3.0,299.0,400.0,38.0,1.0,4.0,7.0,2017.0,13.5,21.0,3.5,1,0.0,0.0,0.0,0.0,0.0,1.0,0.0,0.0,0.0,0.0,0.0,1.0,0.0,0.0,0.0,0.0,0.0,0.0,0.0
42.0,1.0,3.0,450.5,120.0,21.0,1.0,5.0,1.0,2021.0,13.5,21.0,1.0,1,0.0,1.0,0.0,0.0,0.0,0.0,0.0,0.0,0.0,0.0,1.0,0.0,0.0,0.0,0.0,0.0,0.0,0.0,0.0
85.0,2.0,12.0,250.0,344.0,74.0,4.0,4.0,9.0,2012.0,13.5,21.0,2.0,1,0.0,1.0,0.0,0.0,0.0,0.0,0.0,0.0,0.0,0.0,0.0,1.0,0.0,0.0,0.0,0.0,0.0,0.0,0.0
112.0,9.0,17.0,330.0,400.0,163.0,4.0,4.0,15.0,2012.0,14.0,22.0,2.0,1,0.0,0.0,0.0,0.0,0.0,0.0,0.0,0.0,0.0,0.0,0.0,1.0,0.0,0.0,0.0,0.0,0.0,0.0,0.0
5.0,0.0,0.0,200.0,115.0,16.0,1.0,5.0,1.0,2023.0,13.5,19.5,2.0,1,0.0,0.0,0.0,0.0,0.0,0.0,0.0,0.0,1.0,0.0,1.0,0.0,0.0,0.0,0.0,0.0,0.0,0.0,0.0
32.0,0.0,3.0,300.0,312.0,73.0,0.0,5.0,2.0,2017.0,14.25,21.0,1.0,1,0.0,1.0,0.0,0.0,0.0,0.0,0.0,0.0,0.0,0.0,0.0,0.0,0.0,0.0,0.0,0.0,0.0,0.0,1.0
289.5,23.5,23.5,299.0,384.0,482.5,12.5,5.0,28.5,2016.0,13.5,21.0,1.0,1,0.0,0.0,0.0,0.0,0.0,1.0,0.0,0.0,0.0,0.0,0.0,0.0,0.0,0.0,1.0,0.0,0.0,0.0,0.0
27.0,1.0,0.0,270.0,220.0,48.0,2.0,5.0,2.0,2022.0,13.0,20.0,2.0,1,0.0,0.0,0.0,0.0,0.0,0.0,0.0,0.0,1.0,0.0,0.0,0.0,0.0,0.0,1.0,0.0,0.0,0.0,0.0
153.0,22.0,20.0,299.0,440.0,148.0,11.0,4.0,28.5,2016.0,13.5,21.0,3.0,1,0.0,0.0,0.0,0.0,0.0,1.0,0.0,0.0,0.0,0.0,1.0,0.0,0.0,0.0,0.0,0.0,0.0,0.0,0.0
289.5,23.5,23.5,249.0,224.0,482.5,12.5,4.0,28.5,2012.0,13.5,21.0,1.0,1,0.0,0.0,0.0,0.0,0.0,1.0,0.0,0.0,0.0,0.0,0.0,1.0,0.0,0.0,0.0,0.0,0.0,0.0,0.0
1.274,23.5,23.5,190.0,104.0,482.5,12.5,4.0,28.5,2021.0,12.5,19.5,1.0,1,0.0,1.0,0.0,0.0,0.0,0.0,0.0,0.0,0.0,0.0,0.0,1.0,0.0,0.0,0.0,0.0,0.0,0.0,0.0
1.686,23.5,23.5,200.0,352.0,482.5,12.5,5.0,28.5,2005.5,13.5,19.5,2.0,1,0.0,1.0,0.0,0.0,0.0,0.0,0.0,0.0,0.0,0.0,0.0,1.0,0.0,0.0,0.0,0.0,0.0,0.0,0.0
29.0,1.0,0.0,240.0,231.0,34.0,0.0,2.5,0.0,2021.0,13.5,21.0,3.5,1,0.0,0.0,0.0,0.0,0.0,0.0,1.0,0.0,0.0,0.0,0.0,0.0,0.0,0.0,0.0,0.0,0.0,0.0,0.0
7.0,1.0,1.0,149.0,99.0,66.0,0.0,2.5,0.0,2023.0,13.5,21.0,1.0,1,0.0,1.0,0.0,0.0,0.0,0.0,0.0,0.0,0.0,0.0,0.0,1.0,0.0,0.0,0.0,0.0,0.0,0.0,0.0
10.0,1.0,0.0,498.0,440.0,4.0,0.0,2.5,0.0,2023.0,13.5,21.0,3.0,1,0.0,0.0,0.0,0.0,0.0,1.0,0.0,0.0,0.0,0.0,0.0,1.0,0.0,0.0,0.0,0.0,0.0,0.0,0.0
289.5,23.5,23.5,109.0,143.0,482.5,12.5,5.0,28.5,2020.0,13.0,19.5,2.0,1,0.0,1.0,0.0,0.0,0.0,0.0,0.0,0.0,0.0,0.0,0.0,0.0,0.0,0.0,1.0,0.0,0.0,0.0,0.0
93.0,1.0,1.0,515.0,288.0,81.0,2.0,5.0,4.0,2008.0,14.25,23.25,1.0,0,0.0,1.0,0.0,0.0,0.0,0.0,0.0,0.0,0.0,0.0,1.0,0.0,0.0,0.0,0.0,0.0,0.0,0.0,0.0
22.0,0.0,0.0,515.0,370.0,11.0,0.0,2.5,0.0,2024.0,13.5,21.0,1.0,1,0.0,1.0,0.0,0.0,0.0,0.0,0.0,0.0,0.0,0.0,1.0,0.0,0.0,0.0,0.0,0.0,0.0,0.0,0.0
289.5,23.5,23.5,160.0,168.0,482.5,12.5,5.0,28.5,2015.0,13.5,21.0,3.5,1,0.0,1.0,0.0,0.0,0.0,0.0,0.0,0.0,0.0,0.0,0.0,0.0,0.0,0.0,0.0,0.0,1.0,0.0,0.0
254.0,11.0,23.5,269.0,336.0,299.0,12.5,5.0,28.5,2013.0,13.5,21.0,3.5,1,0.0,0.0,0.0,0.0,0.0,1.0,0.0,0.0,0.0,0.0,0.0,1.0,0.0,0.0,0.0,0.0,0.0,0.0,0.0
289.5,23.5,23.5,249.0,288.0,482.5,12.5,4.0,28.5,2015.0,13.5,21.0,1.0,1,0.0,0.0,0.0,0.0,0.0,1.0,0.0,0.0,0.0,0.0,0.0,1.0,0.0,0.0,0.0,0.0,0.0,0.0,0.0
64.0,9.0,14.0,224.5,148.0,266.0,6.0,5.0,10.0,2021.0,13.0,19.5,2.0,1,0.0,0.0,0.0,1.0,0.0,0.0,0.0,0.0,0.0,0.0,0.0,1.0,0.0,0.0,0.0,0.0,0.0,0.0,0.0
109.0,7.0,20.0,219.0,136.0,235.0,6.0,4.0,9.0,2021.0,13.5,21.0,3.5,1,0.0,0.0,0.0,0.0,0.0,1.0,0.0,0.0,0.0,0.0,0.0,1.0,0.0,0.0,0.0,0.0,0.0,0.0,0.0
17.0,3.0,0.0,240.0,184.0,45.0,0.0,5.0,4.0,2022.0,13.5,21.0,2.0,1,0.0,0.0,0.0,0.0,0.0,0.0,0.0,0.0,1.0,0.0,1.0,0.0,0.0,0.0,0.0,0.0,0.0,0.0,0.0
46.0,2.0,3.0,200.0,140.0,98.0,4.0,4.0,8.0,2014.0,14.0,20.0,2.0,1,0.0,1.0,0.0,0.0,0.0,0.0,0.0,0.0,0.0,0.0,1.0,0.0,0.0,0.0,0.0,0.0,0.0,0.0,0.0
155.0,14.0,14.0,330.0,344.0,274.0,11.0,4.0,28.5,2013.0,13.5,21.0,1.0,1,0.0,1.0,0.0,0.0,0.0,0.0,0.0,0.0,0.0,0.0,0.0,0.0,0.0,0.0,0.0,0.0,1.0,0.0,0.0
52.0,2.0,1.0,320.0,292.0,52.0,3.0,3.0,4.0,2021.0,13.5,21.0,1.0,1,0.0,0.0,0.0,0.0,0.0,0.0,0.0,0.0,1.0,0.0,0.0,0.0,0.0,0.0,0.0,0.0,1.0,0.0,0.0
289.5,8.0,23.5,269.0,304.0,450.0,12.5,4.0,28.5,2011.0,13.5,21.0,3.5,1,0.0,0.0,0.0,0.0,0.0,1.0,0.0,0.0,0.0,0.0,0.0,1.0,0.0,0.0,0.0,0.0,0.0,0.0,0.0
25.0,8.0,3.0,129.5,68.0,56.0,4.0,5.0,7.0,2022.0,13.0,19.5,1.0,1,0.0,0.0,0.0,1.0,0.0,0.0,0.0,0.0,0.0,0.0,0.0,1.0,0.0,0.0,0.0,0.0,0.0,0.0,0.0
137.0,8.0,7.0,250.0,208.0,82.0,0.0,5.0,4.0,2017.0,13.5,21.0,1.0,1,0.0,0.0,0.0,0.0,0.0,0.0,0.0,1.0,0.0,0.0,0.0,0.0,0.0,0.0,0.0,0.0,1.0,0.0,0.0
2.0,0.0,0.0,280.0,272.0,2.0,0.0,2.5,0.0,2022.0,13.5,19.5,1.0,1,1.0,0.0,0.0,0.0,0.0,0.0,0.0,0.0,0.0,0.0,0.0,1.0,0.0,0.0,0.0,0.0,0.0,0.0,0.0
101.0,15.0,13.0,325.0,400.0,141.0,12.5,4.0,25.0,2012.0,13.5,21.0,1.0,1,0.0,0.0,0.0,0.0,0.0,0.0,0.0,0.0,0.0,0.0,0.0,1.0,0.0,0.0,0.0,0.0,0.0,0.0,0.0
289.5,23.5,23.5,195.0,342.0,482.5,12.5,4.0,28.5,2005.5,13.5,19.5,3.0,1,0.0,1.0,0.0,0.0,0.0,0.0,0.0,0.0,0.0,0.0,0.0,1.0,0.0,0.0,0.0,0.0,0.0,0.0,0.0
53.0,1.0,0.0,220.0,210.0,79.0,3.0,4.0,6.0,2020.0,13.5,21.0,1.0,1,0.0,0.0,0.0,0.0,0.0,0.0,0.0,0.0,1.0,0.0,0.0,0.0,0.0,0.0,1.0,0.0,0.0,0.0,0.0
23.0,0.0,1.0,226.0,240.0,482.5,2.0,5.0,2.0,2025.0,13.5,19.5,3.5,1,0.0,1.0,0.0,0.0,0.0,0.0,0.0,0.0,0.0,0.0,0.0,1.0,0.0,0.0,0.0,0.0,0.0,0.0,0.0
27.0,2.0,0.0,515.0,453.0,32.0,1.0,5.0,1.0,2024.0,14.25,23.25,2.0,1,0.0,0.0,0.0,0.0,0.0,0.0,1.0,0.0,0.0,0.0,0.0,1.0,0.0,0.0,0.0,0.0,0.0,0.0,0.0
53.0,1.0,1.0,429.0,264.0,29.0,0.0,2.5,0.0,2023.0,13.0,20.0,3.0,1,0.0,1.0,0.0,0.0,0.0,0.0,0.0,0.0,0.0,0.0,1.0,0.0,0.0,0.0,0.0,0.0,0.0,0.0,0.0
141.0,6.0,10.0,299.0,464.0,66.0,11.0,4.0,9.0,2011.0,13.5,21.0,1.0,1,0.0,0.0,0.0,0.0,0.0,1.0,0.0,0.0,0.0,0.0,0.0,1.0,0.0,0.0,0.0,0.0,0.0,0.0,0.0
289.5,23.5,23.5,299.0,64.0,482.5,12.5,4.0,28.5,2013.0,14.25,23.25,3.5,1,0.0,0.0,0.0,0.0,0.0,1.0,0.0,0.0,0.0,0.0,1.0,0.0,0.0,0.0,0.0,0.0,0.0,0.0,0.0
11.0,0.0,0.0,99.5,42.0,7.0,0.0,2.5,0.0,2022.0,13.0,19.5,1.0,1,0.0,0.0,0.0,1.0,0.0,0.0,0.0,0.0,0.0,0.0,0.0,1.0,0.0,0.0,0.0,0.0,0.0,0.0,0.0
29.0,3.0,4.0,138.0,73.0,159.0,3.0,5.0,5.0,2024.0,12.5,19.5,1.0,1,0.0,0.0,1.0,0.0,0.0,0.0,0.0,0.0,0.0,0.0,0.0,1.0,0.0,0.0,0.0,0.0,0.0,0.0,0.0
4.0,0.0,0.0,507.0,440.0,63.0,0.0,2.5,0.0,2023.0,13.5,19.5,1.0,1,0.0,1.0,0.0,0.0,0.0,0.0,0.0,0.0,0.0,0.0,1.0,0.0,0.0,0.0,0.0,0.0,0.0,0.0,0.0
21.0,7.0,1.0,140.0,246.0,128.0,3.0,4.0,6.0,2021.0,13.5,21.0,2.0,1,0.0,1.0,0.0,0.0,0.0,0.0,0.0,0.0,0.0,0.0,0.0,1.0,0.0,0.0,0.0,0.0,0.0,0.0,0.0
26.0,5.0,4.0,149.0,160.0,40.0,2.0,4.0,6.0,2022.0,13.5,21.0,3.5,1,0.0,1.0,0.0,0.0,0.0,0.0,0.0,0.0,0.0,0.0,0.0,1.0,0.0,0.0,0.0,0.0,0.0,0.0,0.0
13.0,0.0,0.0,400.0,292.0,68.0,0.0,2.5,0.0,2021.0,13.0,20.0,1.0,1,0.0,1.0,0.0,0.0,0.0,0.0,0.0,0.0,0.0,0.0,1.0,0.0,0.0,0.0,0.0,0.0,0.0,0.0,0.0
289.5,23.5,23.5,295.0,368.0,482.5,7.0,4.0,12.0,2023.0,13.5,21.0,1.0,1,0.0,1.0,0.0,0.0,0.0,0.0,0.0,0.0,0.0,0.0,0.0,1.0,0.0,0.0,0.0,0.0,0.0,0.0,0.0
13.0,1.0,0.0,99.5,42.0,19.0,0.0,2.5,0.0,2022.0,13.0,19.5,1.0,1,0.0,0.0,0.0,1.0,0.0,0.0,0.0,0.0,0.0,0.0,0.0,1.0,0.0,0.0,0.0,0.0,0.0,0.0,0.0
289.5,23.5,23.5,299.0,176.0,482.5,12.5,4.0,28.5,2011.0,14.0,21.0,1.0,1,0.0,0.0,0.0,0.0,0.0,1.0,0.0,0.0,0.0,0.0,0.0,1.0,0.0,0.0,0.0,0.0,0.0,0.0,0.0
76.0,3.0,4.0,140.0,157.0,102.0,4.0,5.0,9.0,2011.0,13.5,21.0,1.0,1,0.0,1.0,0.0,0.0,0.0,0.0,0.0,0.0,0.0,0.0,0.0,1.0,0.0,0.0,0.0,0.0,0.0,0.0,0.0
9.0,0.0,0.0,220.0,207.0,25.0,0.0,2.5,0.0,2021.0,13.5,21.0,1.0,1,0.0,0.0,0.0,0.0,0.0,0.0,0.0,0.0,1.0,0.0,0.0,0.0,0.0,0.0,0.0,0.0,1.0,0.0,0.0
9.0,0.0,0.0,380.0,486.0,21.0,0.0,2.5,0.0,2024.0,13.5,21.0,1.0,1,0.0,1.0,0.0,0.0,0.0,0.0,0.0,0.0,0.0,0.0,0.0,1.0,0.0,0.0,0.0,0.0,0.0,0.0,0.0
38.0,10.0,5.0,120.0,80.0,180.0,7.0,4.0,19.0,2008.0,13.5,19.5,3.5,1,0.0,0.0,0.0,0.0,0.0,0.0,0.0,0.0,0.0,0.0,0.0,0.0,0.0,0.0,0.0,0.0,0.0,1.0,0.0
57.0,8.0,12.0,150.0,80.0,165.0,4.0,4.0,18.0,2015.0,12.25,19.0,1.0,1,0.0,0.0,0.0,0.0,1.0,0.0,0.0,0.0,0.0,0.0,0.0,0.0,0.0,0.0,0.0,0.0,0.0,0.0,1.0
115.0,23.5,23.5,299.0,416.0,482.5,12.5,5.0,28.5,2020.0,13.5,21.0,2.0,1,0.0,0.0,0.0,0.0,0.0,1.0,0.0,0.0,0.0,0.0,0.0,1.0,0.0,0.0,0.0,0.0,0.0,0.0,0.0
112.0,7.0,10.0,140.0,128.0,374.0,7.0,5.0,12.0,2020.0,13.0,20.0,1.0,1,0.0,1.0,0.0,0.0,0.0,0.0,0.0,0.0,0.0,0.0,0.0,0.0,0.0,0.0,0.0,0.0,0.0,1.0,0.0
48.0,0.0,0.0,170.0,120.0,63.0,0.0,2.5,0.0,2020.0,13.0,20.0,1.0,1,0.0,0.0,0.0,0.0,0.0,0.0,0.0,0.0,1.0,0.0,0.0,0.0,0.0,0.0,0.0,0.0,1.0,0.0,0.0
128.0,7.0,5.0,249.0,200.0,112.0,2.0,4.0,6.0,2015.0,13.5,21.0,3.0,1,0.0,0.0,0.0,0.0,0.0,1.0,0.0,0.0,0.0,0.0,0.0,1.0,0.0,0.0,0.0,0.0,0.0,0.0,0.0
30.0,4.0,0.0,280.0,232.0,63.0,0.0,2.5,0.0,2019.0,14.25,23.25,1.0,1,0.0,1.0,0.0,0.0,0.0,0.0,0.0,0.0,0.0,0.0,1.0,0.0,0.0,0.0,0.0,0.0,0.0,0.0,0.0
18.0,1.0,1.0,194.0,200.0,75.0,4.0,5.0,4.0,2023.0,13.5,19.5,1.0,1,0.0,1.0,0.0,0.0,0.0,0.0,0.0,0.0,0.0,0.0,0.0,1.0,0.0,0.0,0.0,0.0,0.0,0.0,0.0
139.0,11.0,10.0,400.0,376.0,197.0,3.0,4.0,11.0,2015.0,13.5,21.0,1.0,1,0.0,0.0,0.0,0.0,0.0,0.0,0.0,1.0,0.0,0.0,0.0,0.0,0.0,1.0,0.0,0.0,0.0,0.0,0.0
129.0,7.0,18.0,269.0,320.0,77.0,2.0,4.0,12.0,2014.0,13.5,21.0,3.5,1,0.0,0.0,0.0,0.0,0.0,1.0,0.0,0.0,0.0,0.0,1.0,0.0,0.0,0.0,0.0,0.0,0.0,0.0,0.0
200.0,23.5,23.5,230.0,256.0,466.0,12.5,4.0,28.5,2017.0,13.5,19.5,1.0,1,1.0,0.0,0.0,0.0,0.0,0.0,0.0,0.0,0.0,0.0,0.0,1.0,0.0,0.0,0.0,0.0,0.0,0.0,0.0
28.0,7.0,7.0,127.0,184.0,147.0,5.0,5.0,10.0,2007.0,13.0,19.5,2.0,1,0.0,1.0,0.0,0.0,0.0,0.0,0.0,0.0,0.0,0.0,0.0,1.0,0.0,0.0,0.0,0.0,0.0,0.0,0.0
36.0,0.0,0.0,270.0,230.0,83.0,0.0,2.5,0.0,2024.0,13.5,19.5,3.5,1,0.0,0.0,0.0,0.0,0.0,0.0,1.0,0.0,0.0,0.0,1.0,0.0,0.0,0.0,0.0,0.0,0.0,0.0,0.0
74.0,4.0,6.0,134.5,72.0,80.0,0.0,5.0,4.0,2022.0,13.0,19.5,1.0,1,0.0,0.0,0.0,1.0,0.0,0.0,0.0,0.0,0.0,0.0,0.0,0.0,1.0,0.0,0.0,0.0,0.0,0.0,0.0
289.5,23.5,17.0,299.0,176.0,463.0,8.0,4.0,28.0,2013.0,12.25,18.0,1.0,1,0.0,0.0,0.0,0.0,0.0,1.0,0.0,0.0,0.0,0.0,0.0,0.0,0.0,1.0,0.0,0.0,0.0,0.0,0.0
24.0,2.0,6.0,304.5,216.0,105.0,5.0,5.0,6.0,2022.0,13.0,19.5,1.0,1,0.0,0.0,0.0,1.0,0.0,0.0,0.0,0.0,0.0,0.0,1.0,0.0,0.0,0.0,0.0,0.0,0.0,0.0,0.0
27.0,3.0,0.0,515.0,544.0,203.0,0.0,4.0,1.0,2024.0,14.25,23.25,1.0,1,0.0,1.0,0.0,0.0,0.0,0.0,0.0,0.0,0.0,0.0,0.0,0.0,0.0,0.0,0.0,0.0,1.0,0.0,0.0
132.0,13.0,4.0,250.0,152.0,116.0,3.0,5.0,19.0,2007.0,13.5,21.0,1.0,1,0.0,0.0,0.0,0.0,0.0,0.0,0.0,1.0,0.0,0.0,1.0,0.0,0.0,0.0,0.0,0.0,0.0,0.0,0.0
193.0,8.0,23.5,299.0,320.0,365.0,12.0,4.0,28.5,2013.0,13.5,21.0,3.0,1,0.0,0.0,0.0,0.0,0.0,1.0,0.0,0.0,0.0,0.0,0.0,1.0,0.0,0.0,0.0,0.0,0.0,0.0,0.0
46.0,2.0,8.0,269.0,304.0,90.0,3.0,4.0,7.0,2012.0,13.5,21.0,3.5,1,0.0,1.0,0.0,0.0,0.0,0.0,0.0,0.0,0.0,0.0,0.0,0.0,0.0,0.0,0.0,0.0,0.0,1.0,0.0
218.0,23.5,23.5,269.0,304.0,482.5,12.5,4.0,28.5,2009.0,13.5,21.0,2.0,1,0.0,0.0,0.0,0.0,0.0,1.0,0.0,0.0,0.0,0.0,0.0,1.0,0.0,0.0,0.0,0.0,0.0,0.0,0.0
75.0,8.0,9.0,465.0,352.0,160.0,1.0,5.0,9.0,2018.0,13.5,19.5,3.5,1,0.0,1.0,0.0,0.0,0.0,0.0,0.0,0.0,0.0,0.0,0.0,1.0,0.0,0.0,0.0,0.0,0.0,0.0,0.0
7.0,0.0,0.0,90.0,62.0,84.0,0.0,2.5,0.0,2022.0,13.5,19.5,1.0,1,0.0,1.0,0.0,0.0,0.0,0.0,0.0,0.0,0.0,0.0,0.0,0.0,0.0,0.0,0.0,0.0,0.0,1.0,0.0
40.0,3.0,8.0,180.0,160.0,14.0,0.0,4.0,1.0,2023.0,13.5,21.0,1.0,1,1.0,0.0,0.0,0.0,0.0,0.0,0.0,0.0,0.0,0.0,0.0,1.0,0.0,0.0,0.0,0.0,0.0,0.0,0.0
156.0,8.0,15.0,269.0,304.0,189.0,8.0,5.0,14.0,2013.0,13.5,21.0,3.0,1,0.0,0.0,0.0,0.0,0.0,1.0,0.0,0.0,0.0,0.0,0.0,1.0,0.0,0.0,0.0,0.0,0.0,0.0,0.0
33.0,4.0,2.0,200.0,232.0,53.0,1.0,5.0,1.0,2021.0,13.5,21.0,1.0,1,0.0,1.0,0.0,0.0,0.0,0.0,0.0,0.0,0.0,0.0,0.0,0.0,0.0,1.0,0.0,0.0,0.0,0.0,0.0
24.0,1.0,8.0,114.5,56.0,58.0,5.0,5.0,7.0,2022.0,13.0,19.5,1.0,1,0.0,0.0,0.0,1.0,0.0,0.0,0.0,0.0,0.0,0.0,0.0,1.0,0.0,0.0,0.0,0.0,0.0,0.0,0.0
55.0,3.0,3.0,300.0,352.0,81.0,2.0,4.0,3.0,2010.0,13.5,21.5,1.0,1,0.0,0.0,0.0,0.0,0.0,0.0,0.0,0.0,0.0,0.0,0.0,1.0,0.0,0.0,0.0,0.0,0.0,0.0,0.0
164.0,3.0,6.0,515.0,612.0,121.0,2.0,4.0,3.0,2020.0,13.5,21.0,3.5,1,0.0,0.0,0.0,0.0,0.0,1.0,0.0,0.0,0.0,0.0,0.0,1.0,0.0,0.0,0.0,0.0,0.0,0.0,0.0
28.0,2.0,0.0,300.0,296.0,13.0,0.0,5.0,1.0,2011.0,13.5,19.5,1.0,1,0.0,0.0,0.0,0.0,0.0,0.0,0.0,1.0,0.0,0.0,0.0,1.0,0.0,0.0,0.0,0.0,0.0,0.0,0.0
20.0,0.0,0.0,515.0,612.0,8.0,0.0,2.5,0.0,2023.0,13.5,21.0,3.5,1,0.0,0.0,0.0,0.0,0.0,1.0,0.0,0.0,0.0,0.0,0.0,1.0,0.0,0.0,0.0,0.0,0.0,0.0,0.0
18.0,0.0,0.0,168.0,152.0,39.0,0.0,2.5,0.0,2023.0,13.5,19.5,1.0,1,0.0,0.0,0.0,0.0,0.0,0.0,0.0,0.0,0.0,1.0,0.0,0.0,0.0,1.0,0.0,0.0,0.0,0.0,0.0
27.0,0.0,1.0,160.0,216.0,4.0,0.0,2.5,0.0,2020.0,13.5,19.5,3.5,1,1.0,0.0,0.0,0.0,0.0,0.0,0.0,0.0,0.0,0.0,0.0,1.0,0.0,0.0,0.0,0.0,0.0,0.0,0.0
14.0,2.0,0.0,240.0,232.0,12.0,0.0,2.5,0.0,2023.0,13.5,21.0,1.0,1,1.0,0.0,0.0,0.0,0.0,0.0,0.0,0.0,0.0,0.0,0.0,0.0,0.0,1.0,0.0,0.0,0.0,0.0,0.0
112.0,10.0,2.0,500.0,536.0,97.0,2.0,4.0,5.0,2018.0,13.5,21.0,1.0,1,0.0,0.0,0.0,0.0,0.0,0.0,0.0,1.0,0.0,0.0,1.0,0.0,0.0,0.0,0.0,0.0,0.0,0.0,0.0
38.0,11.0,4.0,219.5,144.0,45.0,1.0,5.0,6.0,2023.0,13.0,19.5,1.0,1,0.0,0.0,0.0,1.0,0.0,0.0,0.0,0.0,0.0,0.0,0.0,1.0,0.0,0.0,0.0,0.0,0.0,0.0,0.0
31.0,8.0,1.0,209.5,138.0,172.0,2.0,4.0,4.0,2023.0,13.0,19.5,1.0,1,0.0,0.0,0.0,1.0,0.0,0.0,0.0,0.0,0.0,0.0,0.0,1.0,0.0,0.0,0.0,0.0,0.0,0.0,0.0
97.0,3.0,1.0,300.0,336.0,81.0,1.0,4.0,6.0,2016.0,13.5,21.0,1.0,1,0.0,0.0,0.0,0.0,0.0,0.0,0.0,1.0,0.0,0.0,0.0,0.0,1.0,0.0,0.0,0.0,0.0,0.0,0.0
122.0,7.0,12.0,240.0,120.0,22.0,0.0,4.0,2.0,2020.0,13.5,19.5,1.0,1,1.0,0.0,0.0,0.0,0.0,0.0,0.0,0.0,0.0,0.0,0.0,1.0,0.0,0.0,0.0,0.0,0.0,0.0,0.0
33.0,1.0,1.0,330.0,192.0,27.0,0.0,2.5,0.0,2023.0,13.0,20.0,1.0,1,0.0,1.0,0.0,0.0,0.0,0.0,0.0,0.0,0.0,0.0,1.0,0.0,0.0,0.0,0.0,0.0,0.0,0.0,0.0
5.0,0.0,1.0,185.0,142.0,50.0,0.0,5.0,2.0,2023.0,13.0,19.5,1.0,1,0.0,1.0,0.0,0.0,0.0,0.0,0.0,0.0,0.0,0.0,0.0,1.0,0.0,0.0,0.0,0.0,0.0,0.0,0.0
11.0,1.0,1.0,109.5,52.0,10.0,0.0,2.5,0.0,2022.0,13.0,19.5,1.0,1,0.0,0.0,0.0,1.0,0.0,0.0,0.0,0.0,0.0,0.0,0.0,1.0,0.0,0.0,0.0,0.0,0.0,0.0,0.0
31.0,5.0,7.0,150.0,196.0,179.0,7.0,5.0,11.0,2019.0,13.5,21.0,1.0,1,0.0,1.0,0.0,0.0,0.0,0.0,0.0,0.0,0.0,0.0,0.0,1.0,0.0,0.0,0.0,0.0,0.0,0.0,0.0
33.0,3.0,2.0,149.0,176.0,28.0,0.0,5.0,6.0,2022.0,13.5,21.0,3.5,1,0.0,1.0,0.0,0.0,0.0,0.0,0.0,0.0,0.0,0.0,0.0,0.0,0.0,0.0,1.0,0.0,0.0,0.0,0.0
27.0,4.0,4.0,325.0,512.0,39.0,2.0,4.0,4.0,2014.0,12.5,19.5,1.0,1,0.0,0.0,0.0,0.0,0.0,0.0,0.0,0.0,0.0,0.0,0.0,1.0,0.0,0.0,0.0,0.0,0.0,0.0,0.0
5.0,1.0,0.0,165.0,60.0,13.0,1.0,5.0,1.0,2020.0,14.25,22.0,1.0,0,0.0,1.0,0.0,0.0,0.0,0.0,0.0,0.0,0.0,0.0,0.0,0.0,0.0,0.0,0.0,0.0,0.0,1.0,0.0
289.5,23.5,23.5,269.0,320.0,482.5,12.5,5.0,28.5,2015.0,13.5,21.0,2.0,1,0.0,0.0,0.0,0.0,0.0,1.0,0.0,0.0,0.0,0.0,0.0,1.0,0.0,0.0,0.0,0.0,0.0,0.0,0.0
70.0,1.0,5.0,292.0,304.0,149.0,1.0,4.0,5.0,2025.0,13.5,19.5,1.0,1,0.0,1.0,0.0,0.0,0.0,0.0,0.0,0.0,0.0,0.0,0.0,0.0,1.0,0.0,0.0,0.0,0.0,0.0,0.0
2.82,23.5,23.5,300.0,392.0,482.5,12.5,4.0,28.5,2012.0,13.5,19.5,1.0,1,0.0,1.0,0.0,0.0,0.0,0.0,0.0,0.0,0.0,0.0,1.0,0.0,0.0,0.0,0.0,0.0,0.0,0.0,0.0
75.0,14.0,7.0,160.0,148.0,263.0,4.0,5.0,6.0,2022.0,13.0,20.0,1.0,1,0.0,1.0,0.0,0.0,0.0,0.0,0.0,0.0,0.0,0.0,0.0,1.0,0.0,0.0,0.0,0.0,0.0,0.0,0.0
78.0,10.0,6.0,500.0,282.0,202.0,2.0,5.0,5.0,2017.0,14.0,20.0,1.0,1,0.0,1.0,0.0,0.0,0.0,0.0,0.0,0.0,0.0,0.0,1.0,0.0,0.0,0.0,0.0,0.0,0.0,0.0,0.0
289.5,23.5,23.5,260.0,288.0,482.5,12.5,4.0,28.5,2019.0,13.5,21.0,3.0,1,1.0,0.0,0.0,0.0,0.0,0.0,0.0,0.0,0.0,0.0,0.0,1.0,0.0,0.0,0.0,0.0,0.0,0.0,0.0
15.0,2.0,2.0,405.0,248.0,8.0,1.0,5.0,1.0,2023.0,13.0,20.0,2.0,1,0.0,1.0,0.0,0.0,0.0,0.0,0.0,0.0,0.0,0.0,1.0,0.0,0.0,0.0,0.0,0.0,0.0,0.0,0.0
289.5,23.5,23.5,299.0,368.0,482.5,12.5,4.0,28.5,2011.0,13.5,21.0,1.0,1,0.0,0.0,0.0,0.0,0.0,1.0,0.0,0.0,0.0,0.0,0.0,1.0,0.0,0.0,0.0,0.0,0.0,0.0,0.0
27.0,1.0,3.0,240.0,208.0,40.0,1.0,3.0,1.0,2020.0,13.0,20.0,1.0,1,0.0,0.0,0.0,0.0,0.0,0.0,0.0,0.0,1.0,0.0,1.0,0.0,0.0,0.0,0.0,0.0,0.0,0.0,0.0
94.0,3.0,2.0,225.0,168.0,76.0,0.0,4.0,1.0,2017.0,13.5,19.5,1.0,1,0.0,1.0,0.0,0.0,0.0,0.0,0.0,0.0,0.0,0.0,0.0,0.0,0.0,0.0,0.0,1.0,0.0,0.0,0.0
102.0,13.0,12.0,110.0,176.0,341.0,6.0,5.0,8.0,2005.5,13.5,19.5,3.5,1,0.0,1.0,0.0,0.0,0.0,0.0,0.0,0.0,0.0,0.0,0.0,1.0,0.0,0.0,0.0,0.0,0.0,0.0,0.0
17.0,2.0,1.0,145.0,192.0,39.0,1.0,5.0,3.0,2018.0,14.25,21.0,1.0,0,0.0,1.0,0.0,0.0,0.0,0.0,0.0,0.0,0.0,0.0,1.0,0.0,0.0,0.0,0.0,0.0,0.0,0.0,0.0
9.0,2.0,1.0,292.5,321.0,63.0,0.0,2.5,0.0,2021.0,13.0,20.0,2.0,1,0.0,1.0,0.0,0.0,0.0,0.0,0.0,0.0,0.0,0.0,0.0,1.0,0.0,0.0,0.0,0.0,0.0,0.0,0.0
6.0,0.0,1.0,80.0,128.0,44.0,0.0,2.5,0.0,2023.0,13.5,19.5,3.0,1,0.0,1.0,0.0,0.0,0.0,0.0,0.0,0.0,0.0,0.0,0.0,0.0,0.0,0.0,0.0,0.0,0.0,1.0,0.0
16.0,1.0,5.0,149.5,86.0,12.0,1.0,4.0,1.0,2023.0,13.0,19.5,2.0,1,0.0,0.0,0.0,1.0,0.0,0.0,0.0,0.0,0.0,0.0,0.0,1.0,0.0,0.0,0.0,0.0,0.0,0.0,0.0
64.0,3.0,5.0,400.0,400.0,205.0,3.0,4.0,6.0,2021.0,13.0,20.0,1.0,1,0.0,1.0,0.0,0.0,0.0,0.0,0.0,0.0,0.0,0.0,0.0,1.0,0.0,0.0,0.0,0.0,0.0,0.0,0.0
3.0,1.0,1.0,245.0,264.0,58.0,1.0,5.0,1.0,2022.0,13.5,21.0,1.0,1,0.0,1.0,0.0,0.0,0.0,0.0,0.0,0.0,0.0,0.0,0.0,1.0,0.0,0.0,0.0,0.0,0.0,0.0,0.0
41.0,7.0,7.0,90.0,136.0,240.0,5.0,5.0,7.0,2018.0,13.5,21.0,1.0,1,0.0,1.0,0.0,0.0,0.0,0.0,0.0,0.0,0.0,0.0,0.0,0.0,0.0,1.0,0.0,0.0,0.0,0.0,0.0
13.0,0.0,0.0,340.0,200.0,66.0,0.0,2.5,0.0,2021.0,13.0,20.0,1.0,1,0.0,1.0,0.0,0.0,0.0,0.0,0.0,0.0,0.0,0.0,1.0,0.0,0.0,0.0,0.0,0.0,0.0,0.0,0.0
18.0,2.0,2.0,149.0,139.0,14.0,2.0,4.0,3.0,2022.0,13.5,21.0,3.5,1,0.0,1.0,0.0,0.0,0.0,0.0,0.0,0.0,0.0,0.0,0.0,1.0,0.0,0.0,0.0,0.0,0.0,0.0,0.0
7.0,0.0,0.0,140.0,112.0,1.0,0.0,2.5,0.0,2024.0,13.5,21.0,1.0,1,1.0,0.0,0.0,0.0,0.0,0.0,0.0,0.0,0.0,0.0,0.0,0.0,0.0,1.0,0.0,0.0,0.0,0.0,0.0
128.0,14.0,11.0,350.0,376.0,225.0,12.5,5.0,28.5,2013.0,13.5,21.0,1.0,1,0.0,1.0,0.0,0.0,0.0,0.0,0.0,0.0,0.0,0.0,0.0,1.0,0.0,0.0,0.0,0.0,0.0,0.0,0.0
289.5,23.5,23.5,110.0,175.0,482.5,12.5,5.0,28.5,2022.0,13.5,19.5,2.0,1,0.0,1.0,0.0,0.0,0.0,0.0,0.0,0.0,0.0,0.0,0.0,1.0,0.0,0.0,0.0,0.0,0.0,0.0,0.0
5.0,0.0,0.0,270.0,152.0,18.0,0.0,2.5,1.0,2023.0,13.0,20.0,1.0,1,0.0,1.0,0.0,0.0,0.0,0.0,0.0,0.0,0.0,0.0,1.0,0.0,0.0,0.0,0.0,0.0,0.0,0.0,0.0
27.0,1.0,0.0,149.0,145.0,35.0,0.0,2.5,0.0,2022.0,13.5,21.0,3.5,1,0.0,1.0,0.0,0.0,0.0,0.0,0.0,0.0,0.0,0.0,1.0,0.0,0.0,0.0,0.0,0.0,0.0,0.0,0.0
16.0,0.0,1.0,149.0,173.0,18.0,0.0,2.5,0.0,2022.0,13.5,21.0,3.5,1,0.0,1.0,0.0,0.0,0.0,0.0,0.0,0.0,0.0,0.0,0.0,0.0,0.0,0.0,0.0,0.0,0.0,0.0,1.0
148.0,11.0,10.0,200.0,144.0,218.0,4.0,4.0,11.0,2018.0,13.5,21.0,1.0,1,0.0,0.0,0.0,0.0,1.0,0.0,0.0,0.0,0.0,0.0,1.0,0.0,0.0,0.0,0.0,0.0,0.0,0.0,0.0
73.0,22.0,14.0,360.0,288.0,236.0,12.0,5.0,28.5,2016.0,13.5,21.0,1.0,1,0.0,1.0,0.0,0.0,0.0,0.0,0.0,0.0,0.0,0.0,0.0,0.0,0.0,0.0,0.0,0.0,0.0,0.0,1.0
77.0,3.0,1.0,400.0,378.0,129.0,0.0,5.0,2.0,2023.0,13.0,19.5,1.0,1,0.0,1.0,0.0,0.0,0.0,0.0,0.0,0.0,0.0,0.0,0.0,0.0,0.0,0.0,1.0,0.0,0.0,0.0,0.0
106.0,5.0,5.0,299.0,336.0,64.0,5.0,4.0,8.0,2017.0,13.5,21.0,3.0,1,0.0,0.0,0.0,0.0,0.0,1.0,0.0,0.0,0.0,0.0,0.0,1.0,0.0,0.0,0.0,0.0,0.0,0.0,0.0
25.0,3.0,0.0,199.5,128.0,30.0,0.0,4.0,1.0,2024.0,13.0,19.5,1.0,1,0.0,0.0,0.0,1.0,0.0,0.0,0.0,0.0,0.0,0.0,1.0,0.0,0.0,0.0,0.0,0.0,0.0,0.0,0.0
151.0,17.0,23.5,299.0,432.0,325.0,12.5,5.0,28.5,2016.0,13.5,21.0,2.0,1,0.0,0.0,0.0,0.0,0.0,1.0,0.0,0.0,0.0,0.0,0.0,1.0,0.0,0.0,0.0,0.0,0.0,0.0,0.0
158.0,16.0,23.5,299.0,336.0,198.0,11.0,4.0,28.5,2015.0,13.5,21.0,2.0,1,0.0,0.0,0.0,0.0,0.0,1.0,0.0,0.0,0.0,0.0,0.0,1.0,0.0,0.0,0.0,0.0,0.0,0.0,0.0
204.0,22.0,10.0,500.0,456.0,283.0,12.0,5.0,28.5,2011.0,13.5,21.0,1.0,1,0.0,1.0,0.0,0.0,0.0,0.0,0.0,0.0,0.0,0.0,0.0,0.0,0.0,0.0,0.0,0.0,1.0,0.0,0.0
40.0,4.0,3.0,150.0,168.0,72.0,1.0,5.0,7.0,2015.0,13.5,21.0,1.0,1,0.0,1.0,0.0,0.0,0.0,0.0,0.0,0.0,0.0,0.0,0.0,1.0,0.0,0.0,0.0,0.0,0.0,0.0,0.0
87.0,9.0,18.0,220.0,254.0,148.0,6.0,5.0,12.0,2010.0,13.5,21.5,1.0,1,0.0,0.0,0.0,0.0,0.0,0.0,0.0,0.0,0.0,0.0,0.0,1.0,0.0,0.0,0.0,0.0,0.0,0.0,0.0
221.0,13.0,2.0,450.0,528.0,172.0,1.0,5.0,7.0,2022.0,13.5,21.0,1.0,1,0.0,0.0,0.0,0.0,0.0,0.0,0.0,1.0,0.0,0.0,0.0,0.0,1.0,0.0,0.0,0.0,0.0,0.0,0.0
91.0,10.0,23.5,269.0,320.0,212.0,12.0,4.0,23.0,2016.0,13.5,21.0,3.5,1,0.0,0.0,0.0,0.0,0.0,1.0,0.0,0.0,0.0,0.0,0.0,1.0,0.0,0.0,0.0,0.0,0.0,0.0,0.0
289.5,23.5,23.5,51.0,568.0,482.5,12.5,5.0,28.5,2021.0,12.5,19.5,1.0,1,0.0,1.0,0.0,0.0,0.0,0.0,0.0,0.0,0.0,0.0,0.0,1.0,0.0,0.0,0.0,0.0,0.0,0.0,0.0
157.0,13.0,10.0,299.0,400.0,92.0,3.0,4.0,9.0,2016.0,13.5,21.0,3.0,1,0.0,0.0,0.0,0.0,0.0,1.0,0.0,0.0,0.0,0.0,0.0,1.0,0.0,0.0,0.0,0.0,0.0,0.0,0.0
3.0,1.0,0.0,190.0,186.0,96.0,0.0,2.5,0.0,2021.0,13.0,19.5,3.0,1,0.0,1.0,0.0,0.0,0.0,0.0,0.0,0.0,0.0,0.0,0.0,1.0,0.0,0.0,0.0,0.0,0.0,0.0,0.0
33.0,7.0,2.0,425.0,392.0,68.0,2.0,5.0,5.0,2023.0,13.5,21.0,2.0,1,0.0,1.0,0.0,0.0,0.0,0.0,0.0,0.0,0.0,0.0,0.0,0.0,0.0,0.0,0.0,0.0,1.0,0.0,0.0
9.0,2.0,0.0,185.0,124.0,25.0,0.0,2.5,0.0,2022.0,12.25,19.5,3.5,1,0.0,1.0,0.0,0.0,0.0,0.0,0.0,0.0,0.0,0.0,0.0,1.0,0.0,0.0,0.0,0.0,0.0,0.0,0.0
52.0,9.0,1.0,500.0,491.0,88.0,1.0,5.0,6.0,2021.0,13.5,21.0,3.5,1,0.0,0.0,0.0,0.0,0.0,0.0,1.0,0.0,0.0,0.0,0.0,0.0,0.0,0.0,0.0,0.0,0.0,0.0,0.0
18.0,1.0,3.0,184.5,136.0,110.0,1.0,5.0,4.0,2022.0,13.5,19.5,3.5,1,0.0,0.0,0.0,1.0,0.0,0.0,0.0,0.0,0.0,0.0,0.0,1.0,0.0,0.0,0.0,0.0,0.0,0.0,0.0
204.0,17.0,22.0,150.0,160.0,249.0,7.0,4.0,23.0,2021.0,13.5,21.0,3.5,1,0.0,0.0,0.0,0.0,0.0,0.0,0.0,0.0,0.0,1.0,0.0,0.0,0.0,0.0,1.0,0.0,0.0,0.0,0.0
23.0,4.0,4.0,120.0,80.0,116.0,5.0,5.0,11.0,2008.0,13.5,19.5,3.5,1,0.0,0.0,0.0,0.0,0.0,0.0,0.0,0.0,0.0,0.0,0.0,0.0,0.0,0.0,0.0,0.0,0.0,1.0,0.0
246.0,23.5,23.5,299.0,336.0,209.0,12.0,5.0,23.0,2015.0,13.5,21.0,3.5,1,0.0,0.0,0.0,0.0,0.0,1.0,0.0,0.0,0.0,0.0,0.0,1.0,0.0,0.0,0.0,0.0,0.0,0.0,0.0
196.0,9.0,6.0,250.0,208.0,161.0,3.0,4.0,6.0,2020.0,13.5,21.0,1.0,1,0.0,0.0,0.0,0.0,0.0,0.0,0.0,1.0,0.0,0.0,0.0,0.0,0.0,0.0,0.0,0.0,0.0,0.0,0.0
23.0,1.0,0.0,420.0,350.0,45.0,0.0,2.5,0.0,2020.0,13.0,20.0,1.0,1,0.0,0.0,0.0,0.0,0.0,0.0,0.0,0.0,1.0,0.0,1.0,0.0,0.0,0.0,0.0,0.0,0.0,0.0,0.0
289.5,23.5,23.5,60.0,336.0,482.5,12.5,5.0,28.5,2020.0,12.5,19.5,1.0,1,0.0,1.0,0.0,0.0,0.0,0.0,0.0,0.0,0.0,0.0,0.0,1.0,0.0,0.0,0.0,0.0,0.0,0.0,0.0
7.0,2.0,1.0,148.0,60.0,124.0,0.0,5.0,2.0,2024.0,12.5,19.5,1.0,1,0.0,0.0,1.0,0.0,0.0,0.0,0.0,0.0,0.0,0.0,0.0,1.0,0.0,0.0,0.0,0.0,0.0,0.0,0.0
218.0,11.0,4.0,250.0,192.0,118.0,0.0,5.0,3.0,2021.0,13.5,21.0,1.0,1,0.0,0.0,0.0,0.0,0.0,0.0,0.0,1.0,0.0,0.0,0.0,0.0,0.0,0.0,0.0,0.0,1.0,0.0,0.0
18.0,2.0,0.0,446.0,276.0,7.0,0.0,2.5,0.0,2023.0,13.0,20.0,1.0,1,0.0,1.0,0.0,0.0,0.0,0.0,0.0,0.0,0.0,0.0,1.0,0.0,0.0,0.0,0.0,0.0,0.0,0.0,0.0
50.0,1.0,3.0,120.0,104.0,179.0,0.0,5.0,2.0,2021.0,13.0,19.5,1.0,1,0.0,1.0,0.0,0.0,0.0,0.0,0.0,0.0,0.0,0.0,0.0,1.0,0.0,0.0,0.0,0.0,0.0,0.0,0.0
25.0,2.0,0.0,130.0,152.0,12.0,0.0,5.0,1.0,2022.0,13.5,19.5,2.0,1,1.0,0.0,0.0,0.0,0.0,0.0,0.0,0.0,0.0,0.0,0.0,1.0,0.0,0.0,0.0,0.0,0.0,0.0,0.0
83.0,3.0,0.0,230.0,176.0,86.0,2.0,4.0,2.0,2010.0,13.5,19.5,1.0,1,0.0,1.0,0.0,0.0,0.0,0.0,0.0,0.0,0.0,0.0,1.0,0.0,0.0,0.0,0.0,0.0,0.0,0.0,0.0
118.0,3.0,2.0,200.0,160.0,106.0,0.0,2.5,0.0,2022.0,13.5,21.0,1.0,1,0.0,0.0,0.0,0.0,0.0,0.0,0.0,1.0,0.0,0.0,0.0,0.0,1.0,0.0,0.0,0.0,0.0,0.0,0.0
289.5,16.0,23.5,299.0,336.0,482.5,12.0,4.0,28.5,2014.0,13.5,21.0,3.5,1,0.0,0.0,0.0,0.0,0.0,1.0,0.0,0.0,0.0,0.0,0.0,1.0,0.0,0.0,0.0,0.0,0.0,0.0,0.0
24.0,3.0,4.0,269.0,336.0,43.0,0.0,5.0,1.0,2014.0,13.5,21.0,3.5,1,0.0,1.0,0.0,0.0,0.0,0.0,0.0,0.0,0.0,0.0,0.0,0.0,0.0,0.0,0.0,0.0,0.0,1.0,0.0
5.0,2.0,0.0,200.0,104.0,55.0,0.0,2.5,0.0,2021.0,14.0,20.0,3.0,1,0.0,1.0,0.0,0.0,0.0,0.0,0.0,0.0,0.0,0.0,1.0,0.0,0.0,0.0,0.0,0.0,0.0,0.0,0.0
75.0,6.0,8.0,259.5,178.0,134.0,7.0,5.0,9.0,2022.0,13.0,19.5,1.0,1,0.0,0.0,0.0,1.0,0.0,0.0,0.0,0.0,0.0,0.0,0.0,1.0,0.0,0.0,0.0,0.0,0.0,0.0,0.0
180.0,15.0,3.0,276.0,256.0,173.0,3.0,5.0,10.0,2013.0,13.0,19.5,1.0,1,0.0,1.0,0.0,0.0,0.0,0.0,0.0,0.0,0.0,0.0,0.0,0.0,1.0,0.0,0.0,0.0,0.0,0.0,0.0
29.0,1.0,1.0,170.0,120.0,47.0,0.0,2.5,0.0,2024.0,13.5,19.5,2.0,1,0.0,0.0,0.0,0.0,0.0,0.0,1.0,0.0,0.0,0.0,0.0,0.0,0.0,0.0,0.0,0.0,1.0,0.0,0.0
1.0,0.0,0.0,150.0,184.0,1.0,0.0,2.5,0.0,2021.0,13.5,19.5,1.0,1,1.0,0.0,0.0,0.0,0.0,0.0,0.0,0.0,0.0,0.0,0.0,1.0,0.0,0.0,0.0,0.0,0.0,0.0,0.0
204.0,9.0,23.5,249.0,272.0,320.0,8.0,4.0,28.5,2014.0,13.5,21.0,3.0,1,0.0,0.0,0.0,0.0,0.0,1.0,0.0,0.0,0.0,0.0,0.0,1.0,0.0,0.0,0.0,0.0,0.0,0.0,0.0
26.0,1.0,2.0,220.0,480.0,59.0,0.0,5.0,2.0,2009.0,13.5,19.5,2.0,1,0.0,1.0,0.0,0.0,0.0,0.0,0.0,0.0,0.0,0.0,0.0,0.0,0.0,0.0,0.0,0.0,0.0,0.0,1.0
33.0,5.0,8.0,150.0,144.0,406.0,8.0,5.0,8.0,2023.0,13.5,19.5,2.0,1,0.0,1.0,0.0,0.0,0.0,0.0,0.0,0.0,0.0,0.0,0.0,1.0,0.0,0.0,0.0,0.0,0.0,0.0,0.0
189.0,10.0,23.5,249.0,280.0,175.0,12.0,4.0,28.5,2014.0,13.5,21.0,3.5,1,0.0,0.0,0.0,0.0,0.0,1.0,0.0,0.0,0.0,0.0,0.0,1.0,0.0,0.0,0.0,0.0,0.0,0.0,0.0
145.0,7.0,16.0,299.0,384.0,104.0,3.0,5.0,10.0,2014.0,13.5,21.0,3.0,1,0.0,0.0,0.0,0.0,0.0,1.0,0.0,0.0,0.0,0.0,0.0,1.0,0.0,0.0,0.0,0.0,0.0,0.0,0.0
12.0,1.0,2.0,149.0,134.0,9.0,0.0,5.0,1.0,2015.0,13.5,21.0,3.5,1,0.0,1.0,0.0,0.0,0.0,0.0,0.0,0.0,0.0,0.0,0.0,0.0,0.0,0.0,0.0,0.0,0.0,0.0,1.0
30.0,2.0,6.0,280.0,72.0,72.0,1.0,4.0,6.0,2022.0,12.5,20.5,2.0,1,0.0,1.0,0.0,0.0,0.0,0.0,0.0,0.0,0.0,0.0,0.0,1.0,0.0,0.0,0.0,0.0,0.0,0.0,0.0
30.0,2.0,1.0,195.0,152.0,50.0,1.0,5.0,3.0,2023.0,13.0,19.5,1.0,1,0.0,1.0,0.0,0.0,0.0,0.0,0.0,0.0,0.0,0.0,0.0,1.0,0.0,0.0,0.0,0.0,0.0,0.0,0.0
108.0,16.0,3.0,515.0,301.0,231.0,5.0,5.0,8.0,2021.0,13.5,21.0,1.0,1,0.0,1.0,0.0,0.0,0.0,0.0,0.0,0.0,0.0,0.0,1.0,0.0,0.0,0.0,0.0,0.0,0.0,0.0,0.0
1.0,0.0,1.0,130.0,144.0,83.0,0.0,2.5,0.0,2021.0,13.0,19.0,1.0,1,0.0,1.0,0.0,0.0,0.0,0.0,0.0,0.0,0.0,0.0,0.0,1.0,0.0,0.0,0.0,0.0,0.0,0.0,0.0
3.0,0.0,1.0,195.0,200.0,39.0,1.0,5.0,1.0,2023.0,13.5,21.0,1.0,1,0.0,1.0,0.0,0.0,0.0,0.0,0.0,0.0,0.0,0.0,0.0,1.0,0.0,0.0,0.0,0.0,0.0,0.0,0.0
131.0,13.0,23.0,319.0,480.0,165.0,5.0,4.0,12.0,2015.0,13.5,21.0,1.0,1,0.0,0.0,0.0,0.0,0.0,1.0,0.0,0.0,0.0,0.0,0.0,1.0,0.0,0.0,0.0,0.0,0.0,0.0,0.0
267.0,11.0,10.0,515.0,184.0,178.0,7.0,5.0,14.0,2015.0,14.25,23.25,2.0,0,0.0,1.0,0.0,0.0,0.0,0.0,0.0,0.0,0.0,0.0,0.0,0.0,0.0,0.0,0.0,0.0,1.0,0.0,0.0
86.0,7.0,7.0,250.0,192.0,83.0,3.0,4.0,9.0,2017.0,13.5,21.0,1.0,1,0.0,0.0,0.0,0.0,0.0,0.0,0.0,1.0,0.0,0.0,1.0,0.0,0.0,0.0,0.0,0.0,0.0,0.0,0.0
92.0,9.0,1.0,200.0,157.0,76.0,0.0,5.0,3.0,2020.0,13.0,20.0,1.0,1,0.0,0.0,0.0,0.0,0.0,0.0,0.0,0.0,1.0,0.0,0.0,0.0,0.0,0.0,0.0,1.0,0.0,0.0,0.0
16.0,1.0,4.0,140.0,109.0,53.0,2.0,5.0,3.0,2022.0,13.5,19.5,1.0,1,0.0,1.0,0.0,0.0,0.0,0.0,0.0,0.0,0.0,0.0,0.0,1.0,0.0,0.0,0.0,0.0,0.0,0.0,0.0
125.0,9.0,18.0,299.0,384.0,132.0,1.0,4.0,17.0,2014.0,13.5,21.0,1.0,1,0.0,0.0,0.0,0.0,0.0,1.0,0.0,0.0,0.0,0.0,0.0,1.0,0.0,0.0,0.0,0.0,0.0,0.0,0.0
11.0,0.0,0.0,400.0,240.0,29.0,0.0,2.5,0.0,2021.0,13.5,21.0,1.0,1,0.0,1.0,0.0,0.0,0.0,0.0,0.0,0.0,0.0,0.0,0.0,1.0,0.0,0.0,0.0,0.0,0.0,0.0,0.0
66.0,3.0,2.0,295.0,576.0,55.0,3.0,5.0,7.0,2013.0,13.5,21.0,3.0,1,0.0,1.0,0.0,0.0,0.0,0.0,0.0,0.0,0.0,0.0,0.0,1.0,0.0,0.0,0.0,0.0,0.0,0.0,0.0
4.0,0.0,0.0,485.0,304.0,2.0,0.0,2.5,0.0,2023.0,13.0,20.0,1.0,1,0.0,1.0,0.0,0.0,0.0,0.0,0.0,0.0,0.0,0.0,1.0,0.0,0.0,0.0,0.0,0.0,0.0,0.0,0.0
28.0,2.0,4.0,250.0,304.0,57.0,2.0,4.0,5.0,2006.0,13.5,21.5,1.0,1,0.0,0.0,0.0,0.0,0.0,0.0,0.0,0.0,0.0,0.0,0.0,1.0,0.0,0.0,0.0,0.0,0.0,0.0,0.0
116.0,9.0,23.5,299.0,336.0,227.0,7.0,4.0,24.0,2016.0,13.5,21.0,1.0,1,0.0,0.0,0.0,0.0,0.0,1.0,0.0,0.0,0.0,0.0,0.0,1.0,0.0,0.0,0.0,0.0,0.0,0.0,0.0
27.0,4.0,7.0,209.5,136.0,182.0,1.0,4.0,4.0,2021.0,13.0,19.5,2.0,1,0.0,0.0,0.0,1.0,0.0,0.0,0.0,0.0,0.0,0.0,0.0,1.0,0.0,0.0,0.0,0.0,0.0,0.0,0.0
44.0,4.0,2.0,150.0,224.0,110.0,0.0,5.0,1.0,2024.0,13.5,21.0,1.0,1,0.0,1.0,0.0,0.0,0.0,0.0,0.0,0.0,0.0,0.0,0.0,0.0,0.0,0.0,1.0,0.0,0.0,0.0,0.0
10.0,0.0,0.0,330.0,192.0,53.0,0.0,2.5,0.0,2021.0,13.0,20.0,1.0,1,0.0,1.0,0.0,0.0,0.0,0.0,0.0,0.0,0.0,0.0,1.0,0.0,0.0,0.0,0.0,0.0,0.0,0.0,0.0
156.0,12.0,7.0,400.0,488.0,100.0,3.0,5.0,5.0,2021.0,13.5,21.0,1.0,1,0.0,0.0,0.0,0.0,0.0,0.0,0.0,1.0,0.0,0.0,0.0,0.0,0.0,0.0,0.0,0.0,0.0,0.0,0.0
1.0,0.0,0.0,370.0,224.0,26.0,0.0,2.5,0.0,2023.0,13.0,20.0,1.0,1,0.0,1.0,0.0,0.0,0.0,0.0,0.0,0.0,0.0,0.0,0.0,1.0,0.0,0.0,0.0,0.0,0.0,0.0,0.0
27.0,2.0,3.0,515.0,143.0,61.0,2.0,5.0,6.0,2016.0,14.25,21.0,1.0,1,0.0,1.0,0.0,0.0,0.0,0.0,0.0,0.0,0.0,0.0,1.0,0.0,0.0,0.0,0.0,0.0,0.0,0.0,0.0
13.0,1.0,1.0,135.0,120.0,57.0,1.0,5.0,1.0,2024.0,13.5,19.5,3.0,1,0.0,1.0,0.0,0.0,0.0,0.0,0.0,0.0,0.0,0.0,1.0,0.0,0.0,0.0,0.0,0.0,0.0,0.0,0.0
16.0,1.0,3.0,207.0,278.0,18.0,1.0,5.0,6.0,2020.0,13.5,19.5,1.0,1,0.0,0.0,0.0,0.0,0.0,0.0,0.0,0.0,0.0,1.0,0.0,1.0,0.0,0.0,0.0,0.0,0.0,0.0,0.0
289.5,23.5,23.5,88.0,88.0,482.5,12.5,5.0,28.5,2022.0,14.25,23.25,1.0,0,0.0,1.0,0.0,0.0,0.0,0.0,0.0,0.0,0.0,0.0,0.0,0.0,0.0,0.0,0.0,0.0,1.0,0.0,0.0
10.0,0.0,0.0,169.0,168.0,1.0,0.0,2.5,0.0,2023.0,13.5,19.5,1.0,1,0.0,0.0,0.0,0.0,0.0,0.0,0.0,0.0,0.0,1.0,0.0,0.0,0.0,0.0,0.0,1.0,0.0,0.0,0.0
11.0,0.0,1.0,149.0,148.0,9.0,0.0,5.0,2.0,2022.0,13.5,21.0,3.5,1,0.0,1.0,0.0,0.0,0.0,0.0,0.0,0.0,0.0,0.0,0.0,1.0,0.0,0.0,0.0,0.0,0.0,0.0,0.0
23.0,1.0,0.0,420.0,339.0,48.0,1.0,5.0,1.0,2020.0,13.0,20.0,1.0,1,0.0,0.0,0.0,0.0,0.0,0.0,0.0,0.0,1.0,0.0,0.0,0.0,1.0,0.0,0.0,0.0,0.0,0.0,0.0
3.0,0.0,0.0,240.0,254.0,10.0,0.0,2.5,0.0,2022.0,13.5,21.0,3.5,1,0.0,0.0,0.0,0.0,0.0,0.0,1.0,0.0,0.0,0.0,0.0,1.0,0.0,0.0,0.0,0.0,0.0,0.0,0.0
14.0,1.0,1.0,515.0,331.0,28.0,0.0,5.0,1.0,2024.0,14.25,23.25,1.0,1,0.0,1.0,0.0,0.0,0.0,0.0,0.0,0.0,0.0,0.0,1.0,0.0,0.0,0.0,0.0,0.0,0.0,0.0,0.0
236.0,13.0,5.0,200.0,88.0,167.0,3.0,4.0,12.0,2012.0,13.5,21.0,1.0,0,0.0,0.0,0.0,0.0,0.0,0.0,0.0,1.0,0.0,0.0,0.0,0.0,1.0,0.0,0.0,0.0,0.0,0.0,0.0
149.0,4.0,5.0,150.0,140.0,216.0,2.0,4.0,9.0,2020.0,13.5,19.5,1.0,1,0.0,1.0,0.0,0.0,0.0,0.0,0.0,0.0,0.0,0.0,0.0,0.0,0.0,0.0,0.0,0.0,1.0,0.0,0.0
82.0,11.0,5.0,300.0,312.0,138.0,3.0,5.0,12.0,2017.0,14.25,21.0,1.0,1,0.0,1.0,0.0,0.0,0.0,0.0,0.0,0.0,0.0,0.0,1.0,0.0,0.0,0.0,0.0,0.0,0.0,0.0,0.0
289.5,6.0,23.5,299.0,384.0,267.0,12.5,4.0,28.0,2011.0,13.5,21.0,2.0,1,0.0,0.0,0.0,0.0,0.0,1.0,0.0,0.0,0.0,0.0,0.0,1.0,0.0,0.0,0.0,0.0,0.0,0.0,0.0
136.0,4.0,7.0,299.0,448.0,93.0,2.0,4.0,10.0,2014.0,13.5,21.0,3.0,1,0.0,0.0,0.0,0.0,0.0,1.0,0.0,0.0,0.0,0.0,0.0,1.0,0.0,0.0,0.0,0.0,0.0,0.0,0.0
19.0,1.0,1.0,270.0,264.0,38.0,0.0,2.5,0.0,2022.0,13.5,21.0,1.0,1,1.0,0.0,0.0,0.0,0.0,0.0,0.0,0.0,0.0,0.0,0.0,1.0,0.0,0.0,0.0,0.0,0.0,0.0,0.0
9.0,0.0,0.0,180.0,160.0,5.0,0.0,2.5,0.0,2021.0,13.5,21.0,3.0,1,1.0,0.0,0.0,0.0,0.0,0.0,0.0,0.0,0.0,0.0,0.0,0.0,1.0,0.0,0.0,0.0,0.0,0.0,0.0
3.0,1.0,5.0,148.0,45.0,119.0,1.0,3.0,3.0,2024.0,12.5,19.5,1.0,1,0.0,0.0,1.0,0.0,0.0,0.0,0.0,0.0,0.0,0.0,0.0,1.0,0.0,0.0,0.0,0.0,0.0,0.0,0.0
79.0,10.0,17.0,299.0,368.0,130.0,11.0,4.0,17.0,2015.0,13.5,21.0,3.0,1,0.0,0.0,0.0,0.0,0.0,1.0,0.0,0.0,0.0,0.0,0.0,1.0,0.0,0.0,0.0,0.0,0.0,0.0,0.0
1.935,23.5,23.5,349.0,432.0,482.5,12.5,4.0,28.5,2022.0,13.5,21.0,2.0,1,0.0,1.0,0.0,0.0,0.0,0.0,0.0,0.0,0.0,0.0,0.0,1.0,0.0,0.0,0.0,0.0,0.0,0.0,0.0
289.5,23.5,23.5,249.0,264.0,482.5,12.5,4.0,28.5,2015.0,13.5,21.0,2.0,1,0.0,0.0,0.0,0.0,0.0,1.0,0.0,0.0,0.0,0.0,0.0,1.0,0.0,0.0,0.0,0.0,0.0,0.0,0.0
121.0,14.0,23.0,299.0,336.0,101.0,8.0,4.0,15.0,2017.0,13.5,21.0,2.0,1,0.0,0.0,0.0,0.0,0.0,1.0,0.0,0.0,0.0,0.0,0.0,1.0,0.0,0.0,0.0,0.0,0.0,0.0,0.0
100.0,23.5,23.5,219.0,208.0,482.5,12.5,4.0,28.5,2007.0,13.5,21.0,1.0,1,0.0,0.0,0.0,0.0,0.0,1.0,0.0,0.0,0.0,0.0,0.0,0.0,0.0,0.0,1.0,0.0,0.0,0.0,0.0
10.0,1.0,0.0,180.0,182.0,180.0,1.0,5.0,1.0,2021.0,13.0,19.5,1.0,1,0.0,1.0,0.0,0.0,0.0,0.0,0.0,0.0,0.0,0.0,0.0,0.0,0.0,0.0,0.0,1.0,0.0,0.0,0.0
289.5,23.5,23.5,249.0,256.0,482.5,12.5,4.0,28.5,2017.0,13.5,21.0,2.0,1,0.0,0.0,0.0,0.0,0.0,1.0,0.0,0.0,0.0,0.0,1.0,0.0,0.0,0.0,0.0,0.0,0.0,0.0,0.0
20.0,1.0,1.0,280.0,306.0,16.0,0.0,2.5,0.0,2024.0,13.5,21.0,1.0,1,1.0,0.0,0.0,0.0,0.0,0.0,0.0,0.0,0.0,0.0,0.0,0.0,0.0,1.0,0.0,0.0,0.0,0.0,0.0
49.0,3.0,3.0,199.0,208.0,319.0,0.0,5.0,1.0,2024.0,13.0,19.5,1.0,1,0.0,1.0,0.0,0.0,0.0,0.0,0.0,0.0,0.0,0.0,0.0,0.0,0.0,0.0,1.0,0.0,0.0,0.0,0.0
18.0,2.0,6.0,148.0,115.0,183.0,5.0,4.0,6.0,2022.0,12.5,19.5,1.0,1,0.0,0.0,1.0,0.0,0.0,0.0,0.0,0.0,0.0,0.0,0.0,1.0,0.0,0.0,0.0,0.0,0.0,0.0,0.0
77.0,9.0,4.0,229.5,152.0,63.0,2.0,5.0,4.0,2023.0,13.0,19.5,1.0,1,0.0,0.0,0.0,1.0,0.0,0.0,0.0,0.0,0.0,0.0,0.0,1.0,0.0,0.0,0.0,0.0,0.0,0.0,0.0
289.5,23.5,23.5,200.0,216.0,482.5,12.5,4.0,28.5,2011.0,13.5,21.0,2.0,1,0.0,1.0,0.0,0.0,0.0,0.0,0.0,0.0,0.0,0.0,0.0,0.0,0.0,0.0,0.0,0.0,1.0,0.0,0.0
148.0,11.0,11.0,493.0,554.0,158.0,5.0,5.0,10.0,2023.0,14.0,23.0,1.0,1,0.0,1.0,0.0,0.0,0.0,0.0,0.0,0.0,0.0,0.0,0.0,0.0,0.0,0.0,1.0,0.0,0.0,0.0,0.0
126.0,8.0,2.0,210.5,237.0,132.0,5.0,4.0,10.0,2021.0,13.5,21.0,3.5,1,0.0,1.0,0.0,0.0,0.0,0.0,0.0,0.0,0.0,0.0,0.0,0.0,0.0,0.0,1.0,0.0,0.0,0.0,0.0
27.0,2.0,2.0,120.0,90.0,161.0,1.0,5.0,3.0,2023.0,13.0,19.5,3.0,1,0.0,1.0,0.0,0.0,0.0,0.0,0.0,0.0,0.0,0.0,0.0,1.0,0.0,0.0,0.0,0.0,0.0,0.0,0.0
41.0,0.0,2.0,149.0,172.0,169.0,1.0,5.0,4.0,2022.0,13.5,21.0,3.5,1,0.0,1.0,0.0,0.0,0.0,0.0,0.0,0.0,0.0,0.0,0.0,1.0,0.0,0.0,0.0,0.0,0.0,0.0,0.0
53.0,9.0,5.0,300.0,328.0,78.0,6.0,5.0,10.0,2016.0,13.5,21.0,3.5,1,0.0,1.0,0.0,0.0,0.0,0.0,0.0,0.0,0.0,0.0,0.0,0.0,0.0,0.0,1.0,0.0,0.0,0.0,0.0
11.0,1.0,3.0,149.0,238.0,16.0,2.0,5.0,4.0,2022.0,13.5,21.0,3.5,0,0.0,1.0,0.0,0.0,0.0,0.0,0.0,0.0,0.0,0.0,0.0,1.0,0.0,0.0,0.0,0.0,0.0,0.0,0.0
5.0,0.0,2.0,120.0,94.0,56.0,0.0,5.0,2.0,2024.0,13.5,19.5,1.0,1,0.0,1.0,0.0,0.0,0.0,0.0,0.0,0.0,0.0,0.0,0.0,1.0,0.0,0.0,0.0,0.0,0.0,0.0,0.0
15.0,3.0,0.0,124.5,64.0,16.0,0.0,5.0,1.0,2022.0,13.0,19.5,1.0,1,0.0,0.0,0.0,1.0,0.0,0.0,0.0,0.0,0.0,0.0,0.0,1.0,0.0,0.0,0.0,0.0,0.0,0.0,0.0
49.0,2.0,3.0,488.0,376.0,49.0,3.0,3.0,3.0,2022.0,13.5,21.0,3.0,1,0.0,0.0,0.0,0.0,0.0,1.0,0.0,0.0,0.0,0.0,0.0,1.0,0.0,0.0,0.0,0.0,0.0,0.0,0.0
289.5,14.0,23.5,299.0,320.0,482.5,12.5,4.0,28.5,2011.0,13.5,21.0,2.0,1,0.0,0.0,0.0,0.0,0.0,1.0,0.0,0.0,0.0,0.0,0.0,1.0,0.0,0.0,0.0,0.0,0.0,0.0,0.0
19.0,5.0,3.0,140.0,101.0,50.0,0.0,5.0,3.0,2023.0,13.5,19.5,1.0,1,0.0,1.0,0.0,0.0,0.0,0.0,0.0,0.0,0.0,0.0,0.0,1.0,0.0,0.0,0.0,0.0,0.0,0.0,0.0
53.0,7.0,5.0,203.0,111.0,98.0,4.0,5.0,5.0,2021.0,13.5,21.0,1.0,1,0.0,1.0,0.0,0.0,0.0,0.0,0.0,0.0,0.0,0.0,0.0,1.0,0.0,0.0,0.0,0.0,0.0,0.0,0.0
37.0,4.0,4.0,149.0,167.0,121.0,2.0,5.0,5.0,2015.0,13.5,21.0,3.5,1,0.0,1.0,0.0,0.0,0.0,0.0,0.0,0.0,0.0,0.0,0.0,0.0,0.0,0.0,0.0,0.0,1.0,0.0,0.0
34.0,1.0,0.0,515.0,340.0,60.0,0.0,5.0,1.0,2021.0,13.0,20.0,1.0,1,0.0,1.0,0.0,0.0,0.0,0.0,0.0,0.0,0.0,0.0,1.0,0.0,0.0,0.0,0.0,0.0,0.0,0.0,0.0
21.0,1.0,1.0,220.0,263.0,31.0,0.0,2.5,0.0,2021.0,13.5,21.0,3.5,1,0.0,0.0,0.0,0.0,0.0,0.0,1.0,0.0,0.0,0.0,1.0,0.0,0.0,0.0,0.0,0.0,0.0,0.0,0.0
22.0,0.0,0.0,175.0,80.0,18.0,1.0,2.5,1.0,2016.0,14.0,20.0,1.0,1,0.0,1.0,0.0,0.0,0.0,0.0,0.0,0.0,0.0,0.0,0.0,0.0,0.0,1.0,0.0,0.0,0.0,0.0,0.0
289.5,23.5,23.5,515.0,612.0,482.5,12.5,4.0,28.5,2020.0,13.5,21.0,3.5,1,0.0,0.0,0.0,0.0,0.0,1.0,0.0,0.0,0.0,0.0,0.0,1.0,0.0,0.0,0.0,0.0,0.0,0.0,0.0
289.5,23.5,23.5,319.0,236.5,482.5,10.0,4.0,14.0,2023.0,13.5,21.0,2.0,1,0.0,1.0,0.0,0.0,0.0,0.0,0.0,0.0,0.0,0.0,0.0,1.0,0.0,0.0,0.0,0.0,0.0,0.0,0.0
44.0,3.0,0.0,400.0,464.0,29.0,0.0,5.0,1.0,2023.0,13.5,21.0,1.0,1,0.0,0.0,0.0,0.0,0.0,0.0,0.0,1.0,0.0,0.0,0.0,0.0,0.0,0.0,0.0,0.0,1.0,0.0,0.0
286.0,9.0,23.5,299.0,392.0,306.0,10.0,4.0,28.5,2012.0,13.5,21.0,2.0,1,0.0,0.0,0.0,0.0,0.0,1.0,0.0,0.0,0.0,0.0,0.0,1.0,0.0,0.0,0.0,0.0,0.0,0.0,0.0
9.0,0.0,0.0,200.0,183.0,21.0,0.0,5.0,1.0,2021.0,13.5,21.0,1.0,1,0.0,0.0,0.0,0.0,0.0,0.0,1.0,0.0,0.0,0.0,0.0,0.0,0.0,0.0,1.0,0.0,0.0,0.0,0.0
24.0,2.0,2.0,149.0,143.0,7.0,0.0,5.0,1.0,2015.0,13.5,21.0,3.5,1,0.0,1.0,0.0,0.0,0.0,0.0,0.0,0.0,0.0,0.0,0.0,0.0,0.0,0.0,1.0,0.0,0.0,0.0,0.0
5.0,0.0,2.0,515.0,512.0,115.0,2.0,5.0,2.0,2022.0,13.5,19.5,1.0,1,0.0,1.0,0.0,0.0,0.0,0.0,0.0,0.0,0.0,0.0,0.0,1.0,0.0,0.0,0.0,0.0,0.0,0.0,0.0
35.0,5.0,1.0,200.0,206.0,177.0,0.0,4.0,4.0,2020.0,13.0,19.5,1.0,1,0.0,1.0,0.0,0.0,0.0,0.0,0.0,0.0,0.0,0.0,0.0,0.0,0.0,0.0,1.0,0.0,0.0,0.0,0.0
172.0,11.0,15.0,299.0,464.0,197.0,11.0,4.0,21.0,2013.0,13.5,21.0,1.0,1,0.0,0.0,0.0,0.0,0.0,1.0,0.0,0.0,0.0,0.0,0.0,1.0,0.0,0.0,0.0,0.0,0.0,0.0,0.0
289.5,23.5,23.5,299.0,192.0,482.5,12.5,4.0,28.5,2012.0,13.5,20.3,3.0,0,0.0,0.0,0.0,0.0,0.0,1.0,0.0,0.0,0.0,0.0,0.0,1.0,0.0,0.0,0.0,0.0,0.0,0.0,0.0
150.0,5.0,5.0,299.0,360.0,52.0,4.0,4.0,4.0,2011.0,13.5,21.0,1.0,1,0.0,0.0,0.0,0.0,0.0,1.0,0.0,0.0,0.0,0.0,0.0,1.0,0.0,0.0,0.0,0.0,0.0,0.0,0.0
17.0,3.0,3.0,149.0,184.0,10.0,2.0,4.0,3.0,2022.0,13.5,21.0,3.5,1,0.0,1.0,0.0,0.0,0.0,0.0,0.0,0.0,0.0,0.0,0.0,1.0,0.0,0.0,0.0,0.0,0.0,0.0,0.0
183.0,7.0,23.5,240.0,304.0,261.0,12.0,5.0,28.5,2011.0,13.5,19.5,2.0,1,0.0,1.0,0.0,0.0,0.0,0.0,0.0,0.0,0.0,0.0,1.0,0.0,0.0,0.0,0.0,0.0,0.0,0.0,0.0
31.0,1.0,1.0,299.0,340.0,257.0,0.0,5.0,1.0,2020.0,13.0,19.5,2.0,1,0.0,1.0,0.0,0.0,0.0,0.0,0.0,0.0,0.0,0.0,0.0,0.0,0.0,0.0,1.0,0.0,0.0,0.0,0.0
143.0,9.0,19.0,319.0,456.0,163.0,8.0,5.0,12.0,2021.0,13.5,21.0,1.0,1,0.0,0.0,0.0,0.0,0.0,1.0,0.0,0.0,0.0,0.0,0.0,1.0,0.0,0.0,0.0,0.0,0.0,0.0,0.0
43.0,1.0,11.0,314.5,228.0,113.0,2.0,5.0,3.0,2021.0,13.0,19.5,3.0,1,0.0,0.0,0.0,1.0,0.0,0.0,0.0,0.0,0.0,0.0,0.0,1.0,0.0,0.0,0.0,0.0,0.0,0.0,0.0
187.0,12.0,12.0,299.0,328.0,128.0,6.0,4.0,12.0,2021.0,13.5,21.0,1.0,1,0.0,0.0,0.0,0.0,0.0,0.0,0.0,0.0,0.0,1.0,0.0,0.0,0.0,0.0,0.0,0.0,1.0,0.0,0.0
7.0,3.0,0.0,149.0,165.0,17.0,0.0,2.5,0.0,2022.0,13.5,21.0,3.5,1,0.0,1.0,0.0,0.0,0.0,0.0,0.0,0.0,0.0,0.0,0.0,1.0,0.0,0.0,0.0,0.0,0.0,0.0,0.0
289.5,23.5,10.0,515.0,520.0,157.0,2.0,5.0,4.0,2023.0,13.5,21.0,1.0,1,0.0,0.0,0.0,0.0,0.0,0.0,0.0,1.0,0.0,0.0,0.0,0.0,0.0,0.0,0.0,0.0,1.0,0.0,0.0
255.0,19.0,23.5,240.0,304.0,257.0,12.5,4.0,28.5,2011.0,13.5,19.5,1.0,1,0.0,1.0,0.0,0.0,0.0,0.0,0.0,0.0,0.0,0.0,0.0,1.0,0.0,0.0,0.0,0.0,0.0,0.0,0.0
35.0,3.0,11.0,515.0,236.5,259.0,12.0,5.0,14.0,2016.0,13.5,19.5,3.5,1,0.0,1.0,0.0,0.0,0.0,0.0,0.0,0.0,0.0,0.0,0.0,0.0,0.0,0.0,0.0,0.0,0.0,1.0,0.0
161.0,11.0,6.0,300.0,264.0,143.0,3.0,4.0,9.0,2013.0,13.5,21.0,1.0,1,0.0,0.0,0.0,0.0,0.0,0.0,0.0,1.0,0.0,0.0,1.0,0.0,0.0,0.0,0.0,0.0,0.0,0.0,0.0
30.0,2.0,2.0,276.0,228.0,84.0,2.0,4.0,2.0,2020.0,14.25,23.25,3.0,0,0.0,1.0,0.0,0.0,0.0,0.0,0.0,0.0,0.0,0.0,0.0,0.0,0.0,0.0,1.0,0.0,0.0,0.0,0.0
289.5,23.5,23.5,269.0,304.0,482.5,12.5,4.0,28.5,2014.0,13.5,21.0,1.0,1,0.0,0.0,0.0,0.0,0.0,1.0,0.0,0.0,0.0,0.0,1.0,0.0,0.0,0.0,0.0,0.0,0.0,0.0,0.0
34.0,1.0,5.0,299.0,400.0,12.0,0.0,4.0,1.0,2016.0,13.5,21.0,3.5,1,0.0,0.0,0.0,0.0,0.0,1.0,0.0,0.0,0.0,0.0,1.0,0.0,0.0,0.0,0.0,0.0,0.0,0.0,0.0
13.0,1.0,1.0,220.0,189.0,8.0,0.0,2.5,0.0,2021.0,13.5,21.0,2.0,1,0.0,0.0,0.0,0.0,0.0,0.0,0.0,0.0,1.0,0.0,1.0,0.0,0.0,0.0,0.0,0.0,0.0,0.0,0.0
281.0,18.0,8.0,200.0,156.0,351.0,3.0,4.0,10.0,2023.0,13.0,19.5,1.0,1,0.0,1.0,0.0,0.0,0.0,0.0,0.0,0.0,0.0,0.0,0.0,0.0,0.0,0.0,0.0,0.0,0.0,0.0,0.0
11.0,0.0,0.0,400.0,360.0,46.0,0.0,2.5,0.0,2022.0,13.0,19.5,2.0,1,0.0,1.0,0.0,0.0,0.0,0.0,0.0,0.0,0.0,0.0,0.0,1.0,0.0,0.0,0.0,0.0,0.0,0.0,0.0
19.0,0.0,0.0,420.0,396.0,15.0,0.0,2.5,0.0,2020.0,14.0,22.0,3.5,1,0.0,0.0,0.0,0.0,0.0,0.0,1.0,0.0,0.0,0.0,0.0,0.0,0.0,0.0,0.0,0.0,0.0,1.0,0.0
54.0,6.0,14.0,249.0,240.0,93.0,10.0,4.0,16.0,2006.0,13.5,21.0,2.0,1,0.0,0.0,0.0,0.0,0.0,1.0,0.0,0.0,0.0,0.0,0.0,1.0,0.0,0.0,0.0,0.0,0.0,0.0,0.0
10.0,0.0,0.0,250.0,219.0,13.0,0.0,5.0,1.0,2023.0,13.5,19.5,3.5,1,0.0,0.0,0.0,0.0,0.0,0.0,1.0,0.0,0.0,0.0,1.0,0.0,0.0,0.0,0.0,0.0,0.0,0.0,0.0
174.0,23.5,23.0,90.0,110.0,482.5,12.5,5.0,28.5,2006.0,13.5,21.0,1.0,1,0.0,1.0,0.0,0.0,0.0,0.0,0.0,0.0,0.0,0.0,1.0,0.0,0.0,0.0,0.0,0.0,0.0,0.0,0.0
8.0,2.0,9.0,140.0,76.0,51.0,2.0,3.0,4.0,2021.0,13.5,19.5,1.0,1,0.0,1.0,0.0,0.0,0.0,0.0,0.0,0.0,0.0,0.0,0.0,1.0,0.0,0.0,0.0,0.0,0.0,0.0,0.0
6.692,23.5,23.5,285.0,168.0,482.5,12.5,4.0,28.5,2021.0,12.5,19.5,2.0,1,0.0,1.0,0.0,0.0,0.0,0.0,0.0,0.0,0.0,0.0,0.0,1.0,0.0,0.0,0.0,0.0,0.0,0.0,0.0
9.0,1.0,3.0,214.0,194.0,8.0,1.0,5.0,1.0,2024.0,13.5,19.5,1.0,1,0.0,1.0,0.0,0.0,0.0,0.0,0.0,0.0,0.0,0.0,0.0,1.0,0.0,0.0,0.0,0.0,0.0,0.0,0.0
6.0,1.0,0.0,380.0,488.0,22.0,0.0,5.0,1.0,2023.0,13.5,21.0,1.0,1,1.0,0.0,0.0,0.0,0.0,0.0,0.0,0.0,0.0,0.0,0.0,1.0,0.0,0.0,0.0,0.0,0.0,0.0,0.0
121.0,14.0,22.0,299.0,504.0,346.0,8.0,4.0,14.0,2020.0,13.5,21.0,2.0,1,0.0,0.0,0.0,0.0,0.0,1.0,0.0,0.0,0.0,0.0,0.0,1.0,0.0,0.0,0.0,0.0,0.0,0.0,0.0
51.0,5.0,1.0,170.0,114.0,68.0,0.0,5.0,2.0,2020.0,13.5,21.0,2.0,1,0.0,0.0,0.0,0.0,0.0,0.0,0.0,0.0,1.0,0.0,1.0,0.0,0.0,0.0,0.0,0.0,0.0,0.0,0.0
3.0,0.0,0.0,227.0,184.0,13.0,0.0,2.5,0.0,2024.0,13.5,19.5,1.0,1,0.0,1.0,0.0,0.0,0.0,0.0,0.0,0.0,0.0,0.0,0.0,1.0,0.0,0.0,0.0,0.0,0.0,0.0,0.0
31.0,5.0,3.0,199.5,128.0,180.0,0.0,4.0,3.0,2022.0,13.0,19.5,1.0,1,0.0,0.0,0.0,1.0,0.0,0.0,0.0,0.0,0.0,0.0,0.0,1.0,0.0,0.0,0.0,0.0,0.0,0.0,0.0
82.0,7.0,6.0,142.0,208.0,169.0,2.0,5.0,7.0,2021.0,13.0,19.5,1.0,1,0.0,1.0,0.0,0.0,0.0,0.0,0.0,0.0,0.0,0.0,0.0,0.0,0.0,0.0,0.0,1.0,0.0,0.0,0.0
199.0,8.0,11.0,250.0,304.0,143.0,7.0,4.0,18.0,2010.0,13.5,19.5,1.0,0,0.0,1.0,0.0,0.0,0.0,0.0,0.0,0.0,0.0,0.0,0.0,1.0,0.0,0.0,0.0,0.0,0.0,0.0,0.0
10.0,5.0,1.0,90.0,104.0,17.0,0.0,5.0,1.0,2023.0,13.5,21.0,1.0,1,0.0,1.0,0.0,0.0,0.0,0.0,0.0,0.0,0.0,0.0,0.0,1.0,0.0,0.0,0.0,0.0,0.0,0.0,0.0
10.0,2.0,4.0,150.0,184.0,78.0,3.0,5.0,3.0,2022.0,13.5,19.5,1.0,1,0.0,0.0,0.0,0.0,0.0,0.0,0.0,0.0,0.0,1.0,0.0,1.0,0.0,0.0,0.0,0.0,0.0,0.0,0.0
50.0,4.0,3.0,220.0,214.0,105.0,2.0,5.0,2.0,2022.0,13.0,20.0,2.0,1,0.0,1.0,0.0,0.0,0.0,0.0,0.0,0.0,0.0,0.0,0.0,1.0,0.0,0.0,0.0,0.0,0.0,0.0,0.0
7.0,1.0,0.0,180.0,137.0,117.0,0.0,5.0,1.0,2023.0,13.0,19.5,1.0,1,0.0,1.0,0.0,0.0,0.0,0.0,0.0,0.0,0.0,0.0,0.0,1.0,0.0,0.0,0.0,0.0,0.0,0.0,0.0
44.0,4.0,1.0,299.0,336.0,22.0,0.0,2.5,0.0,2012.0,13.5,19.5,2.0,1,0.0,1.0,0.0,0.0,0.0,0.0,0.0,0.0,0.0,0.0,0.0,1.0,0.0,0.0,0.0,0.0,0.0,0.0,0.0
22.0,0.0,1.0,320.0,312.0,28.0,0.0,2.5,0.0,2023.0,13.5,19.5,1.0,1,0.0,0.0,0.0,0.0,0.0,0.0,0.0,0.0,1.0,0.0,1.0,0.0,0.0,0.0,0.0,0.0,0.0,0.0,0.0
289.5,23.5,23.5,299.0,160.0,482.5,12.5,4.0,28.5,2012.0,14.25,23.25,3.0,0,0.0,0.0,0.0,0.0,0.0,1.0,0.0,0.0,0.0,0.0,0.0,1.0,0.0,0.0,0.0,0.0,0.0,0.0,0.0
52.0,3.0,3.0,299.0,328.0,196.0,1.0,5.0,6.0,2021.0,13.0,19.5,2.0,1,0.0,1.0,0.0,0.0,0.0,0.0,0.0,0.0,0.0,0.0,0.0,0.0,0.0,0.0,1.0,0.0,0.0,0.0,0.0
16.0,2.0,1.0,388.0,352.0,34.0,0.0,5.0,1.0,2024.0,13.5,21.0,1.0,1,0.0,1.0,0.0,0.0,0.0,0.0,0.0,0.0,0.0,0.0,0.0,0.0,0.0,1.0,0.0,0.0,0.0,0.0,0.0
34.0,0.0,3.0,225.0,168.0,47.0,1.0,5.0,1.0,2014.0,14.0,20.0,2.0,1,0.0,1.0,0.0,0.0,0.0,0.0,0.0,0.0,0.0,0.0,1.0,0.0,0.0,0.0,0.0,0.0,0.0,0.0,0.0
44.0,5.0,4.0,149.0,134.0,32.0,2.0,5.0,5.0,2022.0,13.5,21.0,3.5,1,0.0,1.0,0.0,0.0,0.0,0.0,0.0,0.0,0.0,0.0,0.0,1.0,0.0,0.0,0.0,0.0,0.0,0.0,0.0
86.0,8.0,1.0,179.5,112.0,107.0,1.0,5.0,4.0,2023.0,13.0,19.5,2.0,1,0.0,0.0,0.0,1.0,0.0,0.0,0.0,0.0,0.0,0.0,0.0,1.0,0.0,0.0,0.0,0.0,0.0,0.0,0.0
289.5,23.5,23.5,299.0,192.0,482.5,12.5,5.0,28.5,2012.0,13.8,21.0,1.0,1,0.0,1.0,0.0,0.0,0.0,0.0,0.0,0.0,0.0,0.0,0.0,1.0,0.0,0.0,0.0,0.0,0.0,0.0,0.0
122.0,19.0,9.0,190.0,144.0,359.0,4.0,5.0,7.0,2020.0,13.5,19.5,1.0,1,0.0,1.0,0.0,0.0,0.0,0.0,0.0,0.0,0.0,0.0,0.0,0.0,0.0,0.0,0.0,0.0,0.0,0.0,1.0
43.0,8.0,9.0,189.0,94.0,482.5,8.0,5.0,12.0,2022.0,12.5,19.5,2.0,1,0.0,0.0,1.0,0.0,0.0,0.0,0.0,0.0,0.0,0.0,0.0,1.0,0.0,0.0,0.0,0.0,0.0,0.0,0.0
27.0,1.0,2.0,515.0,296.0,221.0,0.0,5.0,3.0,2022.0,14.25,23.0,1.0,1,0.0,1.0,0.0,0.0,0.0,0.0,0.0,0.0,0.0,0.0,1.0,0.0,0.0,0.0,0.0,0.0,0.0,0.0,0.0
104.0,2.0,1.0,250.0,192.0,80.0,0.0,5.0,1.0,2023.0,13.5,19.5,1.0,1,0.0,0.0,0.0,0.0,0.0,0.0,0.0,0.0,1.0,0.0,1.0,0.0,0.0,0.0,0.0,0.0,0.0,0.0,0.0
53.0,8.0,6.0,124.0,136.0,44.0,2.0,4.0,3.0,2022.0,13.5,19.5,1.0,1,0.0,0.0,0.0,0.0,0.0,0.0,0.0,0.0,0.0,1.0,0.0,1.0,0.0,0.0,0.0,0.0,0.0,0.0,0.0
56.0,6.0,5.0,229.5,154.0,211.0,4.0,5.0,5.0,2023.0,13.0,19.5,1.0,1,0.0,0.0,0.0,1.0,0.0,0.0,0.0,0.0,0.0,0.0,0.0,1.0,0.0,0.0,0.0,0.0,0.0,0.0,0.0
8.0,1.0,0.0,280.0,160.0,146.0,0.0,4.0,1.0,2022.0,13.5,19.5,1.0,1,0.0,1.0,0.0,0.0,0.0,0.0,0.0,0.0,0.0,0.0,1.0,0.0,0.0,0.0,0.0,0.0,0.0,0.0,0.0
97.0,6.0,6.0,330.0,368.0,102.0,2.0,4.0,7.0,2017.0,13.5,21.0,1.0,1,0.0,1.0,0.0,0.0,0.0,0.0,0.0,0.0,0.0,0.0,0.0,0.0,0.0,0.0,1.0,0.0,0.0,0.0,0.0
33.0,0.0,0.0,250.0,246.0,54.0,0.0,2.5,0.0,2023.0,13.5,19.5,3.0,1,0.0,1.0,0.0,0.0,0.0,0.0,0.0,0.0,0.0,0.0,0.0,1.0,0.0,0.0,0.0,0.0,0.0,0.0,0.0
17.0,7.0,1.0,327.0,176.0,59.0,1.0,5.0,2.0,2021.0,13.5,21.0,2.0,1,0.0,1.0,0.0,0.0,0.0,0.0,0.0,0.0,0.0,0.0,0.0,1.0,0.0,0.0,0.0,0.0,0.0,0.0,0.0
93.0,11.0,23.5,299.0,336.0,125.0,9.0,5.0,26.0,2016.0,13.5,21.0,2.0,1,0.0,0.0,0.0,0.0,0.0,1.0,0.0,0.0,0.0,0.0,0.0,1.0,0.0,0.0,0.0,0.0,0.0,0.0,0.0
207.0,23.5,21.0,180.0,144.0,482.5,12.5,4.0,23.0,2024.0,13.0,20.0,2.0,1,0.0,1.0,0.0,0.0,0.0,0.0,0.0,0.0,0.0,0.0,0.0,1.0,0.0,0.0,0.0,0.0,0.0,0.0,0.0
101.0,4.0,3.0,450.0,384.0,66.0,0.0,2.5,0.0,2023.0,13.5,21.0,1.0,1,0.0,0.0,0.0,0.0,0.0,0.0,0.0,1.0,0.0,0.0,0.0,0.0,0.0,0.0,0.0,0.0,0.0,0.0,0.0
251.0,8.0,8.0,300.0,280.0,163.0,2.0,5.0,9.0,2013.0,13.5,21.0,3.5,1,0.0,0.0,0.0,0.0,0.0,0.0,0.0,1.0,0.0,0.0,0.0,0.0,1.0,0.0,0.0,0.0,0.0,0.0,0.0
289.5,6.0,23.5,299.0,336.0,437.0,8.0,4.0,28.5,2012.0,13.5,21.0,3.5,1,0.0,0.0,0.0,0.0,0.0,1.0,0.0,0.0,0.0,0.0,0.0,1.0,0.0,0.0,0.0,0.0,0.0,0.0,0.0
195.0,19.0,23.5,299.0,432.0,312.0,12.5,5.0,28.5,2016.0,13.5,21.0,3.5,1,0.0,0.0,0.0,0.0,0.0,1.0,0.0,0.0,0.0,0.0,0.0,1.0,0.0,0.0,0.0,0.0,0.0,0.0,0.0
85.0,13.0,12.0,240.0,288.0,226.0,2.0,4.0,9.0,2012.0,13.5,21.5,1.0,1,0.0,0.0,0.0,0.0,0.0,0.0,0.0,0.0,0.0,0.0,0.0,1.0,0.0,0.0,0.0,0.0,0.0,0.0,0.0
139.0,8.0,2.0,250.0,280.0,59.0,2.0,5.0,6.0,2022.0,13.5,21.0,1.0,1,0.0,0.0,0.0,0.0,0.0,0.0,0.0,1.0,0.0,0.0,0.0,0.0,0.0,0.0,0.0,0.0,1.0,0.0,0.0
274.0,12.0,17.0,515.0,612.0,456.0,11.0,5.0,19.0,2020.0,13.5,21.0,2.0,1,0.0,0.0,0.0,0.0,0.0,1.0,0.0,0.0,0.0,0.0,0.0,1.0,0.0,0.0,0.0,0.0,0.0,0.0,0.0
169.0,7.0,2.0,300.0,312.0,81.0,3.0,5.0,8.0,2011.0,13.5,21.0,1.0,1,0.0,0.0,0.0,0.0,0.0,0.0,0.0,1.0,0.0,0.0,0.0,1.0,0.0,0.0,0.0,0.0,0.0,0.0,0.0
8.0,1.0,1.0,260.0,270.0,255.0,0.0,2.5,0.0,2024.0,13.5,19.5,3.5,1,0.0,1.0,0.0,0.0,0.0,0.0,0.0,0.0,0.0,0.0,0.0,1.0,0.0,0.0,0.0,0.0,0.0,0.0,0.0
3.0,0.0,0.0,180.0,152.0,53.0,0.0,2.5,0.0,2022.0,13.5,21.0,1.0,1,1.0,0.0,0.0,0.0,0.0,0.0,0.0,0.0,0.0,0.0,0.0,0.0,0.0,1.0,0.0,0.0,0.0,0.0,0.0
0.0,0.0,0.0,200.0,166.0,21.0,0.0,2.5,0.0,2024.0,13.5,19.5,2.0,1,0.0,0.0,0.0,0.0,0.0,0.0,1.0,0.0,0.0,0.0,0.0,1.0,0.0,0.0,0.0,0.0,0.0,0.0,0.0
289.5,23.5,23.5,299.0,384.0,482.5,12.5,4.0,28.5,2009.0,13.5,21.0,1.0,1,0.0,0.0,0.0,0.0,0.0,1.0,0.0,0.0,0.0,0.0,0.0,0.0,0.0,0.0,1.0,0.0,0.0,0.0,0.0
40.0,9.0,2.0,329.5,238.0,64.0,2.0,5.0,6.0,2024.0,13.0,19.5,3.5,1,0.0,0.0,0.0,1.0,0.0,0.0,0.0,0.0,0.0,0.0,0.0,1.0,0.0,0.0,0.0,0.0,0.0,0.0,0.0
20.0,0.0,1.0,480.0,440.0,6.0,1.0,5.0,1.0,2024.0,13.5,19.5,2.0,1,0.0,1.0,0.0,0.0,0.0,0.0,0.0,0.0,0.0,0.0,0.0,1.0,0.0,0.0,0.0,0.0,0.0,0.0,0.0
124.0,18.0,23.5,299.0,432.0,248.0,12.5,5.0,28.5,2017.0,13.5,21.0,3.5,1,0.0,0.0,0.0,0.0,0.0,1.0,0.0,0.0,0.0,0.0,0.0,1.0,0.0,0.0,0.0,0.0,0.0,0.0,0.0
289.5,23.5,23.5,249.0,128.0,482.5,12.5,4.0,28.5,2016.0,12.25,17.8,1.0,1,0.0,0.0,0.0,0.0,0.0,1.0,0.0,0.0,0.0,0.0,0.0,0.0,0.0,1.0,0.0,0.0,0.0,0.0,0.0
11.0,2.0,2.0,240.0,294.0,10.0,0.0,2.5,0.0,2022.0,12.25,17.5,1.0,1,1.0,0.0,0.0,0.0,0.0,0.0,0.0,0.0,0.0,0.0,1.0,0.0,0.0,0.0,0.0,0.0,0.0,0.0,0.0
8.0,2.0,0.0,250.0,268.0,30.0,0.0,3.0,1.0,2025.0,13.5,19.5,2.0,1,0.0,1.0,0.0,0.0,0.0,0.0,0.0,0.0,0.0,0.0,0.0,1.0,0.0,0.0,0.0,0.0,0.0,0.0,0.0
1.0,1.0,0.0,260.0,154.0,13.0,0.0,2.5,0.0,2022.0,14.25,21.0,2.0,1,0.0,1.0,0.0,0.0,0.0,0.0,0.0,0.0,0.0,0.0,0.0,1.0,0.0,0.0,0.0,0.0,0.0,0.0,0.0
152.0,20.0,14.0,200.0,192.0,482.5,4.0,4.0,14.0,2020.0,13.5,21.0,1.0,1,0.0,0.0,0.0,0.0,1.0,0.0,0.0,0.0,0.0,0.0,0.0,0.0,0.0,0.0,0.0,1.0,0.0,0.0,0.0
251.0,9.0,6.0,500.0,576.0,169.0,7.0,5.0,16.0,2019.0,13.5,21.0,1.0,0,0.0,0.0,0.0,0.0,0.0,0.0,0.0,1.0,0.0,0.0,0.0,0.0,0.0,0.0,0.0,0.0,1.0,0.0,0.0
50.0,3.0,2.0,356.0,236.0,118.0,0.0,5.0,1.0,2021.0,13.0,19.5,1.0,1,0.0,1.0,0.0,0.0,0.0,0.0,0.0,0.0,0.0,0.0,0.0,0.0,0.0,0.0,1.0,0.0,0.0,0.0,0.0
12.0,1.0,2.0,99.0,128.0,11.0,0.0,5.0,2.0,2022.0,13.5,21.0,3.5,1,0.0,1.0,0.0,0.0,0.0,0.0,0.0,0.0,0.0,0.0,0.0,1.0,0.0,0.0,0.0,0.0,0.0,0.0,0.0
3.0,0.0,0.0,259.0,264.0,77.0,0.0,5.0,1.0,2023.0,13.5,19.5,1.0,1,0.0,1.0,0.0,0.0,0.0,0.0,0.0,0.0,0.0,0.0,0.0,1.0,0.0,0.0,0.0,0.0,0.0,0.0,0.0
10.0,4.0,1.0,292.0,300.0,47.0,2.0,5.0,2.0,2024.0,13.5,19.5,1.0,1,0.0,1.0,0.0,0.0,0.0,0.0,0.0,0.0,0.0,0.0,0.0,1.0,0.0,0.0,0.0,0.0,0.0,0.0,0.0
18.0,1.0,0.0,515.0,445.0,22.0,0.0,2.5,0.0,2024.0,14.25,23.25,3.5,1,0.0,0.0,0.0,0.0,0.0,0.0,1.0,0.0,0.0,0.0,1.0,0.0,0.0,0.0,0.0,0.0,0.0,0.0,0.0
54.0,9.0,1.0,224.5,150.0,108.0,1.0,5.0,5.0,2023.0,13.0,19.5,2.0,1,0.0,0.0,0.0,1.0,0.0,0.0,0.0,0.0,0.0,0.0,0.0,1.0,0.0,0.0,0.0,0.0,0.0,0.0,0.0
34.0,6.0,2.0,240.0,242.0,97.0,0.0,4.0,1.0,2023.0,13.0,20.0,1.0,1,0.0,1.0,0.0,0.0,0.0,0.0,0.0,0.0,0.0,0.0,0.0,1.0,0.0,0.0,0.0,0.0,0.0,0.0,0.0
289.5,10.0,5.0,250.0,192.0,199.0,2.0,5.0,4.0,2021.0,13.5,21.0,1.0,1,0.0,0.0,0.0,0.0,0.0,0.0,0.0,1.0,0.0,0.0,0.0,0.0,0.0,0.0,0.0,0.0,0.0,0.0,0.0
14.0,0.0,0.0,150.0,94.0,15.0,0.0,2.5,0.0,2024.0,13.5,19.5,1.0,1,0.0,0.0,0.0,0.0,0.0,0.0,0.0,0.0,1.0,0.0,0.0,0.0,0.0,0.0,0.0,1.0,0.0,0.0,0.0
235.0,23.0,23.5,299.0,384.0,222.0,12.5,4.0,28.5,2015.0,13.5,21.0,3.0,1,0.0,0.0,0.0,0.0,0.0,1.0,0.0,0.0,0.0,0.0,1.0,0.0,0.0,0.0,0.0,0.0,0.0,0.0,0.0
16.0,0.0,0.0,450.0,389.0,5.0,0.0,2.5,0.0,2024.0,13.5,21.0,2.0,1,0.0,1.0,0.0,0.0,0.0,0.0,0.0,0.0,0.0,0.0,0.0,1.0,0.0,0.0,0.0,0.0,0.0,0.0,0.0
127.0,19.0,5.0,150.0,160.0,186.0,3.0,5.0,5.0,2022.0,13.5,21.0,1.0,1,0.0,0.0,0.0,0.0,1.0,0.0,0.0,0.0,0.0,0.0,0.0,1.0,0.0,0.0,0.0,0.0,0.0,0.0,0.0
27.0,5.0,3.0,150.0,112.0,25.0,0.0,5.0,2.0,2021.0,13.5,19.5,1.0,1,0.0,0.0,0.0,0.0,1.0,0.0,0.0,0.0,0.0,0.0,0.0,1.0,0.0,0.0,0.0,0.0,0.0,0.0,0.0
289.5,20.0,23.5,200.0,144.0,470.0,9.0,5.0,24.0,2022.0,13.0,19.5,2.0,1,0.0,0.0,0.0,0.0,0.0,0.0,0.0,1.0,0.0,0.0,0.0,1.0,0.0,0.0,0.0,0.0,0.0,0.0,0.0
4.0,2.0,0.0,150.0,192.0,11.0,1.0,5.0,1.0,2021.0,13.5,19.5,2.0,1,1.0,0.0,0.0,0.0,0.0,0.0,0.0,0.0,0.0,0.0,0.0,1.0,0.0,0.0,0.0,0.0,0.0,0.0,0.0
141.0,11.0,6.0,380.0,416.0,160.0,8.0,5.0,24.0,2016.0,13.5,21.0,1.0,1,0.0,1.0,0.0,0.0,0.0,0.0,0.0,0.0,0.0,0.0,0.0,0.0,0.0,0.0,0.0,0.0,1.0,0.0,0.0
68.0,3.0,11.0,73.0,87.0,338.0,4.0,5.0,11.0,2014.0,13.0,19.5,1.0,1,0.0,1.0,0.0,0.0,0.0,0.0,0.0,0.0,0.0,0.0,0.0,0.0,0.0,0.0,0.0,0.0,0.0,1.0,0.0
22.0,1.0,2.0,250.0,258.0,130.0,1.0,5.0,3.0,2025.0,13.5,19.5,1.0,1,0.0,1.0,0.0,0.0,0.0,0.0,0.0,0.0,0.0,0.0,0.0,1.0,0.0,0.0,0.0,0.0,0.0,0.0,0.0
9.0,1.0,0.0,220.0,198.0,22.0,1.0,2.5,1.0,2023.0,12.25,17.25,3.5,1,0.0,0.0,0.0,0.0,0.0,0.0,0.0,0.0,1.0,0.0,0.0,0.0,0.0,0.0,0.0,0.0,0.0,0.0,1.0
7.0,2.0,1.0,158.0,104.0,148.0,0.0,5.0,1.0,2024.0,12.5,19.5,2.0,1,0.0,0.0,1.0,0.0,0.0,0.0,0.0,0.0,0.0,0.0,0.0,1.0,0.0,0.0,0.0,0.0,0.0,0.0,0.0
126.0,8.0,6.0,400.0,408.0,136.0,4.0,4.0,7.0,2020.0,13.5,21.0,1.0,1,0.0,0.0,0.0,0.0,0.0,0.0,0.0,1.0,0.0,0.0,0.0,0.0,0.0,0.0,0.0,0.0,1.0,0.0,0.0
59.0,6.0,1.0,250.0,352.0,51.0,2.0,4.0,4.0,2016.0,12.5,19.5,1.0,1,0.0,0.0,0.0,0.0,0.0,0.0,0.0,0.0,0.0,0.0,0.0,0.0,0.0,0.0,0.0,0.0,1.0,0.0,0.0
17.0,5.0,3.0,144.5,80.0,41.0,1.0,5.0,1.0,2023.0,13.0,19.5,1.0,1,0.0,0.0,0.0,1.0,0.0,0.0,0.0,0.0,0.0,0.0,0.0,1.0,0.0,0.0,0.0,0.0,0.0,0.0,0.0
26.0,8.0,4.0,150.0,144.0,482.5,3.0,5.0,3.0,2023.0,13.5,19.5,1.0,1,0.0,1.0,0.0,0.0,0.0,0.0,0.0,0.0,0.0,0.0,0.0,0.0,0.0,0.0,0.0,0.0,0.0,1.0,0.0
140.0,10.0,13.0,515.0,392.0,179.0,12.0,5.0,24.0,2015.0,13.5,21.5,1.0,1,0.0,1.0,0.0,0.0,0.0,0.0,0.0,0.0,0.0,0.0,0.0,0.0,0.0,0.0,1.0,0.0,0.0,0.0,0.0
26.0,2.0,8.0,459.5,352.0,63.0,5.0,5.0,6.0,2022.0,13.0,19.5,3.0,1,0.0,0.0,0.0,1.0,0.0,0.0,0.0,0.0,0.0,0.0,0.0,1.0,0.0,0.0,0.0,0.0,0.0,0.0,0.0
25.0,0.0,0.0,290.0,160.0,12.0,0.0,5.0,1.0,2023.0,13.0,20.0,1.0,1,0.0,1.0,0.0,0.0,0.0,0.0,0.0,0.0,0.0,0.0,1.0,0.0,0.0,0.0,0.0,0.0,0.0,0.0,0.0
33.0,3.0,1.0,210.0,234.0,378.0,2.0,4.0,3.0,2021.0,13.0,19.5,1.0,1,0.0,1.0,0.0,0.0,0.0,0.0,0.0,0.0,0.0,0.0,0.0,1.0,0.0,0.0,0.0,0.0,0.0,0.0,0.0
58.0,4.0,3.0,189.0,232.0,55.0,3.0,5.0,4.0,2023.0,13.5,19.5,2.0,1,0.0,0.0,0.0,0.0,0.0,0.0,0.0,0.0,0.0,1.0,0.0,1.0,0.0,0.0,0.0,0.0,0.0,0.0,0.0
2.0,0.0,0.0,160.0,168.0,1.0,1.0,5.0,1.0,2020.0,12.25,17.5,1.0,1,1.0,0.0,0.0,0.0,0.0,0.0,0.0,0.0,0.0,0.0,0.0,1.0,0.0,0.0,0.0,0.0,0.0,0.0,0.0
1.069,23.5,23.5,195.0,332.0,482.5,12.5,4.0,28.5,2022.0,13.5,19.5,1.0,1,0.0,1.0,0.0,0.0,0.0,0.0,0.0,0.0,0.0,0.0,0.0,1.0,0.0,0.0,0.0,0.0,0.0,0.0,0.0
8.0,1.0,0.0,180.0,152.0,12.0,0.0,2.5,0.0,2024.0,13.5,19.5,1.0,1,1.0,0.0,0.0,0.0,0.0,0.0,0.0,0.0,0.0,0.0,0.0,1.0,0.0,0.0,0.0,0.0,0.0,0.0,0.0
163.0,6.0,10.0,164.5,96.0,270.0,3.0,5.0,6.0,2021.0,13.0,19.5,1.0,1,0.0,0.0,0.0,1.0,0.0,0.0,0.0,0.0,0.0,0.0,0.0,0.0,1.0,0.0,0.0,0.0,0.0,0.0,0.0
171.0,9.0,14.0,285.0,259.0,218.0,8.0,5.0,10.0,2017.0,13.0,19.5,3.5,0,0.0,1.0,0.0,0.0,0.0,0.0,0.0,0.0,0.0,0.0,0.0,1.0,0.0,0.0,0.0,0.0,0.0,0.0,0.0
37.0,14.0,1.0,284.5,202.0,161.0,2.0,5.0,5.0,2023.0,13.0,19.5,3.5,1,0.0,0.0,0.0,1.0,0.0,0.0,0.0,0.0,0.0,0.0,0.0,1.0,0.0,0.0,0.0,0.0,0.0,0.0,0.0
289.5,12.0,23.5,299.0,383.0,482.5,12.5,4.0,28.5,2010.0,13.5,21.0,3.5,1,0.0,0.0,0.0,0.0,0.0,1.0,0.0,0.0,0.0,0.0,0.0,1.0,0.0,0.0,0.0,0.0,0.0,0.0,0.0
21.0,1.0,0.0,190.0,127.0,31.0,0.0,2.5,0.0,2022.0,13.0,20.0,2.0,1,0.0,0.0,0.0,0.0,0.0,0.0,0.0,0.0,1.0,0.0,0.0,0.0,0.0,0.0,1.0,0.0,0.0,0.0,0.0
17.0,0.0,0.0,170.0,106.0,20.0,0.0,2.5,0.0,2023.0,13.5,21.0,1.0,1,0.0,0.0,0.0,0.0,0.0,0.0,1.0,0.0,0.0,0.0,0.0,1.0,0.0,0.0,0.0,0.0,0.0,0.0,0.0
278.0,23.5,23.5,249.0,280.0,482.5,12.5,3.0,28.5,2017.0,13.5,21.0,1.0,1,0.0,0.0,0.0,0.0,0.0,1.0,0.0,0.0,0.0,0.0,0.0,1.0,0.0,0.0,0.0,0.0,0.0,0.0,0.0
9.0,1.0,0.0,196.0,190.0,84.0,0.0,2.5,0.0,2021.0,13.0,19.5,3.0,1,0.0,1.0,0.0,0.0,0.0,0.0,0.0,0.0,0.0,0.0,0.0,1.0,0.0,0.0,0.0,0.0,0.0,0.0,0.0
17.0,0.0,0.0,270.0,214.0,12.0,1.0,5.0,1.0,2021.0,13.5,21.0,1.0,1,0.0,0.0,0.0,0.0,0.0,0.0,1.0,0.0,0.0,0.0,0.0,0.0,0.0,1.0,0.0,0.0,0.0,0.0,0.0
1.094,23.5,23.5,210.0,368.0,482.5,12.5,5.0,28.5,2005.5,13.5,19.5,3.0,1,0.0,1.0,0.0,0.0,0.0,0.0,0.0,0.0,0.0,0.0,0.0,1.0,0.0,0.0,0.0,0.0,0.0,0.0,0.0
289.5,23.5,23.5,269.0,288.0,482.5,12.5,4.0,28.5,2014.0,13.5,21.0,1.0,1,0.0,0.0,0.0,0.0,0.0,1.0,0.0,0.0,0.0,0.0,1.0,0.0,0.0,0.0,0.0,0.0,0.0,0.0,0.0
39.0,2.0,7.0,385.0,298.0,216.0,2.0,4.0,6.0,2023.0,13.5,21.0,2.0,1,0.0,1.0,0.0,0.0,0.0,0.0,0.0,0.0,0.0,0.0,0.0,1.0,0.0,0.0,0.0,0.0,0.0,0.0,0.0
36.164,4.774,10.913,92.0,171.0,482.5,3.985,4.0,28.5,2019.0,12.5,20.5,1.0,1,0.0,1.0,0.0,0.0,0.0,0.0,0.0,0.0,0.0,0.0,0.0,1.0,0.0,0.0,0.0,0.0,0.0,0.0,0.0
64.0,7.0,7.0,300.0,328.0,114.0,6.0,5.0,12.0,2017.0,14.25,21.0,1.0,1,0.0,1.0,0.0,0.0,0.0,0.0,0.0,0.0,0.0,0.0,0.0,0.0,0.0,0.0,0.0,0.0,0.0,0.0,1.0
17.0,6.0,0.0,300.0,250.0,200.0,0.0,5.0,2.0,2024.0,13.5,19.5,2.0,1,0.0,1.0,0.0,0.0,0.0,0.0,0.0,0.0,0.0,0.0,0.0,1.0,0.0,0.0,0.0,0.0,0.0,0.0,0.0
39.0,4.0,2.0,200.0,136.0,57.0,1.0,4.0,1.0,2016.0,13.5,19.5,1.0,0,0.0,1.0,0.0,0.0,0.0,0.0,0.0,0.0,0.0,0.0,0.0,0.0,0.0,1.0,0.0,0.0,0.0,0.0,0.0
21.0,0.0,0.0,515.0,144.0,47.0,0.0,2.5,0.0,2023.0,13.5,19.5,1.0,1,0.0,1.0,0.0,0.0,0.0,0.0,0.0,0.0,0.0,0.0,1.0,0.0,0.0,0.0,0.0,0.0,0.0,0.0,0.0
102.0,16.0,12.0,450.0,560.0,102.0,0.0,5.0,6.0,2017.0,13.5,21.0,1.0,1,0.0,1.0,0.0,0.0,0.0,0.0,0.0,0.0,0.0,0.0,0.0,1.0,0.0,0.0,0.0,0.0,0.0,0.0,0.0
14.0,2.0,1.0,99.0,205.0,18.0,1.0,5.0,1.0,2018.0,13.5,21.0,3.5,1,0.0,1.0,0.0,0.0,0.0,0.0,0.0,0.0,0.0,0.0,0.0,1.0,0.0,0.0,0.0,0.0,0.0,0.0,0.0
26.0,1.0,1.0,150.0,120.0,47.0,3.0,4.0,4.0,2019.0,13.5,21.0,1.0,1,0.0,0.0,0.0,0.0,1.0,0.0,0.0,0.0,0.0,0.0,0.0,1.0,0.0,0.0,0.0,0.0,0.0,0.0,0.0
19.0,1.0,3.0,500.0,612.0,57.0,4.0,4.0,5.0,2022.0,14.0,22.0,3.0,1,0.0,0.0,0.0,0.0,0.0,0.0,1.0,0.0,0.0,0.0,0.0,0.0,0.0,0.0,0.0,0.0,0.0,0.0,1.0
5.0,0.0,0.0,320.0,352.0,5.0,0.0,2.5,0.0,2022.0,13.5,19.5,3.0,1,1.0,0.0,0.0,0.0,0.0,0.0,0.0,0.0,0.0,0.0,0.0,1.0,0.0,0.0,0.0,0.0,0.0,0.0,0.0
69.0,8.0,6.0,380.0,460.0,78.0,3.0,4.0,11.0,2012.0,12.5,19.5,1.0,1,0.0,1.0,0.0,0.0,0.0,0.0,0.0,0.0,0.0,0.0,0.0,1.0,0.0,0.0,0.0,0.0,0.0,0.0,0.0
289.5,23.5,23.5,249.0,288.0,482.5,12.5,4.0,28.5,2013.0,13.5,21.0,1.0,1,0.0,0.0,0.0,0.0,0.0,1.0,0.0,0.0,0.0,0.0,0.0,1.0,0.0,0.0,0.0,0.0,0.0,0.0,0.0
165.0,11.0,3.0,300.0,232.0,85.0,0.0,4.0,3.0,2019.0,13.5,21.0,1.0,1,0.0,0.0,0.0,0.0,0.0,0.0,0.0,1.0,0.0,0.0,0.0,0.0,0.0,0.0,0.0,0.0,0.0,0.0,0.0
17.0,2.0,3.0,129.5,66.0,159.0,3.0,5.0,3.0,2021.0,13.0,19.5,1.0,1,0.0,0.0,0.0,1.0,0.0,0.0,0.0,0.0,0.0,0.0,0.0,1.0,0.0,0.0,0.0,0.0,0.0,0.0,0.0
80.0,3.0,6.0,300.0,312.0,124.0,1.0,5.0,1.0,2019.0,13.5,21.0,2.0,1,0.0,1.0,0.0,0.0,0.0,0.0,0.0,0.0,0.0,0.0,0.0,1.0,0.0,0.0,0.0,0.0,0.0,0.0,0.0
21.0,1.0,0.0,240.0,280.0,10.0,1.0,5.0,1.0,2020.0,13.5,19.5,2.0,1,1.0,0.0,0.0,0.0,0.0,0.0,0.0,0.0,0.0,0.0,0.0,0.0,0.0,0.0,1.0,0.0,0.0,0.0,0.0
116.0,11.0,23.5,269.0,320.0,244.0,9.0,4.0,27.0,2015.0,13.5,21.0,3.5,1,0.0,0.0,0.0,0.0,0.0,1.0,0.0,0.0,0.0,0.0,0.0,1.0,0.0,0.0,0.0,0.0,0.0,0.0,0.0
8.0,0.0,1.0,140.0,94.0,71.0,0.0,5.0,1.0,2023.0,13.0,19.5,1.0,1,0.0,1.0,0.0,0.0,0.0,0.0,0.0,0.0,0.0,0.0,0.0,1.0,0.0,0.0,0.0,0.0,0.0,0.0,0.0
11.0,1.0,0.0,200.0,142.0,10.0,0.0,2.5,0.0,2021.0,13.0,20.0,1.0,1,0.0,0.0,0.0,0.0,0.0,0.0,0.0,0.0,1.0,0.0,1.0,0.0,0.0,0.0,0.0,0.0,0.0,0.0,0.0
3.915,23.5,23.5,295.0,288.0,482.5,12.5,5.0,28.5,2024.0,13.5,21.0,1.0,1,0.0,1.0,0.0,0.0,0.0,0.0,0.0,0.0,0.0,0.0,0.0,0.0,0.0,0.0,0.0,0.0,1.0,0.0,0.0
28.0,3.0,1.0,170.0,130.0,38.0,0.0,5.0,1.0,2022.0,13.0,20.0,1.0,1,0.0,0.0,0.0,0.0,0.0,0.0,0.0,0.0,1.0,0.0,0.0,0.0,0.0,0.0,0.0,0.0,1.0,0.0,0.0
16.0,2.0,1.0,260.0,320.0,96.0,4.0,5.0,4.0,2024.0,13.5,21.0,2.0,1,0.0,1.0,0.0,0.0,0.0,0.0,0.0,0.0,0.0,0.0,1.0,0.0,0.0,0.0,0.0,0.0,0.0,0.0,0.0
145.0,5.0,0.0,450.0,384.0,42.0,0.0,5.0,1.0,2022.0,13.5,21.0,1.0,1,0.0,0.0,0.0,0.0,0.0,0.0,0.0,1.0,0.0,0.0,0.0,0.0,0.0,0.0,0.0,0.0,0.0,0.0,0.0
156.0,16.0,23.5,95.0,124.0,482.5,12.0,5.0,28.5,2020.0,13.0,19.5,2.0,1,0.0,1.0,0.0,0.0,0.0,0.0,0.0,0.0,0.0,0.0,0.0,1.0,0.0,0.0,0.0,0.0,0.0,0.0,0.0
228.0,8.0,23.5,85.0,128.0,482.5,12.5,4.0,28.5,2005.5,13.5,19.53,1.0,1,0.0,1.0,0.0,0.0,0.0,0.0,0.0,0.0,0.0,0.0,0.0,1.0,0.0,0.0,0.0,0.0,0.0,0.0,0.0
128.0,9.0,12.0,344.5,332.0,252.0,7.0,5.0,11.0,2021.0,13.0,19.5,1.0,1,0.0,0.0,0.0,1.0,0.0,0.0,0.0,0.0,0.0,0.0,0.0,1.0,0.0,0.0,0.0,0.0,0.0,0.0,0.0
2.261,23.5,23.5,400.0,296.0,482.5,12.5,4.0,28.5,2024.0,13.5,19.5,1.0,1,0.0,1.0,0.0,0.0,0.0,0.0,0.0,0.0,0.0,0.0,0.0,1.0,0.0,0.0,0.0,0.0,0.0,0.0,0.0
289.5,23.5,17.0,250.0,352.0,272.0,4.0,4.0,14.0,2021.0,12.5,19.5,2.0,1,0.0,1.0,0.0,0.0,0.0,0.0,0.0,0.0,0.0,0.0,0.0,1.0,0.0,0.0,0.0,0.0,0.0,0.0,0.0
42.0,4.0,3.0,270.0,248.0,97.0,2.0,5.0,3.0,2021.0,13.0,20.0,1.0,1,0.0,0.0,0.0,0.0,0.0,0.0,0.0,0.0,1.0,0.0,0.0,0.0,0.0,0.0,0.0,0.0,0.0,0.0,1.0
6.0,0.0,0.0,160.0,144.0,13.0,0.0,2.5,0.0,2024.0,13.5,21.0,1.0,1,1.0,0.0,0.0,0.0,0.0,0.0,0.0,0.0,0.0,0.0,0.0,0.0,0.0,1.0,0.0,0.0,0.0,0.0,0.0
60.0,5.0,1.0,400.0,320.0,33.0,3.0,5.0,6.0,2022.0,13.5,21.0,1.0,1,0.0,0.0,0.0,0.0,0.0,0.0,0.0,1.0,0.0,0.0,0.0,1.0,0.0,0.0,0.0,0.0,0.0,0.0,0.0
7.0,0.0,1.0,364.0,352.0,184.0,0.0,2.5,0.0,2022.0,13.5,19.5,1.0,1,0.0,1.0,0.0,0.0,0.0,0.0,0.0,0.0,0.0,0.0,0.0,1.0,0.0,0.0,0.0,0.0,0.0,0.0,0.0
21.0,2.0,1.0,240.0,157.0,62.0,1.0,5.0,1.0,2023.0,13.5,21.0,1.0,1,0.0,0.0,0.0,0.0,0.0,0.0,0.0,0.0,1.0,0.0,1.0,0.0,0.0,0.0,0.0,0.0,0.0,0.0,0.0
17.0,0.0,2.0,150.0,104.0,24.0,2.0,5.0,2.0,2021.0,13.5,19.5,1.0,1,0.0,0.0,0.0,0.0,1.0,0.0,0.0,0.0,0.0,0.0,0.0,1.0,0.0,0.0,0.0,0.0,0.0,0.0,0.0
41.0,2.0,0.0,320.0,324.0,106.0,1.0,5.0,2.0,2021.0,13.0,20.0,1.0,1,0.0,0.0,0.0,0.0,0.0,0.0,0.0,0.0,1.0,0.0,0.0,0.0,0.0,0.0,1.0,0.0,0.0,0.0,0.0
11.0,2.0,0.0,134.5,72.0,73.0,0.0,2.5,0.0,2021.0,13.0,19.5,1.0,1,0.0,0.0,0.0,1.0,0.0,0.0,0.0,0.0,0.0,0.0,0.0,1.0,0.0,0.0,0.0,0.0,0.0,0.0,0.0
20.0,1.0,2.0,230.0,236.0,188.0,0.0,4.0,1.0,2023.0,13.0,19.5,1.0,1,0.0,1.0,0.0,0.0,0.0,0.0,0.0,0.0,0.0,0.0,1.0,0.0,0.0,0.0,0.0,0.0,0.0,0.0,0.0
76.0,9.0,12.0,168.0,70.0,472.0,6.0,4.0,9.0,2023.0,12.5,19.5,1.0,0,0.0,0.0,1.0,0.0,0.0,0.0,0.0,0.0,0.0,0.0,0.0,1.0,0.0,0.0,0.0,0.0,0.0,0.0,0.0
30.0,1.0,0.0,150.0,104.0,53.0,0.0,2.5,0.0,2021.0,13.5,19.5,1.0,1,0.0,0.0,0.0,0.0,1.0,0.0,0.0,0.0,0.0,0.0,0.0,1.0,0.0,0.0,0.0,0.0,0.0,0.0,0.0
6.0,0.0,0.0,220.0,217.0,39.0,0.0,2.5,0.0,2021.0,13.5,21.0,3.5,1,0.0,0.0,0.0,0.0,0.0,0.0,1.0,0.0,0.0,0.0,0.0,1.0,0.0,0.0,0.0,0.0,0.0,0.0,0.0
8.0,2.0,0.0,135.0,72.0,50.0,1.0,4.0,1.0,2024.0,13.0,19.5,2.0,1,0.0,1.0,0.0,0.0,0.0,0.0,0.0,0.0,0.0,0.0,0.0,1.0,0.0,0.0,0.0,0.0,0.0,0.0,0.0
289.5,23.5,23.5,249.0,304.0,482.5,12.5,4.0,28.5,2017.0,13.5,21.0,1.0,1,0.0,0.0,0.0,0.0,0.0,1.0,0.0,0.0,0.0,0.0,0.0,1.0,0.0,0.0,0.0,0.0,0.0,0.0,0.0
64.0,2.0,1.0,160.0,86.0,47.0,0.0,5.0,1.0,2021.0,13.0,20.0,1.0,1,0.0,0.0,0.0,0.0,0.0,0.0,0.0,0.0,1.0,0.0,0.0,1.0,0.0,0.0,0.0,0.0,0.0,0.0,0.0
22.0,1.0,0.0,129.5,68.0,20.0,0.0,5.0,1.0,2023.0,13.0,19.5,2.0,1,0.0,0.0,0.0,1.0,0.0,0.0,0.0,0.0,0.0,0.0,0.0,1.0,0.0,0.0,0.0,0.0,0.0,0.0,0.0
278.0,18.0,14.0,250.0,232.0,325.0,11.0,4.0,18.0,2021.0,13.5,21.0,1.0,1,0.0,1.0,0.0,0.0,0.0,0.0,0.0,0.0,0.0,0.0,0.0,0.0,0.0,0.0,0.0,0.0,1.0,0.0,0.0
49.0,5.0,2.0,150.0,128.0,22.0,0.0,5.0,2.0,2020.0,13.5,21.0,1.0,1,0.0,0.0,0.0,0.0,1.0,0.0,0.0,0.0,0.0,0.0,0.0,1.0,0.0,0.0,0.0,0.0,0.0,0.0,0.0
3.0,0.0,0.0,340.0,200.0,7.0,0.0,2.5,0.0,2024.0,13.0,20.0,1.0,1,0.0,1.0,0.0,0.0,0.0,0.0,0.0,0.0,0.0,0.0,0.0,0.0,0.0,0.0,0.0,0.0,0.0,0.0,1.0
47.0,3.0,4.0,300.0,304.0,47.0,1.0,4.0,2.0,2012.0,13.5,21.0,1.0,1,0.0,0.0,0.0,0.0,0.0,0.0,0.0,1.0,0.0,0.0,1.0,0.0,0.0,0.0,0.0,0.0,0.0,0.0,0.0
4.0,0.0,0.0,250.0,226.0,4.0,0.0,2.5,0.0,2021.0,13.5,21.0,1.0,1,0.0,1.0,0.0,0.0,0.0,0.0,0.0,0.0,0.0,0.0,0.0,1.0,0.0,0.0,0.0,0.0,0.0,0.0,0.0
17.0,0.0,0.0,156.0,152.0,11.0,0.0,2.5,0.0,2023.0,13.5,19.5,1.0,1,0.0,0.0,0.0,0.0,0.0,0.0,0.0,0.0,0.0,1.0,0.0,0.0,0.0,1.0,0.0,0.0,0.0,0.0,0.0
240.0,21.0,10.0,120.0,320.0,392.0,9.0,4.0,28.5,2018.0,13.5,21.0,1.0,1,0.0,1.0,0.0,0.0,0.0,0.0,0.0,0.0,0.0,0.0,0.0,1.0,0.0,0.0,0.0,0.0,0.0,0.0,0.0
95.0,8.0,14.0,150.0,104.0,150.0,5.0,5.0,11.0,2015.0,14.0,21.0,1.0,0,0.0,1.0,0.0,0.0,0.0,0.0,0.0,0.0,0.0,0.0,0.0,0.0,0.0,0.0,1.0,0.0,0.0,0.0,0.0
289.5,23.5,23.5,150.0,144.0,482.5,9.0,4.0,28.5,2019.0,13.5,21.0,1.0,1,0.0,0.0,0.0,0.0,1.0,0.0,0.0,0.0,0.0,0.0,0.0,1.0,0.0,0.0,0.0,0.0,0.0,0.0,0.0
88.0,8.0,6.0,140.0,104.0,217.0,5.0,5.0,11.0,2021.0,14.25,23.25,1.0,1,0.0,1.0,0.0,0.0,0.0,0.0,0.0,0.0,0.0,0.0,1.0,0.0,0.0,0.0,0.0,0.0,0.0,0.0,0.0
23.0,2.0,0.0,155.0,192.0,51.0,0.0,5.0,2.0,2018.0,14.25,23.25,1.0,1,0.0,1.0,0.0,0.0,0.0,0.0,0.0,0.0,0.0,0.0,1.0,0.0,0.0,0.0,0.0,0.0,0.0,0.0,0.0
60.0,8.0,9.0,439.5,334.0,72.0,7.0,5.0,13.0,2022.0,13.0,19.5,1.0,1,0.0,0.0,0.0,1.0,0.0,0.0,0.0,0.0,0.0,0.0,1.0,0.0,0.0,0.0,0.0,0.0,0.0,0.0,0.0
42.0,7.0,5.0,204.5,132.0,185.0,1.0,5.0,7.0,2021.0,13.0,19.5,1.0,1,0.0,0.0,0.0,1.0,0.0,0.0,0.0,0.0,0.0,0.0,0.0,1.0,0.0,0.0,0.0,0.0,0.0,0.0,0.0
289.5,6.0,18.0,299.0,384.0,285.0,11.0,4.0,16.0,2011.0,13.5,21.0,3.0,1,0.0,0.0,0.0,0.0,0.0,1.0,0.0,0.0,0.0,0.0,0.0,1.0,0.0,0.0,0.0,0.0,0.0,0.0,0.0
8.0,0.0,0.0,314.0,169.0,164.0,0.0,2.5,0.0,2022.0,13.5,21.0,2.0,1,0.0,1.0,0.0,0.0,0.0,0.0,0.0,0.0,0.0,0.0,0.0,0.0,0.0,0.0,1.0,0.0,0.0,0.0,0.0
289.5,23.5,23.5,299.0,432.0,378.0,12.5,5.0,28.5,2016.0,13.5,21.0,3.5,1,0.0,0.0,0.0,0.0,0.0,1.0,0.0,0.0,0.0,0.0,0.0,1.0,0.0,0.0,0.0,0.0,0.0,0.0,0.0
6.0,0.0,0.0,180.0,168.0,6.0,0.0,2.5,0.0,2022.0,13.5,21.0,1.0,1,1.0,0.0,0.0,0.0,0.0,0.0,0.0,0.0,0.0,0.0,0.0,0.0,0.0,1.0,0.0,0.0,0.0,0.0,0.0
37.0,5.0,1.0,250.0,262.0,78.0,0.0,5.0,1.0,2023.0,13.5,19.5,3.0,1,0.0,0.0,0.0,0.0,0.0,0.0,1.0,0.0,0.0,0.0,0.0,0.0,1.0,0.0,0.0,0.0,0.0,0.0,0.0
18.0,0.0,3.0,153.0,86.0,301.0,1.0,4.0,1.0,2024.0,12.5,19.5,1.0,1,0.0,0.0,1.0,0.0,0.0,0.0,0.0,0.0,0.0,0.0,0.0,1.0,0.0,0.0,0.0,0.0,0.0,0.0,0.0
44.0,3.0,2.0,330.0,196.0,66.0,1.0,5.0,1.0,2022.0,13.0,20.0,1.0,1,0.0,1.0,0.0,0.0,0.0,0.0,0.0,0.0,0.0,0.0,1.0,0.0,0.0,0.0,0.0,0.0,0.0,0.0,0.0
80.0,5.0,0.0,140.0,189.0,100.0,3.0,5.0,3.0,2005.5,13.5,21.0,3.5,1,0.0,1.0,0.0,0.0,0.0,0.0,0.0,0.0,0.0,0.0,1.0,0.0,0.0,0.0,0.0,0.0,0.0,0.0,0.0
30.0,2.0,1.0,150.0,104.0,62.0,2.0,4.0,4.0,2019.0,13.5,19.5,1.0,1,0.0,0.0,0.0,0.0,1.0,0.0,0.0,0.0,0.0,0.0,0.0,0.0,0.0,0.0,0.0,0.0,0.0,0.0,1.0
0.0,1.0,1.0,320.0,142.0,15.0,0.0,2.5,0.0,2022.0,13.5,19.5,2.0,1,0.0,1.0,0.0,0.0,0.0,0.0,0.0,0.0,0.0,0.0,0.0,1.0,0.0,0.0,0.0,0.0,0.0,0.0,0.0
41.0,1.0,1.0,405.0,248.0,87.0,1.0,4.0,2.0,2021.0,13.0,20.0,1.0,1,0.0,1.0,0.0,0.0,0.0,0.0,0.0,0.0,0.0,0.0,0.0,0.0,0.0,0.0,1.0,0.0,0.0,0.0,0.0
65.0,2.0,0.0,350.0,406.0,37.0,0.0,2.5,0.0,2019.0,13.5,21.0,1.0,1,0.0,0.0,0.0,0.0,0.0,0.0,0.0,0.0,1.0,0.0,1.0,0.0,0.0,0.0,0.0,0.0,0.0,0.0,0.0
17.0,0.0,0.0,292.0,120.0,70.0,0.0,5.0,1.0,2022.0,13.5,19.5,1.0,1,0.0,1.0,0.0,0.0,0.0,0.0,0.0,0.0,0.0,0.0,0.0,1.0,0.0,0.0,0.0,0.0,0.0,0.0,0.0
73.0,5.0,1.0,220.0,203.0,81.0,1.0,5.0,2.0,2020.0,13.0,20.0,1.0,1,0.0,0.0,0.0,0.0,0.0,0.0,1.0,0.0,0.0,0.0,0.0,0.0,0.0,0.0,1.0,0.0,0.0,0.0,0.0
9.0,1.0,0.0,300.0,360.0,9.0,0.0,2.5,0.0,2023.0,12.25,17.5,2.0,1,1.0,0.0,0.0,0.0,0.0,0.0,0.0,0.0,0.0,0.0,0.0,0.0,0.0,0.0,0.0,0.0,1.0,0.0,0.0
6.0,0.0,0.0,200.0,208.0,252.0,0.0,2.5,0.0,2024.0,13.5,19.5,1.0,1,0.0,1.0,0.0,0.0,0.0,0.0,0.0,0.0,0.0,0.0,0.0,1.0,0.0,0.0,0.0,0.0,0.0,0.0,0.0
54.0,6.0,10.0,224.5,150.0,42.0,7.0,5.0,10.0,2022.0,13.0,19.5,1.0,1,0.0,0.0,0.0,1.0,0.0,0.0,0.0,0.0,0.0,0.0,0.0,1.0,0.0,0.0,0.0,0.0,0.0,0.0,0.0
23.0,3.0,2.0,260.0,256.0,22.0,0.0,5.0,2.0,2017.0,13.5,19.5,1.0,1,1.0,0.0,0.0,0.0,0.0,0.0,0.0,0.0,0.0,0.0,0.0,1.0,0.0,0.0,0.0,0.0,0.0,0.0,0.0
151.0,7.0,8.0,249.0,272.0,73.0,7.0,4.0,12.0,2011.0,13.5,21.0,3.5,1,0.0,0.0,0.0,0.0,0.0,1.0,0.0,0.0,0.0,0.0,0.0,1.0,0.0,0.0,0.0,0.0,0.0,0.0,0.0
11.0,0.0,1.0,158.0,72.0,133.0,0.0,4.0,3.0,2024.0,12.25,19.0,2.0,1,0.0,0.0,1.0,0.0,0.0,0.0,0.0,0.0,0.0,0.0,0.0,1.0,0.0,0.0,0.0,0.0,0.0,0.0,0.0
39.0,3.0,1.0,360.0,352.0,85.0,1.0,5.0,3.0,2016.0,14.25,23.25,1.0,1,0.0,1.0,0.0,0.0,0.0,0.0,0.0,0.0,0.0,0.0,0.0,0.0,0.0,0.0,0.0,1.0,0.0,0.0,0.0
203.0,15.0,5.0,460.0,464.0,219.0,1.0,5.0,8.0,2016.0,13.0,19.5,1.0,1,0.0,1.0,0.0,0.0,0.0,0.0,0.0,0.0,0.0,0.0,0.0,0.0,0.0,0.0,1.0,0.0,0.0,0.0,0.0
289.5,23.5,23.5,150.0,160.0,482.5,12.5,5.0,28.5,2022.0,13.5,19.5,1.0,1,0.0,1.0,0.0,0.0,0.0,0.0,0.0,0.0,0.0,0.0,0.0,0.0,0.0,0.0,0.0,0.0,0.0,1.0,0.0
285.0,16.0,23.5,299.0,440.0,235.0,12.5,5.0,28.5,2012.0,13.5,21.0,3.5,1,0.0,0.0,0.0,0.0,0.0,1.0,0.0,0.0,0.0,0.0,0.0,1.0,0.0,0.0,0.0,0.0,0.0,0.0,0.0
40.0,3.0,2.0,270.0,250.0,48.0,2.0,4.0,5.0,2020.0,13.0,20.0,3.5,1,0.0,0.0,0.0,0.0,0.0,0.0,1.0,0.0,0.0,0.0,0.0,1.0,0.0,0.0,0.0,0.0,0.0,0.0,0.0
4.0,1.0,0.0,240.0,216.0,6.0,0.0,5.0,1.0,2022.0,13.5,21.0,1.0,1,1.0,0.0,0.0,0.0,0.0,0.0,0.0,0.0,0.0,0.0,0.0,0.0,0.0,1.0,0.0,0.0,0.0,0.0,0.0
257.0,11.0,9.0,150.0,184.0,251.0,6.0,4.0,17.0,2016.0,13.5,21.0,3.5,1,0.0,0.0,0.0,0.0,0.0,0.0,0.0,0.0,0.0,1.0,0.0,0.0,0.0,0.0,0.0,0.0,1.0,0.0,0.0
89.0,23.5,23.5,110.0,200.0,482.5,12.5,5.0,28.5,2018.0,13.5,21.0,1.0,1,0.0,1.0,0.0,0.0,0.0,0.0,0.0,0.0,0.0,0.0,0.0,1.0,0.0,0.0,0.0,0.0,0.0,0.0,0.0
118.0,10.0,23.5,299.0,336.0,265.0,11.0,4.0,28.5,2016.0,13.5,21.0,3.5,1,0.0,0.0,0.0,0.0,0.0,1.0,0.0,0.0,0.0,0.0,0.0,1.0,0.0,0.0,0.0,0.0,0.0,0.0,0.0
266.0,11.0,23.5,299.0,416.0,257.0,3.0,4.0,28.5,2013.0,13.5,21.0,3.5,1,0.0,0.0,0.0,0.0,0.0,1.0,0.0,0.0,0.0,0.0,0.0,1.0,0.0,0.0,0.0,0.0,0.0,0.0,0.0
188.0,5.0,18.0,299.0,336.0,113.0,4.0,4.0,14.0,2014.0,13.5,21.0,2.0,1,0.0,0.0,0.0,0.0,0.0,1.0,0.0,0.0,0.0,0.0,0.0,1.0,0.0,0.0,0.0,0.0,0.0,0.0,0.0
35.0,0.0,0.0,260.0,272.0,12.0,0.0,5.0,1.0,2019.0,13.5,21.0,1.0,1,1.0,0.0,0.0,0.0,0.0,0.0,0.0,0.0,0.0,0.0,0.0,0.0,0.0,0.0,1.0,0.0,0.0,0.0,0.0
32.0,4.0,0.0,150.0,126.0,22.0,0.0,5.0,1.0,2021.0,13.5,19.5,1.0,1,0.0,0.0,0.0,0.0,1.0,0.0,0.0,0.0,0.0,0.0,0.0,1.0,0.0,0.0,0.0,0.0,0.0,0.0,0.0
19.0,2.0,0.0,329.0,508.0,100.0,0.0,5.0,1.0,2023.0,13.5,19.5,1.0,1,0.0,1.0,0.0,0.0,0.0,0.0,0.0,0.0,0.0,0.0,0.0,1.0,0.0,0.0,0.0,0.0,0.0,0.0,0.0
16.0,1.0,0.0,515.0,455.0,16.0,0.0,2.5,0.0,2024.0,14.25,23.25,3.5,1,0.0,0.0,0.0,0.0,0.0,0.0,1.0,0.0,0.0,0.0,1.0,0.0,0.0,0.0,0.0,0.0,0.0,0.0,0.0
1.0,0.0,0.0,180.0,168.0,1.0,0.0,2.5,0.0,2024.0,13.5,19.5,1.0,1,1.0,0.0,0.0,0.0,0.0,0.0,0.0,0.0,0.0,0.0,0.0,1.0,0.0,0.0,0.0,0.0,0.0,0.0,0.0
147.0,7.0,8.0,190.0,144.0,111.0,1.0,5.0,2.0,2023.0,13.5,21.0,1.0,1,0.0,0.0,0.0,0.0,0.0,0.0,1.0,0.0,0.0,0.0,0.0,0.0,1.0,0.0,0.0,0.0,0.0,0.0,0.0
9.0,2.0,0.0,180.0,232.0,15.0,1.0,5.0,1.0,2025.0,13.5,19.5,3.5,1,1.0,0.0,0.0,0.0,0.0,0.0,0.0,0.0,0.0,0.0,0.0,1.0,0.0,0.0,0.0,0.0,0.0,0.0,0.0
289.5,17.0,8.0,515.0,612.0,250.0,4.0,4.0,10.0,2020.0,13.5,21.0,3.5,1,0.0,0.0,0.0,0.0,0.0,1.0,0.0,0.0,0.0,0.0,0.0,1.0,0.0,0.0,0.0,0.0,0.0,0.0,0.0
102.0,6.0,17.0,380.0,480.0,125.0,6.0,4.0,14.0,2007.0,13.5,19.5,1.0,1,0.0,0.0,0.0,0.0,0.0,0.0,0.0,0.0,0.0,0.0,0.0,1.0,0.0,0.0,0.0,0.0,0.0,0.0,0.0
73.0,4.0,4.0,140.0,84.0,122.0,8.0,5.0,12.0,2020.0,13.5,21.0,1.0,1,0.0,0.0,0.0,0.0,0.0,0.0,0.0,0.0,1.0,0.0,0.0,0.0,0.0,0.0,0.0,0.0,1.0,0.0,0.0
32.0,0.0,2.0,240.0,200.0,14.0,1.0,5.0,1.0,2021.0,12.25,17.25,1.0,1,0.0,0.0,0.0,0.0,0.0,0.0,0.0,0.0,1.0,0.0,1.0,0.0,0.0,0.0,0.0,0.0,0.0,0.0,0.0
29.0,5.0,13.0,289.5,202.0,145.0,12.5,5.0,13.0,2022.0,13.0,19.5,1.0,1,0.0,0.0,0.0,1.0,0.0,0.0,0.0,0.0,0.0,0.0,0.0,1.0,0.0,0.0,0.0,0.0,0.0,0.0,0.0
16.0,6.0,0.0,115.0,180.0,235.0,1.0,5.0,4.0,2021.0,12.5,19.5,1.0,1,0.0,1.0,0.0,0.0,0.0,0.0,0.0,0.0,0.0,0.0,0.0,1.0,0.0,0.0,0.0,0.0,0.0,0.0,0.0
70.0,0.0,2.0,149.0,164.0,41.0,1.0,4.0,3.0,2016.0,13.5,21.0,3.5,1,0.0,1.0,0.0,0.0,0.0,0.0,0.0,0.0,0.0,0.0,1.0,0.0,0.0,0.0,0.0,0.0,0.0,0.0,0.0
14.0,1.0,0.0,270.0,264.0,22.0,1.0,5.0,1.0,2023.0,13.5,19.5,3.5,1,0.0,0.0,0.0,0.0,0.0,0.0,1.0,0.0,0.0,0.0,1.0,0.0,0.0,0.0,0.0,0.0,0.0,0.0,0.0
13.0,5.0,1.0,144.5,80.0,137.0,0.0,5.0,1.0,2021.0,13.0,19.5,2.0,1,0.0,0.0,0.0,1.0,0.0,0.0,0.0,0.0,0.0,0.0,0.0,1.0,0.0,0.0,0.0,0.0,0.0,0.0,0.0
26.0,5.0,4.0,334.5,242.0,32.0,2.0,5.0,5.0,2022.0,13.0,19.5,1.0,1,0.0,0.0,0.0,1.0,0.0,0.0,0.0,0.0,0.0,0.0,0.0,1.0,0.0,0.0,0.0,0.0,0.0,0.0,0.0
238.0,23.5,23.5,269.0,320.0,482.5,12.5,4.0,28.5,2014.0,13.5,21.0,1.0,1,0.0,0.0,0.0,0.0,0.0,1.0,0.0,0.0,0.0,0.0,0.0,1.0,0.0,0.0,0.0,0.0,0.0,0.0,0.0
17.0,0.0,1.0,270.0,195.0,10.0,0.0,5.0,1.0,2024.0,13.5,19.5,3.5,1,0.0,0.0,0.0,0.0,0.0,0.0,0.0,0.0,1.0,0.0,0.0,0.0,0.0,0.0,1.0,0.0,0.0,0.0,0.0
46.0,1.0,6.0,85.0,24.0,183.0,3.0,5.0,7.0,2019.0,14.25,22.0,3.0,1,0.0,1.0,0.0,0.0,0.0,0.0,0.0,0.0,0.0,0.0,0.0,0.0,0.0,0.0,0.0,0.0,0.0,1.0,0.0
31.0,4.0,3.0,99.0,108.0,34.0,4.0,5.0,6.0,2022.0,13.5,21.0,3.5,1,0.0,1.0,0.0,0.0,0.0,0.0,0.0,0.0,0.0,0.0,0.0,1.0,0.0,0.0,0.0,0.0,0.0,0.0,0.0
8.0,0.0,0.0,215.0,236.5,7.0,0.0,2.5,0.0,2024.0,13.5,19.5,2.0,1,0.0,1.0,0.0,0.0,0.0,0.0,0.0,0.0,0.0,0.0,0.0,0.0,0.0,0.0,0.0,0.0,1.0,0.0,0.0
46.0,6.0,4.0,150.0,120.0,147.0,2.0,4.0,4.0,2018.0,13.5,21.0,1.0,1,0.0,0.0,0.0,0.0,1.0,0.0,0.0,0.0,0.0,0.0,0.0,1.0,0.0,0.0,0.0,0.0,0.0,0.0,0.0
93.0,5.0,4.0,320.0,297.0,136.0,1.0,2.5,1.0,2022.0,14.0,22.0,1.0,1,0.0,0.0,0.0,0.0,0.0,0.0,1.0,0.0,0.0,0.0,0.0,0.0,0.0,0.0,0.0,0.0,0.0,0.0,1.0
60.0,2.0,0.0,240.0,193.0,51.0,0.0,2.5,0.0,2024.0,13.5,19.5,1.0,1,0.0,0.0,0.0,0.0,0.0,0.0,1.0,0.0,0.0,0.0,1.0,0.0,0.0,0.0,0.0,0.0,0.0,0.0,0.0
121.0,23.5,23.5,300.0,368.0,356.0,12.5,4.0,28.5,2016.0,13.5,19.5,3.0,1,1.0,0.0,0.0,0.0,0.0,0.0,0.0,0.0,0.0,0.0,0.0,1.0,0.0,0.0,0.0,0.0,0.0,0.0,0.0
84.0,14.0,8.0,515.0,285.0,257.0,4.0,5.0,15.0,2011.0,13.5,19.5,1.0,1,0.0,1.0,0.0,0.0,0.0,0.0,0.0,0.0,0.0,0.0,1.0,0.0,0.0,0.0,0.0,0.0,0.0,0.0,0.0
17.0,6.0,5.0,140.0,272.0,105.0,4.0,4.0,5.0,2017.0,14.0,23.0,1.0,1,0.0,1.0,0.0,0.0,0.0,0.0,0.0,0.0,0.0,0.0,1.0,0.0,0.0,0.0,0.0,0.0,0.0,0.0,0.0
92.0,9.0,1.0,350.0,240.0,112.0,1.0,4.0,4.0,2016.0,13.5,21.0,2.0,1,0.0,0.0,0.0,0.0,0.0,0.0,0.0,1.0,0.0,0.0,0.0,0.0,0.0,1.0,0.0,0.0,0.0,0.0,0.0
145.0,12.0,4.0,500.0,584.0,77.0,0.0,3.0,3.0,2017.0,13.5,21.0,1.0,1,0.0,0.0,0.0,0.0,0.0,0.0,0.0,1.0,0.0,0.0,0.0,0.0,0.0,0.0,0.0,0.0,1.0,0.0,0.0
32.0,5.0,3.0,515.0,236.5,42.0,0.0,4.0,5.0,2012.0,13.5,21.0,1.0,1,0.0,1.0,0.0,0.0,0.0,0.0,0.0,0.0,0.0,0.0,0.0,0.0,0.0,0.0,0.0,0.0,0.0,0.0,1.0
44.0,7.0,5.0,149.0,175.0,44.0,1.0,4.0,5.0,2022.0,13.5,21.0,3.5,1,0.0,1.0,0.0,0.0,0.0,0.0,0.0,0.0,0.0,0.0,0.0,0.0,0.0,0.0,0.0,0.0,1.0,0.0,0.0
78.0,4.0,3.0,200.0,98.0,148.0,4.0,4.0,9.0,2021.0,13.0,20.0,1.0,1,0.0,0.0,0.0,0.0,0.0,0.0,0.0,0.0,1.0,0.0,0.0,0.0,0.0,0.0,0.0,0.0,1.0,0.0,0.0
54.0,11.0,1.0,409.5,308.0,307.0,4.0,5.0,9.0,2023.0,13.0,19.5,1.0,1,0.0,0.0,0.0,1.0,0.0,0.0,0.0,0.0,0.0,0.0,0.0,1.0,0.0,0.0,0.0,0.0,0.0,0.0,0.0
14.0,2.0,3.0,140.0,120.0,292.0,2.0,5.0,2.0,2024.0,13.5,21.0,1.0,1,0.0,1.0,0.0,0.0,0.0,0.0,0.0,0.0,0.0,0.0,0.0,0.0,0.0,0.0,0.0,0.0,0.0,1.0,0.0
3.0,0.0,0.0,170.0,132.0,39.0,0.0,2.5,0.0,2021.0,13.0,20.0,1.0,1,0.0,0.0,0.0,0.0,0.0,0.0,1.0,0.0,0.0,0.0,0.0,1.0,0.0,0.0,0.0,0.0,0.0,0.0,0.0
2.0,0.0,0.0,515.0,340.0,4.0,0.0,2.5,0.0,2024.0,13.5,21.0,1.0,1,0.0,1.0,0.0,0.0,0.0,0.0,0.0,0.0,0.0,0.0,0.0,1.0,0.0,0.0,0.0,0.0,0.0,0.0,0.0
155.0,12.0,1.0,450.0,416.0,50.0,2.0,5.0,3.0,2022.0,13.5,21.0,1.0,1,0.0,0.0,0.0,0.0,0.0,0.0,0.0,1.0,0.0,0.0,0.0,0.0,0.0,0.0,0.0,0.0,0.0,0.0,0.0
61.0,3.0,2.0,320.0,302.0,105.0,1.0,5.0,1.0,2022.0,13.5,21.0,2.0,1,0.0,0.0,0.0,0.0,0.0,0.0,0.0,0.0,1.0,0.0,1.0,0.0,0.0,0.0,0.0,0.0,0.0,0.0,0.0
114.0,10.0,9.0,220.0,232.0,129.0,1.0,4.0,10.0,2016.0,13.5,21.0,1.0,1,0.0,1.0,0.0,0.0,0.0,0.0,0.0,0.0,0.0,0.0,0.0,0.0,0.0,0.0,0.0,0.0,1.0,0.0,0.0
11.0,1.0,0.0,270.0,185.0,14.0,0.0,2.5,0.0,2023.0,13.5,19.5,1.0,1,0.0,0.0,0.0,0.0,0.0,0.0,0.0,0.0,1.0,0.0,0.0,0.0,0.0,1.0,0.0,0.0,0.0,0.0,0.0
11.0,0.0,0.0,220.0,176.0,7.0,0.0,2.5,0.0,2024.0,13.5,21.0,2.0,1,0.0,1.0,0.0,0.0,0.0,0.0,0.0,0.0,0.0,0.0,0.0,1.0,0.0,0.0,0.0,0.0,0.0,0.0,0.0
16.0,3.0,0.0,270.0,271.0,31.0,0.0,5.0,1.0,2023.0,13.5,19.5,1.0,1,0.0,0.0,0.0,0.0,0.0,0.0,0.0,0.0,1.0,0.0,1.0,0.0,0.0,0.0,0.0,0.0,0.0,0.0,0.0
213.0,23.0,23.5,299.0,448.0,268.0,12.5,4.0,28.5,2016.0,13.5,21.0,3.5,1,0.0,0.0,0.0,0.0,0.0,1.0,0.0,0.0,0.0,0.0,0.0,1.0,0.0,0.0,0.0,0.0,0.0,0.0,0.0
19.0,2.0,0.0,360.0,408.0,20.0,1.0,5.0,1.0,2022.0,13.5,21.0,2.0,1,1.0,0.0,0.0,0.0,0.0,0.0,0.0,0.0,0.0,0.0,0.0,0.0,0.0,0.0,1.0,0.0,0.0,0.0,0.0
289.5,23.5,23.5,299.0,432.0,209.0,12.5,5.0,28.5,2016.0,13.5,21.0,2.0,1,0.0,0.0,0.0,0.0,0.0,1.0,0.0,0.0,0.0,0.0,0.0,1.0,0.0,0.0,0.0,0.0,0.0,0.0,0.0
44.0,1.0,2.0,515.0,612.0,90.0,1.0,5.0,1.0,2023.0,13.5,21.0,1.0,1,0.0,0.0,0.0,0.0,0.0,0.0,1.0,0.0,0.0,0.0,1.0,0.0,0.0,0.0,0.0,0.0,0.0,0.0,0.0
92.0,10.0,9.0,240.0,288.0,98.0,5.0,4.0,15.0,2012.0,13.5,19.5,2.0,1,0.0,1.0,0.0,0.0,0.0,0.0,0.0,0.0,0.0,0.0,0.0,1.0,0.0,0.0,0.0,0.0,0.0,0.0,0.0
12.0,0.0,0.0,450.0,363.0,23.0,0.0,2.5,0.0,2023.0,13.5,21.0,1.0,1,0.0,0.0,0.0,0.0,0.0,0.0,1.0,0.0,0.0,0.0,0.0,0.0,0.0,0.0,1.0,0.0,0.0,0.0,0.0
2.0,0.0,0.0,200.0,216.0,6.0,0.0,2.5,0.0,2022.0,13.5,21.0,1.0,1,1.0,0.0,0.0,0.0,0.0,0.0,0.0,0.0,0.0,0.0,0.0,0.0,0.0,1.0,0.0,0.0,0.0,0.0,0.0
19.0,0.0,0.0,240.0,189.0,17.0,1.0,2.5,0.0,2008.0,13.5,19.5,2.0,1,0.0,1.0,0.0,0.0,0.0,0.0,0.0,0.0,0.0,0.0,0.0,1.0,0.0,0.0,0.0,0.0,0.0,0.0,0.0
4.0,0.0,0.0,431.0,340.0,114.0,0.0,2.5,0.0,2022.0,13.5,19.5,1.0,1,0.0,1.0,0.0,0.0,0.0,0.0,0.0,0.0,0.0,0.0,0.0,1.0,0.0,0.0,0.0,0.0,0.0,0.0,0.0
15.0,4.0,1.0,134.0,120.0,114.0,1.0,5.0,1.0,2023.0,12.25,19.5,1.0,1,0.0,1.0,0.0,0.0,0.0,0.0,0.0,0.0,0.0,0.0,0.0,1.0,0.0,0.0,0.0,0.0,0.0,0.0,0.0
102.0,4.0,2.0,250.0,256.0,80.0,0.0,5.0,3.0,2011.0,13.5,21.0,1.0,0,0.0,0.0,0.0,0.0,0.0,0.0,0.0,1.0,0.0,0.0,0.0,0.0,0.0,1.0,0.0,0.0,0.0,0.0,0.0
140.0,6.0,3.0,460.0,260.0,170.0,1.0,5.0,3.0,2021.0,13.5,19.5,2.0,1,0.0,1.0,0.0,0.0,0.0,0.0,0.0,0.0,0.0,0.0,1.0,0.0,0.0,0.0,0.0,0.0,0.0,0.0,0.0
13.0,1.0,1.0,330.0,158.0,47.0,0.0,2.5,0.0,2020.0,13.5,19.5,3.0,1,0.0,1.0,0.0,0.0,0.0,0.0,0.0,0.0,0.0,0.0,0.0,1.0,0.0,0.0,0.0,0.0,0.0,0.0,0.0
66.0,5.0,6.0,325.0,400.0,61.0,1.0,5.0,6.0,2014.0,12.5,19.5,1.0,1,0.0,1.0,0.0,0.0,0.0,0.0,0.0,0.0,0.0,0.0,0.0,1.0,0.0,0.0,0.0,0.0,0.0,0.0,0.0
32.0,6.0,6.0,149.0,158.0,34.0,1.0,4.0,8.0,2022.0,13.5,21.0,3.5,1,0.0,1.0,0.0,0.0,0.0,0.0,0.0,0.0,0.0,0.0,0.0,0.0,0.0,0.0,0.0,0.0,0.0,0.0,1.0
7.0,0.0,0.0,280.0,336.0,52.0,0.0,2.5,0.0,2022.0,13.5,21.0,1.0,1,1.0,0.0,0.0,0.0,0.0,0.0,0.0,0.0,0.0,0.0,0.0,1.0,0.0,0.0,0.0,0.0,0.0,0.0,0.0
48.0,3.0,1.0,220.0,143.0,46.0,0.0,4.0,3.0,2020.0,13.5,21.0,1.0,1,0.0,0.0,0.0,0.0,0.0,0.0,0.0,0.0,1.0,0.0,0.0,0.0,1.0,0.0,0.0,0.0,0.0,0.0,0.0
20.0,2.0,0.0,515.0,612.0,44.0,0.0,5.0,1.0,2022.0,13.0,20.0,2.0,1,0.0,0.0,0.0,0.0,0.0,0.0,0.0,0.0,1.0,0.0,0.0,0.0,0.0,0.0,0.0,1.0,0.0,0.0,0.0
58.0,4.0,4.0,76.0,96.0,275.0,1.0,5.0,4.0,2006.0,13.5,19.5,3.0,1,0.0,1.0,0.0,0.0,0.0,0.0,0.0,0.0,0.0,0.0,0.0,0.0,0.0,0.0,0.0,0.0,0.0,1.0,0.0
34.0,2.0,1.0,280.0,264.0,38.0,1.0,5.0,2.0,2023.0,13.5,21.0,1.0,1,1.0,0.0,0.0,0.0,0.0,0.0,0.0,0.0,0.0,0.0,0.0,0.0,0.0,1.0,0.0,0.0,0.0,0.0,0.0
16.0,4.0,1.0,300.0,328.0,13.0,1.0,5.0,2.0,2023.0,13.5,21.0,2.0,1,0.0,0.0,0.0,0.0,0.0,0.0,0.0,0.0,1.0,0.0,0.0,0.0,0.0,0.0,1.0,0.0,0.0,0.0,0.0
76.0,1.0,10.0,150.0,136.0,132.0,4.0,5.0,8.0,2020.0,13.5,21.0,1.0,1,0.0,0.0,0.0,0.0,1.0,0.0,0.0,0.0,0.0,0.0,0.0,1.0,0.0,0.0,0.0,0.0,0.0,0.0,0.0
16.0,2.0,7.0,198.0,150.0,267.0,2.0,5.0,2.0,2022.0,12.5,19.5,2.0,1,0.0,0.0,1.0,0.0,0.0,0.0,0.0,0.0,0.0,0.0,0.0,1.0,0.0,0.0,0.0,0.0,0.0,0.0,0.0
7.0,3.0,1.0,250.0,152.0,35.0,1.0,5.0,1.0,2021.0,13.0,19.5,1.0,1,0.0,1.0,0.0,0.0,0.0,0.0,0.0,0.0,0.0,0.0,0.0,1.0,0.0,0.0,0.0,0.0,0.0,0.0,0.0
111.0,0.0,4.0,250.0,280.0,83.0,1.0,4.0,2.0,2020.0,13.5,21.0,1.0,1,0.0,0.0,0.0,0.0,0.0,0.0,0.0,1.0,0.0,0.0,0.0,0.0,1.0,0.0,0.0,0.0,0.0,0.0,0.0
2.0,1.0,1.0,220.5,139.0,7.0,0.0,2.5,1.0,2021.0,13.5,21.0,1.0,1,0.0,1.0,0.0,0.0,0.0,0.0,0.0,0.0,0.0,0.0,0.0,1.0,0.0,0.0,0.0,0.0,0.0,0.0,0.0
18.0,1.0,0.0,135.0,120.0,25.0,0.0,2.5,0.0,2024.0,13.5,19.5,3.0,1,0.0,1.0,0.0,0.0,0.0,0.0,0.0,0.0,0.0,0.0,1.0,0.0,0.0,0.0,0.0,0.0,0.0,0.0,0.0
289.5,23.5,23.5,200.0,408.0,482.5,12.5,5.0,28.5,2005.5,13.5,19.5,2.0,1,0.0,1.0,0.0,0.0,0.0,0.0,0.0,0.0,0.0,0.0,0.0,1.0,0.0,0.0,0.0,0.0,0.0,0.0,0.0
108.0,15.0,16.0,249.0,272.0,211.0,4.0,4.0,16.0,2016.0,13.5,21.0,3.0,1,0.0,0.0,0.0,0.0,0.0,1.0,0.0,0.0,0.0,0.0,0.0,1.0,0.0,0.0,0.0,0.0,0.0,0.0,0.0
35.0,3.0,11.0,479.5,368.0,327.0,7.0,5.0,8.0,2021.0,13.0,19.5,3.0,1,0.0,0.0,0.0,1.0,0.0,0.0,0.0,0.0,0.0,0.0,0.0,1.0,0.0,0.0,0.0,0.0,0.0,0.0,0.0
68.0,3.0,8.0,290.0,352.0,65.0,8.0,5.0,11.0,2009.0,13.5,21.5,1.0,1,0.0,0.0,0.0,0.0,0.0,0.0,0.0,0.0,0.0,0.0,0.0,1.0,0.0,0.0,0.0,0.0,0.0,0.0,0.0
3.0,0.0,0.0,173.5,216.0,9.0,0.0,2.5,0.0,2023.0,13.5,19.5,1.0,1,0.0,1.0,0.0,0.0,0.0,0.0,0.0,0.0,0.0,0.0,0.0,1.0,0.0,0.0,0.0,0.0,0.0,0.0,0.0
26.0,4.0,2.0,394.0,468.0,77.0,1.0,5.0,3.0,2024.0,13.5,21.0,1.0,1,0.0,1.0,0.0,0.0,0.0,0.0,0.0,0.0,0.0,0.0,0.0,1.0,0.0,0.0,0.0,0.0,0.0,0.0,0.0
8.0,1.0,0.0,400.0,244.0,6.0,1.0,5.0,1.0,2023.0,13.0,20.0,1.0,1,0.0,1.0,0.0,0.0,0.0,0.0,0.0,0.0,0.0,0.0,0.0,0.0,0.0,0.0,1.0,0.0,0.0,0.0,0.0
96.0,16.0,8.0,299.0,368.0,104.0,3.0,5.0,8.0,2016.0,13.5,21.0,3.5,1,0.0,0.0,0.0,0.0,0.0,1.0,0.0,0.0,0.0,0.0,0.0,1.0,0.0,0.0,0.0,0.0,0.0,0.0,0.0
237.0,23.5,18.0,300.0,312.0,71.0,2.0,5.0,3.0,2023.0,13.5,21.0,1.0,1,1.0,0.0,0.0,0.0,0.0,0.0,0.0,0.0,0.0,0.0,0.0,0.0,0.0,0.0,1.0,0.0,0.0,0.0,0.0
289.5,23.0,23.5,299.0,328.0,482.5,12.5,4.0,28.5,2014.0,13.5,21.0,3.5,1,0.0,0.0,0.0,0.0,0.0,1.0,0.0,0.0,0.0,0.0,0.0,1.0,0.0,0.0,0.0,0.0,0.0,0.0,0.0
161.0,2.0,3.0,515.0,612.0,71.0,3.0,5.0,6.0,2020.0,13.5,21.0,1.0,1,0.0,0.0,0.0,0.0,0.0,0.0,0.0,1.0,0.0,0.0,0.0,0.0,0.0,0.0,0.0,0.0,1.0,0.0,0.0
1.0,0.0,0.0,270.0,280.0,9.0,0.0,2.5,0.0,2023.0,13.5,19.5,2.0,1,0.0,0.0,0.0,0.0,0.0,0.0,1.0,0.0,0.0,0.0,0.0,1.0,0.0,0.0,0.0,0.0,0.0,0.0,0.0
56.0,7.0,9.0,304.5,168.0,229.0,4.0,5.0,7.0,2021.0,13.0,19.5,1.0,1,0.0,0.0,0.0,1.0,0.0,0.0,0.0,0.0,0.0,0.0,0.0,1.0,0.0,0.0,0.0,0.0,0.0,0.0,0.0
59.0,4.0,1.0,200.0,176.0,35.0,0.0,5.0,3.0,2023.0,13.5,19.5,1.0,1,0.0,0.0,0.0,0.0,0.0,0.0,0.0,1.0,0.0,0.0,1.0,0.0,0.0,0.0,0.0,0.0,0.0,0.0,0.0
5.0,0.0,0.0,112.0,126.0,14.0,0.0,2.5,0.0,2022.0,13.5,19.5,2.0,1,0.0,1.0,0.0,0.0,0.0,0.0,0.0,0.0,0.0,0.0,0.0,1.0,0.0,0.0,0.0,0.0,0.0,0.0,0.0
47.0,2.0,1.0,300.0,255.0,36.0,1.0,5.0,2.0,2019.0,13.5,21.0,1.0,1,0.0,0.0,0.0,0.0,0.0,0.0,0.0,0.0,1.0,0.0,0.0,0.0,0.0,0.0,1.0,0.0,0.0,0.0,0.0
26.0,1.0,0.0,350.0,612.0,41.0,0.0,5.0,2.0,2023.0,13.5,19.5,3.5,1,0.0,0.0,0.0,0.0,0.0,0.0,0.0,0.0,1.0,0.0,0.0,0.0,0.0,0.0,1.0,0.0,0.0,0.0,0.0
58.0,2.0,2.0,375.0,440.0,216.0,0.0,5.0,3.0,2024.0,13.5,21.0,1.0,1,0.0,1.0,0.0,0.0,0.0,0.0,0.0,0.0,0.0,0.0,0.0,0.0,0.0,0.0,0.0,0.0,1.0,0.0,0.0
24.0,1.0,5.0,149.0,148.0,26.0,1.0,4.0,5.0,2022.0,13.5,21.0,3.5,1,0.0,1.0,0.0,0.0,0.0,0.0,0.0,0.0,0.0,0.0,0.0,1.0,0.0,0.0,0.0,0.0,0.0,0.0,0.0
113.0,8.0,23.5,240.0,247.0,239.0,12.0,5.0,28.5,2013.0,12.5,19.5,2.0,1,0.0,1.0,0.0,0.0,0.0,0.0,0.0,0.0,0.0,0.0,1.0,0.0,0.0,0.0,0.0,0.0,0.0,0.0,0.0
86.0,5.0,5.0,250.5,237.0,156.0,3.0,4.0,7.0,2021.0,13.5,21.0,3.5,1,0.0,1.0,0.0,0.0,0.0,0.0,0.0,0.0,0.0,0.0,0.0,0.0,0.0,0.0,0.0,0.0,1.0,0.0,0.0
289.5,7.0,23.5,249.0,320.0,482.5,12.5,4.0,28.5,2010.0,13.5,21.0,3.5,1,0.0,0.0,0.0,0.0,0.0,1.0,0.0,0.0,0.0,0.0,0.0,1.0,0.0,0.0,0.0,0.0,0.0,0.0,0.0
2.0,0.0,0.0,166.0,160.0,187.0,0.0,2.5,0.0,2024.0,13.5,19.5,1.0,1,0.0,1.0,0.0,0.0,0.0,0.0,0.0,0.0,0.0,0.0,0.0,1.0,0.0,0.0,0.0,0.0,0.0,0.0,0.0
36.0,3.0,9.0,283.0,112.0,219.0,5.0,5.0,8.0,2022.0,13.5,21.0,1.0,1,0.0,1.0,0.0,0.0,0.0,0.0,0.0,0.0,0.0,0.0,0.0,1.0,0.0,0.0,0.0,0.0,0.0,0.0,0.0
62.0,2.0,2.0,160.0,105.0,95.0,1.0,5.0,2.0,2024.0,13.5,19.5,3.0,1,0.0,0.0,0.0,0.0,0.0,0.0,1.0,0.0,0.0,0.0,0.0,1.0,0.0,0.0,0.0,0.0,0.0,0.0,0.0
63.0,3.0,3.0,300.0,294.0,126.0,1.0,5.0,1.0,2021.0,13.0,20.0,2.0,1,0.0,1.0,0.0,0.0,0.0,0.0,0.0,0.0,0.0,0.0,0.0,1.0,0.0,0.0,0.0,0.0,0.0,0.0,0.0
289.5,8.0,23.5,269.0,320.0,217.0,12.5,4.0,22.0,2016.0,13.5,21.0,3.0,1,0.0,0.0,0.0,0.0,0.0,1.0,0.0,0.0,0.0,0.0,0.0,1.0,0.0,0.0,0.0,0.0,0.0,0.0,0.0
289.5,23.5,23.5,299.0,352.0,482.5,12.5,3.0,28.5,2014.0,13.0,20.0,1.0,1,0.0,0.0,0.0,0.0,0.0,1.0,0.0,0.0,0.0,0.0,0.0,1.0,0.0,0.0,0.0,0.0,0.0,0.0,0.0
20.0,1.0,1.0,515.0,612.0,21.0,1.0,4.0,1.0,2023.0,13.5,21.0,3.0,1,0.0,0.0,0.0,0.0,0.0,1.0,0.0,0.0,0.0,0.0,0.0,1.0,0.0,0.0,0.0,0.0,0.0,0.0,0.0
8.0,0.0,0.0,126.0,112.0,482.5,0.0,5.0,1.0,2024.0,13.5,19.5,2.0,1,0.0,1.0,0.0,0.0,0.0,0.0,0.0,0.0,0.0,0.0,0.0,0.0,0.0,0.0,0.0,0.0,0.0,1.0,0.0
60.0,11.0,4.0,250.0,312.0,306.0,4.0,5.0,9.0,2024.0,13.0,19.5,3.0,1,0.0,1.0,0.0,0.0,0.0,0.0,0.0,0.0,0.0,0.0,0.0,0.0,1.0,0.0,0.0,0.0,0.0,0.0,0.0
152.0,21.0,23.5,299.0,408.0,475.0,12.5,5.0,28.5,2020.0,13.5,21.0,2.0,1,0.0,0.0,0.0,0.0,0.0,1.0,0.0,0.0,0.0,0.0,0.0,1.0,0.0,0.0,0.0,0.0,0.0,0.0,0.0
89.0,3.0,6.0,300.0,320.0,199.0,5.0,4.0,9.0,2018.0,13.5,21.0,2.0,1,0.0,0.0,0.0,0.0,0.0,0.0,0.0,1.0,0.0,0.0,0.0,0.0,0.0,1.0,0.0,0.0,0.0,0.0,0.0
26.0,2.0,3.0,200.0,202.0,56.0,0.0,5.0,2.0,2021.0,13.5,21.0,3.5,1,0.0,0.0,0.0,0.0,0.0,0.0,1.0,0.0,0.0,0.0,0.0,0.0,0.0,0.0,0.0,0.0,0.0,0.0,1.0
38.0,1.0,15.0,200.0,164.0,190.0,12.5,5.0,25.0,2024.0,13.0,19.5,1.0,1,0.0,1.0,0.0,0.0,0.0,0.0,0.0,0.0,0.0,0.0,0.0,1.0,0.0,0.0,0.0,0.0,0.0,0.0,0.0
7.0,1.0,0.0,200.0,130.0,240.0,0.0,5.0,1.0,2024.0,12.25,19.0,1.0,1,0.0,1.0,0.0,0.0,0.0,0.0,0.0,0.0,0.0,0.0,0.0,1.0,0.0,0.0,0.0,0.0,0.0,0.0,0.0
45.0,2.0,3.0,360.0,100.0,130.0,1.0,5.0,1.0,2023.0,13.5,21.0,2.0,1,1.0,0.0,0.0,0.0,0.0,0.0,0.0,0.0,0.0,0.0,0.0,0.0,0.0,0.0,0.0,0.0,1.0,0.0,0.0
184.0,5.0,7.0,515.0,608.0,121.0,3.0,3.0,8.0,2020.0,13.5,21.0,3.0,1,0.0,0.0,0.0,0.0,0.0,1.0,0.0,0.0,0.0,0.0,0.0,1.0,0.0,0.0,0.0,0.0,0.0,0.0,0.0
6.0,0.0,0.0,220.0,179.0,5.0,0.0,2.5,0.0,2023.0,13.5,19.5,3.5,1,0.0,0.0,0.0,0.0,0.0,0.0,1.0,0.0,0.0,0.0,1.0,0.0,0.0,0.0,0.0,0.0,0.0,0.0,0.0
26.0,2.0,1.0,150.0,256.0,40.0,2.0,4.0,3.0,2005.5,14.25,23.25,2.0,1,0.0,1.0,0.0,0.0,0.0,0.0,0.0,0.0,0.0,0.0,0.0,0.0,0.0,0.0,0.0,0.0,0.0,0.0,1.0
185.0,19.0,23.5,299.0,384.0,338.0,12.5,4.0,28.5,2017.0,12.25,19.0,3.0,1,0.0,0.0,0.0,0.0,0.0,1.0,0.0,0.0,0.0,0.0,0.0,1.0,0.0,0.0,0.0,0.0,0.0,0.0,0.0
173.0,9.0,19.0,250.0,352.0,111.0,12.0,4.0,20.0,2012.0,13.5,21.0,2.0,1,0.0,1.0,0.0,0.0,0.0,0.0,0.0,0.0,0.0,0.0,0.0,1.0,0.0,0.0,0.0,0.0,0.0,0.0,0.0
22.0,2.0,1.0,160.0,146.0,360.0,0.0,2.5,0.0,2021.0,13.0,19.5,1.0,1,0.0,1.0,0.0,0.0,0.0,0.0,0.0,0.0,0.0,0.0,0.0,0.0,0.0,0.0,0.0,1.0,0.0,0.0,0.0
7.0,0.0,4.0,280.0,152.0,187.0,2.0,5.0,2.0,2025.0,13.5,21.0,1.0,1,0.0,1.0,0.0,0.0,0.0,0.0,0.0,0.0,0.0,0.0,0.0,1.0,0.0,0.0,0.0,0.0,0.0,0.0,0.0
8.0,2.0,1.0,104.0,80.0,482.5,0.0,2.5,0.0,2023.0,12.25,19.5,1.0,1,0.0,1.0,0.0,0.0,0.0,0.0,0.0,0.0,0.0,0.0,0.0,1.0,0.0,0.0,0.0,0.0,0.0,0.0,0.0
289.5,23.5,23.5,325.0,416.0,272.0,12.0,4.0,28.0,2013.0,12.5,19.5,1.0,1,0.0,1.0,0.0,0.0,0.0,0.0,0.0,0.0,0.0,0.0,0.0,1.0,0.0,0.0,0.0,0.0,0.0,0.0,0.0
34.0,1.0,0.0,200.0,157.0,47.0,0.0,2.5,0.0,2023.0,13.0,20.0,2.0,1,0.0,0.0,0.0,0.0,0.0,0.0,1.0,0.0,0.0,0.0,1.0,0.0,0.0,0.0,0.0,0.0,0.0,0.0,0.0
108.0,4.0,2.0,450.0,421.0,89.0,1.0,5.0,2.0,2024.0,13.5,19.5,1.0,1,0.0,0.0,0.0,0.0,0.0,0.0,1.0,0.0,0.0,0.0,0.0,0.0,0.0,0.0,0.0,0.0,1.0,0.0,0.0
1.0,0.0,0.0,280.0,336.0,11.0,0.0,2.5,0.0,2022.0,13.5,19.5,3.0,1,1.0,0.0,0.0,0.0,0.0,0.0,0.0,0.0,0.0,0.0,0.0,1.0,0.0,0.0,0.0,0.0,0.0,0.0,0.0
281.0,16.0,14.0,306.0,512.0,284.0,3.0,4.0,15.0,2017.0,13.5,21.0,3.5,1,0.0,0.0,0.0,0.0,0.0,0.0,0.0,0.0,0.0,1.0,0.0,0.0,0.0,0.0,1.0,0.0,0.0,0.0,0.0
91.0,10.0,23.5,299.0,400.0,112.0,3.0,5.0,8.0,2015.0,13.5,21.0,3.5,1,0.0,0.0,0.0,0.0,0.0,1.0,0.0,0.0,0.0,0.0,0.0,1.0,0.0,0.0,0.0,0.0,0.0,0.0,0.0
289.5,21.0,10.0,200.0,152.0,459.0,3.0,4.0,11.0,2022.0,13.0,19.5,2.0,1,0.0,1.0,0.0,0.0,0.0,0.0,0.0,0.0,0.0,0.0,0.0,0.0,0.0,0.0,1.0,0.0,0.0,0.0,0.0
173.0,11.0,1.0,400.0,194.0,125.0,1.0,5.0,2.0,2019.0,14.0,20.0,2.0,1,0.0,1.0,0.0,0.0,0.0,0.0,0.0,0.0,0.0,0.0,1.0,0.0,0.0,0.0,0.0,0.0,0.0,0.0,0.0
8.0,2.0,3.0,341.0,235.0,134.0,0.0,2.5,0.0,2022.0,13.5,21.0,1.0,1,0.0,1.0,0.0,0.0,0.0,0.0,0.0,0.0,0.0,0.0,0.0,1.0,0.0,0.0,0.0,0.0,0.0,0.0,0.0
44.0,5.0,0.0,440.0,466.0,65.0,1.0,5.0,2.0,2023.0,13.5,19.5,1.0,1,0.0,0.0,0.0,0.0,0.0,0.0,1.0,0.0,0.0,0.0,0.0,0.0,1.0,0.0,0.0,0.0,0.0,0.0,0.0
164.0,18.0,23.5,269.0,336.0,279.0,12.5,5.0,28.5,2016.0,13.5,21.0,3.5,1,0.0,0.0,0.0,0.0,0.0,1.0,0.0,0.0,0.0,0.0,0.0,1.0,0.0,0.0,0.0,0.0,0.0,0.0,0.0
83.0,0.0,0.0,220.0,177.0,73.0,0.0,2.5,0.0,2022.0,13.5,19.5,1.0,1,0.0,0.0,0.0,0.0,0.0,0.0,1.0,0.0,0.0,0.0,1.0,0.0,0.0,0.0,0.0,0.0,0.0,0.0,0.0
68.0,10.0,2.0,250.0,448.0,295.0,3.0,5.0,7.0,2021.0,12.5,19.5,2.0,1,0.0,1.0,0.0,0.0,0.0,0.0,0.0,0.0,0.0,0.0,1.0,0.0,0.0,0.0,0.0,0.0,0.0,0.0,0.0
11.0,1.0,1.0,126.0,112.0,365.0,1.0,5.0,1.0,2024.0,13.5,19.5,3.5,1,0.0,1.0,0.0,0.0,0.0,0.0,0.0,0.0,0.0,0.0,0.0,1.0,0.0,0.0,0.0,0.0,0.0,0.0,0.0
252.0,6.0,5.0,299.0,366.0,203.0,3.0,4.0,9.0,2023.0,13.5,21.0,3.5,1,0.0,0.0,0.0,0.0,0.0,0.0,0.0,0.0,0.0,1.0,1.0,0.0,0.0,0.0,0.0,0.0,0.0,0.0,0.0
2.078,23.5,23.5,400.0,352.0,482.5,12.5,4.0,28.5,2024.0,13.3,23.0,1.0,1,0.0,1.0,0.0,0.0,0.0,0.0,0.0,0.0,0.0,0.0,0.0,0.0,0.0,0.0,1.0,0.0,0.0,0.0,0.0
5.0,1.0,0.0,430.0,140.0,153.0,0.0,5.0,1.0,2024.0,13.0,19.5,1.0,1,0.0,1.0,0.0,0.0,0.0,0.0,0.0,0.0,0.0,0.0,0.0,1.0,0.0,0.0,0.0,0.0,0.0,0.0,0.0
116.0,9.0,10.0,269.0,320.0,74.0,4.0,4.0,10.0,2015.0,13.5,21.0,3.0,1,0.0,0.0,0.0,0.0,0.0,1.0,0.0,0.0,0.0,0.0,0.0,1.0,0.0,0.0,0.0,0.0,0.0,0.0,0.0
90.0,3.0,4.0,200.0,88.0,60.0,0.0,3.0,2.0,2023.0,13.5,21.0,3.0,1,0.0,0.0,0.0,0.0,0.0,0.0,0.0,1.0,0.0,0.0,0.0,0.0,1.0,0.0,0.0,0.0,0.0,0.0,0.0
49.0,4.0,0.0,250.0,160.0,30.0,0.0,2.5,0.0,2023.0,13.5,21.0,1.0,1,0.0,0.0,0.0,0.0,0.0,0.0,0.0,1.0,0.0,0.0,0.0,0.0,0.0,1.0,0.0,0.0,0.0,0.0,0.0
79.0,5.0,5.0,312.0,240.0,127.0,4.0,5.0,6.0,2020.0,13.5,19.5,1.0,1,0.0,0.0,0.0,0.0,0.0,0.0,0.0,0.0,0.0,1.0,1.0,0.0,0.0,0.0,0.0,0.0,0.0,0.0,0.0
37.0,4.0,7.0,149.0,95.0,364.0,2.0,4.0,9.0,2023.0,12.5,19.5,1.0,1,0.0,0.0,1.0,0.0,0.0,0.0,0.0,0.0,0.0,0.0,0.0,1.0,0.0,0.0,0.0,0.0,0.0,0.0,0.0
140.0,13.0,18.0,249.0,312.0,104.0,5.0,4.0,17.0,2015.0,13.5,21.0,3.5,1,0.0,0.0,0.0,0.0,0.0,1.0,0.0,0.0,0.0,0.0,0.0,1.0,0.0,0.0,0.0,0.0,0.0,0.0,0.0
127.0,4.0,9.0,360.0,188.0,353.0,8.0,5.0,11.0,2025.0,14.0,20.0,2.0,0,0.0,1.0,0.0,0.0,0.0,0.0,0.0,0.0,0.0,0.0,1.0,0.0,0.0,0.0,0.0,0.0,0.0,0.0,0.0
22.0,2.0,4.0,210.0,216.0,192.0,6.0,5.0,6.0,2024.0,13.5,21.0,1.0,1,0.0,1.0,0.0,0.0,0.0,0.0,0.0,0.0,0.0,0.0,0.0,1.0,0.0,0.0,0.0,0.0,0.0,0.0,0.0
101.0,4.0,7.0,230.0,122.0,111.0,2.0,4.0,2.0,2021.0,13.5,21.0,2.0,1,0.0,0.0,0.0,0.0,0.0,0.0,0.0,0.0,1.0,0.0,0.0,0.0,0.0,0.0,0.0,0.0,0.0,0.0,0.0
82.0,12.0,10.0,430.0,422.0,234.0,10.0,4.0,27.0,2011.0,13.5,21.0,1.0,1,0.0,1.0,0.0,0.0,0.0,0.0,0.0,0.0,0.0,0.0,0.0,1.0,0.0,0.0,0.0,0.0,0.0,0.0,0.0
1.704,23.5,23.5,349.0,472.0,482.5,12.5,4.0,28.5,2023.0,13.5,21.0,2.0,1,0.0,1.0,0.0,0.0,0.0,0.0,0.0,0.0,0.0,0.0,0.0,1.0,0.0,0.0,0.0,0.0,0.0,0.0,0.0
89.0,14.0,8.0,200.0,180.0,161.0,5.0,4.0,7.0,2024.0,13.0,20.0,2.0,1,0.0,1.0,0.0,0.0,0.0,0.0,0.0,0.0,0.0,0.0,0.0,1.0,0.0,0.0,0.0,0.0,0.0,0.0,0.0
10.0,1.0,0.0,300.0,311.0,9.0,1.0,5.0,1.0,2024.0,13.5,19.5,1.0,1,0.0,0.0,0.0,0.0,0.0,0.0,1.0,0.0,0.0,0.0,1.0,0.0,0.0,0.0,0.0,0.0,0.0,0.0,0.0
4.0,0.0,0.0,270.0,170.0,8.0,0.0,2.5,0.0,2021.0,13.0,20.0,1.0,1,0.0,0.0,0.0,0.0,0.0,0.0,1.0,0.0,0.0,0.0,0.0,1.0,0.0,0.0,0.0,0.0,0.0,0.0,0.0
56.0,5.0,1.0,250.0,181.0,119.0,3.0,5.0,3.0,2023.0,13.5,19.5,3.0,1,0.0,0.0,0.0,0.0,0.0,0.0,1.0,0.0,0.0,0.0,0.0,0.0,0.0,0.0,1.0,0.0,0.0,0.0,0.0
179.0,14.0,9.0,515.0,307.0,166.0,8.0,5.0,21.0,2012.0,14.25,23.25,1.0,1,0.0,1.0,0.0,0.0,0.0,0.0,0.0,0.0,0.0,0.0,0.0,0.0,0.0,0.0,0.0,0.0,1.0,0.0,0.0
133.0,23.5,23.5,370.0,504.0,329.0,12.5,5.0,28.5,2015.0,12.5,19.5,3.0,1,0.0,0.0,0.0,0.0,0.0,0.0,0.0,0.0,0.0,0.0,0.0,1.0,0.0,0.0,0.0,0.0,0.0,0.0,0.0
55.0,2.0,5.0,150.0,96.0,140.0,0.0,3.0,3.0,2020.0,13.5,21.0,1.0,1,0.0,0.0,0.0,0.0,1.0,0.0,0.0,0.0,0.0,0.0,0.0,1.0,0.0,0.0,0.0,0.0,0.0,0.0,0.0
164.0,5.0,1.0,350.0,328.0,84.0,2.0,3.0,6.0,2023.0,13.5,21.0,1.0,1,0.0,0.0,0.0,0.0,0.0,0.0,0.0,1.0,0.0,0.0,0.0,0.0,0.0,0.0,0.0,0.0,1.0,0.0,0.0
22.0,4.0,0.0,229.5,154.0,34.0,0.0,4.0,1.0,2024.0,13.0,19.5,3.0,1,0.0,0.0,0.0,1.0,0.0,0.0,0.0,0.0,0.0,0.0,1.0,0.0,0.0,0.0,0.0,0.0,0.0,0.0,0.0
30.0,2.0,4.0,200.0,157.0,77.0,1.0,5.0,2.0,2021.0,13.0,20.0,1.0,1,0.0,0.0,0.0,0.0,0.0,0.0,0.0,0.0,1.0,0.0,1.0,0.0,0.0,0.0,0.0,0.0,0.0,0.0,0.0
19.0,1.0,1.0,150.0,128.0,110.0,0.0,5.0,1.0,2021.0,14.0,20.5,1.0,1,0.0,1.0,0.0,0.0,0.0,0.0,0.0,0.0,0.0,0.0,1.0,0.0,0.0,0.0,0.0,0.0,0.0,0.0,0.0
9.0,1.0,0.0,260.0,304.0,6.0,0.0,5.0,1.0,2020.0,12.25,17.5,3.0,1,1.0,0.0,0.0,0.0,0.0,0.0,0.0,0.0,0.0,0.0,0.0,0.0,1.0,0.0,0.0,0.0,0.0,0.0,0.0
47.0,2.0,3.0,270.0,152.0,35.0,1.0,4.0,3.0,2023.0,13.5,21.0,1.0,1,0.0,1.0,0.0,0.0,0.0,0.0,0.0,0.0,0.0,0.0,0.0,0.0,0.0,0.0,0.0,1.0,0.0,0.0,0.0
34.0,1.0,0.0,320.0,368.0,31.0,1.0,4.0,1.0,2024.0,13.5,21.0,1.0,1,1.0,0.0,0.0,0.0,0.0,0.0,0.0,0.0,0.0,0.0,0.0,0.0,0.0,0.0,1.0,0.0,0.0,0.0,0.0
289.5,23.5,23.5,299.0,288.0,482.5,12.5,4.0,28.5,2013.0,14.25,20.0,3.0,0,0.0,0.0,0.0,0.0,0.0,1.0,0.0,0.0,0.0,0.0,1.0,0.0,0.0,0.0,0.0,0.0,0.0,0.0,0.0
80.0,4.0,5.0,249.0,280.0,33.0,1.0,4.0,4.0,2013.0,13.5,21.0,3.5,1,0.0,0.0,0.0,0.0,0.0,1.0,0.0,0.0,0.0,0.0,0.0,1.0,0.0,0.0,0.0,0.0,0.0,0.0,0.0
51.0,4.0,4.0,480.0,472.0,131.0,2.0,5.0,3.0,2023.0,13.5,19.5,1.0,1,0.0,1.0,0.0,0.0,0.0,0.0,0.0,0.0,0.0,0.0,0.0,0.0,0.0,0.0,1.0,0.0,0.0,0.0,0.0
289.5,19.0,23.5,515.0,612.0,299.0,12.5,4.0,21.0,2023.0,13.5,21.0,3.5,1,0.0,0.0,0.0,0.0,0.0,1.0,0.0,0.0,0.0,0.0,0.0,1.0,0.0,0.0,0.0,0.0,0.0,0.0,0.0
67.0,10.0,11.0,119.5,60.0,78.0,6.0,5.0,9.0,2023.0,13.0,19.5,2.0,1,0.0,0.0,0.0,1.0,0.0,0.0,0.0,0.0,0.0,0.0,1.0,0.0,0.0,0.0,0.0,0.0,0.0,0.0,0.0
33.0,4.0,6.0,515.0,496.0,173.0,2.0,4.0,9.0,2015.0,14.25,23.25,1.0,1,0.0,1.0,0.0,0.0,0.0,0.0,0.0,0.0,0.0,0.0,0.0,0.0,0.0,0.0,1.0,0.0,0.0,0.0,0.0
9.0,1.0,0.0,364.0,304.0,211.0,0.0,5.0,1.0,2022.0,13.5,19.5,1.0,1,0.0,1.0,0.0,0.0,0.0,0.0,0.0,0.0,0.0,0.0,0.0,0.0,0.0,0.0,1.0,0.0,0.0,0.0,0.0
138.0,10.0,19.0,140.0,152.0,147.0,8.0,4.0,19.0,2021.0,13.5,21.0,1.0,1,1.0,0.0,0.0,0.0,0.0,0.0,0.0,0.0,0.0,0.0,0.0,0.0,0.0,0.0,0.0,0.0,1.0,0.0,0.0
16.0,1.0,1.0,234.5,156.0,15.0,0.0,2.5,0.0,2022.0,13.0,19.5,1.0,1,0.0,0.0,0.0,1.0,0.0,0.0,0.0,0.0,0.0,0.0,1.0,0.0,0.0,0.0,0.0,0.0,0.0,0.0,0.0
289.5,23.5,22.0,150.0,160.0,473.0,9.0,5.0,28.5,2016.0,13.5,21.0,2.0,1,0.0,1.0,0.0,0.0,0.0,0.0,0.0,0.0,0.0,0.0,0.0,1.0,0.0,0.0,0.0,0.0,0.0,0.0,0.0
52.0,3.0,5.0,130.0,108.0,262.0,2.0,5.0,2.0,2022.0,13.0,19.5,1.0,1,0.0,1.0,0.0,0.0,0.0,0.0,0.0,0.0,0.0,0.0,0.0,0.0,0.0,0.0,0.0,1.0,0.0,0.0,0.0
142.0,23.5,23.5,60.0,238.0,482.5,12.5,4.0,28.5,2018.0,13.0,20.0,1.0,1,0.0,1.0,0.0,0.0,0.0,0.0,0.0,0.0,0.0,0.0,0.0,1.0,0.0,0.0,0.0,0.0,0.0,0.0,0.0
144.0,0.0,1.0,415.0,208.0,135.0,1.0,5.0,4.0,2007.0,14.25,23.25,1.0,1,0.0,1.0,0.0,0.0,0.0,0.0,0.0,0.0,0.0,0.0,1.0,0.0,0.0,0.0,0.0,0.0,0.0,0.0,0.0
77.0,3.0,3.0,150.0,64.0,69.0,0.0,3.0,2.0,2023.0,13.5,21.0,3.0,1,0.0,0.0,0.0,0.0,0.0,0.0,0.0,1.0,0.0,0.0,0.0,0.0,1.0,0.0,0.0,0.0,0.0,0.0,0.0
68.0,6.0,10.0,269.0,288.0,45.0,1.0,5.0,13.0,2015.0,13.5,21.0,2.0,1,0.0,0.0,0.0,0.0,0.0,1.0,0.0,0.0,0.0,0.0,0.0,1.0,0.0,0.0,0.0,0.0,0.0,0.0,0.0
162.0,12.0,10.0,250.0,270.0,482.5,9.0,5.0,18.0,2025.0,13.0,19.5,3.0,1,0.0,1.0,0.0,0.0,0.0,0.0,0.0,0.0,0.0,0.0,1.0,0.0,0.0,0.0,0.0,0.0,0.0,0.0,0.0
65.0,16.0,2.0,202.0,347.0,130.0,0.0,5.0,6.0,2020.0,13.0,19.5,1.0,1,0.0,1.0,0.0,0.0,0.0,0.0,0.0,0.0,0.0,0.0,1.0,0.0,0.0,0.0,0.0,0.0,0.0,0.0,0.0
289.5,23.5,23.5,299.0,128.0,482.5,12.5,4.0,28.5,2012.0,13.3,20.3,3.0,1,0.0,1.0,0.0,0.0,0.0,0.0,0.0,0.0,0.0,0.0,0.0,1.0,0.0,0.0,0.0,0.0,0.0,0.0,0.0
11.0,2.0,0.0,175.0,168.0,63.0,0.0,3.0,1.0,2023.0,13.5,21.0,1.0,1,0.0,1.0,0.0,0.0,0.0,0.0,0.0,0.0,0.0,0.0,0.0,0.0,0.0,0.0,1.0,0.0,0.0,0.0,0.0
19.0,0.0,1.0,263.0,208.0,13.0,1.0,5.0,1.0,2024.0,13.5,19.5,2.0,1,0.0,1.0,0.0,0.0,0.0,0.0,0.0,0.0,0.0,0.0,0.0,1.0,0.0,0.0,0.0,0.0,0.0,0.0,0.0
2.0,0.0,0.0,158.0,48.0,24.0,0.0,2.5,0.0,2024.0,12.25,19.0,1.0,1,0.0,0.0,1.0,0.0,0.0,0.0,0.0,0.0,0.0,0.0,0.0,1.0,0.0,0.0,0.0,0.0,0.0,0.0,0.0
98.0,3.0,0.0,250.0,192.0,69.0,0.0,2.5,0.0,2020.0,13.5,21.0,1.0,1,0.0,0.0,0.0,0.0,0.0,0.0,0.0,1.0,0.0,0.0,0.0,0.0,1.0,0.0,0.0,0.0,0.0,0.0,0.0
105.0,23.5,23.5,350.0,312.0,248.0,12.5,4.0,28.5,2017.0,13.5,19.5,3.0,1,1.0,0.0,0.0,0.0,0.0,0.0,0.0,0.0,0.0,0.0,0.0,1.0,0.0,0.0,0.0,0.0,0.0,0.0,0.0
1.0,0.0,0.0,140.0,89.0,17.0,0.0,2.5,0.0,2021.0,13.5,21.0,1.0,1,0.0,0.0,0.0,0.0,0.0,0.0,1.0,0.0,0.0,0.0,0.0,1.0,0.0,0.0,0.0,0.0,0.0,0.0,0.0
14.0,4.0,1.0,234.0,157.0,302.0,0.0,2.5,0.0,2024.0,12.5,19.5,1.0,1,0.0,0.0,1.0,0.0,0.0,0.0,0.0,0.0,0.0,0.0,0.0,1.0,0.0,0.0,0.0,0.0,0.0,0.0,0.0
144.0,16.0,17.0,320.0,342.0,348.0,12.5,5.0,28.5,2015.0,13.5,21.0,1.0,1,0.0,1.0,0.0,0.0,0.0,0.0,0.0,0.0,0.0,0.0,0.0,0.0,0.0,0.0,1.0,0.0,0.0,0.0,0.0
32.0,2.0,0.0,515.0,600.0,25.0,0.0,2.5,0.0,2024.0,14.25,23.0,1.0,1,0.0,1.0,0.0,0.0,0.0,0.0,0.0,0.0,0.0,0.0,1.0,0.0,0.0,0.0,0.0,0.0,0.0,0.0,0.0
5.0,0.0,1.0,260.0,288.0,482.5,1.0,5.0,1.0,2023.0,13.5,21.0,1.0,1,0.0,1.0,0.0,0.0,0.0,0.0,0.0,0.0,0.0,0.0,0.0,1.0,0.0,0.0,0.0,0.0,0.0,0.0,0.0
112.0,4.0,1.0,300.0,352.0,61.0,1.0,3.0,6.0,2018.0,13.5,21.0,1.0,1,0.0,0.0,0.0,0.0,0.0,0.0,0.0,1.0,0.0,0.0,1.0,0.0,0.0,0.0,0.0,0.0,0.0,0.0,0.0
17.0,0.0,0.0,300.0,400.0,25.0,0.0,5.0,2.0,2014.0,13.5,21.0,3.5,1,0.0,0.0,0.0,0.0,0.0,0.0,0.0,1.0,0.0,0.0,1.0,0.0,0.0,0.0,0.0,0.0,0.0,0.0,0.0
111.0,15.0,14.0,360.0,448.0,263.0,8.0,4.0,22.0,2016.0,12.5,19.5,1.0,1,0.0,0.0,0.0,0.0,0.0,0.0,0.0,0.0,0.0,0.0,0.0,1.0,0.0,0.0,0.0,0.0,0.0,0.0,0.0
132.0,7.0,23.0,299.0,336.0,213.0,5.0,4.0,20.0,2013.0,13.5,21.0,3.5,1,0.0,0.0,0.0,0.0,0.0,1.0,0.0,0.0,0.0,0.0,0.0,1.0,0.0,0.0,0.0,0.0,0.0,0.0,0.0
102.0,6.0,0.0,220.0,174.0,150.0,0.0,4.0,2.0,2023.0,13.0,19.5,1.0,1,0.0,1.0,0.0,0.0,0.0,0.0,0.0,0.0,0.0,0.0,0.0,0.0,0.0,0.0,1.0,0.0,0.0,0.0,0.0
27.0,3.0,2.0,210.5,148.0,85.0,1.0,5.0,5.0,2021.0,13.5,21.0,3.5,1,0.0,1.0,0.0,0.0,0.0,0.0,0.0,0.0,0.0,0.0,0.0,0.0,0.0,0.0,0.0,0.0,0.0,0.0,1.0
37.0,0.0,2.0,162.0,56.0,48.0,0.0,5.0,1.0,2024.0,13.0,19.5,1.0,1,0.0,1.0,0.0,0.0,0.0,0.0,0.0,0.0,0.0,0.0,0.0,0.0,0.0,0.0,0.0,0.0,1.0,0.0,0.0
34.0,3.0,3.0,200.0,170.0,38.0,1.0,5.0,1.0,2021.0,13.0,19.5,3.5,1,0.0,0.0,0.0,0.0,0.0,0.0,1.0,0.0,0.0,0.0,0.0,0.0,0.0,0.0,0.0,0.0,0.0,0.0,0.0
37.0,6.0,5.0,299.5,214.0,152.0,1.0,5.0,4.0,2021.0,13.0,19.5,1.0,1,0.0,0.0,0.0,1.0,0.0,0.0,0.0,0.0,0.0,0.0,0.0,1.0,0.0,0.0,0.0,0.0,0.0,0.0,0.0
1.642,23.5,23.5,350.0,600.0,482.5,12.5,5.0,28.5,2023.0,13.7,23.0,2.0,1,0.0,1.0,0.0,0.0,0.0,0.0,0.0,0.0,0.0,0.0,0.0,0.0,0.0,0.0,1.0,0.0,0.0,0.0,0.0
30.0,1.0,0.0,250.0,224.0,45.0,1.0,5.0,2.0,2021.0,13.5,21.0,1.0,1,0.0,1.0,0.0,0.0,0.0,0.0,0.0,0.0,0.0,0.0,0.0,0.0,0.0,0.0,1.0,0.0,0.0,0.0,0.0
20.0,5.0,1.0,250.0,286.0,31.0,2.0,5.0,4.0,2016.0,13.5,21.0,3.5,1,0.0,1.0,0.0,0.0,0.0,0.0,0.0,0.0,0.0,0.0,0.0,1.0,0.0,0.0,0.0,0.0,0.0,0.0,0.0
125.0,9.0,23.0,300.0,336.0,162.0,9.0,4.0,20.0,2008.0,13.5,21.5,2.0,1,0.0,0.0,0.0,0.0,0.0,0.0,0.0,0.0,0.0,0.0,0.0,1.0,0.0,0.0,0.0,0.0,0.0,0.0,0.0
9.0,1.0,0.0,200.0,272.0,11.0,0.0,2.5,1.0,2017.0,13.5,21.0,1.0,1,0.0,0.0,0.0,0.0,0.0,0.0,0.0,1.0,0.0,0.0,0.0,1.0,0.0,0.0,0.0,0.0,0.0,0.0,0.0
285.0,23.0,6.0,400.0,464.0,208.0,5.0,5.0,19.0,2018.0,13.5,21.0,1.0,1,0.0,0.0,0.0,0.0,0.0,0.0,0.0,1.0,0.0,0.0,0.0,0.0,0.0,0.0,0.0,0.0,1.0,0.0,0.0
70.0,8.0,12.0,240.0,280.0,143.0,7.0,4.0,20.0,2007.0,13.5,21.5,1.0,1,0.0,0.0,0.0,0.0,0.0,0.0,0.0,0.0,0.0,0.0,0.0,1.0,0.0,0.0,0.0,0.0,0.0,0.0,0.0
67.0,8.0,3.0,120.0,60.0,239.0,2.0,4.0,14.0,2010.0,13.5,19.5,3.5,1,0.0,0.0,0.0,0.0,0.0,0.0,0.0,0.0,0.0,0.0,0.0,0.0,0.0,0.0,0.0,0.0,0.0,1.0,0.0
61.0,4.0,1.0,515.0,612.0,36.0,1.0,5.0,1.0,2005.5,13.5,21.0,3.0,1,0.0,0.0,0.0,0.0,0.0,1.0,0.0,0.0,0.0,0.0,0.0,1.0,0.0,0.0,0.0,0.0,0.0,0.0,0.0
16.0,0.0,0.0,170.0,125.0,19.0,0.0,2.5,0.0,2023.0,13.5,19.5,1.0,1,0.0,0.0,0.0,0.0,0.0,0.0,0.0,0.0,1.0,0.0,0.0,0.0,1.0,0.0,0.0,0.0,0.0,0.0,0.0
289.5,7.0,23.5,299.0,344.0,319.0,12.5,4.0,19.0,2010.0,13.5,21.0,2.0,1,0.0,0.0,0.0,0.0,0.0,1.0,0.0,0.0,0.0,0.0,0.0,1.0,0.0,0.0,0.0,0.0,0.0,0.0,0.0
26.0,6.0,0.0,300.0,328.0,46.0,2.0,5.0,3.0,2022.0,13.5,21.0,1.0,1,1.0,0.0,0.0,0.0,0.0,0.0,0.0,0.0,0.0,0.0,0.0,0.0,0.0,0.0,0.0,0.0,0.0,0.0,1.0
289.5,23.5,23.5,249.0,232.0,482.5,12.5,4.0,28.5,2017.0,13.5,21.0,1.0,1,0.0,0.0,0.0,0.0,0.0,1.0,0.0,0.0,0.0,0.0,0.0,1.0,0.0,0.0,0.0,0.0,0.0,0.0,0.0
30.0,1.0,0.0,515.0,612.0,37.0,0.0,2.5,0.0,2023.0,13.5,19.5,1.0,1,0.0,0.0,0.0,0.0,0.0,0.0,0.0,0.0,1.0,0.0,0.0,0.0,1.0,0.0,0.0,0.0,0.0,0.0,0.0
237.0,12.0,5.0,300.0,278.0,257.0,2.0,5.0,9.0,2022.0,14.0,22.0,1.0,1,0.0,0.0,0.0,0.0,0.0,0.0,0.0,0.0,1.0,0.0,0.0,0.0,0.0,0.0,0.0,1.0,0.0,0.0,0.0
3.0,0.0,1.0,360.0,272.0,204.0,0.0,2.5,0.0,2025.0,13.5,21.0,1.0,1,0.0,1.0,0.0,0.0,0.0,0.0,0.0,0.0,0.0,0.0,0.0,1.0,0.0,0.0,0.0,0.0,0.0,0.0,0.0
6.0,0.0,1.0,178.0,80.0,172.0,0.0,2.5,0.0,2022.0,12.5,19.5,1.0,1,0.0,0.0,1.0,0.0,0.0,0.0,0.0,0.0,0.0,0.0,0.0,1.0,0.0,0.0,0.0,0.0,0.0,0.0,0.0
98.0,6.0,1.0,200.0,176.0,129.0,0.0,2.5,0.0,2023.0,13.5,21.0,3.0,1,1.0,0.0,0.0,0.0,0.0,0.0,0.0,0.0,0.0,0.0,0.0,0.0,0.0,1.0,0.0,0.0,0.0,0.0,0.0
11.0,0.0,1.0,240.0,188.0,13.0,0.0,2.5,0.0,2020.0,13.0,20.0,1.0,1,0.0,0.0,0.0,0.0,0.0,0.0,1.0,0.0,0.0,0.0,0.0,0.0,0.0,0.0,1.0,0.0,0.0,0.0,0.0
24.0,0.0,0.0,180.0,192.0,6.0,0.0,2.5,0.0,2020.0,13.5,19.5,1.0,1,1.0,0.0,0.0,0.0,0.0,0.0,0.0,0.0,0.0,0.0,0.0,1.0,0.0,0.0,0.0,0.0,0.0,0.0,0.0
26.0,0.0,0.0,224.0,304.0,8.0,0.0,2.5,0.0,2020.0,13.5,19.5,3.0,1,0.0,0.0,0.0,0.0,0.0,0.0,0.0,0.0,0.0,1.0,0.0,0.0,0.0,0.0,0.0,0.0,1.0,0.0,0.0
122.0,3.0,4.0,350.0,232.0,144.0,8.0,5.0,7.0,2011.0,13.5,21.5,2.0,1,0.0,0.0,0.0,0.0,0.0,0.0,0.0,1.0,0.0,0.0,0.0,0.0,0.0,0.0,1.0,0.0,0.0,0.0,0.0
59.0,5.0,3.0,320.0,425.0,59.0,3.0,4.0,3.0,2021.0,13.0,20.0,1.0,1,0.0,0.0,0.0,0.0,0.0,0.0,0.0,0.0,1.0,0.0,0.0,0.0,0.0,0.0,0.0,0.0,1.0,0.0,0.0
30.0,7.0,6.0,250.0,384.0,152.0,3.0,5.0,6.0,2013.0,13.5,19.5,3.5,1,0.0,1.0,0.0,0.0,0.0,0.0,0.0,0.0,0.0,0.0,1.0,0.0,0.0,0.0,0.0,0.0,0.0,0.0,0.0
23.0,4.0,5.0,467.0,492.0,99.0,8.0,5.0,10.0,2020.0,13.5,21.0,1.0,1,0.0,1.0,0.0,0.0,0.0,0.0,0.0,0.0,0.0,0.0,0.0,1.0,0.0,0.0,0.0,0.0,0.0,0.0,0.0
13.0,0.0,1.0,300.0,290.0,30.0,0.0,5.0,1.0,2024.0,13.5,19.5,1.0,1,0.0,0.0,0.0,0.0,0.0,0.0,1.0,0.0,0.0,0.0,0.0,0.0,0.0,0.0,1.0,0.0,0.0,0.0,0.0
204.0,17.0,21.0,275.0,328.0,381.0,6.0,4.0,13.0,2022.0,13.5,21.0,2.0,1,0.0,1.0,0.0,0.0,0.0,0.0,0.0,0.0,0.0,0.0,0.0,0.0,0.0,0.0,1.0,0.0,0.0,0.0,0.0
161.0,8.0,12.0,196.0,160.0,139.0,7.0,4.0,16.0,2021.0,12.5,19.5,3.5,1,0.0,1.0,0.0,0.0,0.0,0.0,0.0,0.0,0.0,0.0,1.0,0.0,0.0,0.0,0.0,0.0,0.0,0.0,0.0
37.0,1.0,1.0,280.0,232.0,11.0,1.0,5.0,1.0,2021.0,13.5,19.5,3.5,1,1.0,0.0,0.0,0.0,0.0,0.0,0.0,0.0,0.0,0.0,0.0,0.0,0.0,1.0,0.0,0.0,0.0,0.0,0.0
10.0,0.0,2.0,250.0,265.0,32.0,0.0,5.0,1.0,2022.0,13.5,19.5,1.0,1,0.0,0.0,0.0,0.0,0.0,0.0,1.0,0.0,0.0,0.0,0.0,1.0,0.0,0.0,0.0,0.0,0.0,0.0,0.0
50.0,7.0,2.0,100.0,152.0,113.0,2.0,4.0,5.0,2019.0,13.5,21.0,2.0,1,0.0,1.0,0.0,0.0,0.0,0.0,0.0,0.0,0.0,0.0,1.0,0.0,0.0,0.0,0.0,0.0,0.0,0.0,0.0
4.0,0.0,1.0,450.0,462.0,8.0,0.0,2.5,0.0,2023.0,14.0,22.0,3.5,1,0.0,0.0,0.0,0.0,0.0,0.0,0.0,0.0,1.0,0.0,0.0,1.0,0.0,0.0,0.0,0.0,0.0,0.0,0.0
202.0,9.0,23.5,299.0,336.0,228.0,12.0,5.0,28.5,2013.0,13.5,21.0,3.5,1,0.0,0.0,0.0,0.0,0.0,1.0,0.0,0.0,0.0,0.0,0.0,1.0,0.0,0.0,0.0,0.0,0.0,0.0,0.0
36.0,1.0,1.0,200.0,132.0,63.0,1.0,5.0,1.0,2021.0,13.5,21.0,1.0,1,0.0,0.0,0.0,0.0,0.0,0.0,0.0,0.0,1.0,0.0,0.0,0.0,0.0,1.0,0.0,0.0,0.0,0.0,0.0
58.0,3.0,4.0,299.0,448.0,3.0,1.0,5.0,1.0,2014.0,13.5,21.0,2.0,1,0.0,0.0,0.0,0.0,0.0,1.0,0.0,0.0,0.0,0.0,1.0,0.0,0.0,0.0,0.0,0.0,0.0,0.0,0.0
289.5,9.0,23.5,299.0,424.0,295.0,12.5,4.0,22.0,2011.0,13.5,21.0,2.0,1,0.0,0.0,0.0,0.0,0.0,1.0,0.0,0.0,0.0,0.0,0.0,1.0,0.0,0.0,0.0,0.0,0.0,0.0,0.0
91.0,4.0,4.0,200.0,104.0,59.0,1.0,5.0,3.0,2024.0,13.5,21.0,1.0,1,0.0,0.0,0.0,0.0,0.0,0.0,0.0,1.0,0.0,0.0,1.0,0.0,0.0,0.0,0.0,0.0,0.0,0.0,0.0
31.0,2.0,4.0,300.0,318.0,42.0,3.0,5.0,3.0,2025.0,13.5,19.5,2.0,1,0.0,1.0,0.0,0.0,0.0,0.0,0.0,0.0,0.0,0.0,1.0,0.0,0.0,0.0,0.0,0.0,0.0,0.0,0.0
289.5,23.5,23.5,155.0,318.0,482.5,12.5,4.0,28.5,2005.5,13.5,19.5,2.0,1,0.0,1.0,0.0,0.0,0.0,0.0,0.0,0.0,0.0,0.0,0.0,1.0,0.0,0.0,0.0,0.0,0.0,0.0,0.0
289.5,23.5,16.0,320.0,352.0,351.0,11.0,4.0,26.0,2010.0,13.5,21.5,1.0,1,0.0,0.0,0.0,0.0,0.0,0.0,0.0,0.0,0.0,0.0,0.0,1.0,0.0,0.0,0.0,0.0,0.0,0.0,0.0
193.0,4.0,3.0,300.0,240.0,104.0,5.0,4.0,10.0,2012.0,12.25,21.0,1.0,1,0.0,0.0,0.0,0.0,0.0,0.0,0.0,1.0,0.0,0.0,1.0,0.0,0.0,0.0,0.0,0.0,0.0,0.0,0.0
25.0,2.0,3.0,149.0,191.0,28.0,2.0,5.0,3.0,2015.0,13.5,21.0,3.5,1,0.0,1.0,0.0,0.0,0.0,0.0,0.0,0.0,0.0,0.0,1.0,0.0,0.0,0.0,0.0,0.0,0.0,0.0,0.0
13.0,0.0,0.0,515.0,496.0,16.0,0.0,2.5,0.0,2023.0,13.0,20.0,3.5,1,0.0,1.0,0.0,0.0,0.0,0.0,0.0,0.0,0.0,0.0,0.0,0.0,0.0,0.0,0.0,1.0,0.0,0.0,0.0
76.0,3.0,3.0,200.0,160.0,92.0,5.0,4.0,8.0,2010.0,13.5,19.5,3.5,1,0.0,0.0,0.0,0.0,0.0,0.0,0.0,1.0,0.0,0.0,0.0,1.0,0.0,0.0,0.0,0.0,0.0,0.0,0.0
32.0,8.0,3.0,200.0,168.0,108.0,3.0,4.0,12.0,2018.0,13.5,19.5,1.0,1,0.0,1.0,0.0,0.0,0.0,0.0,0.0,0.0,0.0,0.0,0.0,0.0,0.0,0.0,0.0,1.0,0.0,0.0,0.0
9.0,2.0,0.0,290.0,240.0,5.0,0.0,2.5,0.0,2024.0,12.5,19.5,1.0,1,0.0,1.0,0.0,0.0,0.0,0.0,0.0,0.0,0.0,0.0,0.0,1.0,0.0,0.0,0.0,0.0,0.0,0.0,0.0
40.0,2.0,0.0,200.0,228.0,90.0,0.0,2.5,0.0,2023.0,13.5,19.5,3.5,1,0.0,0.0,0.0,0.0,0.0,0.0,0.0,0.0,1.0,0.0,1.0,0.0,0.0,0.0,0.0,0.0,0.0,0.0,0.0
57.0,3.0,1.0,215.0,224.0,131.0,1.0,5.0,3.0,2021.0,13.0,19.5,1.0,1,0.0,1.0,0.0,0.0,0.0,0.0,0.0,0.0,0.0,0.0,0.0,0.0,0.0,0.0,0.0,0.0,1.0,0.0,0.0
51.0,4.0,7.0,80.0,107.0,280.0,3.0,5.0,7.0,2007.0,13.5,19.5,3.0,1,0.0,1.0,0.0,0.0,0.0,0.0,0.0,0.0,0.0,0.0,0.0,0.0,0.0,0.0,0.0,0.0,0.0,1.0,0.0
3.0,1.0,0.0,118.0,96.0,482.5,0.0,2.5,0.0,2024.0,13.5,19.5,2.0,1,0.0,1.0,0.0,0.0,0.0,0.0,0.0,0.0,0.0,0.0,0.0,0.0,0.0,0.0,0.0,0.0,0.0,1.0,0.0
20.0,2.0,1.0,474.5,362.0,48.0,1.0,4.0,2.0,2023.0,13.0,19.5,3.0,1,0.0,0.0,0.0,1.0,0.0,0.0,0.0,0.0,0.0,0.0,0.0,1.0,0.0,0.0,0.0,0.0,0.0,0.0,0.0
280.0,18.0,16.0,200.0,192.0,226.0,7.0,4.0,20.0,2016.0,13.5,21.0,1.0,1,0.0,0.0,0.0,0.0,0.0,0.0,0.0,1.0,0.0,0.0,0.0,0.0,0.0,0.0,0.0,0.0,1.0,0.0,0.0
85.0,3.0,3.0,515.0,612.0,137.0,1.0,5.0,3.0,2021.0,13.0,19.5,1.0,1,0.0,1.0,0.0,0.0,0.0,0.0,0.0,0.0,0.0,0.0,0.0,1.0,0.0,0.0,0.0,0.0,0.0,0.0,0.0
110.0,9.0,23.5,269.0,320.0,299.0,8.0,4.0,28.5,2015.0,13.5,21.0,3.5,1,0.0,0.0,0.0,0.0,0.0,1.0,0.0,0.0,0.0,0.0,0.0,1.0,0.0,0.0,0.0,0.0,0.0,0.0,0.0
87.0,3.0,3.0,450.0,360.0,53.0,0.0,5.0,5.0,2020.0,13.5,21.0,1.0,1,0.0,0.0,0.0,0.0,0.0,0.0,0.0,1.0,0.0,0.0,0.0,0.0,0.0,0.0,0.0,0.0,0.0,0.0,0.0
11.0,0.0,0.0,340.0,344.0,6.0,0.0,5.0,1.0,2023.0,13.5,21.0,1.0,1,1.0,0.0,0.0,0.0,0.0,0.0,0.0,0.0,0.0,0.0,1.0,0.0,0.0,0.0,0.0,0.0,0.0,0.0,0.0
20.0,2.0,1.0,140.0,122.0,80.0,0.0,5.0,1.0,2023.0,13.0,19.5,1.0,1,0.0,1.0,0.0,0.0,0.0,0.0,0.0,0.0,0.0,0.0,0.0,0.0,1.0,0.0,0.0,0.0,0.0,0.0,0.0
52.0,1.0,1.0,300.0,296.0,40.0,0.0,4.0,2.0,2008.0,13.5,21.0,1.0,1,0.0,0.0,0.0,0.0,0.0,0.0,0.0,1.0,0.0,0.0,0.0,1.0,0.0,0.0,0.0,0.0,0.0,0.0,0.0
63.0,3.0,4.0,280.0,184.0,95.0,1.0,4.0,1.0,2017.0,14.25,22.0,1.0,1,0.0,1.0,0.0,0.0,0.0,0.0,0.0,0.0,0.0,0.0,1.0,0.0,0.0,0.0,0.0,0.0,0.0,0.0,0.0
52.0,3.0,3.0,170.0,84.0,73.0,10.0,5.0,13.0,2023.0,13.5,21.0,2.0,1,0.0,0.0,0.0,0.0,0.0,0.0,0.0,0.0,1.0,0.0,0.0,0.0,0.0,0.0,0.0,0.0,1.0,0.0,0.0
44.0,9.0,7.0,285.0,336.0,83.0,7.0,4.0,10.0,2009.0,13.5,21.5,1.0,1,0.0,0.0,0.0,0.0,0.0,0.0,0.0,0.0,0.0,0.0,0.0,1.0,0.0,0.0,0.0,0.0,0.0,0.0,0.0
286.0,15.0,1.0,324.0,312.0,189.0,2.0,4.0,9.0,2013.0,13.0,19.5,1.0,1,0.0,1.0,0.0,0.0,0.0,0.0,0.0,0.0,0.0,0.0,0.0,0.0,0.0,0.0,0.0,1.0,0.0,0.0,0.0
10.0,0.0,0.0,200.0,312.0,15.0,1.0,2.5,1.0,2013.0,13.5,21.0,2.0,1,0.0,0.0,0.0,0.0,0.0,0.0,0.0,1.0,0.0,0.0,0.0,0.0,0.0,1.0,0.0,0.0,0.0,0.0,0.0
1.231,23.5,23.5,260.0,240.0,383.0,4.0,5.0,5.0,2020.0,13.5,21.0,3.0,1,1.0,0.0,0.0,0.0,0.0,0.0,0.0,0.0,0.0,0.0,0.0,0.0,0.0,1.0,0.0,0.0,0.0,0.0,0.0
5.0,0.0,0.0,360.0,392.0,4.0,0.0,2.5,0.0,2023.0,13.5,21.0,1.0,1,1.0,0.0,0.0,0.0,0.0,0.0,0.0,0.0,0.0,0.0,0.0,0.0,0.0,1.0,0.0,0.0,0.0,0.0,0.0
61.0,3.0,8.0,250.0,304.0,67.0,1.0,5.0,4.0,2009.0,13.5,21.5,1.0,1,0.0,0.0,0.0,0.0,0.0,0.0,0.0,0.0,0.0,0.0,0.0,1.0,0.0,0.0,0.0,0.0,0.0,0.0,0.0
25.0,1.0,1.0,340.0,264.0,27.0,0.0,5.0,1.0,2007.0,14.25,23.25,1.0,1,0.0,0.0,0.0,0.0,0.0,0.0,0.0,0.0,0.0,0.0,1.0,0.0,0.0,0.0,0.0,0.0,0.0,0.0,0.0
65.0,4.0,6.0,134.5,72.0,156.0,4.0,5.0,7.0,2021.0,13.0,19.5,1.0,1,0.0,0.0,0.0,1.0,0.0,0.0,0.0,0.0,0.0,0.0,0.0,1.0,0.0,0.0,0.0,0.0,0.0,0.0,0.0
53.0,4.0,1.0,270.0,262.0,60.0,1.0,5.0,1.0,2021.0,13.0,20.0,1.0,1,0.0,0.0,0.0,0.0,0.0,0.0,0.0,0.0,1.0,0.0,0.0,0.0,0.0,0.0,1.0,0.0,0.0,0.0,0.0
59.0,4.0,0.0,360.0,310.0,52.0,0.0,4.0,3.0,2007.0,14.0,21.5,1.0,1,0.0,1.0,0.0,0.0,0.0,0.0,0.0,0.0,0.0,0.0,0.0,1.0,0.0,0.0,0.0,0.0,0.0,0.0,0.0
151.0,7.0,22.0,249.0,272.0,180.0,2.0,4.0,23.0,2014.0,13.5,21.0,3.0,1,0.0,0.0,0.0,0.0,0.0,1.0,0.0,0.0,0.0,0.0,0.0,1.0,0.0,0.0,0.0,0.0,0.0,0.0,0.0
33.0,5.0,4.0,322.0,188.0,187.0,1.0,5.0,2.0,2025.0,13.5,21.0,1.0,1,0.0,1.0,0.0,0.0,0.0,0.0,0.0,0.0,0.0,0.0,0.0,0.0,0.0,0.0,0.0,0.0,0.0,0.0,1.0
174.0,11.0,3.0,210.0,328.0,151.0,2.0,5.0,4.0,2020.0,13.5,21.0,1.0,1,0.0,1.0,0.0,0.0,0.0,0.0,0.0,0.0,0.0,0.0,0.0,0.0,0.0,0.0,0.0,0.0,0.0,0.0,1.0
3.0,0.0,0.0,270.0,278.0,6.0,0.0,2.5,0.0,2022.0,13.5,21.0,3.5,1,0.0,0.0,0.0,0.0,0.0,0.0,1.0,0.0,0.0,0.0,0.0,1.0,0.0,0.0,0.0,0.0,0.0,0.0,0.0
66.0,7.0,2.0,240.0,138.0,93.0,0.0,5.0,3.0,2020.0,13.0,20.0,3.5,1,0.0,0.0,0.0,0.0,0.0,0.0,1.0,0.0,0.0,0.0,0.0,1.0,0.0,0.0,0.0,0.0,0.0,0.0,0.0
241.0,14.0,12.0,150.0,82.0,395.0,2.0,5.0,3.0,2023.0,12.25,17.25,1.0,1,0.0,0.0,0.0,0.0,0.0,0.0,0.0,0.0,1.0,0.0,0.0,0.0,0.0,1.0,0.0,0.0,0.0,0.0,0.0
126.0,11.0,9.0,515.0,612.0,133.0,4.0,5.0,13.0,2016.0,13.5,19.5,1.0,1,0.0,1.0,0.0,0.0,0.0,0.0,0.0,0.0,0.0,0.0,0.0,0.0,1.0,0.0,0.0,0.0,0.0,0.0,0.0
49.0,5.0,2.0,160.0,156.0,166.0,1.0,5.0,4.0,2021.0,13.0,20.0,1.0,1,0.0,1.0,0.0,0.0,0.0,0.0,0.0,0.0,0.0,0.0,0.0,1.0,0.0,0.0,0.0,0.0,0.0,0.0,0.0
93.0,6.0,1.0,350.0,304.0,91.0,1.0,4.0,5.0,2018.0,13.5,21.0,1.0,1,0.0,0.0,0.0,0.0,0.0,0.0,0.0,1.0,0.0,0.0,1.0,0.0,0.0,0.0,0.0,0.0,0.0,0.0,0.0
97.0,3.0,1.0,360.0,317.0,65.0,1.0,4.0,6.0,2006.0,13.5,19.5,1.0,1,0.0,1.0,0.0,0.0,0.0,0.0,0.0,0.0,0.0,0.0,1.0,0.0,0.0,0.0,0.0,0.0,0.0,0.0,0.0
45.0,13.0,9.0,390.0,504.0,142.0,4.0,5.0,14.0,2021.0,13.5,19.5,1.0,1,0.0,1.0,0.0,0.0,0.0,0.0,0.0,0.0,0.0,0.0,0.0,0.0,0.0,0.0,0.0,0.0,0.0,0.0,1.0
171.0,23.5,21.0,375.0,488.0,333.0,11.0,5.0,26.0,2009.0,13.5,21.5,1.0,1,0.0,0.0,0.0,0.0,0.0,0.0,0.0,0.0,0.0,0.0,0.0,1.0,0.0,0.0,0.0,0.0,0.0,0.0,0.0
249.0,9.0,11.0,350.0,312.0,209.0,4.0,5.0,17.0,2018.0,13.5,21.0,1.0,1,0.0,0.0,0.0,0.0,0.0,0.0,0.0,1.0,0.0,0.0,1.0,0.0,0.0,0.0,0.0,0.0,0.0,0.0,0.0
7.0,0.0,0.0,420.0,462.0,10.0,0.0,2.5,0.0,2024.0,13.5,19.5,1.0,1,0.0,0.0,0.0,0.0,0.0,0.0,0.0,0.0,1.0,0.0,0.0,0.0,0.0,0.0,1.0,0.0,0.0,0.0,0.0
140.0,7.0,5.0,350.0,448.0,76.0,1.0,5.0,3.0,2022.0,13.5,21.0,1.0,1,0.0,0.0,0.0,0.0,0.0,0.0,0.0,1.0,0.0,0.0,0.0,0.0,0.0,0.0,0.0,0.0,1.0,0.0,0.0
32.0,2.0,0.0,400.0,368.0,41.0,0.0,2.5,0.0,2023.0,13.5,19.5,1.0,1,0.0,1.0,0.0,0.0,0.0,0.0,0.0,0.0,0.0,0.0,1.0,0.0,0.0,0.0,0.0,0.0,0.0,0.0,0.0
282.0,23.5,23.5,249.0,304.0,482.5,12.5,4.0,28.5,2011.0,13.5,21.0,1.0,1,0.0,0.0,0.0,0.0,0.0,1.0,0.0,0.0,0.0,0.0,0.0,1.0,0.0,0.0,0.0,0.0,0.0,0.0,0.0
253.0,18.0,23.5,299.0,352.0,247.0,12.5,5.0,28.5,2014.0,13.5,21.0,3.5,1,0.0,0.0,0.0,0.0,0.0,1.0,0.0,0.0,0.0,0.0,0.0,1.0,0.0,0.0,0.0,0.0,0.0,0.0,0.0
289.5,17.0,23.5,249.0,312.0,239.0,12.5,4.0,28.5,2014.0,13.5,21.0,3.5,1,0.0,0.0,0.0,0.0,0.0,1.0,0.0,0.0,0.0,0.0,1.0,0.0,0.0,0.0,0.0,0.0,0.0,0.0,0.0
3.0,0.0,0.0,180.0,152.0,72.0,0.0,2.5,0.0,2022.0,13.5,19.5,1.0,1,1.0,0.0,0.0,0.0,0.0,0.0,0.0,0.0,0.0,0.0,0.0,1.0,0.0,0.0,0.0,0.0,0.0,0.0,0.0
9.0,0.0,1.0,148.0,220.0,80.0,1.0,5.0,2.0,2023.0,12.5,19.5,3.5,1,0.0,0.0,1.0,0.0,0.0,0.0,0.0,0.0,0.0,0.0,0.0,1.0,0.0,0.0,0.0,0.0,0.0,0.0,0.0
62.0,3.0,1.0,450.0,360.0,30.0,1.0,5.0,3.0,2023.0,13.5,21.0,1.0,1,0.0,0.0,0.0,0.0,0.0,0.0,0.0,1.0,0.0,0.0,0.0,0.0,0.0,0.0,0.0,0.0,1.0,0.0,0.0
12.0,1.0,2.0,182.0,192.0,86.0,0.0,2.5,0.0,2021.0,13.0,20.0,2.0,1,0.0,1.0,0.0,0.0,0.0,0.0,0.0,0.0,0.0,0.0,0.0,1.0,0.0,0.0,0.0,0.0,0.0,0.0,0.0
10.0,3.0,2.0,260.0,280.0,446.0,0.0,2.5,0.0,2024.0,13.5,21.0,1.0,1,0.0,1.0,0.0,0.0,0.0,0.0,0.0,0.0,0.0,0.0,0.0,1.0,0.0,0.0,0.0,0.0,0.0,0.0,0.0
289.5,23.5,23.5,269.0,304.0,482.5,12.5,4.0,28.5,2012.0,13.5,21.0,2.0,1,0.0,0.0,0.0,0.0,0.0,1.0,0.0,0.0,0.0,0.0,0.0,1.0,0.0,0.0,0.0,0.0,0.0,0.0,0.0
16.0,3.0,1.0,480.0,424.0,36.0,0.0,5.0,1.0,2011.0,14.25,23.25,1.0,1,0.0,0.0,0.0,0.0,0.0,0.0,0.0,0.0,0.0,0.0,0.0,1.0,0.0,0.0,0.0,0.0,0.0,0.0,0.0
12.0,1.0,1.0,170.0,96.0,19.0,0.0,2.5,0.0,2023.0,13.5,19.5,3.0,1,0.0,0.0,0.0,0.0,0.0,0.0,1.0,0.0,0.0,0.0,0.0,0.0,0.0,0.0,1.0,0.0,0.0,0.0,0.0
13.0,0.0,1.0,162.0,95.0,185.0,0.0,5.0,1.0,2024.0,12.5,19.5,1.0,1,0.0,0.0,1.0,0.0,0.0,0.0,0.0,0.0,0.0,0.0,0.0,1.0,0.0,0.0,0.0,0.0,0.0,0.0,0.0
169.0,8.0,11.0,299.0,448.0,101.0,4.0,4.0,17.0,2014.0,13.5,21.0,3.0,1,0.0,0.0,0.0,0.0,0.0,1.0,0.0,0.0,0.0,0.0,0.0,1.0,0.0,0.0,0.0,0.0,0.0,0.0,0.0
9.0,5.0,1.0,148.0,87.0,256.0,0.0,4.0,3.0,2024.0,12.5,19.5,1.0,1,0.0,0.0,1.0,0.0,0.0,0.0,0.0,0.0,0.0,0.0,0.0,1.0,0.0,0.0,0.0,0.0,0.0,0.0,0.0
3.331,23.5,23.5,125.0,456.0,482.5,12.5,5.0,28.5,2020.0,14.0,23.0,2.0,1,0.0,1.0,0.0,0.0,0.0,0.0,0.0,0.0,0.0,0.0,0.0,0.0,0.0,0.0,0.0,0.0,1.0,0.0,0.0
5.0,0.0,0.0,220.0,244.0,3.0,0.0,2.5,0.0,2023.0,13.5,19.5,3.5,1,0.0,0.0,0.0,0.0,0.0,0.0,1.0,0.0,0.0,0.0,0.0,1.0,0.0,0.0,0.0,0.0,0.0,0.0,0.0
20.0,3.0,0.0,265.0,224.0,22.0,1.0,5.0,2.0,2018.0,13.5,21.0,1.0,1,0.0,1.0,0.0,0.0,0.0,0.0,0.0,0.0,0.0,0.0,0.0,0.0,0.0,0.0,0.0,1.0,0.0,0.0,0.0
32.0,1.0,2.0,330.0,448.0,31.0,0.0,4.0,2.0,2020.0,14.25,23.0,1.0,1,0.0,1.0,0.0,0.0,0.0,0.0,0.0,0.0,0.0,0.0,0.0,0.0,0.0,0.0,1.0,0.0,0.0,0.0,0.0
167.0,5.0,4.0,275.0,200.0,124.0,2.0,4.0,12.0,2005.5,13.5,21.0,1.0,1,0.0,0.0,0.0,0.0,0.0,0.0,0.0,1.0,0.0,0.0,0.0,0.0,1.0,0.0,0.0,0.0,0.0,0.0,0.0
17.0,0.0,0.0,120.0,66.0,20.0,0.0,2.5,0.0,2021.0,12.25,19.0,1.0,1,0.0,0.0,0.0,0.0,0.0,0.0,1.0,0.0,0.0,0.0,0.0,0.0,1.0,0.0,0.0,0.0,0.0,0.0,0.0
39.0,1.0,0.0,240.0,256.0,50.0,0.0,5.0,1.0,2020.0,13.0,20.0,3.5,1,0.0,0.0,0.0,0.0,0.0,0.0,1.0,0.0,0.0,0.0,0.0,0.0,0.0,0.0,0.0,0.0,0.0,0.0,1.0
53.0,8.0,6.0,152.0,136.0,145.0,4.0,5.0,5.0,2022.0,12.5,19.5,1.0,1,0.0,0.0,1.0,0.0,0.0,0.0,0.0,0.0,0.0,0.0,0.0,1.0,0.0,0.0,0.0,0.0,0.0,0.0,0.0
41.0,1.0,3.0,85.0,24.0,122.0,0.0,4.0,5.0,2019.0,14.25,22.0,3.0,0,0.0,1.0,0.0,0.0,0.0,0.0,0.0,0.0,0.0,0.0,0.0,0.0,0.0,0.0,0.0,0.0,0.0,1.0,0.0
22.0,3.0,8.0,100.0,136.0,77.0,4.0,5.0,8.0,2016.0,13.5,21.0,1.0,1,0.0,1.0,0.0,0.0,0.0,0.0,0.0,0.0,0.0,0.0,0.0,0.0,0.0,0.0,0.0,1.0,0.0,0.0,0.0
289.5,23.5,23.5,300.0,612.0,482.5,6.0,4.0,16.0,2005.5,13.5,19.5,3.0,1,0.0,1.0,0.0,0.0,0.0,0.0,0.0,0.0,0.0,0.0,0.0,1.0,0.0,0.0,0.0,0.0,0.0,0.0,0.0
289.5,23.5,23.5,249.0,200.0,482.5,12.5,4.0,28.5,2014.0,13.5,21.0,1.0,1,0.0,0.0,0.0,0.0,0.0,1.0,0.0,0.0,0.0,0.0,0.0,1.0,0.0,0.0,0.0,0.0,0.0,0.0,0.0
2.0,0.0,1.0,180.0,176.0,12.0,0.0,2.5,0.0,2023.0,13.5,19.5,1.0,1,0.0,0.0,0.0,0.0,0.0,0.0,0.0,0.0,0.0,1.0,0.0,1.0,0.0,0.0,0.0,0.0,0.0,0.0,0.0
71.0,3.0,6.0,260.0,256.0,156.0,2.0,4.0,5.0,2021.0,13.0,20.0,1.0,1,0.0,1.0,0.0,0.0,0.0,0.0,0.0,0.0,0.0,0.0,0.0,1.0,0.0,0.0,0.0,0.0,0.0,0.0,0.0
176.0,19.0,23.5,224.0,296.0,222.0,6.0,5.0,19.0,2017.0,13.5,21.0,3.0,1,0.0,0.0,0.0,0.0,0.0,0.0,0.0,0.0,0.0,1.0,0.0,0.0,0.0,0.0,0.0,0.0,1.0,0.0,0.0
289.5,19.0,17.0,290.0,272.0,309.0,1.0,5.0,1.0,2022.0,13.5,21.0,3.0,1,1.0,0.0,0.0,0.0,0.0,0.0,0.0,0.0,0.0,0.0,0.0,0.0,0.0,1.0,0.0,0.0,0.0,0.0,0.0
45.0,6.0,0.0,385.0,384.0,54.0,1.0,5.0,4.0,2019.0,13.7,21.5,1.0,0,0.0,1.0,0.0,0.0,0.0,0.0,0.0,0.0,0.0,0.0,0.0,1.0,0.0,0.0,0.0,0.0,0.0,0.0,0.0
75.0,10.0,5.0,172.0,271.0,217.0,3.0,5.0,7.0,2021.0,13.0,19.5,3.5,1,0.0,1.0,0.0,0.0,0.0,0.0,0.0,0.0,0.0,0.0,0.0,0.0,0.0,0.0,1.0,0.0,0.0,0.0,0.0
77.0,5.0,1.0,515.0,439.0,55.0,2.0,5.0,2.0,2024.0,13.5,19.5,1.0,1,0.0,0.0,0.0,0.0,0.0,0.0,1.0,0.0,0.0,0.0,0.0,0.0,0.0,0.0,0.0,0.0,0.0,0.0,0.0
7.0,1.0,1.0,260.0,288.0,121.0,0.0,2.5,0.0,2023.0,13.5,21.0,1.0,1,0.0,1.0,0.0,0.0,0.0,0.0,0.0,0.0,0.0,0.0,0.0,1.0,0.0,0.0,0.0,0.0,0.0,0.0,0.0
72.0,1.0,4.0,300.0,306.0,100.0,3.0,5.0,3.0,2021.0,13.5,21.0,2.0,1,0.0,0.0,0.0,0.0,0.0,0.0,0.0,0.0,1.0,0.0,1.0,0.0,0.0,0.0,0.0,0.0,0.0,0.0,0.0
20.0,1.0,0.0,288.5,322.0,95.0,3.0,5.0,3.0,2024.0,13.5,21.0,2.0,1,0.0,1.0,0.0,0.0,0.0,0.0,0.0,0.0,0.0,0.0,1.0,0.0,0.0,0.0,0.0,0.0,0.0,0.0,0.0
15.0,1.0,2.0,200.0,216.0,21.0,1.0,4.0,4.0,2021.0,13.5,21.0,1.0,1,1.0,0.0,0.0,0.0,0.0,0.0,0.0,0.0,0.0,0.0,0.0,1.0,0.0,0.0,0.0,0.0,0.0,0.0,0.0
50.0,5.0,16.0,220.0,256.0,133.0,11.0,3.0,18.0,2009.0,13.5,21.5,1.0,1,0.0,0.0,0.0,0.0,0.0,0.0,0.0,0.0,0.0,0.0,0.0,1.0,0.0,0.0,0.0,0.0,0.0,0.0,0.0
46.0,3.0,0.0,510.0,72.0,10.0,0.0,2.5,0.0,2012.0,14.25,21.0,1.0,0,0.0,1.0,0.0,0.0,0.0,0.0,0.0,0.0,0.0,0.0,1.0,0.0,0.0,0.0,0.0,0.0,0.0,0.0,0.0
23.0,1.0,0.0,220.0,107.0,34.0,0.0,5.0,2.0,2023.0,13.5,19.5,1.0,1,0.0,0.0,0.0,0.0,0.0,0.0,1.0,0.0,0.0,0.0,0.0,0.0,0.0,0.0,0.0,0.0,0.0,1.0,0.0
38.0,4.0,0.0,515.0,517.0,41.0,0.0,2.5,0.0,2023.0,13.5,21.0,1.0,1,0.0,0.0,0.0,0.0,0.0,0.0,0.0,0.0,1.0,0.0,1.0,0.0,0.0,0.0,0.0,0.0,0.0,0.0,0.0
13.0,1.0,2.0,421.0,378.0,117.0,0.0,2.5,1.0,2021.0,13.5,19.5,1.0,1,0.0,1.0,0.0,0.0,0.0,0.0,0.0,0.0,0.0,0.0,0.0,1.0,0.0,0.0,0.0,0.0,0.0,0.0,0.0
94.0,7.0,0.0,240.0,198.0,150.0,1.0,5.0,4.0,2023.0,13.0,19.5,1.0,1,0.0,1.0,0.0,0.0,0.0,0.0,0.0,0.0,0.0,0.0,0.0,0.0,0.0,0.0,1.0,0.0,0.0,0.0,0.0
91.0,8.0,4.0,350.0,296.0,92.0,2.0,5.0,4.0,2023.0,13.5,21.0,1.0,1,0.0,0.0,0.0,0.0,0.0,0.0,0.0,1.0,0.0,0.0,0.0,1.0,0.0,0.0,0.0,0.0,0.0,0.0,0.0
23.0,4.0,2.0,164.5,98.0,35.0,0.0,5.0,1.0,2022.0,13.0,19.5,1.0,1,0.0,0.0,0.0,1.0,0.0,0.0,0.0,0.0,0.0,0.0,0.0,1.0,0.0,0.0,0.0,0.0,0.0,0.0,0.0
27.0,1.0,3.0,254.0,264.0,63.0,0.0,2.5,0.0,2023.0,13.5,19.5,1.0,1,0.0,0.0,0.0,0.0,0.0,0.0,0.0,0.0,0.0,1.0,0.0,1.0,0.0,0.0,0.0,0.0,0.0,0.0,0.0
5.0,2.0,0.0,220.0,232.0,37.0,0.0,5.0,1.0,2023.0,13.5,19.5,1.0,1,0.0,1.0,0.0,0.0,0.0,0.0,0.0,0.0,0.0,0.0,0.0,1.0,0.0,0.0,0.0,0.0,0.0,0.0,0.0
0.0,0.0,0.0,140.0,48.0,49.0,0.0,2.5,0.0,2023.0,13.5,19.5,1.0,1,0.0,0.0,0.0,0.0,0.0,0.0,0.0,0.0,1.0,0.0,0.0,0.0,0.0,0.0,0.0,0.0,0.0,1.0,0.0
44.0,3.0,1.0,500.0,372.0,38.0,0.0,4.0,2.0,2024.0,13.5,19.5,2.0,1,0.0,0.0,0.0,0.0,0.0,0.0,0.0,0.0,1.0,0.0,0.0,0.0,0.0,0.0,0.0,0.0,1.0,0.0,0.0
7.0,2.0,0.0,449.0,239.0,57.0,0.0,2.5,0.0,2022.0,13.5,19.5,1.0,1,0.0,1.0,0.0,0.0,0.0,0.0,0.0,0.0,0.0,0.0,0.0,0.0,0.0,1.0,0.0,0.0,0.0,0.0,0.0
45.0,10.0,3.0,259.5,178.0,87.0,1.0,5.0,6.0,2024.0,13.0,19.5,3.5,1,0.0,0.0,0.0,1.0,0.0,0.0,0.0,0.0,0.0,0.0,0.0,1.0,0.0,0.0,0.0,0.0,0.0,0.0,0.0
27.0,2.0,1.0,180.0,168.0,44.0,2.0,5.0,3.0,2023.0,13.5,21.0,1.0,1,1.0,0.0,0.0,0.0,0.0,0.0,0.0,0.0,0.0,0.0,0.0,0.0,0.0,1.0,0.0,0.0,0.0,0.0,0.0
28.0,2.0,1.0,275.0,160.0,24.0,1.0,5.0,3.0,2024.0,13.5,21.0,3.5,1,0.0,1.0,0.0,0.0,0.0,0.0,0.0,0.0,0.0,0.0,0.0,0.0,0.0,0.0,0.0,0.0,1.0,0.0,0.0
9.0,0.0,2.0,148.0,64.0,107.0,0.0,4.0,1.0,2022.0,12.5,19.5,1.0,1,0.0,0.0,1.0,0.0,0.0,0.0,0.0,0.0,0.0,0.0,0.0,1.0,0.0,0.0,0.0,0.0,0.0,0.0,0.0
289.5,23.5,23.5,140.0,144.0,482.5,12.5,4.0,28.5,2020.0,13.5,21.0,1.0,1,0.0,0.0,0.0,0.0,1.0,0.0,0.0,0.0,0.0,0.0,0.0,1.0,0.0,0.0,0.0,0.0,0.0,0.0,0.0
11.0,0.0,3.0,180.0,148.0,72.0,1.0,4.0,2.0,2022.0,13.5,19.5,1.0,1,0.0,1.0,0.0,0.0,0.0,0.0,0.0,0.0,0.0,0.0,0.0,1.0,0.0,0.0,0.0,0.0,0.0,0.0,0.0
19.0,1.0,3.0,180.0,160.0,27.0,2.0,5.0,3.0,2022.0,13.5,19.5,2.0,1,1.0,0.0,0.0,0.0,0.0,0.0,0.0,0.0,0.0,0.0,0.0,1.0,0.0,0.0,0.0,0.0,0.0,0.0,0.0
289.5,23.5,19.0,200.0,152.0,461.0,12.0,4.0,28.0,2022.0,13.0,19.5,1.0,1,0.0,0.0,0.0,0.0,0.0,0.0,0.0,1.0,0.0,0.0,0.0,0.0,1.0,0.0,0.0,0.0,0.0,0.0,0.0
14.0,0.0,1.0,195.0,168.0,352.0,0.0,2.5,0.0,2023.0,13.5,19.5,1.0,1,0.0,1.0,0.0,0.0,0.0,0.0,0.0,0.0,0.0,0.0,0.0,1.0,0.0,0.0,0.0,0.0,0.0,0.0,0.0
8.0,0.0,1.0,150.0,128.0,66.0,0.0,2.5,0.0,2024.0,13.5,21.0,1.0,1,0.0,1.0,0.0,0.0,0.0,0.0,0.0,0.0,0.0,0.0,0.0,0.0,0.0,1.0,0.0,0.0,0.0,0.0,0.0
41.0,2.0,0.0,210.0,204.0,162.0,0.0,5.0,2.0,2022.0,13.0,19.5,3.0,1,0.0,1.0,0.0,0.0,0.0,0.0,0.0,0.0,0.0,0.0,0.0,1.0,0.0,0.0,0.0,0.0,0.0,0.0,0.0
59.0,2.0,1.0,250.0,256.0,143.0,1.0,2.5,0.0,2012.0,13.5,21.0,1.0,1,0.0,0.0,0.0,0.0,0.0,0.0,0.0,1.0,0.0,0.0,0.0,0.0,0.0,1.0,0.0,0.0,0.0,0.0,0.0
20.0,1.0,0.0,250.0,246.0,239.0,0.0,5.0,1.0,2024.0,12.25,19.0,1.0,1,0.0,1.0,0.0,0.0,0.0,0.0,0.0,0.0,0.0,0.0,0.0,1.0,0.0,0.0,0.0,0.0,0.0,0.0,0.0
228.0,11.0,3.0,350.0,288.0,120.0,0.0,5.0,4.0,2020.0,13.5,21.0,2.0,1,0.0,0.0,0.0,0.0,0.0,0.0,0.0,1.0,0.0,0.0,1.0,0.0,0.0,0.0,0.0,0.0,0.0,0.0,0.0
289.5,14.0,14.0,350.0,208.0,350.0,10.0,5.0,25.0,2016.0,13.5,21.0,3.5,1,0.0,0.0,0.0,0.0,0.0,0.0,0.0,1.0,0.0,0.0,0.0,0.0,0.0,0.0,0.0,0.0,0.0,0.0,1.0
4.445,23.5,23.5,515.0,612.0,482.5,12.5,5.0,28.5,2018.0,13.5,21.0,1.0,1,0.0,1.0,0.0,0.0,0.0,0.0,0.0,0.0,0.0,0.0,0.0,0.0,0.0,0.0,0.0,0.0,1.0,0.0,0.0
17.0,2.0,0.0,240.0,195.0,34.0,1.0,4.0,1.0,2023.0,13.5,21.0,2.0,1,0.0,0.0,0.0,0.0,0.0,0.0,0.0,0.0,1.0,0.0,1.0,0.0,0.0,0.0,0.0,0.0,0.0,0.0,0.0
195.0,7.0,23.5,269.0,336.0,245.0,12.5,4.0,28.5,2014.0,13.5,21.0,3.5,1,0.0,0.0,0.0,0.0,0.0,1.0,0.0,0.0,0.0,0.0,0.0,1.0,0.0,0.0,0.0,0.0,0.0,0.0,0.0
7.0,2.0,1.0,148.0,101.0,147.0,0.0,5.0,2.0,2024.0,12.5,19.5,1.0,1,0.0,0.0,1.0,0.0,0.0,0.0,0.0,0.0,0.0,0.0,0.0,1.0,0.0,0.0,0.0,0.0,0.0,0.0,0.0
66.0,2.0,0.0,119.0,38.0,98.0,0.0,5.0,5.0,2015.0,13.0,19.5,2.0,0,0.0,1.0,0.0,0.0,0.0,0.0,0.0,0.0,0.0,0.0,1.0,0.0,0.0,0.0,0.0,0.0,0.0,0.0,0.0
85.0,4.0,4.0,500.0,592.0,90.0,2.0,4.0,3.0,2016.0,13.5,21.0,1.0,1,0.0,0.0,0.0,0.0,0.0,0.0,0.0,1.0,0.0,0.0,0.0,0.0,0.0,0.0,1.0,0.0,0.0,0.0,0.0
14.0,1.0,4.0,300.0,272.0,21.0,3.0,5.0,3.0,2015.0,13.5,19.5,1.0,1,0.0,1.0,0.0,0.0,0.0,0.0,0.0,0.0,0.0,0.0,0.0,1.0,0.0,0.0,0.0,0.0,0.0,0.0,0.0
21.0,1.0,1.0,170.0,65.0,11.0,0.0,2.5,0.0,2020.0,13.5,21.0,2.0,1,0.0,0.0,0.0,0.0,0.0,0.0,0.0,0.0,1.0,0.0,0.0,1.0,0.0,0.0,0.0,0.0,0.0,0.0,0.0
10.0,3.0,2.0,290.0,328.0,63.0,1.0,5.0,1.0,2023.0,13.5,21.0,1.0,1,0.0,1.0,0.0,0.0,0.0,0.0,0.0,0.0,0.0,0.0,0.0,1.0,0.0,0.0,0.0,0.0,0.0,0.0,0.0
9.0,0.0,0.0,300.0,284.0,12.0,0.0,2.5,0.0,2023.0,13.5,19.5,3.5,1,0.0,0.0,0.0,0.0,0.0,0.0,1.0,0.0,0.0,0.0,0.0,1.0,0.0,0.0,0.0,0.0,0.0,0.0,0.0
38.0,7.0,5.0,60.0,112.0,162.0,3.0,4.0,7.0,2018.0,13.5,21.0,1.0,1,0.0,1.0,0.0,0.0,0.0,0.0,0.0,0.0,0.0,0.0,0.0,1.0,0.0,0.0,0.0,0.0,0.0,0.0,0.0
3.0,1.0,0.0,139.0,126.0,36.0,0.0,2.5,0.0,2022.0,13.5,21.0,1.0,1,0.0,1.0,0.0,0.0,0.0,0.0,0.0,0.0,0.0,0.0,0.0,1.0,0.0,0.0,0.0,0.0,0.0,0.0,0.0
52.0,9.0,14.0,249.0,232.0,96.0,5.0,4.0,14.0,2016.0,13.5,21.0,3.5,1,0.0,0.0,0.0,0.0,0.0,1.0,0.0,0.0,0.0,0.0,0.0,1.0,0.0,0.0,0.0,0.0,0.0,0.0,0.0
6.0,0.0,0.0,150.0,160.0,23.0,0.0,2.5,0.0,2022.0,13.5,19.5,2.0,1,0.0,1.0,0.0,0.0,0.0,0.0,0.0,0.0,0.0,0.0,0.0,0.0,0.0,0.0,0.0,0.0,0.0,1.0,0.0
2.0,1.0,0.0,190.0,176.0,1.0,0.0,2.5,0.0,2023.0,13.5,19.5,1.0,1,1.0,0.0,0.0,0.0,0.0,0.0,0.0,0.0,0.0,0.0,0.0,1.0,0.0,0.0,0.0,0.0,0.0,0.0,0.0
54.0,2.0,1.0,280.0,336.0,53.0,1.0,4.0,3.0,2010.0,13.5,21.5,1.0,1,0.0,0.0,0.0,0.0,0.0,0.0,0.0,0.0,0.0,0.0,0.0,0.0,0.0,0.0,0.0,0.0,1.0,0.0,0.0
56.0,2.0,0.0,200.0,164.0,46.0,1.0,4.0,3.0,2021.0,13.0,20.0,1.0,1,0.0,0.0,0.0,0.0,0.0,0.0,0.0,0.0,1.0,0.0,0.0,0.0,0.0,0.0,0.0,0.0,1.0,0.0,0.0
27.0,0.0,0.0,220.0,176.0,48.0,0.0,2.5,0.0,2020.0,13.0,20.0,1.0,1,0.0,0.0,0.0,0.0,0.0,0.0,0.0,0.0,1.0,0.0,1.0,0.0,0.0,0.0,0.0,0.0,0.0,0.0,0.0
2.315,23.5,23.5,220.0,200.0,482.5,12.5,4.0,28.5,2023.0,12.5,19.5,2.0,1,0.0,1.0,0.0,0.0,0.0,0.0,0.0,0.0,0.0,0.0,0.0,1.0,0.0,0.0,0.0,0.0,0.0,0.0,0.0
199.0,2.0,7.0,150.0,128.0,188.0,3.0,5.0,7.0,2020.0,13.5,19.5,1.0,1,0.0,1.0,0.0,0.0,0.0,0.0,0.0,0.0,0.0,0.0,0.0,0.0,0.0,0.0,0.0,0.0,1.0,0.0,0.0
68.0,3.0,9.0,85.0,36.0,183.0,6.0,5.0,15.0,2019.0,14.25,22.0,1.0,1,0.0,1.0,0.0,0.0,0.0,0.0,0.0,0.0,0.0,0.0,0.0,0.0,0.0,0.0,0.0,0.0,0.0,1.0,0.0
18.0,1.0,1.0,270.0,380.0,55.0,0.0,3.0,1.0,2021.0,13.5,21.0,3.5,1,0.0,0.0,0.0,0.0,0.0,0.0,0.0,0.0,1.0,0.0,0.0,0.0,0.0,0.0,0.0,0.0,0.0,1.0,0.0
289.5,23.5,23.5,515.0,612.0,482.5,12.5,5.0,28.5,2020.0,13.5,21.0,3.0,1,0.0,0.0,0.0,0.0,0.0,1.0,0.0,0.0,0.0,0.0,0.0,1.0,0.0,0.0,0.0,0.0,0.0,0.0,0.0
87.0,8.0,10.0,380.0,464.0,123.0,5.0,5.0,10.0,2011.0,13.5,21.5,1.0,1,0.0,0.0,0.0,0.0,0.0,0.0,0.0,0.0,0.0,0.0,0.0,1.0,0.0,0.0,0.0,0.0,0.0,0.0,0.0
42.0,1.0,1.0,240.0,181.0,55.0,0.0,5.0,2.0,2022.0,13.5,21.0,1.0,1,0.0,0.0,0.0,0.0,0.0,0.0,0.0,0.0,1.0,0.0,1.0,0.0,0.0,0.0,0.0,0.0,0.0,0.0,0.0
1.0,0.0,0.0,130.5,112.0,19.0,1.0,5.0,1.0,2024.0,13.5,21.0,1.0,1,0.0,1.0,0.0,0.0,0.0,0.0,0.0,0.0,0.0,0.0,0.0,1.0,0.0,0.0,0.0,0.0,0.0,0.0,0.0
163.0,6.0,23.5,299.0,336.0,284.0,8.0,4.0,28.0,2013.0,13.5,21.0,3.5,1,0.0,0.0,0.0,0.0,0.0,1.0,0.0,0.0,0.0,0.0,0.0,1.0,0.0,0.0,0.0,0.0,0.0,0.0,0.0
7.0,0.0,3.0,120.0,216.0,14.0,2.0,4.0,3.0,2021.0,13.5,19.5,1.0,1,0.0,1.0,0.0,0.0,0.0,0.0,0.0,0.0,0.0,0.0,0.0,1.0,0.0,0.0,0.0,0.0,0.0,0.0,0.0
220.0,11.0,2.0,500.0,560.0,203.0,6.0,5.0,14.0,2010.0,13.5,21.0,1.0,1,0.0,0.0,0.0,0.0,0.0,0.0,0.0,1.0,0.0,0.0,1.0,0.0,0.0,0.0,0.0,0.0,0.0,0.0,0.0
154.0,23.5,23.0,299.0,208.0,482.5,12.5,4.0,28.5,2008.0,14.25,23.0,1.0,1,0.0,0.0,0.0,0.0,0.0,1.0,0.0,0.0,0.0,0.0,1.0,0.0,0.0,0.0,0.0,0.0,0.0,0.0,0.0
114.0,12.0,9.0,450.0,464.0,211.0,6.0,5.0,18.0,2010.0,13.5,21.0,1.0,1,0.0,1.0,0.0,0.0,0.0,0.0,0.0,0.0,0.0,0.0,0.0,0.0,0.0,0.0,0.0,0.0,1.0,0.0,0.0
