Kitap Adı,Kitabın kategorisi,Kitap Yazarı,Yayınevi,100 Üzerinden Aldığı Puan,Favorilere Ekleyen Kişi Sayısı,Okuyacağım olarak işaretlenmiş sayısı,Okuyorum olarak işaretlenmiş sayısı,Okudum olarak işaretlenmiş sayısı,Liste Fiyatı,Yayın Tarihi,Dil,Sayfa Sayısı,Cilt Tipi,Boyut,Kağıt Cinsi,Toplam Satılma Sayısı,Toplam Yorum Sayısı
Macera İçinde Macera,Kitap > Çocuk Kitapları > Diğer,Kolektif,LOTİ KİTAP,5 / 5 (3 oy),8,0,0,2,"150,00",25.01.2024,TÜRKÇE,144,Karton Kapak,13.5 x 19.5 cm,Kitap Kağıdı,339,3
Zevk Mahkumu,Kitap > Edebiyat > Roman (Çeviri) > Kitap > Orijinal Dil > İngilizce,Kresley Cole,PEGASUS YAYINLARI,5 / 5 (42 oy),113,6,2,48,"299,00",18.02.2015,TÜRKÇE,416,Karton Kapak,13.5 x 21 cm,Kitap Kağıdı,253,15
Alman KışıNeo-Liberal Çağın Almanya’sında Irkçılığın Hedefindeki Göçmenler,Kitap > Siyaset > Bölgeler-Ülkeler > Kitap > Siyaset > Araştırma-İnceleme,O. Can Ünver,NİKA YAYINEVİ,5 / 5 (8 oy),24,5,0,3,"270,00",10.12.2015,TÜRKÇE,248,Karton Kapak,14 x 21 cm,Kitap Kağıdı,81,5
Dersim Alexanderplatz,Kitap > Edebiyat > Roman (Çeviri),İmran Ayata,İLETİŞİM YAYINLARI KAMPANYA,5 / 5 (4 oy),36,5,0,2,"174,00",17.07.2020,TÜRKÇE,265,Karton Kapak,13 x 19.5 cm,Kitap Kağıdı,73,0
Tehlikeli Temas,Kitap > Edebiyat > Roman (Çeviri) > Kitap > Orijinal Dil > İngilizce,Abbi Glines,PEGASUS YAYINLARI,4 / 5 (33 oy),107,13,2,52,"249,00",17.06.2015,TÜRKÇE,256,Karton Kapak,13.5 x 21 cm,Kitap Kağıdı,189,10
Salyangoz,Kitap > Edebiyat > Roman (Yerli),Hande Acarel,EPONA KİTAP,5 / 5 (1 oy),11,1,0,1,"188,00",28.12.2023,TÜRKÇE,244,Karton Kapak,12.5 x 19.5 cm,Kitap Kağıdı,320,1
Kur'an'da Peygamberlik ve Peygamberimiz Hz. Muhammed Mustafa (s.a.v.),Kitap > İslam > Siyer > Kitap > İslam > Kuran İncelemeleri,Ahmet Okutan,RAĞBET YAYINLARI-KAMPANYA,4 / 5 (16 oy),50,13,0,4,"600,00",02.06.2015,TÜRKÇE,544,Karton Kapak,13.5 x 21 cm,Kitap Kağıdı,94,5
Kısa Galler Tarihi,Kitap > Siyaset > Siyasal Tarih,Owen Edwards,LİBERUS,5 / 5 (5 oy),120,8,0,1,"160,00",10.07.2023,TÜRKÇE,116,Karton Kapak,13 x 19.5 cm,Kitap Kağıdı,135,0
Aşkın Anatomisi,Kitap > Felsefe-Düşünce > Genel,A. Kirch,SAY YAYIN GRUBU-KAMPANYA,5 / 5 (5 oy),108,19,0,2,"200,00",01.01.2005,TÜRKÇE,264,Karton Kapak,13.5 x 19.5 cm,Kitap Kağıdı,77,1
Şu Diktatörler Ne Yer Ne İçer?,Kitap > Tarih > Araştırma-İnceleme,Christian Roudaut,SAY YAYIN GRUBU-KAMPANYA,5 / 5 (7 oy),91,4,1,7,"200,00",17.09.2022,TÜRKÇE,208,Karton Kapak,13.5 x 21 cm,Kitap Kağıdı,50,2
Ey Aşk! Bizi Affet,Kitap > Edebiyat > Diğer,Fatih Aydemir,HAYY KİTAP - KAMPANYA,4 / 5 (2 oy),49,1,0,4,"150,00",13.10.2020,TÜRKÇE,216,Karton Kapak,13.5 x 19.5 cm,Kitap Kağıdı,36,1
Sabina SpielreinPsikanalizin Unutulmuş Öncüsü,Kitap > Psikoloji > Genel,Kolektif,PİNHAN YAYINCILIK-KAMPANYA,4 / 5 (15 oy),231,23,2,7,"630,00",25.04.2016,TÜRKÇE,416,Karton Kapak,13.5 x 21.5 cm,Kitap Kağıdı,213,2
La Fanfarlo,Kitap > Edebiyat > Roman (Çeviri),Charles Baudelaire,LAKİN YAYINLARI,5 / 5 (2 oy),79,2,1,2,"175,00",05.03.2024,TÜRKÇE,80,Karton Kapak,13.5 x 21 cm,Kitap Kağıdı,154,1
Tarihin Kayıp Yüzü,Kitap > Edebiyat > Tarihi Roman,Şafak Tunç,MOTTO,4 / 5 (5 oy),43,3,0,3,"336,00",08.09.2023,TÜRKÇE,208,Karton Kapak,13.5 x 21 cm,Kitap Kağıdı,105,2
İngiltere (Birleşik Krallık) Siyaseti,Kitap > Akademik > Siyaset İnceleme,Prof. Dr. Ozan Örmeci,URZENİ,5 / 5 (4 oy),175,4,1,3,"800,00",14.11.2020,TÜRKÇE,620,Karton Kapak,15 x 23 cm,Kitap Kağıdı,99,1
Alparslan,Kitap > Tarih > Araştırma-İnceleme,Muzaffer Kadiroğlu,YEDİVEREN YAYIN GRUBU - KAMPANYA,Puan Yok,21,2,0,0,"187,00",23.02.2022,TÜRKÇE,224,Karton Kapak,13.5 x 19.5 cm,Kitap Kağıdı,13,0
Son Tatar,Kitap > Edebiyat > Roman (Çeviri) > Kitap > Orijinal Dil > Fransızca,Philippe Frey,BİLGE KÜLTÜR SANAT,5 / 5 (14 oy),96,7,0,9,"420,00",24.10.2013,TÜRKÇE,544,Karton Kapak,12.5 x 19.5 cm,Kitap Kağıdı,118,9
Gönül Avcısı,Kitap > Edebiyat > Roman (Çeviri),Samantha James,PEGASUS YAYINLARI,4 / 5 (21 oy),202,6,0,19,"299,00",27.03.2013,TÜRKÇE,336,Karton Kapak,13.5 x 21 cm,Kitap Kağıdı,222,8
Mahşerde Bir HutbeBir İttihatçının İstibdata Karşı Söylevi,Kitap > Siyaset > Siyasal Tarih,Doktor Cemil,MAVİ GÖK YAYINLARI,5 / 5 (1 oy),51,1,0,4,"216,00",13.03.2024,TÜRKÇE,80,Karton Kapak,13 x 19.5 cm,Kitap Kağıdı,55,1
Tanrı ve Astronot,Kitap > Edebiyat > Roman (Yerli),Çayan Özvaran,ŞULE YAYINLARI - KAMPANYA,4 / 5 (5 oy),32,3,1,2,"280,00",30.10.2015,TÜRKÇE,214,Karton Kapak,12.5 x 21 cm,Kitap Kağıdı,37,2
ÇokkültürlülükGünümüzde Çeşitliliğin Siyasi Teorisi,Kitap > Siyaset > Araştırma-İnceleme,Andrew  Shorten,LEJAND,5 / 5 (2 oy),39,3,1,0,"299,00",15.08.2023,TÜRKÇE,320,Karton Kapak,13 x 19.5 cm,Kitap Kağıdı,231,1
Erkekler Hayvan mıdır?,Kitap > Kadın-Erkek > Erkek Kitapları,Matthew Gutmann,DESTEK YAYIN GRUBU-KAMPANYA,5 / 5 (1 oy),4,0,0,0,"280,00",14.09.2021,TÜRKÇE,328,Karton Kapak,13.5 x 21 cm,Kitap Kağıdı,7,0
Az Düşün Uzun Yaşa,Kitap > Kişisel Gelişim,Dr. Pia Callesen,YAKAMOZ YAYINCILIK,4 / 5 (10 oy),962,24,7,16,"200,00",15.12.2022,TÜRKÇE,176,Karton Kapak,13.5 x 19.5 cm,Kitap Kağıdı,1410,8
İletişim Çalışmaları,Kitap > Akademik > Eğitim Bilimleri,Serhat Ulağlı,MOTTO,5 / 5 (1 oy),47,2,0,2,"349,00",08.02.2023,TÜRKÇE,222,Karton Kapak,13.5 x 19.5 cm,Kitap Kağıdı,60,1
Bilim ve Modern Dünya,Kitap > Felsefe-Düşünce > Diğer,Alfred North Whitehead,SAY YAYIN GRUBU-KAMPANYA,4 / 5 (3 oy),175,5,2,3,"300,00",21.10.2022,TÜRKÇE,272,Karton Kapak,13.5 x 21 cm,Kitap Kağıdı,148,0
Altın Çan,Kitap > Edebiyat > Polisiye,Orhan T. Özdemir,URZENİ,5 / 5 (2 oy),20,2,1,1,"220,00",11.04.2019,TÜRKÇE,274,Karton Kapak,13.5 x 21 cm,Kitap Kağıdı,17,1
Eğlenceli Eğitimin Başucu Kitabı,Kitap > Eğitim > Çocuk Eğitimi,Nur Eda Kasap Süslü,HAYY KİTAP - KAMPANYA,5 / 5 (5 oy),52,3,2,4,"150,00",25.01.2021,TÜRKÇE,144,Karton Kapak,15.5 x 23 cm,Kitap Kağıdı,99,2
Aşk Kokulu Baharatlar,Kitap > Hobi > Yeme-İçme,Maria Ekmekçioğlu,İNKILAP KİTABEVİ-KAMPANYA,5 / 5 (1 oy),17,0,0,0,"640,00",16.01.2019,TÜRKÇE,160,Karton Kapak,21 x 22 cm,Kuşe Kağıt,32,0
Huysuz ve Tatlı,Kitap > Edebiyat > Roman (Çeviri) > Kitap > Orijinal Dil > İngilizce,Lauren Conrad,PEGASUS YAYINLARI,4 / 5 (5 oy),60,4,0,4,"269,00",11.09.2015,TÜRKÇE,288,Karton Kapak,13.5 x 21 cm,Kitap Kağıdı,48,2
Oscar Pill 3 - Ölümsüzlerin Sırrı,Kitap > Edebiyat > Bilimkurgu-Fantazya > Kitap > Diğer > Gençlik Kitapları > Edebiyat > Kitap > Orijinal Dil > Fransızca,Eli Anderson,PEGASUS  ÇOCUK YAYINLARI,5 / 5 (8 oy),40,2,1,3,"295,00",06.03.2014,TÜRKÇE,608,Karton Kapak,13.5 x 21 cm,Kitap Kağıdı,39,4
"FuzuliHayatı, Eserleri, Şiiri",Kitap > Edebiyat > İnceleme,Mahmut Kaplan,LEJAND,5 / 5 (3 oy),75,5,0,2,"130,00",25.02.2021,TÜRKÇE,120,Karton Kapak,13 x 19.5 cm,Kitap Kağıdı,211,2
Alfred Kropp’un Olağanüstü Maceraları,Kitap > Edebiyat > Roman (Çeviri),Rick Yancey,PEGASUS  ÇOCUK YAYINLARI,4 / 5 (18 oy),223,18,1,9,"250,00",18.07.2017,TÜRKÇE,336,Karton Kapak,13.5 x 21 cm,Kitap Kağıdı,122,8
Mars Tanrıları / John Carter II,Kitap > Edebiyat > Bilimkurgu-Fantazya,Edgar Rice Burroughs,FİHRİST KİTAP,5 / 5 (9 oy),102,20,1,10,"379,50",11.01.2023,TÜRKÇE,280,Karton Kapak,13 x 19.5 cm,Kitap Kağıdı,163,4
Algoritmaların Kara Kutusu Üzerine Düşünmekİletişim Çalışmaları Perspektifinden Kavramsal Tartışmalar,Kitap > Bilim & Mühendislik > Diğer,Elif Karakoç Keskin,SARMAL KİTABEVİ,Puan Yok,17,1,0,1,"240,00",15.02.2024,TÜRKÇE,271,Karton Kapak,13.5 x 19.5 cm,Kitap Kağıdı,38,0
Osmanlı ve Kapitalizm,Kitap > Başvuru Kitapları > Diğer,Süleyman Eryiğit,Mİ YAYINLARI,Puan Yok,16,0,0,0,"790,00",23.01.2024,TÜRKÇE,524,Karton Kapak,13 x 20 cm,Kitap Kağıdı,31,0
Babanzade Ahmed Naim Ailesi ve İlmi Kişiliği (Ciltli),Kitap > İslam > Tarih,Abdullah Çelik,DİVAN KİTAP,Puan Yok,25,0,0,0,"800,00",14.01.2023,TÜRKÇE,484,Ciltli,16 x 24 cm,Kitap Kağıdı,9,0
Mutlu EmpatHassas İnsanlar İçin Hayatta Kalma Rehberi,Kitap > Kişisel Gelişim,Christine Rose Elle,SAY YAYIN GRUBU-KAMPANYA,Puan Yok,36,2,0,1,"275,00",25.10.2023,TÜRKÇE,120,Karton Kapak,13.5 x 21 cm,Kitap Kağıdı,36,0
Hain / İhanet Üçlemesi 2,Kitap > Edebiyat > Roman (Çeviri),Ursula Poznanski,PEGASUS YAYINLARI,5 / 5 (13 oy),81,9,0,17,"299,00",17.04.2017,TÜRKÇE,408,Karton Kapak,13.5 x 21 cm,Kitap Kağıdı,146,6
Layemut,Kitap > Edebiyat > Roman (Yerli),Gökhan Yılmaz,MOTTO,1 / 5 (1 oy),15,3,0,1,"349,00",06.08.2020,TÜRKÇE,220,Karton Kapak,13.5 x 21 cm,Kitap Kağıdı,29,1
Güneş,Kitap > Edebiyat > Roman (Çeviri) > Kitap > Orijinal Dil > İngilizce,Catherine Fisher,PEGASUS  ÇOCUK YAYINLARI,4 / 5 (9 oy),116,7,1,14,"299,00",15.05.2014,TÜRKÇE,400,Karton Kapak,13.5 x 21 cm,Kitap Kağıdı,92,2
Normalleşme SancısıAçılım’dan Çözüm Sürecine Kürt Meselesi (2008 – 2015),Kitap > Siyaset > Aktüel Siyaset > Kitap > Siyaset > Etnik Sorunlar > Kitap > Siyaset > Araştırma-İnceleme,Taha Özhan,ÖZGÜR YAYINLARI KAMPANYA,4 / 5 (3 oy),29,2,0,3,"50,00",19.06.2015,TÜRKÇE,272,Karton Kapak,13.5 x 21 cm,Kitap Kağıdı,59,0
Kayıp Ağaçlar Adası,Kitap > Edebiyat > Roman (Yerli),Elif Şafak,DOĞAN KİTAP,5 / 5 (203 oy),3.787,276,45,476,"440,00",21.07.2023,TÜRKÇE,408,Karton Kapak,13.5 x 19.5 cm,Kitap Kağıdı,9353,141
Sazlar ve Çamur,Kitap > Edebiyat > Roman (Çeviri),Vicente Blasco Ibanez,DEDALUS KİTAP,5 / 5 (9 oy),125,11,0,8,"260,00",20.02.2023,TÜRKÇE,252,Karton Kapak,13 x 20 cm,Kitap Kağıdı,301,4
Bu Topraklarda Biyoloji Eğitiminin ve Biliminin Öyküsü,Kitap > Bilim & Mühendislik > Diğer,Ali Demirsoy,SARMAL KİTABEVİ,Puan Yok,57,2,0,2,"250,00",18.04.2023,TÜRKÇE,160,Karton Kapak,13.5 x 21 cm,Kitap Kağıdı,43,0
Kırık Kalpler Atölyesi,Kitap > Edebiyat > Deneme (Yerli),Bilal Civelek,YEDİVEREN YAYIN GRUBU - KAMPANYA,5 / 5 (2 oy),33,4,0,1,"195,00",11.11.2022,TÜRKÇE,240,Karton Kapak,13.5 x 19.5 cm,Kitap Kağıdı,34,0
Tarladan Turneye,Kitap > Edebiyat > Biyografi-Otobiyografi,İbrahim Koç,YEDİVEREN YAYIN GRUBU - KAMPANYA,Puan Yok,2,1,0,1,"233,00",26.10.2023,TÜRKÇE,264,Karton Kapak,13.5 x 19.5 cm,Kitap Kağıdı,15,0
Başlangıçta Eğitim Vardı !,Kitap > Eğitim > Rehber Kitaplar,Alice Miller,ARİON YAYINLARI,5 / 5 (34 oy),1.111,41,7,23,"480,00",09.08.2025,TÜRKÇE,326,Karton Kapak,13.5 x 19.5 cm,Kitap Kağıdı,778,18
Kısaca Paris,Kitap > Tarih > Araştırma-İnceleme,Eric Hazan,SAY YAYIN GRUBU-KAMPANYA,5 / 5 (2 oy),93,9,0,3,"500,00",16.12.2022,TÜRKÇE,488,Karton Kapak,13.5 x 21 cm,Kitap Kağıdı,77,2
Pandora'nın Reçetesi,Kitap > Edebiyat > Roman (Çeviri) > Kitap > Orijinal Dil > İngilizce,James Sheridan,PİNHAN YAYINCILIK-KAMPANYA,5 / 5 (26 oy),175,10,1,19,"670,00",24.04.2014,TÜRKÇE,480,Karton Kapak,13.5 x 21.5 cm,Kitap Kağıdı,188,14
Aşka Teslim,Kitap > Edebiyat > Roman (Çeviri) > Kitap > Orijinal Dil > İngilizce,Sophie Jordan,PEGASUS YAYINLARI,4 / 5 (46 oy),274,15,0,44,"269,00",12.02.2014,TÜRKÇE,304,Karton Kapak,13.5 x 21 cm,Kitap Kağıdı,369,14
Küresel Yer Markalaşması ve Türkiye,Kitap > Akademik > Siyaset İnceleme,Gözde Şahin,NET KİTAPLIK YAYINCILIK,5 / 5 (1 oy),12,0,0,0,"490,00",10.06.2022,TÜRKÇE,308,Karton Kapak,13 x 20 cm,Kitap Kağıdı,70,1
Hukuk Sosyolojisi,Kitap > Hukuk > Diğer > Kitap > Sosyoloji > Bilim,Max Weber,YARIN YAYINCILIK,4 / 5 (15 oy),340,17,1,5,"250,00",19.02.2016,TÜRKÇE,416,Karton Kapak,13.5 x 21 cm,Kitap Kağıdı,357,2
Her Dem Yeşil,Kitap > Edebiyat > Roman (Çeviri),Şim  Hun,FİHRİST KİTAP,5 / 5 (4 oy),100,6,0,2,"309,50",24.11.2022,TÜRKÇE,224,Karton Kapak,13 x 19.5 cm,Kitap Kağıdı,66,2
Hatırlasana,Kitap > Edebiyat > Roman (Yerli),Süleyman  Kurt,HAYY KİTAP - KAMPANYA,4 / 5 (51 oy),278,22,3,38,"150,00",02.04.2019,TÜRKÇE,136,Karton Kapak,13.5 x 21 cm,Kitap Kağıdı,514,17
Alevler,Kitap > Bilim & Mühendislik > Diğer,Olaf Stapledon,DEDALUS KİTAP,4 / 5 (4 oy),51,6,0,4,"140,00",23.06.2023,TÜRKÇE,94,Karton Kapak,13 x 20 cm,Kitap Kağıdı,166,1
Aforizmalar,Kitap > Edebiyat > Şiir (Çeviri),Oscar Wilde,SARMAL KİTABEVİ,Puan Yok,24,0,0,0,"190,00",28.03.2023,TÜRKÇE,168,Karton Kapak,13.5 x 21 cm,Kitap Kağıdı,22,0
Kadınlar Dünyayı Çalıyor SöylüyorKuramsal Yaklaşımlar ve Deneyimler Üzerine-2,Kitap > Akademik,Kolektif,DOĞU KİTABEVİ,Puan Yok,5,0,0,0,"507,00",18.01.2024,TÜRKÇE,184,Karton Kapak,16 x 23 cm,Kitap Kağıdı,98,0
Tanrıyla Monologlar,Kitap > İslam > Araştırma-İnceleme,Mustafa Akça,LEJAND,5 / 5 (2 oy),10,2,0,3,"98,00",18.11.2021,TÜRKÇE,70,Karton Kapak,13 x 19.5 cm,Kitap Kağıdı,166,1
Yürek Yüreğe,Kitap > Edebiyat > Şiir (Yerli),Fulya Uludağ,KUTLU YAYINEVİ,Puan Yok,1,0,0,0,"120,00",12.07.2017,TÜRKÇE,86,Karton Kapak,13.5 x 19.5 cm,Kitap Kağıdı,45,0
Kaçak Aşık,Kitap > Edebiyat > Roman (Çeviri),Elizabeth Hoyt,PEGASUS YAYINLARI,5 / 5 (23 oy),131,19,0,31,"299,00",14.01.2020,TÜRKÇE,352,Karton Kapak,13.5 x 21 cm,Kitap Kağıdı,391,14
Titreşimsel Ses Terapisi ile Şifa,Kitap > Kişisel Gelişim,Eileen Day McKusick,SAY YAYIN GRUBU-KAMPANYA,5 / 5 (1 oy),103,3,1,0,"400,00",13.02.2019,TÜRKÇE,288,Karton Kapak,13.5 x 21 cm,Kitap Kağıdı,95,1
Harika Başlangıç,Kitap > Edebiyat > Roman (Çeviri),Christina Lauren,PEGASUS YAYINLARI,4 / 5 (9 oy),139,8,1,24,"249,00",25.08.2021,TÜRKÇE,208,Karton Kapak,13.5 x 21 cm,Kitap Kağıdı,243,4
Suskun Kadın,Kitap > Edebiyat > Roman (Yerli),Ayşe Sökücü,TRUVA YAYINLARI,Puan Yok,5,0,0,3,"140,00",02.11.2021,TÜRKÇE,144,Karton Kapak,13.5 x 21 cm,Kitap Kağıdı,181,0
Resimdeki SözBalkan Naci İslimyeli'nin Yapıtına Bir Bakış,Kitap > Sanat > Resim,Nedret Öztokat Kılıçeri,SANAT KRİTİK YAYINCILIK,5 / 5 (2 oy),3,2,0,0,"1.550,00",29.04.2024,TÜRKÇE,192,Karton Kapak,16 x 24 cm,Kitap Kağıdı,95,0
Buyruğu Çiğnemek,Kitap > Edebiyat > Roman (Çeviri),Toson Şimazaki,FİHRİST KİTAP,5 / 5 (13 oy),76,11,1,9,"369,50",27.07.2022,TÜRKÇE,272,Karton Kapak,13 x 19.5 cm,Kitap Kağıdı,64,8
Karga Kız,Kitap > Edebiyat > Roman (Çeviri),Erik Axl Sund,PEGASUS YAYINLARI,4 / 5 (42 oy),331,37,4,48,"299,00",10.07.2018,TÜRKÇE,432,Karton Kapak,13.5 x 21 cm,Kitap Kağıdı,347,16
Belgesel Sinema Yazıları,Kitap > Sinema-Tiyatro > Senaryo (Yerli),Beril Ekşioğlu Sarılar,URZENİ,5 / 5 (1 oy),27,3,0,0,"270,00",16.11.2021,TÜRKÇE,257,Karton Kapak,13.5 x 21 cm,Kitap Kağıdı,29,0
Adım Adım Yaratıcı Yazarlık,Kitap > Başvuru Kitapları > Diğer,Can Akkiriş,DOĞU KİTABEVİ,4 / 5 (3 oy),68,4,1,1,"760,00",11.01.2023,TÜRKÇE,296,Karton Kapak,20 x 28 cm,Kitap Kağıdı,179,1
Hükümdar,Kitap > Edebiyat > Roman (Çeviri),Jean Gavr,TRUVA YAYINLARI,4 / 5 (7 oy),20,4,0,4,"460,00",14.09.2021,TÜRKÇE,592,Karton Kapak,13.5 x 21 cm,Kitap Kağıdı,29,1
Yeniden Büyük Amerika,Kitap > Siyaset > Bölgeler-Ülkeler,Donald J. Trump,PEGASUS YAYINLARI,4 / 5 (165 oy),560,106,12,80,"269,00",23.01.2017,TÜRKÇE,224,Karton Kapak,13.5 x 21 cm,Kitap Kağıdı,2333,69
Yalnız Kitap,Kitap > Edebiyat > Roman (Yerli),Orhan Tüleylioğlu,DESTEK YAYIN GRUBU-KAMPANYA,Puan Yok,1,0,0,0,"200,00",20.06.2023,TÜRKÇE,240,Karton Kapak,13.5 x 19.5 cm,Kitap Kağıdı,2,0
SymzonyaBir Keşif Yolculuğu,Kitap > Edebiyat > Bilimkurgu-Fantazya,Adam  Seaborn,FİHRİST KİTAP,5 / 5 (6 oy),34,7,2,7,"229,50",09.03.2022,TÜRKÇE,152,Karton Kapak,13 x 19.5 cm,Kitap Kağıdı,31,3
Basra'nın Şiîleşmesi,Kitap > Tarih > Araştırma-İnceleme,Ali Rıza Işın,LEJAND,Puan Yok,31,6,0,0,"230,00",11.10.2021,TÜRKÇE,228,Karton Kapak,13 x 19.5 cm,Kitap Kağıdı,148,0
Şarap Barı Teorisi,Kitap > Kişisel Gelişim,David Gilbertson,PEGASUS YAYINLARI,4 / 5 (62 oy),362,56,2,44,"249,00",07.11.2016,TÜRKÇE,128,Karton Kapak,12 x 17.8 cm,Kitap Kağıdı,1610,24
Diriliş / Amnezi Serisi 3,Kitap > Edebiyat > Roman (Çeviri) > Kitap > Edebiyat > Bilimkurgu-Fantazya,Jennifer Rush,PEGASUS YAYINLARI,5 / 5 (28 oy),186,29,0,46,"269,00",01.02.2017,TÜRKÇE,336,Karton Kapak,13.5 x 21 cm,Kitap Kağıdı,239,9
Ölüm UykusuSarıkamış Harekatı,Kitap > Tarih > Araştırma-İnceleme,Mehmet Işık,YEDİVEREN YAYIN GRUBU - KAMPANYA,5 / 5 (9 oy),52,0,0,8,"219,00",23.02.2021,TÜRKÇE,218,Karton Kapak,13.5 x 21 cm,Kitap Kağıdı,71,3
Yenilmiş Asilere Çiçek Verelim,Kitap > Edebiyat > Deneme (Yerli),Ahmet Özcan,YARIN YAYINCILIK,5 / 5 (3 oy),33,1,0,4,"210,50",17.12.2021,TÜRKÇE,229,Karton Kapak,13.5 x 21 cm,Kitap Kağıdı,53,1
Ben Çocukken,Kitap > Çocuk Kitapları > Hikaye,Müjdat Gezen,BİLGE KÜLTÜR SANAT,4 / 5 (19 oy),44,8,3,9,"120,00",01.01.2010,TÜRKÇE,72,Karton Kapak,13.5 x 19.5 cm,Kitap Kağıdı,200,3
Harika Piç,Kitap > Edebiyat > Roman (Çeviri) > Kitap > Orijinal Dil > İngilizce,Christina Lauren,PEGASUS YAYINLARI,4 / 5 (144 oy),651,39,3,192,"299,00",25.08.2014,TÜRKÇE,320,Karton Kapak,13.5 x 21 cm,Kitap Kağıdı,1106,38
Atatürk Milliyetçiliği,Kitap > Siyaset > Mustafa Kemal Atatürk > Kitap > Siyaset > Araştırma-İnceleme,Eriş Ülger,SARMAL KİTABEVİ,Puan Yok,34,0,0,0,"220,00",15.12.2023,TÜRKÇE,208,Karton Kapak,13.5 x 19.5 cm,Kitap Kağıdı,41,0
Şeytan'ın Kitabı,Kitap > Edebiyat > Roman (Çeviri),Michael Cordy,BİLGE KÜLTÜR SANAT,5 / 5 (20 oy),146,10,2,26,"320,00",18.11.2011,TÜRKÇE,368,Karton Kapak,13.5 x 21.5 cm,Kitap Kağıdı,245,10
Basının Gözünden İstanbul Teknik Üniversite’ne Dair Kısa Notlar (1944-1955),Kitap > Başvuru Kitapları > Diğer,Cüneyd Okay,DOĞU KİTABEVİ,Puan Yok,7,0,0,0,"351,00",10.05.2023,TÜRKÇE,110,Karton Kapak,19 x 28 cm,Kitap Kağıdı,14,0
İletişim KuramlarıGüç ve Etki Dinamiklerini Çözmek,Kitap > Kişisel Gelişim,Aybike Serttaş Ertike,URZENİ,5 / 5 (1 oy),20,1,2,0,"420,00",31.08.2023,TÜRKÇE,466,Karton Kapak,13.5 x 19.5 cm,Kitap Kağıdı,30,0
Dominant,Kitap > Edebiyat > Roman (Çeviri),Tara Sue Me,PEGASUS YAYINLARI,4 / 5 (43 oy),204,16,1,47,"299,00",22.08.2016,TÜRKÇE,488,Karton Kapak,12 x 19 cm,Kitap Kağıdı,362,5
Bu Öyküler Bitmedi,Kitap > Edebiyat > Hikaye (Yerli),Duygu Değirmenci,BANLİYÖ KİTAP,5 / 5 (3 oy),9,1,0,2,"166,00",10.06.2022,TÜRKÇE,160,Karton Kapak,13.5 x 19.5 cm,Kitap Kağıdı,199,2
Göçler ve Efsaneler / Kibele öyküleri 2,Kitap > Diğer > Mitoloji,Önder Kayhan,URZENİ,5 / 5 (3 oy),57,4,0,2,"240,00",22.01.2024,TÜRKÇE,210,Karton Kapak,13.5 x 21 cm,Kitap Kağıdı,21,1
ToscaOpera Klasikleri: 04,Kitap > Sanat > Diğer,Giacomo Puccini,FİHRİST KİTAP,5 / 5 (4 oy),30,4,1,2,"209,50",05.02.2024,TÜRKÇE,134,Karton Kapak,13 x 19.5 cm,Kitap Kağıdı,93,2
Mola,Kitap > Edebiyat > Roman (Yerli),Yaman Koray,DEDALUS KİTAP,5 / 5 (3 oy),30,2,0,4,"300,00",12.08.2022,TÜRKÇE,296,Karton Kapak,13 x 20 cm,Kitap Kağıdı,316,1
Evanjelizm ve Yeni Dünya Düzeni,Kitap > Felsefe-Düşünce > Diğer,Elif Arat Yıldız,URZENİ,4 / 5 (4 oy),63,5,0,4,"240,00",05.02.2019,TÜRKÇE,180,Karton Kapak,13.5 x 21 cm,Kitap Kağıdı,95,1
Bedenim,Kitap > Edebiyat > Biyografi-Otobiyografi,Emily Ratajkowski,DESTEK YAYIN GRUBU-KAMPANYA,Puan Yok,8,0,0,0,"230,00",17.11.2022,TÜRKÇE,216,Karton Kapak,13.5 x 21 cm,Kitap Kağıdı,5,0
Axolotl,Kitap > Edebiyat > Roman (Çeviri),Helena Hegemann,PEGASUS YAYINLARI,3 / 5 (54 oy),380,53,5,49,"249,00",17.10.2012,TÜRKÇE,208,Karton Kapak,13.5 x 21 cm,Kitap Kağıdı,1456,27
Gaspıralı İsmail Bey,Kitap > Siyaset > Biyografi-Otobiyografi,Cafer Seydahmed Kırımer,BİYOGRAFİ.NET,5 / 5 (1 oy),73,1,0,0,"300,00",06.12.2021,TÜRKÇE,272,Karton Kapak,13 x 19.5 cm,Kitap Kağıdı,98,1
Türkiye’de Halk Ağzından Derleme Sözlüğünün Ters Dizimi,Kitap > Başvuru Kitapları > Sözlük & İmla Kılavuzu,Dr. Ali Cin,ŞULE YAYINLARI - KAMPANYA,5 / 5 (1 oy),21,2,0,0,"840,00",05.10.2017,TÜRKÇE,711,Karton Kapak,16 x 24 cm,Kitap Kağıdı,19,0
Çocukluğumun Ak Saçları12 Eylül 1980’e  Yan Bakanlar,Kitap > Edebiyat > Anı (Hatırat),Billur C. Yılmazyiğit,URZENİ,5 / 5 (1 oy),14,3,0,1,"220,00",22.05.2019,TÜRKÇE,202,Karton Kapak,13.5 x 21 cm,Kitap Kağıdı,9,1
Kurt ve Kız,Kitap > Edebiyat > Roman (Yerli),Burçin Ergin,YEDİVEREN YAYIN GRUBU - KAMPANYA,Puan Yok,9,2,0,0,"150,00",16.10.2023,TÜRKÇE,160,Karton Kapak,13.5 x 19.5 cm,Kitap Kağıdı,10,0
Teorilerle SineanalizSosyolojik Psikanalitik Felsefe Sinema Çalışmaları,Kitap > Sinema-Tiyatro > Senaryo (Yerli),F. Neşe Kaplan,URZENİ,5 / 5 (1 oy),42,1,0,0,"440,00",07.12.2022,TÜRKÇE,427,Karton Kapak,13 x 20 cm,Kitap Kağıdı,39,0
Kapitalizm Nedir?Politik ve Toplumsal Bilginin ABC’si,Kitap > Ekonomi > Araştırma-İnceleme,Vladimir Buzuev,SARMAL KİTABEVİ,3 / 5 (1 oy),18,1,0,1,"220,00",20.05.2024,TÜRKÇE,199,Karton Kapak,13.5 x 19.5 cm,Kitap Kağıdı,27,1
Yeni Başlayanlar İçin Psikoloji,Kitap > Psikoloji > İnceleme,G. Neil Martin,SAY YAYIN GRUBU-KAMPANYA,4 / 5 (3 oy),120,5,1,3,"350,00",26.02.2020,TÜRKÇE,280,Karton Kapak,13.5 x 21 cm,Kitap Kağıdı,75,3
Sil Baştan,Kitap > Edebiyat > Roman (Çeviri) > Kitap > Diğer > Gençlik Kitapları > Edebiyat,Chelsea Fine,PEGASUS YAYINLARI,5 / 5 (13 oy),175,12,2,16,"299,00",20.08.2014,TÜRKÇE,352,Karton Kapak,13.5 x 21 cm,Kitap Kağıdı,140,3
Anlaşma,Kitap > Edebiyat > Roman (Çeviri),T.L.  Swan,MARTI YAYINLARI,5 / 5 (24 oy),271,24,0,58,"350,00",22.01.2024,TÜRKÇE,464,Karton Kapak,13.5 x 21 cm,Kitap Kağıdı,527,10
Akışkan Benlikler,Kitap > Akademik > Bilim,İrfan Cirit,NET KİTAPLIK YAYINCILIK,5 / 5 (3 oy),29,0,2,1,"605,00",03.08.2022,TÜRKÇE,392,Karton Kapak,13 x 20 cm,Kitap Kağıdı,112,2
Hayaletli Kasaba - Hayalet Dedektifleri Serisi,Kitap > Edebiyat > Hikaye (Yerli),Umut Çalışan,KENT KARDEŞ,5 / 5 (1 oy),20,1,1,10,"154,00",11.04.2025,TÜRKÇE,123,Karton Kapak,13.5 x 19.5 cm,Kitap Kağıdı,131,0
Büyülü Eşyalar Koleksiyoncusu,Kitap > Edebiyat > Bilimkurgu-Fantazya,Peren Ercan,KENT KİTAP,5 / 5 (12 oy),94,4,0,8,"254,00",24.01.2024,TÜRKÇE,243,Karton Kapak,13.5 x 19.5 cm,Kitap Kağıdı,195,4
İnsanlık Değişebilir mi?,Kitap > Kişisel Gelişim,Jiddu Krishnamurti,SAY YAYIN GRUBU-KAMPANYA,5 / 5 (2 oy),144,7,1,2,"350,00",03.07.2015,TÜRKÇE,240,Karton Kapak,13.5 x 21 cm,Kitap Kağıdı,104,1
Zor Zamanlar İçin Dharma,Kitap > Kişisel Gelişim,Stephen Cope,DESTEK YAYIN GRUBU-KAMPANYA,5 / 5 (1 oy),16,1,0,0,"280,00",06.09.2022,TÜRKÇE,304,Karton Kapak,13.5 x 21 cm,Kitap Kağıdı,16,1
Babama Anarşizmi Anlatıyorum,Kitap > Felsefe-Düşünce > Diğer,Thomas Déri,SAY YAYIN GRUBU-KAMPANYA,4 / 5 (1 oy),29,1,1,1,"300,00",07.12.2023,TÜRKÇE,200,Karton Kapak,13.5 x 21 cm,Kitap Kağıdı,21,0
Erkeğin Karanlık Yüzü,Kitap > Kültür > Antropoloji > Kitap > Psikoloji > İnceleme,Michael P. Ghiglieri,SİYASAL YAYIN GRUBU - KAMPANYA,5 / 5 (3 oy),147,7,0,1,"480,00",05.02.2003,TÜRKÇE,495,Karton Kapak,14 x 23.5 cm,3. Hm. Kağıt,101,2
Sefiller,Kitap > Edebiyat > Roman (Çeviri) > Kitap > Edebiyat > 100 Temel Eser,Victor Hugo,İSKELE YAYINCILIK,5 / 5 (205 oy),758,112,21,409,"235,00",01.11.2022,TÜRKÇE,400,Karton Kapak,13.5 x 19.5 cm,Kitap Kağıdı,3564,109
Katalonya’ya Selam,Kitap > Edebiyat > Roman (Çeviri),George Orwell,SARMAL KİTABEVİ,5 / 5 (2 oy),25,1,0,2,"270,00",28.03.2023,TÜRKÇE,254,Karton Kapak,13.5 x 21 cm,Kitap Kağıdı,29,0
Beni Öldürmeyen Şey,Kitap > Edebiyat > Şiir (Yerli),Gizem Bilkay,EPONA KİTAP,4 / 5 (4 oy),17,3,0,4,"158,00",03.05.2024,TÜRKÇE,58,Karton Kapak,12.5 x 19.5 cm,Kitap Kağıdı,303,3
Annemin Çocukluğunu Kim Yedi ?,Kitap > Eğitim > Annelik-Babalık-Aile,Oya Akbaş,YEDİVEREN YAYIN GRUBU - KAMPANYA,Puan Yok,42,0,0,0,"194,00",19.11.2020,TÜRKÇE,232,Karton Kapak,13.5 x 19.5 cm,Kitap Kağıdı,30,0
Kısa Büyü ve Gizem Tarihi,Kitap > Edebiyat > Roman (Çeviri),Alfred Thompson,LİBERUS,5 / 5 (4 oy),151,5,0,0,"200,00",29.03.2023,TÜRKÇE,150,Karton Kapak,13 x 19.5 cm,Kitap Kağıdı,219,0
Türk Dünyasının Bayramı Yeni Gün (Nevruz),Kitap > Kültür > Genel > Kitap > Kültür > Kültür Tarihi,Ramazan Karaman,BİLGE KÜLTÜR SANAT,4 / 5 (3 oy),45,2,1,1,"185,00",21.03.2014,TÜRKÇE,256,Karton Kapak,12.5 x 19.5 cm,Kitap Kağıdı,41,0
İnkar / Avalon'un Okçuları 3,Kitap > Edebiyat > Roman (Çeviri) > Kitap > Orijinal Dil > İngilizce,Chelsea Fine,PEGASUS YAYINLARI,5 / 5 (6 oy),51,7,0,5,"249,00",09.10.2015,TÜRKÇE,384,Karton Kapak,13.5 x 21 cm,Kitap Kağıdı,45,1
Kafka'nın BöceğiTersine Metamorfozun Mitolojik Öyküsü,Kitap > Edebiyat > Roman (Yerli),Selçuk Alkan,KENT KİTAP,5 / 5 (2 oy),9,0,0,2,"129,00",11.05.2023,TÜRKÇE,154,Karton Kapak,13.5 x 19.5 cm,Kitap Kağıdı,73,0
Tıp ve Din,Kitap > İslam > Araştırma-İnceleme,Ümit  Özdemir,HAYY KİTAP - KAMPANYA,4 / 5 (7 oy),96,5,1,5,"150,00",25.01.2021,TÜRKÇE,104,Karton Kapak,13.5 x 21 cm,Kitap Kağıdı,144,4
Bizden Masallar,Kitap > Edebiyat > Diğer,Veysel Dinler,ALAN YAYINCILIK,Puan Yok,3,0,0,0,"364,00",10.03.2023,TÜRKÇE,285,Karton Kapak,13.5 x 19.5 cm,Kitap Kağıdı,143,0
Aforizmalar,Kitap > Felsefe-Düşünce > Felsefe Metinleri,Franz Kafka,İSKELE YAYINCILIK,5 / 5 (17 oy),462,14,3,44,"110,00",07.06.2023,TÜRKÇE,144,Karton Kapak,13.5 x 19.5 cm,Kitap Kağıdı,697,8
Sahte Nişanlı,Kitap > Edebiyat > Roman (Çeviri) > Kitap > Orijinal Dil > İngilizce,Cara Elliott,PEGASUS YAYINLARI,4 / 5 (20 oy),118,9,0,22,"299,00",20.10.2015,TÜRKÇE,336,Karton Kapak,13.5 x 21 cm,Kitap Kağıdı,164,6
Issızlığın Ortasında,Kitap > Edebiyat > Roman (Çeviri),Stef Penney,BİLGE KÜLTÜR SANAT,4 / 5 (13 oy),72,9,1,10,"350,00",01.04.2010,TÜRKÇE,448,Karton Kapak,13.5 x 21.5 cm,Kitap Kağıdı,108,6
Kum Şehri,Kitap > Edebiyat > Roman (Çeviri) > Kitap > Orijinal Dil > İngilizce,Anna Carey,PEGASUS YAYINLARI,5 / 5 (12 oy),137,8,0,12,"269,00",10.03.2015,TÜRKÇE,320,Karton Kapak,13.5 x 21 cm,Kitap Kağıdı,77,1
İki Aynalı Ev,Kitap > Edebiyat > Roman (Yerli),Yasemin Talaz Bayraktaroğlu,BANLİYÖ KİTAP,5 / 5 (2 oy),8,1,1,3,"98,00",20.01.2023,TÜRKÇE,72,Karton Kapak,12 x 19.5 cm,Kitap Kağıdı,249,0
Şirince Meydan Muharebelerinin Mufassal Tarihçesi,Kitap > Edebiyat > Anı (Hatırat),Sevan Nişanyan,LİBERUS,5 / 5 (2 oy),53,3,0,3,"360,00",28.11.2023,TÜRKÇE,292,Karton Kapak,13 x 19.5 cm,Kitap Kağıdı,205,1
Güzel,Kitap > Edebiyat > Roman (Yerli),Ömer  Alkan,FİHRİST KİTAP,5 / 5 (5 oy),44,2,0,10,"139,50",19.03.2021,TÜRKÇE,76,Karton Kapak,13 x 19.5 cm,Kitap Kağıdı,188,5
Çağdaş Türkiye Tarihi,Kitap > Tarih > Türkiye,Antonello Biagini,SİYASAL YAYIN GRUBU - KAMPANYA,5 / 5 (16 oy),236,12,2,6,"210,00",25.09.2007,TÜRKÇE,148,Karton Kapak,14 x 21.5 cm,Kitap Kağıdı,196,5
Turtanın En Tatlı Yeri,Kitap > Edebiyat > Polisiye,Alan Bradley,PEGASUS YAYINLARI,4 / 5 (238 oy),536,188,20,189,"299,00",23.08.2016,TÜRKÇE,352,Karton Kapak,13.5 x 21 cm,Kitap Kağıdı,4379,126
Peggy Sue ve Hayaletler -4 / Büyülü Hayvanat Bahçesi,Kitap > Çocuk Kitapları > Roman > Kitap > Orijinal Dil > Fransızca,Serge Brussolo,PEGASUS  ÇOCUK YAYINLARI,4 / 5 (2 oy),14,3,0,5,"249,00",08.03.2014,TÜRKÇE,288,Karton Kapak,13.5 x 21 cm,Kitap Kağıdı,44,0
Aklımın Seyir Defteri,Kitap > Edebiyat > Roman (Yerli),D. Ali Gültekin,BİZİM KİTAPLAR YAYINEVİ,5 / 5 (1 oy),3,0,0,0,"175,00",18.11.2021,TÜRKÇE,148,Karton Kapak,13.5 x 21 cm,Kitap Kağıdı,3,1
Mülteci Chipo,Kitap > Edebiyat > Roman (Yerli),Erbil Erbige,KEDİDEDİ YAYINCILIK,5 / 5 (1 oy),7,0,0,1,"385,00",21.10.2024,TÜRKÇE,360,Karton Kapak,13.5 x 21 cm,Kitap Kağıdı,99,1
Aşk Yolculuğu,Kitap > Edebiyat > Roman (Yerli),Erol Kasırga,TRUVA YAYINLARI,5 / 5 (1 oy),32,0,0,0,"260,00",08.12.2021,TÜRKÇE,344,Karton Kapak,13.5 x 21 cm,Kitap Kağıdı,31,0
Erkekliğin DuruşmasıErkeklik ve Faşizm,Kitap > Sosyoloji > Araştırma-İnceleme,Salim Koçak,ALAN YAYINCILIK,5 / 5 (1 oy),11,1,0,0,"194,00",18.01.2024,TÜRKÇE,120,Karton Kapak,12.5 x 19.5 cm,Kitap Kağıdı,59,1
Mevlana’dan Masallar,Kitap > Çocuk Kitapları > Okul Öncesi > Masal,Bilgenur Çorlu,YEDİVEREN YAYIN GRUBU - KAMPANYA,5 / 5 (2 oy),34,0,0,1,"255,00",20.09.2019,TÜRKÇE,392,Karton Kapak,11.5 x 16 cm,Kitap Kağıdı,63,0
İletişim ve Kent,Kitap > Sosyoloji > Araştırma-İnceleme,Prof. Dr. Mukadder Çakır,URZENİ,Puan Yok,11,0,0,0,"180,00",02.09.2021,TÜRKÇE,119,Karton Kapak,13.5 x 21 cm,Kitap Kağıdı,12,0
Gargantua,Kitap > Edebiyat > Roman (Çeviri) > Kitap > Orijinal Dil > Fransızca,François Rabelais,SAY YAYIN GRUBU-KAMPANYA,4 / 5 (10 oy),130,6,0,9,"200,00",15.02.2010,TÜRKÇE,256,Karton Kapak,13.5 x 19.5 cm,Kitap Kağıdı,104,4
Köylülük ve KentlilikÖteki ve Ötekileştirme Bağlamında,Kitap > Sosyoloji > Araştırma-İnceleme,Zeynep Elif Tunç,URZENİ,5 / 5 (1 oy),32,2,0,0,"240,00",06.11.2020,TÜRKÇE,190,Karton Kapak,13 x 20 cm,Kitap Kağıdı,37,0
Güzergahın Gizemi,Kitap > Edebiyat > Roman (Yerli),Selçuk Alkan,KENT KİTAP,4 / 5 (69 oy),28,42,2,41,"359,00",11.05.2023,TÜRKÇE,383,Karton Kapak,13.5 x 19.5 cm,Kitap Kağıdı,456,32
Siyah MeşaleKapalı Kapının Ardı,Kitap > Edebiyat > Roman (Yerli),Dursun Kuveloğlu,Mİ YAYINLARI,5 / 5 (20 oy),8,3,3,4,"410,00",05.06.2023,TÜRKÇE,256,Karton Kapak,13 x 20 cm,Kitap Kağıdı,82,19
Enkaz,Kitap > Edebiyat > Roman (Yerli),Kahraman Tazeoğlu,YEDİVEREN YAYIN GRUBU - KAMPANYA,5 / 5 (9 oy),235,24,1,28,"195,00",08.11.2023,TÜRKÇE,208,Karton Kapak,13.5 x 19.5 cm,Kitap Kağıdı,585,10
Emanet Hikayeler,Kitap > Edebiyat > Hikaye (Yerli),Necip Tosun,DEDALUS KİTAP,5 / 5 (56 oy),186,37,4,46,"200,00",05.04.2023,TÜRKÇE,172,Karton Kapak,13 x 20 cm,Kitap Kağıdı,1146,19
Piku Nedir Bu?,Kitap > Çocuk Kitapları > Diğer,Didem Yıldız,MOTTO,Puan Yok,0,0,0,0,"276,00",01.04.2022,TÜRKÇE,48,Karton Kapak,14 x 21 cm,Kitap Kağıdı,34,0
Arka Kapının Şifreleri,Kitap > Spor > Genel,Ercan Taner,KRONOLOJİ YAYINLARI,5 / 5 (5 oy),27,4,0,3,"200,00",15.11.2022,TÜRKÇE,168,Karton Kapak,13.5 x 21 cm,Kitap Kağıdı,148,3
Tehlikeli Yemin,Kitap > Edebiyat > Roman (Çeviri),Abbi Glines,PEGASUS YAYINLARI,4 / 5 (23 oy),71,10,0,34,"249,00",14.06.2016,TÜRKÇE,272,Karton Kapak,13.5 x 21 cm,Kitap Kağıdı,124,9
Likit Ruh,Kitap > Edebiyat > Roman (Yerli),Saruhan Doğan,HAYY KİTAP - KAMPANYA,3 / 5 (2 oy),21,1,0,0,"150,00",26.06.2020,TÜRKÇE,256,Karton Kapak,13.5 x 21 cm,Kitap Kağıdı,34,2
Bütünsel Güzellik,Kitap > Kadın-Erkek > Güzellik-Bakım,Seda Sakacı,HAYY KİTAP - KAMPANYA,4 / 5 (15 oy),173,13,2,10,"175,00",22.01.2018,TÜRKÇE,144,Karton Kapak,15.5 x 23 cm,Kitap Kağıdı,255,7
Yüreğime Aşk Düştü,Kitap > Edebiyat > Roman (Çeviri) > Kitap > Orijinal Dil > İngilizce,Eloisa James,PEGASUS YAYINLARI,4 / 5 (41 oy),506,13,1,45,"299,00",02.04.2010,TÜRKÇE,480,Karton Kapak,13.5 x 21 cm,Kitap Kağıdı,530,31
Kazan Şarkiyatçılığı'nın Kaderi ( XX. Yüzyıl),Kitap > Tarih > Araştırma-İnceleme > Kitap > Kültür > Kültür Tarihi,Mirkasım Usmanov,YEDİTEPE YAYINEVİ-KAMPANYA,5 / 5 (33 oy),90,16,1,15,"120,00",15.05.2013,TÜRKÇE,120,Karton Kapak,13.5 x 21 cm,Kitap Kağıdı,318,13
Dolunay,Kitap > Edebiyat > Roman (Çeviri) > Kitap > Orijinal Dil > İngilizce,Andrea Cremer,PEGASUS YAYINLARI,5 / 5 (14 oy),156,7,0,9,"299,00",17.09.2013,TÜRKÇE,416,Karton Kapak,13.5 x 21 cm,Kitap Kağıdı,87,5
Sonbahar Tılsımı,Kitap > Diğer > Gençlik Kitapları > Edebiyat,Bella Thorne,PEGASUS YAYINLARI,4 / 5 (78 oy),240,58,1,67,"249,00",04.05.2016,TÜRKÇE,232,Karton Kapak,13.5 x 21 cm,Kitap Kağıdı,1480,34
Seni Özlüyorum,Kitap > Edebiyat > Roman (Çeviri),Louise Douglas,PEGASUS YAYINLARI,5 / 5 (4 oy),70,9,0,13,"299,00",11.05.2016,TÜRKÇE,344,Karton Kapak,13.5 x 21 cm,Kitap Kağıdı,62,0
Zoraki RahibeSezarların Yönettiği Roma’dan Bir Hikaye,Kitap > Edebiyat > Roman (Çeviri),Edward Lucas White,DEDALUS KİTAP,5 / 5 (3 oy),69,3,0,2,"320,00",16.02.2021,TÜRKÇE,322,Karton Kapak,13 x 20 cm,Kitap Kağıdı,183,1
Erkeklerin İç Sesi,Kitap > Edebiyat > Deneme (Yerli),Çağrı Taner,HAYY KİTAP - KAMPANYA,2 / 5 (155 oy),266,54,5,43,"150,00",23.01.2019,TÜRKÇE,136,Karton Kapak,13.5 x 21 cm,Kitap Kağıdı,935,13
Beklenmeyen Misafir,Kitap > Edebiyat > Roman (Yerli),İsmet Gülseçgin,URZENİ,Puan Yok,12,1,0,0,"320,00",09.12.2020,TÜRKÇE,420,Karton Kapak,14 x 22 cm,Kitap Kağıdı,69,0
Oyunların Dijital Hali 2,Kitap > Hobi > Oyunlar > Kitap > Akademik > Bilim,Özge Uğurlu Akbaş,URZENİ,Puan Yok,15,0,0,1,"270,00",21.06.2023,TÜRKÇE,360,Karton Kapak,13.5 x 19.5 cm,Kitap Kağıdı,52,0
Osmanlı'nın Kanlı Tarihi,Kitap > Tarih > Araştırma-İnceleme,İsmail Metin,SARMAL KİTABEVİ,4 / 5 (6 oy),60,5,0,2,"400,00",04.07.2022,TÜRKÇE,422,Karton Kapak,13 x 20 cm,Kitap Kağıdı,69,2
Teoride ve Uygulamada Yerel Yönetim 4.0,Kitap > Akademik > Siyaset İnceleme,Oktay Saral,HAYY KİTAP - KAMPANYA,5 / 5 (1 oy),25,3,0,1,"100,00",19.03.2020,TÜRKÇE,144,Karton Kapak,15.5 x 23 cm,Kitap Kağıdı,48,1
Doğmadan Ölenler,Kitap > Edebiyat > Roman (Yerli),Halit Yazıcı,KURMACA AKADEMİ,Puan Yok,10,2,0,0,"206,50",22.02.2021,TÜRKÇE,360,Karton Kapak,12.5 x 19.5 cm,Kitap Kağıdı,133,0
Kongo Blues,Kitap > Edebiyat > Roman (Çeviri),Jonathan Robijn,EPONA KİTAP,4 / 5 (2 oy),36,1,0,2,"256,00",05.10.2022,TÜRKÇE,200,Karton Kapak,12 x 19.5 cm,Kitap Kağıdı,84,1
Punk DüşünYaratıcı Düşüncenin Yeni Şekli,Kitap > Felsefe-Düşünce > Diğer,Ecequıel Barricart,DESTEK YAYIN GRUBU-KAMPANYA,5 / 5 (1 oy),53,0,0,1,"160,00",18.04.2020,TÜRKÇE,136,Karton Kapak,13.5 x 21 cm,Kitap Kağıdı,6,0
Türk Sinemasında Ölüm,Kitap > Sinema-Tiyatro > Senaryo (Yerli),Cangül Akdaş,URZENİ,5 / 5 (1 oy),50,4,0,1,"350,00",24.06.2022,TÜRKÇE,289,Karton Kapak,13.5 x 21 cm,Kitap Kağıdı,46,0
PythagorasBüyük Düşünürlerden Yaşam Bilgeliği,Kitap > Felsefe-Düşünce > Diğer,Turgut Özgüney,DESTEK YAYIN GRUBU-KAMPANYA,Puan Yok,17,1,0,0,"210,00",12.01.2023,TÜRKÇE,208,Karton Kapak,13.5 x 21 cm,Kitap Kağıdı,3,0
O'nun Yolunda Biz,Kitap > İslam > Tasavvuf,Tufan Gündüz,YEDİTEPE YAYINEVİ-KAMPANYA,4 / 5 (82 oy),344,49,6,60,"150,00",05.04.2019,TÜRKÇE,144,Karton Kapak,13.5 x 21 cm,Kitap Kağıdı,872,30
İncir Tadında İyilik Öyküleri,Kitap > Edebiyat > Antoloji-Derleme,Kolektif,TİMAŞ YAYINLARI,4 / 5 (57 oy),92,15,6,46,"155,00",15.04.2022,TÜRKÇE,312,Karton Kapak,13.5 x 21 cm,Kitap Kağıdı,391,25
Zamanın Tekerleği,Kitap > Edebiyat > Roman (Çeviri),Aleksandr İvanoviç Kuprin,DEDALUS KİTAP,5 / 5 (6 oy),83,5,1,5,"140,00",05.11.2021,TÜRKÇE,100,Karton Kapak,13 x 20 cm,Kitap Kağıdı,236,4
Güzel Ölüler Serisi Takım Set (3 Kitap),Kitap > Edebiyat > Roman (Çeviri),Eden Maguire,PEGASUS YAYINLARI,5 / 5 (8 oy),293,10,2,8,"747,00",31.01.2020,TÜRKÇE,824,Karton Kapak,13.5 x 21 cm,Kitap Kağıdı,155,5
Aşkın Kırk Hali,Kitap > Edebiyat > Deneme (Yerli),40'lar Kulübü,40'LAR KULÜBÜ,5 / 5 (2 oy),20,2,0,2,"99,00",23.05.2022,TÜRKÇE,128,Karton Kapak,13.5 x 21 cm,Kitap Kağıdı,9,1
Kehribar Dumanı / Firar (Birinci Kitap),Kitap > Edebiyat > Bilimkurgu-Fantazya,Kristin Cast,PEGASUS YAYINLARI,4 / 5 (28 oy),236,20,0,20,"249,00",12.10.2017,TÜRKÇE,272,Karton Kapak,13.5 x 2 cm,Kitap Kağıdı,204,6
Öksüz VatanKeşke Hiç Böyle Olmasaydı!,Kitap > Siyaset > Araştırma-İnceleme,Prof. Dr. Doğan Aydal,MOTTO,4 / 5 (2 oy),14,5,0,1,"334,00",25.09.2023,TÜRKÇE,228,Karton Kapak,13.5 x 21 cm,Kitap Kağıdı,97,1
Yabancılar ve Ötekiler,Kitap > Edebiyat > Hikaye (Yerli),Demet Eker,EPONA KİTAP,5 / 5 (2 oy),19,4,0,6,"165,00",28.11.2024,TÜRKÇE,104,Karton Kapak,12.5 x 19.5 cm,Kitap Kağıdı,677,3
Acı Gülüş,Kitap > Edebiyat > Roman (Yerli),Hüseyin Rahmi Gürpınar,KAPRA YAYINCILIK,5 / 5 (67 oy),551,62,7,61,"70,00",13.01.2021,TÜRKÇE,390,Karton Kapak,12.5 x 19.5 cm,Kitap Kağıdı,1374,25
Zehra Güneş / Geçilmeyen Duvar,Kitap > Spor > Biyografi,Can Eren,PETA KİTAP YAYINCILIK,Puan Yok,23,3,0,4,"135,00",22.07.2024,TÜRKÇE,120,Karton Kapak,13.5 x 19.5 cm,Kitap Kağıdı,89,1
Annem Bir Şizofren,Kitap > Psikoloji > İnceleme,Claire Phillips,SAY YAYIN GRUBU-KAMPANYA,5 / 5 (1 oy),74,6,0,1,"250,00",02.01.2024,TÜRKÇE,224,Karton Kapak,13.5 x 21 cm,Kitap Kağıdı,47,0
Skinny Bitch Mutfakta,Kitap > Hobi > Yeme-İçme,Rory Freedman,PEGASUS YAYINLARI,3 / 5 (25 oy),270,23,8,24,"249,00",15.08.2008,TÜRKÇE,176,Karton Kapak,13.54 x 21 cm,Kitap Kağıdı,722,14
Gerginlik Toplumu,Kitap > Akademik > Psikoloji,İhsan Kurt,NET KİTAPLIK YAYINCILIK,Puan Yok,27,0,1,2,"340,00",03.01.2023,TÜRKÇE,200,Karton Kapak,13 x 20 cm,Kitap Kağıdı,10,0
Greklerde Eğitim Düşüncesi,Kitap > Eğitim > Diğer > Kitap > Felsefe-Düşünce > Genel,Thomas Davidson,SAY YAYIN GRUBU-KAMPANYA,5 / 5 (1 oy),83,4,0,0,"300,00",29.08.2008,TÜRKÇE,255,Karton Kapak,13.5 x 19.5 cm,Kitap Kağıdı,52,1
"Güneş, Ay ve Yıldızlardan Öyküler",Kitap > Edebiyat > Hikaye (Çeviri),Richard Erdoes,URZENİ,5 / 5 (1 oy),11,2,0,1,"170,00",17.10.2022,TÜRKÇE,114,Karton Kapak,13.5 x 19.5 cm,Kitap Kağıdı,11,0
Paşa'nın SofracısıPembe Köşk'te Üç Yıl,Kitap > Tarih > Araştırma-İnceleme,İhsan Aydın,USÛL YAYINLARI,5 / 5 (5 oy),42,2,0,4,"180,00",06.01.2023,TÜRKÇE,128,Karton Kapak,13.5 x 21 cm,Kitap Kağıdı,127,4
Günahkar,Kitap > Edebiyat > Roman (Çeviri),Maggie Stiefvater,PEGASUS YAYINLARI,4 / 5 (13 oy),109,11,0,9,"299,00",07.04.2017,TÜRKÇE,384,Karton Kapak,13.5 x 21 cm,Kitap Kağıdı,74,7
Mesaj / Novus II,Kitap > Edebiyat > Diğer,Erhan Kolbaşı,DESTEK YAYIN GRUBU-KAMPANYA,5 / 5 (3 oy),65,3,1,6,"250,00",22.08.2023,TÜRKÇE,288,Karton Kapak,13.5 x 21 cm,Kitap Kağıdı,274,3
Turgut ÖzalTürk Siyasal Hayatında Teknokrat Olarak,Kitap > Siyaset,Hazerfen Gültekin,URZENİ,5 / 5 (1 oy),18,1,0,1,"370,00",18.09.2023,TÜRKÇE,339,Karton Kapak,13.5 x 19.5 cm,Kitap Kağıdı,34,0
Hazretler SinemasıYeşilçam'ın Hazretli Filmleri,Kitap > Sinema-Tiyatro > Sinema-Genel,Bilal Yorulmaz,URZENİ,5 / 5 (2 oy),31,1,0,2,"350,00",02.02.2021,TÜRKÇE,386,Karton Kapak,13 x 20 cm,Kitap Kağıdı,35,0
Sığınamayanlar,Kitap > Edebiyat > Roman (Yerli),Aytekin Yılmaz,VADİ YAYINLARI,5 / 5 (2 oy),30,1,0,2,"330,00",06.04.2022,TÜRKÇE,256,Karton Kapak,13.5 x 21 cm,Kitap Kağıdı,97,1
Mozaik: Toplu Öyküler,Kitap > Edebiyat > Hikaye (Çeviri),Prosper Merimee,FİHRİST KİTAP,5 / 5 (1 oy),37,4,0,1,"174,50",10.05.2023,TÜRKÇE,108,Karton Kapak,13 x 19.5 cm,Kitap Kağıdı,153,0
İslam Öncesi Ortadoğu’da Eko-Politik Akıl,Kitap > Ekonomi > Tarih,Sedat Namdar,LEJAND,4 / 5 (3 oy),27,2,0,1,"250,00",27.03.2024,TÜRKÇE,298,Karton Kapak,13 x 19.5 cm,Kitap Kağıdı,104,2
Yanlış Yer Yanlış Zaman,Kitap > Edebiyat > Korku-Gerilim,Gillian Mcallister,OLİMPOS YAYINLARI,5 / 5 (92 oy),1.739,98,6,140,"320,00",15.03.2023,TÜRKÇE,384,Karton Kapak,13.5 x 21 cm,Kitap Kağıdı,2102,62
BIM-Yapı Bilgi Modellemesi (Building Information Modelling),Kitap > Bilgisayar > Diğer,Doç. Dr. Beliz Özorhon,ABAKÜS KİTAP - KAMPANYA,4 / 5 (6 oy),39,4,1,3,"200,00",02.05.2018,TÜRKÇE,152,Karton Kapak,16.5 x 24 cm,1. Hm. Kağıt,139,3
Komünizm ve Sol KorkusuAmerika Jusmat Kontrgerilla,Kitap > Siyaset > Kitap > Siyaset > Devlet,Süleyman Yağız,URZENİ,4 / 5 (2 oy),30,4,0,2,"400,00",19.07.2019,TÜRKÇE,354,Karton Kapak,14 x 22 cm,Kitap Kağıdı,78,0
Giyotin Takımı,Kitap > Edebiyat > Roman (Çeviri),Guillermo Arriaga,SİYASAL YAYIN GRUBU - KAMPANYA,Puan Yok,20,1,0,0,"230,00",05.11.2008,TÜRKÇE,164,Karton Kapak,13.5 x 19.5 cm,Kitap Kağıdı,15,1
Miyav! Yarın Yeni Bir Hayata Başlıyorum + Miyav! Kafayı mı Yediniz Siz? (2 Kitap Takım Set),Kitap > Çocuk Kitapları > Diğer,Gilles Legardinier,PEGASUS YAYINLARI,5 / 5 (28 oy),199,24,3,17,"598,00",31.01.2020,TÜRKÇE,720,Karton Kapak,13.5 x 21 cm,Kitap Kağıdı,334,12
Ölümsüz Cümleler,Kitap > Edebiyat > Polisiye,Polat Onat,FİHRİST KİTAP,5 / 5 (4 oy),41,0,0,10,"474,50",25.06.2021,TÜRKÇE,364,Karton Kapak,13 x 19.5 cm,Kitap Kağıdı,104,3
Şeffaf Toplum,Kitap > Felsefe-Düşünce > Felsefe Tarihi,Gianni Vattimo,SAY YAYIN GRUBU-KAMPANYA,5 / 5 (10 oy),120,5,2,6,"200,00",03.09.2012,TÜRKÇE,144,Karton Kapak,13.5 x 21 cm,Kitap Kağıdı,89,1
Hiçliğin Kıyısında,Kitap > Edebiyat > Roman (Yerli),Bahadır İçel,KANON KİTAP,Puan Yok,15,1,0,1,"175,00",29.07.2021,TÜRKÇE,179,Karton Kapak,12.5 x 19.5 cm,Kitap Kağıdı,12,0
Alev Alev,Kitap > Edebiyat > Roman (Çeviri),Kasey Michaels,PEGASUS YAYINLARI,4 / 5 (20 oy),213,3,0,20,"299,00",25.05.2012,TÜRKÇE,336,Karton Kapak,13.5 x 21 cm,Kitap Kağıdı,204,6
İslam'a Kırk Hayat,Kitap > İslam > Kişiler,40'lar Kulübü,40'LAR KULÜBÜ,4 / 5 (3 oy),23,3,0,2,"149,00",23.05.2022,TÜRKÇE,181,Karton Kapak,13.5 x 21 cm,Kitap Kağıdı,39,1
Sen Kim Olduğunu Zannediyorsun,Kitap > Kişisel Gelişim,Suat Güzey,YEDİVEREN YAYIN GRUBU - KAMPANYA,Puan Yok,4,0,0,0,"163,00",26.10.2023,TÜRKÇE,176,Karton Kapak,13.5 x 19.5 cm,Kitap Kağıdı,6,0
Türk-Amerikan İlişkileri,Kitap > Siyaset > Araştırma-İnceleme,Prof. Dr. Ozan Örmeci,URZENİ,5 / 5 (4 oy),37,3,1,2,"370,00",25.02.2021,TÜRKÇE,455,Karton Kapak,13.5 x 21 cm,Kitap Kağıdı,53,2
Evrim Yaşamı Nasıl Açıklar?,Kitap > Bilim & Mühendislik > Popüler Bilim,New Scientist,SAY YAYIN GRUBU-KAMPANYA,5 / 5 (1 oy),130,9,1,4,"400,00",14.10.2020,TÜRKÇE,296,Karton Kapak,13.5 x 21 cm,Kitap Kağıdı,75,0
Alfred Kropp: On Üçüncü Kafatası,Kitap > Edebiyat > Bilimkurgu-Fantazya,Rick Yancey,PEGASUS  ÇOCUK YAYINLARI,4 / 5 (15 oy),161,11,1,4,"250,00",05.01.2019,TÜRKÇE,320,Karton Kapak,13.5 x 21 cm,Kitap Kağıdı,85,3
50 Maddede Siyasi Cinayetler,Kitap > Tarih > Araştırma-İnceleme,Orhan Tüleylioğlu,DESTEK YAYIN GRUBU-KAMPANYA,5 / 5 (5 oy),78,7,1,4,"240,00",27.01.2020,TÜRKÇE,296,Karton Kapak,11.5 x 17.5 cm,Kitap Kağıdı,77,1
FemeiKadınlar,Kitap > Edebiyat > Roman (Çeviri),Mihail Sebastian,FİHRİST KİTAP,5 / 5 (2 oy),22,5,0,1,"219,50",01.07.2024,TÜRKÇE,144,Karton Kapak,13 x 19.5 cm,Kitap Kağıdı,30,0
Sözde AdamErkek Kılığındaki Bir Yılım,Kitap > Sosyoloji > Araştırma-İnceleme,Norah Vincent,FİHRİST KİTAP,5 / 5 (12 oy),204,23,2,13,"379,50",06.09.2023,TÜRKÇE,284,Karton Kapak,13 x 19.5 cm,Kitap Kağıdı,371,7
Aşk mısın Yağmur mu?,Kitap > Edebiyat > Şiir (Yerli),Serpil Yalçın,TRUVA YAYINLARI,Puan Yok,3,0,0,0,"165,00",09.03.2022,TÜRKÇE,168,Karton Kapak,13.5 x 21 cm,Kitap Kağıdı,138,0
Kısa İspanya TarihiAntik İberya’dan 20. Yüzyıla,Kitap > Tarih > Bölgeler-Ülkeler,Mary Platt Parmele,LİBERUS,3 / 5 (9 oy),331,22,1,9,"180,00",08.03.2023,TÜRKÇE,120,Karton Kapak,13 x 19.5 cm,Kitap Kağıdı,461,2
Kedi Bakımı / Çocuklar İçin,Kitap > Hobi > Hayvanlar,Katherine Starke,İLETİŞİM YAYINLARI KAMPANYA,5 / 5 (7 oy),78,4,0,2,"119,00",01.12.2015,TÜRKÇE,38,Karton Kapak,13 x 19.5 cm,Kuşe Kağıt,130,1
Larus,Kitap > Edebiyat > Roman (Yerli),Kaan Mumcuoğlu,MOTTO,3 / 5 (1 oy),9,1,1,1,"296,00",30.03.2022,TÜRKÇE,136,Karton Kapak,13.5 x 19.5 cm,Kitap Kağıdı,228,0
Sıradan Bir Katilin İtirafları,Kitap > Edebiyat > Roman (Yerli) > Kitap > Edebiyat > Polisiye,Polat Onat,KENT KİTAP,5 / 5 (4 oy),48,3,0,11,"158,50",02.05.2024,TÜRKÇE,137,Karton Kapak,13.5 x 19.5 cm,Kitap Kağıdı,96,3
Sürgün,Kitap > Edebiyat > Roman (Çeviri) > Kitap > Diğer > Gençlik Kitapları > Edebiyat > Kitap > Orijinal Dil > İngilizce,Lisa M. Stasse,PEGASUS YAYINLARI,4 / 5 (12 oy),216,25,0,22,"299,00",03.07.2015,TÜRKÇE,384,Karton Kapak,13.5 x 21 cm,Kitap Kağıdı,166,4
Uzaktan Eğitim Şart,Kitap > Başvuru Kitapları > Diğer,Burcu Aybat,ABAKÜS KİTAP - KAMPANYA,4 / 5 (7 oy),53,2,0,7,"165,00",12.06.2020,TÜRKÇE,128,Karton Kapak,13.5 x 19.5 cm,Kitap Kağıdı,223,5
Ya Biz  Ya Hiç,Kitap > Edebiyat > Diğer,Muhammet Recep Arar,HAYY KİTAP - KAMPANYA,4 / 5 (24 oy),169,22,2,20,"150,00",24.09.2018,TÜRKÇE,128,Karton Kapak,13.5 x 21 cm,Kitap Kağıdı,553,8
Toprak ve AteşRumi ve Şems,Kitap > Edebiyat > Roman (Yerli),Hüseyin Bal,KENT KİTAP,5 / 5 (1 oy),5,1,0,0,"251,00",13.12.2023,TÜRKÇE,366,Karton Kapak,13.5 x 19.5 cm,Kitap Kağıdı,73,0
Şiirlerin 40’ı Çıktı,Kitap > Edebiyat > Şiir (Yerli),Ahmet Şahin,ARİON YAYINLARI,Puan Yok,2,0,0,0,"200,00",27.01.2023,TÜRKÇE,60,Karton Kapak,13.5 x 21 cm,Kitap Kağıdı,23,0
Çöpe Giden YazılarEkonomi Yazıları,Kitap > Edebiyat > Diğer,Dr. Rüşdü Saraçoğlu,SİYAH KUĞU KAMPANYA,4 / 5 (5 oy),48,8,2,4,"150,00",11.01.2021,TÜRKÇE,364,Karton Kapak,13.5 x 21 cm,Kitap Kağıdı,216,3
Sur İçindeki Muhteşem Yaşamıyla İstanbul,Kitap > Başvuru Kitapları > Diğer > Kitap > İstanbul Kitapları > İnceleme,N. İlham Seyyale,BİZİM KİTAPLAR YAYINEVİ,5 / 5 (1 oy),49,3,0,3,"165,00",01.11.2021,TÜRKÇE,140,Karton Kapak,13.5 x 21 cm,Kitap Kağıdı,44,0
Keşif Uzayı,Kitap > Edebiyat > Roman (Çeviri),Alastair Reynolds,DEDALUS KİTAP,4 / 5 (1 oy),44,2,0,2,"600,00",20.02.2023,TÜRKÇE,632,Karton Kapak,13 x 20 cm,Kitap Kağıdı,152,0
Altın Küpü,Kitap > Edebiyat > Roman (Çeviri),James Stephens,DEDALUS KİTAP,5 / 5 (4 oy),64,8,1,3,"200,00",12.02.2021,TÜRKÇE,196,Karton Kapak,13 x 20 cm,Kitap Kağıdı,142,0
"Soytarılar, Dolandırıcılar, YaygaracılarYeni Sol Düşünürleri",Kitap > Felsefe-Düşünce > Diğer,Roger Scruton,FİHRİST KİTAP,5 / 5 (41 oy),711,62,9,28,"464,50",07.09.2023,TÜRKÇE,354,Karton Kapak,13 x 19.5 cm,Kitap Kağıdı,766,20
İyi Ki Varsın Allah’ım,Kitap > İslam > Araştırma-İnceleme,Adnan  Ünal,YEDİVEREN YAYIN GRUBU - KAMPANYA,5 / 5 (1 oy),19,0,0,0,"181,00",10.01.2024,TÜRKÇE,248,Karton Kapak,13.5 x 19.5 cm,Kitap Kağıdı,38,0
Avrupa Birliği’nin Batı Balkanlar Politikası,Kitap > Siyaset > Araştırma-İnceleme,Nergiz Başeğmez Bolaman,URZENİ,5 / 5 (1 oy),12,1,1,0,"320,00",09.11.2023,TÜRKÇE,376,Karton Kapak,13.5 x 19.5 cm,Kitap Kağıdı,19,0
Genç RönesansDijital Yaratıcıların Hayatta Kalma Rehberi,Kitap > Bilim & Mühendislik > Popüler Bilim,Mu Tunç,DESTEK YAYIN GRUBU-KAMPANYA,Puan Yok,1,0,0,0,"180,00",16.11.2021,TÜRKÇE,240,Karton Kapak,13.5 x 19.5 cm,Kitap Kağıdı,2,0
Yaşamın Kökeni,Kitap > Bilim & Mühendislik > Popüler Bilim,Peter M. Hoffmann,SAY YAYIN GRUBU-KAMPANYA,5 / 5 (13 oy),238,27,5,10,"400,00",12.03.2016,TÜRKÇE,352,Karton Kapak,13.5 x 21 cm,Kitap Kağıdı,255,6
Don Kişot,Kitap > Edebiyat > Hikaye (Çeviri),Miguel de Cervantes Saavedra,PETA KİTAP YAYINCILIK,5 / 5 (2 oy),47,8,0,6,"129,00",10.06.2023,TÜRKÇE,88,Karton Kapak,12.5 x 19.5 cm,Kitap Kağıdı,166,2
Madama ButterflyOpera Klasikleri: 09,Kitap > Sanat > Diğer,Giacomo Puccini,FİHRİST KİTAP,4 / 5 (1 oy),27,4,0,1,"194,50",03.04.2024,TÜRKÇE,124,Karton Kapak,13 x 19.5 cm,Kitap Kağıdı,42,0
Kriz Üçgeninde Türkiye Cilt 2,Kitap > Siyaset > Araştırma-İnceleme,Mehmet Hasgüler,URZENİ,5 / 5 (2 oy),14,3,0,1,"300,00",02.07.2020,TÜRKÇE,284,Karton Kapak,13.5 x 21 cm,Kitap Kağıdı,11,1
Barışa Övgü,Kitap > Edebiyat > Aforizma,Kolektif,FİHRİST KİTAP,5 / 5 (2 oy),51,2,0,1,"164,50",11.01.2023,TÜRKÇE,96,Karton Kapak,13 x 19.5 cm,Kitap Kağıdı,18,0
Faizsiz Bankacılıkta Mudarabe ve Kar,Kitap > İslam > Araştırma-İnceleme,Cemal Kalkan,İNSAN YAYINLARI,5 / 5 (3 oy),42,0,0,3,"285,00",09.02.2022,TÜRKÇE,294,Karton Kapak,13.5 x 21 cm,Kitap Kağıdı,80,3
Terör ve İstihbarat Seti (16 Kitap),Kitap > Siyaset > Araştırma-İnceleme,Kolektif,YENİYÜZYIL YAYINLARI,3 / 5 (2 oy),53,3,2,2,"3.920,00",03.12.2019,TÜRKÇE,4758,Karton Kapak,13.5 x 21 cm,Kitap Kağıdı,22,1
Aşkı Kalem Yazmaz ki Kitapta Bulasın,Kitap > İslam > Tasavvuf,Ferhat Atik,DESTEK YAYIN GRUBU-KAMPANYA,5 / 5 (1 oy),6,2,0,0,"280,00",29.08.2023,TÜRKÇE,296,Karton Kapak,13.5 x 21 cm,Kitap Kağıdı,14,0
Rosemary Sahili Serisi Takım Set (3 Kitap),Kitap > Edebiyat > Roman (Çeviri),Abbi Glines,PEGASUS YAYINLARI,5 / 5 (12 oy),221,14,2,10,"747,00",31.01.2020,TÜRKÇE,1248,Karton Kapak,13.5 x 21 cm,Kitap Kağıdı,268,7
Devrimi Kadınlar YaparAtatürk’ün Öncü Kadınları,Kitap > Tarih > Araştırma-İnceleme,Yaşar Gürsoy,DESTEK YAYIN GRUBU-KAMPANYA,5 / 5 (1 oy),13,2,0,0,"360,00",15.09.2022,TÜRKÇE,400,Karton Kapak,13.5 x 21 cm,Kitap Kağıdı,13,0
Bilgisayar Boti,Kitap > Çocuk Kitapları > Okul Öncesi > Masal,Yeşim Özen Açıl,ABAKÜS KİTAP - KAMPANYA,4 / 5 (4 oy),29,0,0,2,"85,00",15.05.2019,TÜRKÇE,24,Karton Kapak,22 x 22 cm,Kitap Kağıdı,83,1
İtaatkar,Kitap > Edebiyat > Roman (Çeviri),Tara Sue Me,PEGASUS YAYINLARI,4 / 5 (46 oy),150,23,2,73,"299,00",20.05.2016,TÜRKÇE,360,Karton Kapak,12 x 19 cm,Kitap Kağıdı,434,9
Vecihi HürkuşHayatı ve Havacılık Faaliyetleri,Kitap > Tarih > Araştırma-İnceleme,Hızır Türkkan Demirkazık,LEJAND,5 / 5 (6 oy),185,10,1,8,"210,00",08.05.2024,TÜRKÇE,238,Karton Kapak,13 x 19.5 cm,Kitap Kağıdı,790,4
"Modernlik Kehanetleri: Felsefe, Siyaset ve EstetikMarx, Baudelaire ve Dostoyevski’den Weber ve Benjamin’e",Kitap > Felsefe-Düşünce > Diğer,Fırat Mollaer,LEJAND,5 / 5 (7 oy),227,10,0,3,"299,00",13.07.2023,TÜRKÇE,352,Karton Kapak,13 x 19.5 cm,Kitap Kağıdı,324,1
Hürriyet KahramanıOhrili Eyüp Sabri Akgöl,Kitap > Siyaset > Siyaset Bilimi,Yavuz Selim Kaya,MAVİ GÖK YAYINLARI,5 / 5 (12 oy),83,4,0,15,"320,00",31.01.2024,TÜRKÇE,280,Karton Kapak,13.5 x 19.5 cm,Kitap Kağıdı,322,9
Sembolik Etkileşim,Kitap > Sosyoloji > Bilim,Dolunay Şenol,NET KİTAPLIK YAYINCILIK,5 / 5 (3 oy),28,4,0,5,"280,00",27.01.2023,TÜRKÇE,164,Karton Kapak,13.5 x 21 cm,Kitap Kağıdı,89,1
Dördüncü Kattaki Lunapark,Kitap > Edebiyat > Hikaye (Yerli),Erdem İçel,KANON KİTAP,4 / 5 (1 oy),8,0,1,2,"125,00",29.07.2021,TÜRKÇE,142,Karton Kapak,12.5 x 19.5 cm,Kitap Kağıdı,43,1
Firavun'dan Mata Hari'ye Entrikacılar ve Casuslar,Kitap > Siyaset > Kurumlar-Örgütler > Kitap > Siyaset > Siyasal Hayat (Dünya),Manfred Reitz,SİYASAL YAYIN GRUBU - KAMPANYA,5 / 5 (18 oy),186,13,1,7,"310,00",11.09.2009,TÜRKÇE,247,Karton Kapak,13.5 x 19.5 cm,Kitap Kağıdı,136,4
Küçük Tatlı Yalanlar,Kitap > Edebiyat > Roman (Çeviri) > Kitap > Orijinal Dil > İngilizce,Lauren Conrad,PEGASUS YAYINLARI,5 / 5 (4 oy),93,8,0,3,"269,00",27.02.2015,TÜRKÇE,320,Karton Kapak,13.5 x 21 cm,Kitap Kağıdı,47,1
Gizemli Mesajın Sırrı,Kitap > İslam > Araştırma-İnceleme,Uğur Bostan,MOTTO,Puan Yok,7,0,0,0,"294,00",04.10.2022,TÜRKÇE,98,Karton Kapak,13.5 x 19.5 cm,Kitap Kağıdı,66,0
80 Gün Serisi Takım Set (3 Kitap),Kitap > Edebiyat > Roman (Çeviri),Vina Jackson,PEGASUS YAYINLARI,4 / 5 (13 oy),391,24,1,8,"897,00",31.01.2020,TÜRKÇE,1024,Karton Kapak,13.5 x 21 cm,Kitap Kağıdı,464,6
"Tekrarlayan ÇatışmalarTürk[iye]-Yunan[istan] ve Türk[iye]-Ermeni[stan] İlişkilerinde Algı, Söylem, Siyasa",Kitap > Siyaset > Araştırma-İnceleme,Ayşe Küçük,OTORİTE YAYINLARI,5 / 5 (1 oy),26,2,0,0,"499,00",10.10.2023,TÜRKÇE,445,Karton Kapak,15 x 23 cm,Kitap Kağıdı,82,0
Maria ile Yunanistan,Kitap > Turizm-Gezi > Ülkeler,Maria Ekmekçioğlu,İNKILAP KİTABEVİ-KAMPANYA,5 / 5 (4 oy),49,3,0,6,"770,00",07.09.2017,TÜRKÇE,344,Karton Kapak,13.7 x 21.5 cm,Kuşe Kağıt,67,2
Dışarıda,Kitap > Edebiyat > Roman (Yerli),M. Safa Karataş,EPONA KİTAP,Puan Yok,10,1,0,3,"156,00",29.11.2021,TÜRKÇE,155,Karton Kapak,12.5 x 19.5 cm,Kitap Kağıdı,270,0
Pia Fraus,Kitap > Edebiyat > Şiir (Yerli),Veli Koçak,FİHRİST KİTAP,Puan Yok,14,5,0,4,"104,50",15.08.2023,TÜRKÇE,48,Karton Kapak,13 x 19.5 cm,Kitap Kağıdı,16,0
Altın Çiçeğin Sırrı,Kitap > Felsefe-Düşünce,Sevda Beytaş,SARMAL KİTABEVİ,5 / 5 (6 oy),25,5,0,2,"120,00",13.05.2022,TÜRKÇE,76,Karton Kapak,13.5 x 21 cm,Kitap Kağıdı,88,2
Kosova ve Makedonya Sinemasında Kadın Temsili,Kitap > Sinema-Tiyatro > Sinema-Genel,Sezer Salihi,URZENİ,Puan Yok,5,0,0,0,"220,00",02.01.2023,TÜRKÇE,185,Karton Kapak,13 x 20 cm,Kitap Kağıdı,8,0
Oyunların Dijital Hali,Kitap > Akademik > Bilim,Özge Uğurlu Akbaş,URZENİ,Puan Yok,43,3,0,2,"270,00",09.08.2021,TÜRKÇE,294,Karton Kapak,13.5 x 21 cm,Kitap Kağıdı,75,0
Ressam Hasan Gürpınar’ın Anıları,Kitap > Edebiyat > Anı (Hatırat),Ziya Şahin,BİYOGRAFİ.NET,Puan Yok,7,0,0,0,"263,50",07.01.2022,TÜRKÇE,272,Karton Kapak,13.5 x 19.5 cm,1. Hm. Kağıt,3,0
Eski Yunan'da BilimThales’ten Hıristiyanlığın Doğuşuna,Kitap > Bilim & Mühendislik > Popüler Bilim,G.E.R. Lloyd,SAY YAYIN GRUBU-KAMPANYA,5 / 5 (7 oy),269,13,0,4,"450,00",11.04.2022,TÜRKÇE,432,Karton Kapak,13.5 x 21 cm,Kitap Kağıdı,127,1
TacizKadınlar Azınca,Kitap > Edebiyat > Roman (Yerli),Ali Süha Uyar,SARMAL KİTABEVİ,5 / 5 (1 oy),18,2,0,2,"170,00",07.05.2021,TÜRKÇE,145,Karton Kapak,13.5 x 21 cm,Kitap Kağıdı,19,0
Bazı Tipler,Kitap > Eğlence-Mizah > Karikatür,Emirhan Perker,DESTEK YAYIN GRUBU-KAMPANYA,Puan Yok,13,0,0,1,"180,00",23.05.2020,TÜRKÇE,64,Karton Kapak,15 x 21 cm,Kitap Kağıdı,3,0
John Carter XI / Marslı John Carter,Kitap > Edebiyat > Bilimkurgu-Fantazya,Edgar Rice Burroughs,FİHRİST KİTAP,5 / 5 (9 oy),38,16,0,3,"239,50",27.10.2023,TÜRKÇE,160,Karton Kapak,13 x 19.5 cm,Kitap Kağıdı,223,3
Çatalhöyük Günleri / Kibele Öyküleri 1,Kitap > Diğer > Mitoloji,Önder Kayhan,URZENİ,5 / 5 (7 oy),77,3,1,7,"220,00",03.12.2020,TÜRKÇE,230,Karton Kapak,13 x 20 cm,Kitap Kağıdı,84,2
The Godfather Mitosu,Kitap > Sinema-Tiyatro > Sinema-Genel,Hakan Bilge,ŞULE YAYINLARI - KAMPANYA,5 / 5 (30 oy),135,27,4,28,"300,00",16.11.2015,TÜRKÇE,422,Karton Kapak,13.5 x 21 cm,Kitap Kağıdı,174,15
Kanlı Hesaplaşma,Kitap > Edebiyat > Roman (Çeviri) > Kitap > Edebiyat > Polisiye,David Lawrence,BİLGE KÜLTÜR SANAT,4 / 5 (16 oy),80,3,1,15,"285,00",07.08.2009,TÜRKÇE,336,Karton Kapak,13.5 x 21.5 cm,Kitap Kağıdı,138,8
Erkek HaklarıYa da Bir Kadının Rüyası,Kitap > Edebiyat > Bilimkurgu-Fantazya,Annie Denton Cridge,FİHRİST KİTAP,5 / 5 (8 oy),103,9,2,8,"194,50",09.08.2021,TÜRKÇE,124,Karton Kapak,13 x 19.5 cm,Kitap Kağıdı,230,6
Hayaller Gerçek Olunca,Kitap > Edebiyat > Roman (Çeviri) > Kitap > Orijinal Dil > İngilizce,Cathy Maxwell,PEGASUS YAYINLARI,4 / 5 (29 oy),161,12,0,40,"249,00",10.07.2015,TÜRKÇE,336,Karton Kapak,13.5 x 21 cm,Kitap Kağıdı,299,7
Tarzan’ın Dönüşü / Tarzan II,Kitap > Edebiyat > Bilimkurgu-Fantazya,Edgar Rice Burroughs,FİHRİST KİTAP,5 / 5 (3 oy),47,6,1,3,"404,50",13.01.2023,TÜRKÇE,302,Karton Kapak,13 x 19.5 cm,Kitap Kağıdı,103,2
Osmanlı Kimdir?Osmanlı Devleti'nde Tabiiyet Sorunu,Kitap > Tarih > Türk-Osmanlı,İbrahim Serbestoğlu,YEDİTEPE YAYINEVİ-KAMPANYA,5 / 5 (7 oy),132,6,0,4,"350,00",06.03.2014,TÜRKÇE,408,Karton Kapak,13.5 x 21 cm,Kitap Kağıdı,137,2
Şiir Defterinden Kırk Şair,Kitap > Edebiyat > Biyografi-Otobiyografi,40'lar Kulübü,40'LAR KULÜBÜ,5 / 5 (7 oy),65,6,0,5,"149,00",12.08.2016,TÜRKÇE,208,Karton Kapak,13.5 x 21 cm,Kitap Kağıdı,148,2
Radyo İçin Üç Oyun,Kitap > Sinema-Tiyatro > Oyun (Yerli),Mahmut Çetin,BİYOGRAFİ.NET,4 / 5 (3 oy),14,2,0,1,"100,00",20.02.2023,TÜRKÇE,110,Karton Kapak,13.5 x 19 cm,3. Hm. Kağıt,46,1
Sarhoş Martı,Kitap > Edebiyat > Roman (Yerli),Defne Morgül,KANON KİTAP,5 / 5 (2 oy),15,0,0,1,"125,00",29.07.2021,TÜRKÇE,127,Karton Kapak,12.5 x 19.5 cm,Kitap Kağıdı,61,0
SolidWorks 2018  (Eğitim Videolu),Kitap > Bilgisayar > Program Eğitimi,Arif Gök,ABAKÜS KİTAP - KAMPANYA,4 / 5 (4 oy),53,5,0,0,"275,00",04.07.2018,TÜRKÇE,203,Karton Kapak,16.5 x 24 cm,1. Hm. Kağıt,70,3
İnsan BirikimdirBir Genel Yayın Yönetmeninin Gözünden Yazma ve Okuma Deneyimi,Kitap > Edebiyat > İnceleme,Ertürk Akşun,DESTEK YAYIN GRUBU-KAMPANYA,4 / 5 (1 oy),8,1,0,0,"220,00",02.06.2022,TÜRKÇE,240,Karton Kapak,13.5 x 21 cm,Kitap Kağıdı,13,0
Şeytan Sinagog’u ve KabalaKutsal Sırrın Mistik Muhafızları,Kitap > Siyaset > Araştırma-İnceleme,Burak Çebi,SARMAL KİTABEVİ,5 / 5 (1 oy),50,5,0,0,"420,00",20.08.2024,TÜRKÇE,425,Karton Kapak,13.5 x 19.5 cm,Kitap Kağıdı,40,1
Satanizmle Mücadele El Kitabı,Kitap > İslam > Araştırma-İnceleme,Hakan Yılmaz Çebi,HAYY KİTAP - KAMPANYA,5 / 5 (14 oy),128,10,0,13,"150,00",13.02.2019,TÜRKÇE,136,Karton Kapak,13.5 x 21 cm,Kitap Kağıdı,241,7
İkilem,Kitap > Edebiyat > Roman (Çeviri) > Kitap > Orijinal Dil > İngilizce,Chelsea Fine,PEGASUS YAYINLARI,5 / 5 (9 oy),57,7,0,12,"299,00",20.02.2015,TÜRKÇE,472,Karton Kapak,13.5 x 21 cm,Kitap Kağıdı,71,2
Osmanlı Sırtında Kırk HançerErmeni Mezalimi,Kitap > Tarih > Araştırma-İnceleme > Kitap > Siyaset > Araştırma-İnceleme,40'lar Kulübü,40'LAR KULÜBÜ,5 / 5 (5 oy),45,4,0,3,"149,00",06.07.2022,TÜRKÇE,199,Karton Kapak,13.5 x 21 cm,Kitap Kağıdı,29,3
Spinoza’da Felsefi SağaltımFelsefi Danışmanlık,Kitap > Felsefe-Düşünce > Diğer,Ceylan Akcan,SARMAL KİTABEVİ,Puan Yok,20,0,0,4,"200,00",06.06.2024,TÜRKÇE,136,Karton Kapak,13.5 x 19.5 cm,Kitap Kağıdı,21,0
100 Temel Eser (Orta öğretim) 22 Kitap (Kutulu),Kitap > Çocuk Kitapları > Hikaye,Kolektif,İSKELE YAYINCILIK,Puan Yok,67,1,3,2,"3.970,00",Bilgi Yok,TÜRKÇE,Bilgi Yok,Karton Kapak,13.5 x 19.5 cm,Kitap Kağıdı,65,0
"Marksizim,Holografik Evren ve Yokoluş",Kitap > Felsefe-Düşünce > Diğer,Jakop  Roberts,NERKA GRUP,4 / 5 (4 oy),33,3,0,1,"250,00",29.03.2024,TÜRKÇE,158,Karton Kapak,13.5 x 19.5 cm,Kitap Kağıdı,20,1
Tehlikeli İçgüdü / Rosemary Sahili 2,Kitap > Edebiyat > Roman (Çeviri) > Kitap > Orijinal Dil > İngilizce,Abbi Glines,PEGASUS YAYINLARI,4 / 5 (27 oy),81,10,1,45,"249,00",20.10.2015,TÜRKÇE,272,Karton Kapak,13.5 x 21 cm,Kitap Kağıdı,130,9
Tarih Yazıları,Kitap > Tarih > Diğer > Kitap > Edebiyat > Anlatı,Veli Şirin,BİYOGRAFİ.NET,Puan Yok,8,2,0,0,"300,00",03.03.2021,TÜRKÇE,508,Karton Kapak,13.5 x 19.5 cm,1. Hm. Kağıt,11,0
Her Kalbe Bahar Gelir Ama Bazıları Çiçek Açar,Kitap > Edebiyat > Diğer,Ezgin Kılıç,DESTEK YAYIN GRUBU-KAMPANYA,5 / 5 (5 oy),432,28,1,14,"180,00",14.09.2020,TÜRKÇE,168,Karton Kapak,13.5 x 19.5 cm,Kitap Kağıdı,53,4
Modern Zamanlarda Aşk,Kitap > Edebiyat > Bilimkurgu-Fantazya,Aziz Ansari,PEGASUS YAYINLARI,4 / 5 (83 oy),203,64,4,58,"299,00",29.11.2016,TÜRKÇE,320,Karton Kapak,13.5 x 21 cm,Kitap Kağıdı,1487,36
Anarşizm,Kitap > Siyaset > Araştırma-İnceleme,Carissa Honeywell,LİBERUS,5 / 5 (7 oy),107,8,1,1,"240,00",02.05.2023,TÜRKÇE,202,Karton Kapak,13 x 19.5 cm,Kitap Kağıdı,197,1
Bir Eğitim Ülküsü Olarak Ruh Yüceliği,Kitap > Felsefe-Düşünce > Genel,Ahmet Aydoğan,SAY YAYIN GRUBU-KAMPANYA,5 / 5 (4 oy),84,4,0,1,"250,00",01.09.2010,TÜRKÇE,152,Karton Kapak,13.5 x 21 cm,Kitap Kağıdı,86,1
Eski Yunan ve Roma'da Yaşam,Kitap > Tarih > Sosyal Tarih > Kitap > Kültür > Arkeoloji,Horst Blanck,ARİON YAYINLARI,5 / 5 (6 oy),301,14,1,5,"400,00",14.08.2023,TÜRKÇE,254,Karton Kapak,13.5 x 19.5 cm,1. Hm. Kağıt,209,3
Birbirimize Her Şeyi Söyleyebilirdik,Kitap > Edebiyat > Anı (Hatırat),Judith Hermann,SİA KİTAP,4 / 5 (40 oy),2.207,103,8,51,"200,00",07.01.2025,TÜRKÇE,160,Karton Kapak,13.5 x 19.5 cm,Kitap Kağıdı,2240,19
Sihir Ateşi Serisi Takım Set (2 Kitap),Kitap > Edebiyat > Roman (Çeviri),Cate Tiernan,PEGASUS YAYINLARI,4 / 5 (22 oy),534,15,6,22,"598,00",31.01.2020,TÜRKÇE,896,Karton Kapak,13.5 x 21 cm,Kitap Kağıdı,460,11
Vegan Diyeti,Kitap > Sağlık-Tıp > Sağlıklı Beslenme-Diyet,Gamze Kaçar,URZENİ,Puan Yok,12,0,0,0,"220,00",19.09.2022,TÜRKÇE,210,Karton Kapak,11 x 17 cm,Kitap Kağıdı,34,0
Karanlık Tutkular,Kitap > Edebiyat > Bilimkurgu-Fantazya > Kitap > Orijinal Dil > İngilizce,Sherrilyn Kenyon,PEGASUS YAYINLARI,5 / 5 (31 oy),164,10,0,43,"299,00",22.11.2013,TÜRKÇE,480,Karton Kapak,13.5 x 21 cm,Kitap Kağıdı,205,12
Afrikalı Beş Müslüman Kölenin Hatıraları,Kitap > Tarih > Hatıralar,Muhammad A. Al-Ahari,PINAR YAYINLARI,5 / 5 (16 oy),158,13,0,10,"340,00",14.02.2019,TÜRKÇE,200,Karton Kapak,13.5 x 21 cm,Kitap Kağıdı,210,7
Korsakov,Kitap > Edebiyat > Roman (Çeviri),Eric Fottorino,PİNHAN YAYINCILIK-KAMPANYA,4 / 5 (11 oy),72,14,1,8,"380,00",12.03.2012,TÜRKÇE,232,Karton Kapak,13.5 x 21.5 cm,Kitap Kağıdı,91,3
Pastel Yalnızlıklar,Kitap > Edebiyat > Şiir (Yerli),İrem Turhan,FİHRİST KİTAP,Puan Yok,15,1,0,0,"139,50",21.09.2022,TÜRKÇE,76,Karton Kapak,13 x 19.5 cm,Kitap Kağıdı,21,0
Evernight Akademisi - Yıldız Avcısı,Kitap > Diğer > Gençlik Kitapları > Edebiyat > Kitap > Orijinal Dil > İngilizce,Claudia Gray,PEGASUS YAYINLARI,4 / 5 (7 oy),87,8,0,13,"269,00",11.12.2014,TÜRKÇE,312,Karton Kapak,13.5 x 21 cm,Kitap Kağıdı,58,0
Gülşen-i Raz Şerhi,Kitap > İslam > Tasavvuf,Hüseyin Bey,ATAÇ YAYINLARI - KAMPANYA,5 / 5 (3 oy),28,3,0,1,"140,00",31.12.2006,TÜRKÇE,179,Karton Kapak,13.5 x 21 cm,Kitap Kağıdı,70,1
Dünyanın Türkiye’ye İhtiyacı Var,Kitap > Siyaset > Diğer,Hasan Yıldırım,TRUVA YAYINLARI,5 / 5 (2 oy),12,1,0,1,"230,00",18.07.2023,TÜRKÇE,240,Karton Kapak,13.5 x 21 cm,Kitap Kağıdı,12,0
Sımsıcak,Kitap > Edebiyat > Roman (Çeviri),Kasey Michaels,PEGASUS YAYINLARI,4 / 5 (21 oy),247,3,0,24,"299,00",13.02.2012,TÜRKÇE,320,Karton Kapak,13.5 x 21 cm,Kitap Kağıdı,206,11
KokoroJapon İç Dünyasının İpuçları ve Yankıları,Kitap > Kişisel Gelişim,Lafcadio Hearn,SARMAL KİTABEVİ,Puan Yok,23,1,1,0,"270,00",20.08.2024,TÜRKÇE,255,Karton Kapak,13.5 x 19.5 cm,Kitap Kağıdı,16,0
Uygarlığın Seyir DefteriUygarlık Tarihi: Başlangıçtan 20. Yüzyıla,Kitap > Tarih > Araştırma-İnceleme,Çağlar Tuncay,SARMAL KİTABEVİ,Puan Yok,38,0,0,0,"270,00",08.07.2024,TÜRKÇE,Bilgi Yok,Karton Kapak,13.5 x 19.5 cm,Kitap Kağıdı,48,0
Kıyamet Hiçbir ZamanÇevreci Evhamcılık Neden Hepimize Zarar Veriyor?,Kitap > Siyaset > Araştırma-İnceleme,Michael  Shellenberger,FİHRİST KİTAP,5 / 5 (7 oy),103,16,2,1,"499,50",04.04.2024,TÜRKÇE,402,Karton Kapak,13 x 19.5 cm,Kitap Kağıdı,116,2
Gözetim Toplumunda Teşhir,Kitap > Kültür > Popüler Kültür,Necip Doruk Akbakın,URZENİ,4 / 5 (2 oy),50,0,2,1,"220,00",30.10.2020,TÜRKÇE,208,Karton Kapak,13 x 20 cm,Kitap Kağıdı,50,2
Hep Seni Bekledim,Kitap > Edebiyat > Roman (Çeviri),Suzanne Enoch,PEGASUS YAYINLARI,4 / 5 (33 oy),462,11,0,37,"249,00",06.10.2010,TÜRKÇE,416,Karton Kapak,13.5 x 21 cm,Kitap Kağıdı,382,20
Manevi Sosyal Hizmetler,Kitap > Eğitim > Kuramsal Kitaplar,Bilgi Yok,RAĞBET YAYINLARI-KAMPANYA,4 / 5 (13 oy),91,8,1,9,"600,00",04.02.2015,TÜRKÇE,541,Karton Kapak,13.5 x 21 cm,Kitap Kağıdı,327,7
Ufo Dosyası,Kitap > Diğer > Parapsikoloji-Gizem,Kürşad Berkkan,YEDİVEREN YAYIN GRUBU - KAMPANYA,4 / 5 (22 oy),158,12,2,20,"234,00",07.10.2021,TÜRKÇE,288,Karton Kapak,13.5 x 21 cm,Kitap Kağıdı,232,6
İslam Felsefesinde Mistik Bilginin Yeri,Kitap > İslam > Felsefe > Kitap > İslam > Tasavvuf > Kitap > Felsefe-Düşünce > Genel,Prof. Dr. Şahin Filiz,SAY YAYIN GRUBU-KAMPANYA,5 / 5 (16 oy),161,12,1,4,"350,00",06.12.2013,TÜRKÇE,384,Karton Kapak,13.5 x 19.5 cm,Kitap Kağıdı,205,5
Türk Modernleşmesi,Kitap > Sosyoloji > Araştırma-İnceleme,Bilgi Yok,YEDİTEPE YAYINEVİ-KAMPANYA,4 / 5 (8 oy),172,9,1,1,"290,00",29.04.2013,TÜRKÇE,Bilgi Yok,Karton Kapak,13.5 x 21 cm,Kitap Kağıdı,129,1
Kendine Yabancılaşan İnsan,Kitap > Edebiyat > Diğer,Fikret Yıldırım,DESTEK YAYIN GRUBU-KAMPANYA,Puan Yok,10,1,0,0,"250,00",25.02.2021,TÜRKÇE,288,Karton Kapak,13.5 x 19.5 cm,Kitap Kağıdı,6,0
Kutbüddîn Ravendî ve Fıkhu’l-Kur’anAhkam Tefsiri Geleneğinde Şiî Çizgi,Kitap > İslam > Tefsir-Meal > Kitap > İslam > Araştırma-İnceleme,Seyfullah Efe,OTORİTE YAYINLARI,Puan Yok,8,0,0,0,"223,50",23.01.2024,TÜRKÇE,169,Karton Kapak,14 x 21 cm,Kitap Kağıdı,80,0
Maya’s HochzeitMaya’nın Düğünü,Kitap > Edebiyat > Deneme (Yerli),Bilen Güneş,HAYY KİTAP - KAMPANYA,5 / 5 (1 oy),6,2,0,1,"150,00",21.04.2021,TÜRKÇE,64,Ciltli,22 x 22 cm,Kitap Kağıdı,5,1
Jantsen'in Hediyesi,Kitap > Edebiyat > Roman (Çeviri),Aimee Molloy,BİLGE KÜLTÜR SANAT,5 / 5 (8 oy),67,7,1,9,"250,00",01.07.2011,TÜRKÇE,304,Karton Kapak,14 x 20 cm,Kitap Kağıdı,102,6
5 Celse 575 Gün,Kitap > Siyaset > Araştırma-İnceleme,Halit Güleç,SARMAL KİTABEVİ,Puan Yok,3,1,0,0,"220,00",23.02.2023,TÜRKÇE,242,Karton Kapak,13.5 x 19.5 cm,Kitap Kağıdı,6,0
"BozdoğanÖmrünü Türk Dünyasına Adamış, Enver Paşa’nın Kardeşi: Nuri Killigil Paşa’nın Hikayesi...",Kitap > Edebiyat > Biyografi-Otobiyografi,Fatih Özcan,DESTEK YAYIN GRUBU-KAMPANYA,5 / 5 (12 oy),202,16,2,6,"340,00",05.11.2019,TÜRKÇE,434,Karton Kapak,13.5 x 21 cm,Kitap Kağıdı,61,4
Zamanın Gerisinde Kalanlarİslam Dünyası Neden Başarısız? Batı Neden Başarılı?,Kitap > Siyaset > Araştırma-İnceleme,Esedullah Oğuz,TRUVA YAYINLARI,4 / 5 (4 oy),46,4,0,3,"220,00",04.10.2021,TÜRKÇE,248,Karton Kapak,13.5 x 21 cm,Kitap Kağıdı,232,1
İşkodra'da Savaş,Kitap > Tarih > Hatıralar > Kitap > Edebiyat > Günlük,Jerome Tharaud,BİLGE KÜLTÜR SANAT,5 / 5 (20 oy),159,10,0,15,"140,00",15.11.2013,TÜRKÇE,136,Karton Kapak,12.5 x 19.5 cm,Kitap Kağıdı,256,10
Sen Benimsin,Kitap > Edebiyat > Roman (Yerli),Dilek Taygun,YEDİVEREN YAYIN GRUBU - KAMPANYA,Puan Yok,25,2,0,4,"182,00",29.11.2022,TÜRKÇE,200,Karton Kapak,13.5 x 19.5 cm,Kitap Kağıdı,75,0
Küçük Burjuva İdeolojisi,Kitap > Felsefe-Düşünce,Maksim Gorki,SAY YAYIN GRUBU-KAMPANYA,3 / 5 (6 oy),49,4,3,3,"200,00",15.07.2016,TÜRKÇE,192,Karton Kapak,13 x 19.5 cm,Kitap Kağıdı,31,3
Baca Kasabası’nın Çöpadam’ı,Kitap > Çocuk Kitapları > Hikaye,Akihiro Nishino,YEDİVEREN YAYIN GRUBU - KAMPANYA,5 / 5 (24 oy),78,7,1,21,"273,00",12.11.2018,TÜRKÇE,88,Karton Kapak,21 x 21 cm,Kitap Kağıdı,133,18
Geçmişin ve Geleceğin Hükümdarı Selahaddin Eyyubi,Kitap > Tarih > Kişiler > Kitap > Tarih > Araştırma-İnceleme,John Man,SAY YAYIN GRUBU-KAMPANYA,5 / 5 (24 oy),248,16,1,17,"350,00",06.11.2017,TÜRKÇE,288,Karton Kapak,14 x 22 cm,Kitap Kağıdı,272,13
Galileo / Fikir Mimarları Dizisi,Kitap > Bilim & Mühendislik > Bilim İnsanları,Hüseyin Gazi Topdemir,SAY YAYIN GRUBU-KAMPANYA,5 / 5 (12 oy),327,16,3,6,"350,00",22.11.2013,TÜRKÇE,232,Karton Kapak,13.5 x 21 cm,Kitap Kağıdı,192,7
Sana Bir Çift Sözüm Var,Kitap > Edebiyat > Şiir (Yerli),D. Ali Gültekin,ANEMON YAYINLARI,Puan Yok,4,1,0,0,"250,00",26.06.2024,TÜRKÇE,224,Karton Kapak,13.5 x 21 cm,Kitap Kağıdı,1,0
Türkiye’de Yeni İktidar Yeni DirenişSermaye-Ulus-Devlet Karşısında  Yerelötesi Müşterekler,Kitap > Siyaset > Aktüel Siyaset > Kitap > Siyaset > Siyasal Hayat (Türkiye) > Kitap > Siyaset > Araştırma-İnceleme,Bilgi Yok,METİS YAYINLARI,4 / 5 (6 oy),57,5,1,2,"184,00",18.09.2015,TÜRKÇE,144,Karton Kapak,13 x 19.5 cm,Kitap Kağıdı,73,2
İsmim Güzel Olsun!En Güzel Çocuk İsimleri,Kitap > Diğer > Muhtelif,Nil Peri Gökçe,SİS YAYINCILIK,Puan Yok,11,0,0,0,"300,00",07.07.2025,TÜRKÇE,320,Karton Kapak,13.5 x 19.5 cm,Kitap Kağıdı,52,2
İslam Ülkelerinde Bilimin Gerileyişi,Kitap > Bilim & Mühendislik > Diğer > Kitap > İslam > Araştırma-İnceleme,Prof. Dr. Timur Karaçay,ABAKÜS KİTAP - KAMPANYA,3 / 5 (11 oy),65,5,0,5,"120,00",02.05.2018,TÜRKÇE,168,Karton Kapak,13.5 x 19.5 cm,Kitap Kağıdı,126,2
7. Kadın,Kitap > Edebiyat > Roman (Çeviri),Frederique Molay,BİLGE KÜLTÜR SANAT,4 / 5 (27 oy),144,8,0,29,"220,00",10.03.2011,TÜRKÇE,256,Karton Kapak,13.5 x 21.5 cm,Kitap Kağıdı,241,14
Evlilik Dersi,Kitap > Edebiyat > Roman (Çeviri),Victoria Alexander,PEGASUS YAYINLARI,4 / 5 (19 oy),155,13,0,31,"299,00",09.07.2019,TÜRKÇE,352,Karton Kapak,13.5 x 21 cm,Kitap Kağıdı,281,4
Diyaloglar / Dünya Edebiyatı Üzerine,Kitap > Edebiyat > Deneme (Yerli),Murat Gülsoy,CAN YAYINLARI,5 / 5 (23 oy),430,55,6,14,"380,00",21.09.2022,TÜRKÇE,272,Karton Kapak,12.5 x 19.5 cm,Kitap Kağıdı,706,14
Pitsim Garı,Kitap > Edebiyat > Bilimkurgu-Fantazya,Gürkan Kadıoğlu,FİHRİST KİTAP,5 / 5 (4 oy),38,6,0,4,"414,40",25.06.2021,TÜRKÇE,314,Karton Kapak,13 x 19.5 cm,Kitap Kağıdı,150,1
Değişen Karadeniz'i Anlamak,Kitap > Turizm-Gezi > Şehirler-Bölgeler > Kitap > Sosyoloji > Araştırma-İnceleme,Bilgi Yok,SİYASAL YAYIN GRUBU - KAMPANYA,5 / 5 (2 oy),33,5,0,0,"510,00",30.04.2016,TÜRKÇE,560,Karton Kapak,13.5 x 19.5 cm,Kitap Kağıdı,40,0
Mars Komutanı / John Carter III,Kitap > Edebiyat > Bilimkurgu-Fantazya,Edgar Rice Burroughs,FİHRİST KİTAP,5 / 5 (7 oy),95,14,1,10,"269,50",11.01.2023,TÜRKÇE,188,Karton Kapak,13 x 19.5 cm,Kitap Kağıdı,103,2
Bozkırın Bacaları,Kitap > Edebiyat > Anı (Hatırat),Osman Bozkurt,BİYOGRAFİ.NET,Puan Yok,2,0,0,0,"242,50",07.01.2022,TÜRKÇE,248,Karton Kapak,13 x 19.5 cm,Kitap Kağıdı,7,0
Pellucidar VTaş Devrine Dönüş,Kitap > Edebiyat > Bilimkurgu-Fantazya,Edgar Rice Burroughs,FİHRİST KİTAP,5 / 5 (4 oy),41,11,0,2,"314,50",08.03.2024,TÜRKÇE,228,Karton Kapak,13 x 19.5 cm,Kitap Kağıdı,65,0
Çarpık Nefret / Twisted Serisi Üçüncü Kitap,Kitap > Edebiyat > Roman (Çeviri),Ana Huang,MARTI YAYINLARI,4 / 5 (22 oy),1.199,66,9,77,"395,00",06.06.2023,TÜRKÇE,544,Karton Kapak,13.5 x 21 cm,Kitap Kağıdı,1107,10
Beyoğlu'nda bir Levanten Giovanni Scognamillo,Kitap > Edebiyat > Biyografi-Otobiyografi,Gülşah Nezaket Maraşlı Göç,BİYOGRAFİ.NET,4 / 5 (3 oy),33,2,0,0,"400,00",03.03.2021,TÜRKÇE,184,Karton Kapak,13 x 20 cm,Kitap Kağıdı,80,2
Tarihi Başka OkumakOsmanlı'nın Sonu Cumhuriyet'in İlk 40 Yılı,Kitap > Tarih > Türk-Osmanlı > Kitap > Tarih > Araştırma-İnceleme,Turhan Utku,ATAÇ YAYINLARI - KAMPANYA,4 / 5 (10 oy),50,3,2,3,"350,00",10.02.2015,TÜRKÇE,492,Karton Kapak,16 x 23.5 cm,Kitap Kağıdı,75,5
Politik Ekonomi Nedir?,Kitap > Siyaset > Kuram,Sergei İlyin,SARMAL KİTABEVİ,Puan Yok,38,2,0,2,"220,00",18.12.2020,TÜRKÇE,232,Karton Kapak,13 x 20 cm,Kitap Kağıdı,41,0
AstrobiyolojiEvrende Yaşam Arayışı,Kitap > Bilim & Mühendislik > Popüler Bilim,Yazgı Evrim Denizci,SAY YAYIN GRUBU-KAMPANYA,4 / 5 (5 oy),286,13,2,5,"250,00",20.06.2022,TÜRKÇE,160,Karton Kapak,13.5 x 21 cm,Kitap Kağıdı,129,2
Kahve Arası Sanat Konuşmaları,Kitap > Sanat > Diğer,Ömer  Alkan,FİHRİST KİTAP,4 / 5 (4 oy),54,4,0,4,"199,50",09.03.2022,TÜRKÇE,128,Karton Kapak,13.5 x 19.5 cm,Kitap Kağıdı,51,3
"5 Seconds Of Summer Hey, Haydi Bir Grup Kuralım!",Kitap > Müzik > Müzisyenler > Kitap > Orijinal Dil > İngilizce,5 Second of Summer,PEGASUS YAYINLARI,4 / 5 (40 oy),138,25,5,22,"299,00",11.11.2015,TÜRKÇE,288,Karton Kapak,15 x 20 cm,Kitap Kağıdı,629,16
Pierre ve Luce,Kitap > Edebiyat > Roman (Çeviri),Romain Rolland,FİHRİST KİTAP,4 / 5 (14 oy),137,9,1,13,"144,50",19.12.2023,TÜRKÇE,80,Karton Kapak,13 x 19.5 cm,Kitap Kağıdı,207,7
SakalToplu Öyküler,Kitap > Edebiyat > Hikaye (Çeviri),Janko Polic  Kamov,FİHRİST KİTAP,5 / 5 (9 oy),47,9,0,5,"254,50",29.06.2022,TÜRKÇE,176,Karton Kapak,13 x 19.5 cm,Kitap Kağıdı,56,5
Kadınlar GezegeniSirius-B Yıl:3016,Kitap > Edebiyat > Roman (Yerli),Ersin Özdil,SARMAL KİTABEVİ,Puan Yok,14,2,0,0,"270,00",19.11.2020,TÜRKÇE,275,Karton Kapak,13 x 20 cm,Kitap Kağıdı,24,0
Kıyıya Vuran Kırk Dalga,Kitap > Edebiyat > Deneme (Yerli),40'lar Kulübü,40'LAR KULÜBÜ,5 / 5 (2 oy),14,0,0,1,"149,00",20.07.2022,TÜRKÇE,160,Karton Kapak,13.5 x 21 cm,Kitap Kağıdı,9,0
Allah Bize Ne Diyor Biz Ne Yapıyoruz?,Kitap > Din > Diğer,Osman Oktay,NET KİTAPLIK YAYINCILIK,Puan Yok,23,1,0,1,"215,00",27.01.2023,TÜRKÇE,112,Karton Kapak,13 x 20 cm,Kitap Kağıdı,20,0
1972 Yılının Önemli Bir Gününde Önemsiz Bir Adam,Kitap > Edebiyat > Roman (Yerli),Sezer Bağcan,SARMAL KİTABEVİ,Puan Yok,6,0,0,1,"200,00",31.07.2024,TÜRKÇE,134,Karton Kapak,Bilgi Yok,Kitap Kağıdı,16,0
Gözcü,Kitap > Edebiyat > Roman (Çeviri) > Kitap > Edebiyat > Polisiye,Robert Crais,BİLGE KÜLTÜR SANAT,5 / 5 (37 oy),260,15,2,51,"300,00",16.10.2007,TÜRKÇE,352,Karton Kapak,13.5 x 21.5 cm,Kitap Kağıdı,571,15
Gel Dersen Her Şeyi Bırakıp Gelirim... Yeter ki Gel de,Kitap > Edebiyat > Roman (Çeviri) > Kitap > Orijinal Dil > İspanyolca,Albert Espinosa,PEGASUS YAYINLARI,4 / 5 (42 oy),361,12,1,39,"249,00",27.05.2014,TÜRKÇE,240,Karton Kapak,13.5 x 21 cm,Kitap Kağıdı,311,19
Sımmel’in Gözüyle Modernitenin Sosyolojisi,Kitap > Sosyoloji > Araştırma-İnceleme,Gözde Özelce,URZENİ,Puan Yok,25,1,0,0,"250,00",10.04.2021,TÜRKÇE,184,Karton Kapak,13 x 20 cm,Kitap Kağıdı,29,0
Medeniyet Sineması,Kitap > Sinema-Tiyatro > Senaryo (Yerli),Abdurrahman  Çapar,BİYOGRAFİ.NET,5 / 5 (3 oy),13,2,0,0,"150,00",19.08.2021,TÜRKÇE,120,Karton Kapak,13 x 19.5 cm,Kitap Kağıdı,65,2
Kaderin ŞifresiParanormal Aktiviteler,Kitap > Kişisel Gelişim,Penelope Everwood,SARMAL KİTABEVİ,5 / 5 (1 oy),21,1,0,0,"420,00",24.08.2023,TÜRKÇE,362,Karton Kapak,13.5 x 19.5 cm,Kitap Kağıdı,39,1
Ey Sevgili,Kitap > Edebiyat > Şiir (Yerli),Mümtaz Alp,KUTLU YAYINEVİ,Puan Yok,1,0,0,0,"225,00",08.04.2022,TÜRKÇE,206,Karton Kapak,13 x 19.5 cm,Kitap Kağıdı,107,0
Kod Adı Çiçeroİkinci Dünya Savaşı’nın En İlginç Casusluk Vakası,Kitap > Tarih > Araştırma-İnceleme,Richard Wiles,SAY YAYIN GRUBU-KAMPANYA,4 / 5 (5 oy),146,8,0,5,"300,00",11.03.2020,TÜRKÇE,376,Karton Kapak,13.5 x 21 cm,Kitap Kağıdı,71,2
Nietzsche ve Schopenhauer ile Küçük bir Söyleşi,Kitap > Felsefe-Düşünce > Diğer,Prof .Dr. Oğuz İnel,FİHRİST KİTAP,4 / 5 (7 oy),126,7,0,7,"129,50",17.04.2023,TÜRKÇE,68,Karton Kapak,13 x 19.5 cm,Kitap Kağıdı,138,4
Ezik,Kitap > Diğer > Gençlik Kitapları > Edebiyat,Andrew Smith,PEGASUS YAYINLARI,4 / 5 (26 oy),211,22,1,30,"299,00",23.02.2016,TÜRKÇE,432,Karton Kapak,13.5 x 21 cm,Kitap Kağıdı,226,10
Yanlış Adamın Maceraları,Kitap > Edebiyat > Roman (Yerli),Mehmet Engin Ayatar,TRUVA YAYINLARI,5 / 5 (5 oy),12,3,0,4,"495,00",03.10.2022,TÜRKÇE,608,Karton Kapak,13.5 x 21 cm,Kitap Kağıdı,296,3
Ekonomik Bunalımdan Ulusal Bunalıma,Kitap > Siyaset > Aktüel Siyaset > Kitap > Ekonomi > Türkiye Ekonomisi,Metin Aydoğan,SAY YAYIN GRUBU-KAMPANYA,5 / 5 (29 oy),219,17,1,21,"350,00",01.07.2010,TÜRKÇE,310,Karton Kapak,13.5 x 21 cm,3. Hm. Kağıt,338,22
"Kim Korkar Tarihten?SBS,YGS,LYS ve KPSS Sınavlarına Hazırlık Kitabı",Kitap > Eğitim > Eğitime Yardımcı Kitaplar,Özlem Durmaz,YEDİTEPE YAYINEVİ-KAMPANYA,4 / 5 (38 oy),188,12,3,24,"200,00",12.08.2017,TÜRKÇE,159,Karton Kapak,16.5 x 24 cm,Kitap Kağıdı,658,14
Koluaçık Hacımsultan Velayetnamesi,Kitap > İslam > Tasavvuf,İsmail Özmen,SARMAL KİTABEVİ,5 / 5 (1 oy),20,3,0,0,"500,00",19.04.2022,TÜRKÇE,510,Karton Kapak,13.5 x 21 cm,Kitap Kağıdı,29,0
Osmanlı'nın Wikileaks RaporlarıI. Dünya Savaşı Yıllarında İngiliz İstihbarat Raporlarında Fişlenen Türkiye,Kitap > Tarih > Araştırma-İnceleme,Bülent Özdemir,YEDİTEPE YAYINEVİ-KAMPANYA,4 / 5 (114 oy),562,80,3,71,"120,00",08.05.2012,TÜRKÇE,272,Karton Kapak,10.5 x 16.5 cm,Kitap Kağıdı,1341,53
Çılgınlar Kulübü,Kitap > Edebiyat > Roman (Yerli),İskender Fahrettin Sertelli,SANAT KRİTİK YAYINCILIK,5 / 5 (1 oy),17,0,0,1,"300,00",12.09.2023,TÜRKÇE,328,Karton Kapak,13.5 x 19.5 cm,Kitap Kağıdı,72,0
Pembe Hayat,Kitap > Kişisel Gelişim,Belemir Toman,MERGEN YAYINLARI,Puan Yok,7,0,0,1,"170,00",02.05.2023,TÜRKÇE,124,Karton Kapak,13 x 19.5 cm,Kitap Kağıdı,3,0
Tarihin İlkeleri ve Tarih Felsefesi Üstüne Başka Yazılar,Kitap > Felsefe-Düşünce > Diğer,R. G. Collingwood,SAY YAYIN GRUBU-KAMPANYA,3 / 5 (1 oy),93,1,0,0,"550,00",11.10.2023,TÜRKÇE,456,Karton Kapak,13.5 x 21 cm,Kitap Kağıdı,45,0
Maya,Kitap > Edebiyat > Polisiye,Deha Soner,URZENİ,3 / 5 (1 oy),5,0,0,1,"150,00",16.06.2023,TÜRKÇE,113,Karton Kapak,13.5 x 19.5 cm,Kitap Kağıdı,28,1
Kısa Dinler Tarihi,Kitap > Tarih > Araştırma-İnceleme,Gordon Kerr,SAY YAYIN GRUBU-KAMPANYA,4 / 5 (1 oy),170,10,0,3,"300,00",11.04.2023,TÜRKÇE,232,Karton Kapak,13.5 x 21 cm,Kitap Kağıdı,65,1
Gestumblindi,Kitap > Edebiyat > Bilimkurgu-Fantazya,Arda Keskinkılıç,FİHRİST KİTAP,5 / 5 (20 oy),81,18,3,18,"399,50",27.05.2022,TÜRKÇE,300,Karton Kapak,13 x 19.5 cm,Kitap Kağıdı,145,13
Tarihi ve Siyasi Tefrika Birinci Millet Meclisi,Kitap > Tarih > Türkiye,Taner Lüleci,YEDİTEPE YAYINEVİ-KAMPANYA,4 / 5 (39 oy),169,27,0,15,"300,00",01.08.2011,TÜRKÇE,312,Karton Kapak,14 x 21 cm,Kitap Kağıdı,354,17
"Oyun, Dijital Oyun, Bağımlılık ve Motivasyon Kavramları Arasındaki İlişkiler",Kitap > Eğitim > Çocuk Eğitimi,Özgün Arda Kuş,URZENİ,Puan Yok,35,0,0,1,"220,00",27.07.2023,TÜRKÇE,216,Karton Kapak,13.5 x 19.5 cm,Kitap Kağıdı,48,0
Rusya - Ukrayna  Savaşı Ve Medya,Kitap > Siyaset > Araştırma-İnceleme,Şenol Çarık,URZENİ,Puan Yok,33,2,0,0,"240,00",24.06.2022,TÜRKÇE,160,Karton Kapak,13.5 x 21 cm,Kitap Kağıdı,57,0
Merlin'in Arpı,Kitap > Edebiyat > Roman (Çeviri),Anne A. Crampton,KARA KEDİ YAYINLARI,4 / 5 (4 oy),52,3,1,2,"240,00",14.09.2010,TÜRKÇE,256,Karton Kapak,13.5 x 21 cm,Kitap Kağıdı,56,5
Siberfeminizm,Kitap > Diğer > İletişim-Medya,Duygu Aydemir,URZENİ,5 / 5 (3 oy),16,1,0,2,"320,00",10.04.2021,TÜRKÇE,300,Karton Kapak,13 x 20 cm,Kitap Kağıdı,45,2
Jürgen Habermas ile Avrupa'yı Onarmak,Kitap > Siyaset > Araştırma-İnceleme,Yves Charles Zarka,PİNHAN YAYINCILIK-KAMPANYA,5 / 5 (15 oy),193,13,2,7,"410,00",10.09.2014,TÜRKÇE,324,Karton Kapak,13.5 x 21.5 cm,Kitap Kağıdı,166,5
Çot,Kitap > Edebiyat > Şiir (Yerli),Ramazan Parladar,EPONA KİTAP,5 / 5 (1 oy),6,1,0,4,"149,00",20.06.2023,TÜRKÇE,64,Karton Kapak,12.5 x 19.5 cm,Kitap Kağıdı,111,0
Tarzan’ın Oğlu / Tarzan IV,Kitap > Edebiyat > Bilimkurgu-Fantazya,Edgar Rice Burroughs,FİHRİST KİTAP,4 / 5 (8 oy),38,9,1,3,"344,50",17.04.2023,TÜRKÇE,250,Karton Kapak,13 x 19.5 cm,Kitap Kağıdı,152,1
Karışık Odalar,Kitap > Edebiyat > Hikaye (Yerli),Tuna Yukay,EPONA KİTAP,5 / 5 (2 oy),13,4,0,1,"179,00",26.02.2024,TÜRKÇE,135,Karton Kapak,12.5 x 19.5 cm,Kitap Kağıdı,157,1
Narsizm ve LiderlikToksik Liderlik Örnekleri: Hitler ve Stalin,Kitap > Tarih > Araştırma-İnceleme,Aykan Uncu,URZENİ,4 / 5 (6 oy),123,6,1,1,"250,00",09.12.2021,TÜRKÇE,216,Karton Kapak,13.5 x 21 cm,Kitap Kağıdı,116,0
Tarihte Anlam,Kitap > Tarih > Araştırma-İnceleme,Karl Löwith,SAY YAYIN GRUBU-KAMPANYA,5 / 5 (9 oy),188,9,1,5,"350,00",20.02.2012,TÜRKÇE,344,Karton Kapak,13.5 x 21 cm,Kitap Kağıdı,88,4
80 Gün Arzunun Rengi,Kitap > Edebiyat > Roman (Çeviri) > Kitap > Orijinal Dil > İngilizce,Vina Jackson,PEGASUS YAYINLARI,3 / 5 (37 oy),266,10,0,44,"299,00",06.02.2013,TÜRKÇE,352,Karton Kapak,13.5 x 21 cm,Kitap Kağıdı,501,21
Gönülden CanaAhmet İnam’ın Felsefi Görüşleri,Kitap > Akademik > Felsefe,Oya Pedük,NET KİTAPLIK YAYINCILIK,5 / 5 (1 oy),13,2,1,0,"280,00",04.11.2021,TÜRKÇE,160,Karton Kapak,13 x 20 cm,Kitap Kağıdı,79,0
Gurur / Dönüşüm Serisi -3,Kitap > Edebiyat > Roman (Çeviri) > Kitap > Orijinal Dil > İngilizce,Rachel Vincent,PEGASUS YAYINLARI,5 / 5 (33 oy),349,12,0,48,"299,00",10.01.2012,TÜRKÇE,488,Karton Kapak,13.5 x 21 cm,Kitap Kağıdı,273,17
İslam'ın Kutsal Değerleri,Kitap > İslam > Araştırma-İnceleme,Eriş Ülger,SARMAL KİTABEVİ,5 / 5 (1 oy),1,1,0,0,"400,00",07.07.2023,TÜRKÇE,311,Karton Kapak,13.5 x 19.5 cm,Kitap Kağıdı,14,1
Enis Batur ile Türk Denemesi Üzerine,Kitap > Edebiyat > Hitabet-Söyleşi,Mustafa Aplay,EPONA KİTAP,5 / 5 (4 oy),33,5,0,3,"159,00",03.05.2024,TÜRKÇE,68,Karton Kapak,12.5 x 19.5 cm,Kitap Kağıdı,332,1
Devlet Adamlarının Vasıf ve Sorumlulukları,Kitap > Siyaset > Araştırma-İnceleme,Muammer Yılmaz,SARMAL KİTABEVİ,Puan Yok,17,1,0,0,"170,00",19.04.2022,TÜRKÇE,117,Karton Kapak,13.5 x 21 cm,Kitap Kağıdı,10,0
Geçmişin Kehaneti Ayasofya İstanbul’un Antik Gizemi,Kitap > İslam > Araştırma-İnceleme,Şafak Tunç,MOTTO,5 / 5 (16 oy),127,10,2,13,"336,00",11.02.2022,TÜRKÇE,202,Karton Kapak,13.5 x 21 cm,Kitap Kağıdı,191,7
Alem-i Misal,Kitap > Edebiyat > Roman (Yerli),Burcu Güven,ŞULE YAYINLARI - KAMPANYA,5 / 5 (10 oy),67,8,0,6,"150,00",08.11.2019,TÜRKÇE,139,Karton Kapak,13.5 x 21 cm,Kitap Kağıdı,108,5
Simgeler ve Rıza Kenti: Alevilik-Bektaşilik Cilt 2,Kitap > İslam > Tasavvuf,İsmail Özmen,URZENİ,5 / 5 (1 oy),25,1,0,0,"800,00",01.09.2023,TÜRKÇE,683,Karton Kapak,14 x 21 cm,Kitap Kağıdı,40,1
Türkiye'nin İlk Komünistlerinden Zileli Halil Yalçınkaya,Kitap > Siyaset > Siyasal Düşünce > Kitap > Siyaset > Biyografi-Otobiyografi,Orhan Yılmaz,BİLGE KÜLTÜR SANAT,3 / 5 (1 oy),42,1,1,2,"160,00",03.11.2008,TÜRKÇE,192,Karton Kapak,13.5 x 21.5 cm,Kitap Kağıdı,64,1
Ahşap ÇağıEn Kullanışlı Malzememiz ve Uygarlığın İnşası,Kitap > Tarih > Araştırma-İnceleme,Roland Ennos,SAY YAYIN GRUBU-KAMPANYA,5 / 5 (3 oy),112,9,1,3,"350,00",20.01.2023,TÜRKÇE,344,Karton Kapak,13.5 x 21 cm,Kitap Kağıdı,90,0
Bilim Nedir Nasıl Yapılır?,Kitap > Bilim & Mühendislik > Popüler Bilim,Gregory N. Derry,SAY YAYIN GRUBU-KAMPANYA,4 / 5 (3 oy),159,9,1,6,"450,00",12.02.2021,TÜRKÇE,440,Karton Kapak,13.5 x 21 cm,Kitap Kağıdı,94,2
Unutulmaz,Kitap > Edebiyat > Roman (Yerli),Nurhan İncir,HAYY KİTAP - KAMPANYA,Puan Yok,17,2,0,0,"150,00",22.03.2021,TÜRKÇE,192,Karton Kapak,13.5 x 19.5 cm,Kitap Kağıdı,14,0
Kayıtsız Trenlerin Ölümü,Kitap > Edebiyat > Roman (Yerli),Murat Orçan,KENT KİTAP,5 / 5 (6 oy),50,3,1,7,"212,00",29.01.2024,TÜRKÇE,203,Karton Kapak,13.5 x 19.5 cm,Kitap Kağıdı,393,6
Yasemin Kokusu,Kitap > Edebiyat > Roman (Çeviri),Jude Deveraux,PEGASUS YAYINLARI,5 / 5 (24 oy),166,17,1,41,"299,00",09.05.2016,TÜRKÇE,320,Karton Kapak,13.5 x 21 cm,Kitap Kağıdı,285,6
Dinle Lisa,Kitap > Edebiyat > Roman (Yerli),Haluk İnanıcı,İLETİŞİM YAYINLARI KAMPANYA,5 / 5 (2 oy),25,4,0,3,"320,00",09.05.2013,TÜRKÇE,336,Karton Kapak,13 x 19.5 cm,Kitap Kağıdı,57,0
Sana Benzemek,Kitap > Edebiyat > Deneme (Yerli),Mustafa Ekici,YARIN YAYINCILIK,5 / 5 (2 oy),12,1,0,2,"310,50",17.12.2021,TÜRKÇE,136,Karton Kapak,13.5 x 21 cm,Kitap Kağıdı,26,1
Evernight Akademisi 5: Balthazar,Kitap > Diğer > Gençlik Kitapları > Edebiyat,Claudia Gray,PEGASUS YAYINLARI,4 / 5 (3 oy),43,5,0,6,"269,00",06.10.2017,TÜRKÇE,352,Karton Kapak,13.5 x 21 cm,Kitap Kağıdı,29,1
Zamanın Sabrı,Kitap > Siyaset > Araştırma-İnceleme,Cansel Poyraz Akyol,DESTEK YAYIN GRUBU-KAMPANYA,Puan Yok,16,0,0,1,"200,00",08.02.2022,TÜRKÇE,192,Karton Kapak,13.5 x 21 cm,Kitap Kağıdı,31,0
Galatasaray Liseli Gazeteciler23 Gazeteci Üzerine İnceleme,Kitap > Siyaset > Araştırma-İnceleme,Göksel Basmacı,URZENİ,5 / 5 (1 oy),27,1,1,1,"220,00",14.10.2019,TÜRKÇE,160,Karton Kapak,13.5 x 21 cm,Kitap Kağıdı,25,0
Herşey Herşeyin İçinde,Kitap > Sinema-Tiyatro > Oyun (Yerli),Gözde Özelce,SARMAL KİTABEVİ,5 / 5 (1 oy),5,1,0,0,"150,00",15.03.2021,TÜRKÇE,64,Karton Kapak,13 x 20 cm,Kitap Kağıdı,36,1
Babamın Çocukları,Kitap > Edebiyat > Roman (Yerli),Selçuk Özyurt,BİYOGRAFİ.NET,5 / 5 (9 oy),25,6,2,7,"120,00",16.06.2022,TÜRKÇE,160,Karton Kapak,13.5 x 19.5 cm,Kitap Kağıdı,435,7
"SAP (Silik, Aksi, Paspal)",Kitap > Edebiyat > Roman (Çeviri) > Kitap > Orijinal Dil > İngilizce,Kody Keplinger,PEGASUS YAYINLARI,4 / 5 (36 oy),177,31,0,29,"249,00",20.07.2015,TÜRKÇE,288,Karton Kapak,13.5 x 21 cm,Kitap Kağıdı,155,15
İyimserlikOptimizm,Kitap > Kişisel Gelişim,Helen Keller,SARMAL KİTABEVİ,5 / 5 (1 oy),60,4,0,1,"140,00",08.11.2022,TÜRKÇE,52,Karton Kapak,13 x 20 cm,Kitap Kağıdı,61,0
Sakin Beyaz Tuna,Kitap > Edebiyat > Roman (Yerli),Edil Giray,SARMAL KİTABEVİ,Puan Yok,4,0,0,0,"170,00",15.03.2022,TÜRKÇE,93,Karton Kapak,13.5 x 21 cm,Kitap Kağıdı,14,0
İngilizce YDS ve YÖKDİL Sınavları İçin Temel Hazırlık ve Pratik Test Kavrama ve Çözme Teknikleri,Kitap > Sınav > Kitap > Sınav > Yabancı Dil Sınavları > YDS > Kitap > Sınav > Yabancı Dil Sınavları > YÖKDİL,Kenan Ören,RAĞBET YAYINLARI-KAMPANYA,4 / 5 (19 oy),244,18,2,8,"1.164,00",14.07.2017,"İNGİLİZCE,TÜRKÇE",776,Karton Kapak,16.5 x 23.5 cm,Kitap Kağıdı,471,9
Öncü Şahşiyetler,Kitap > İslam > Araştırma-İnceleme,Hasan el-Benna,BURUC YAYINLARI,5 / 5 (3 oy),140,4,0,6,"180,00",23.12.2020,TÜRKÇE,224,Karton Kapak,13.5 x 21 cm,Kitap Kağıdı,110,1
Osmanlı’dan Cumhuriyet’e Ekonomik Yaşamdan İki Sektörel Kesit: Kauçuk ve Soda,Kitap > Tarih > Türk-Osmanlı,Burcu Kurt,DOĞU KİTABEVİ,Puan Yok,18,0,0,0,"228,00",07.08.2024,TÜRKÇE,150,Karton Kapak,13.5 x 19.5 cm,Kitap Kağıdı,16,0
Hiçbir Yerin Ortasında,Kitap > Edebiyat > Hikaye (Yerli),Ebubekir Karakaya,FİHRİST KİTAP,5 / 5 (5 oy),25,4,0,7,"139,50",27.05.2022,TÜRKÇE,78,Karton Kapak,13 x 19.5 cm,Kitap Kağıdı,132,5
Tragedya,Kitap > Edebiyat > Şiir (Yerli),Ömer  Alkan,FİHRİST KİTAP,5 / 5 (4 oy),22,1,0,3,"304,50",09.03.2022,TÜRKÇE,216,Karton Kapak,13 x 19.5 cm,Kitap Kağıdı,35,2
Can Yücel Sokakta Aşk,Kitap > Edebiyat > Roman (Yerli),Şeyma Asal,EFTALYA KİTAP,4 / 5 (12 oy),130,10,0,8,"175,00",21.12.2021,TÜRKÇE,208,Karton Kapak,13.5 x 21 cm,Kitap Kağıdı,207,3
Ali'nin Hikayesi,Kitap > Edebiyat > Roman (Yerli),Füsun Çınarlı,ALAN YAYINCILIK,Puan Yok,5,1,0,0,"338,00",23.03.2023,TÜRKÇE,272,Karton Kapak,13.5 x 19 cm,Kitap Kağıdı,18,0
Güllerin Yıkımı,Kitap > Edebiyat > Roman (Çeviri),K. F. Breene,OLİMPOS YAYINLARI,4 / 5 (28 oy),671,28,4,42,"279,00",23.02.2023,TÜRKÇE,320,Karton Kapak,13.5 x 2 cm,Kitap Kağıdı,589,16
Aç Kalbini,Kitap > Edebiyat > Roman (Çeviri),Katarina Mazetti,PEGASUS YAYINLARI,4 / 5 (24 oy),366,4,0,19,"269,00",26.02.2013,TÜRKÇE,232,Karton Kapak,13.5 x 21 cm,Kitap Kağıdı,280,16
Gök Tanrı İnancı,Kitap > Edebiyat > Roman (Yerli),Arif Cengiz Erman,SARMAL KİTABEVİ,5 / 5 (15 oy),382,32,4,19,"250,00",13.02.2023,TÜRKÇE,214,Karton Kapak,13.5 x 21 cm,Kitap Kağıdı,873,4
İnternet Ortamında Serbest Gazetecilik,Kitap > Diğer > İletişim-Medya,Abdulkadir Büyükbingöl,URZENİ,Puan Yok,18,1,1,1,"170,00",07.05.2021,TÜRKÇE,156,Karton Kapak,13.5 x 21 cm,Kitap Kağıdı,45,0
Gölgelerin Ardından,Kitap > Edebiyat > Şiir (Yerli),D. Ali Gültekin,ANEMON YAYINLARI,Puan Yok,0,0,0,0,"250,00",26.06.2024,TÜRKÇE,196,Karton Kapak,13.5 x 21 cm,Kitap Kağıdı,1,0
Pozitif Ayrımcılık,Kitap > Siyaset > Araştırma-İnceleme > Kitap > Felsefe-Düşünce > Diğer,Thomas Sowell,FİHRİST KİTAP,5 / 5 (8 oy),145,7,0,9,"319,50",07.06.2022,TÜRKÇE,232,Karton Kapak,13 x 19.5 cm,Kitap Kağıdı,108,6
Korona GünlüğüKarantina Günlerinden Geçmişin Türkiye’sine: Bir Memleket Hikayesi,Kitap > Edebiyat > Anı (Hatırat),Fikret Toksöz,LEJAND,1 / 5 (1 oy),22,4,0,0,"399,00",26.07.2021,TÜRKÇE,452,Karton Kapak,13 x 19.5 cm,Kitap Kağıdı,97,1
Alfred Kropp: Süleyman’ın Mührü,Kitap > Edebiyat > Roman (Çeviri),Rick Yancey,PEGASUS  ÇOCUK YAYINLARI,4 / 5 (21 oy),208,18,0,10,"250,00",27.04.2018,TÜRKÇE,368,Karton Kapak,13.5 x 21 cm,Kitap Kağıdı,143,6
Hachiko (Karton Kapak),Kitap > Edebiyat > Roman (Çeviri),Leslea Newman,YAKAMOZ YAYINCILIK,5 / 5 (76 oy),915,67,13,165,"150,00",14.01.2022,TÜRKÇE,160,Karton Kapak,13.5 x 19.5 cm,Kitap Kağıdı,7230,37
100 Soruda Obezite,Kitap > Sağlık-Tıp > Diğer,Aslıhan Topyay Özfidan,SANAT KRİTİK YAYINCILIK,5 / 5 (1 oy),8,1,0,1,"300,00",23.01.2025,TÜRKÇE,200,Karton Kapak,13.5 x 19.5 cm,Kitap Kağıdı,16,0
"Tüfek, Mikrop ve Çelik (Karton Kapak)",Kitap > Bilim & Mühendislik > Popüler Bilim,Jared Diamond,PEGASUS YAYINLARI,5 / 5 (3517 oy),26.625,3.392,516,2.540,"799,98",28.09.2018,TÜRKÇE,664,Karton Kapak,13.5 x 21 cm,Kitap Kağıdı,72817,1.601
Marge,Kitap > Edebiyat > Roman (Yerli),Özlem Gezgin,YEDİVEREN YAYIN GRUBU - KAMPANYA,Puan Yok,5,1,1,0,"202,00",07.12.2022,TÜRKÇE,240,Karton Kapak,12 x 19.5 cm,Kitap Kağıdı,34,0
İkaria'ya Yolculuk,Kitap > Edebiyat > Roman (Çeviri),Etienne Cabet,SAY YAYIN GRUBU-KAMPANYA,5 / 5 (5 oy),132,3,0,6,"450,00",17.04.2012,TÜRKÇE,600,Karton Kapak,13.5 x 21 cm,Kitap Kağıdı,46,3
Bunca Şingayı Kim Yedi?,Kitap > Edebiyat > Hikaye (Çeviri),Park Wansuh,FİHRİST KİTAP,5 / 5 (6 oy),64,8,0,4,"329,50",04.04.2022,TÜRKÇE,234,Karton Kapak,13 x 19.5 cm,Kitap Kağıdı,60,1
Cecelia Ahern Romantik Kitaplar Takım Set (3 Kitap),Kitap > Edebiyat > Roman (Çeviri),Cecelia Ahern,PEGASUS YAYINLARI,5 / 5 (31 oy),295,23,1,20,"897,00",31.01.2020,TÜRKÇE,1323,Karton Kapak,13.5 x 21 cm,Kitap Kağıdı,379,18
Brenda Joyce Romantik Kitaplar Koleksiyonu Takım Set (4 Kitap),Kitap > Edebiyat > Roman (Çeviri),Brenda Joyce,PEGASUS YAYINLARI,5 / 5 (3 oy),172,5,0,6,"1.196,00",24.05.2022,TÜRKÇE,1912,Karton Kapak,13.5 x 21 cm,Kitap Kağıdı,140,3
Kıta İdealizmiLeibniz'den Nietzsche'ye,Kitap > Felsefe-Düşünce,Paul Redding,SAY YAYIN GRUBU-KAMPANYA,5 / 5 (5 oy),115,4,1,1,"450,00",22.12.2021,TÜRKÇE,376,Karton Kapak,13.5 x 21 cm,Kitap Kağıdı,99,0
Kutsal Bahçe,Kitap > Edebiyat > Şiir (Yerli),Kerem Nadir Özcan,FİHRİST KİTAP,Puan Yok,14,1,0,1,"119,50",07.02.2022,TÜRKÇE,58,Karton Kapak,13 x 19.5 cm,Kitap Kağıdı,108,0
"PerslerParthlar, Sasaniler",Kitap > Tarih > Araştırma-İnceleme,William Sandys,SAY YAYIN GRUBU-KAMPANYA,3 / 5 (7 oy),174,3,2,7,"200,00",28.03.2022,TÜRKÇE,168,Karton Kapak,13.5 x 21 cm,Kitap Kağıdı,152,3
Sultanlara İmparatorlara Diz Çöktüren Kadınlar,Kitap > Edebiyat > Biyografi-Otobiyografi,Muammer Yılmaz,SARMAL KİTABEVİ,Puan Yok,20,1,0,0,"220,00",28.03.2023,TÜRKÇE,140,Karton Kapak,13.5 x 21 cm,Kitap Kağıdı,7,0
İnternet Çağında Kurumsal İletişim,Kitap > Diğer > İletişim-Medya,Ebru Uzunoğlu,SAY YAYIN GRUBU-KAMPANYA,4 / 5 (9 oy),59,2,1,4,"200,00",02.11.2009,TÜRKÇE,192,Karton Kapak,13.5 x 21 cm,Kitap Kağıdı,115,4
En Karanlık Sır / Karanlığın Efendileri 7. Kitap,Kitap > Edebiyat > Roman (Çeviri),Gena Showalter,PEGASUS YAYINLARI,5 / 5 (56 oy),167,18,1,70,"299,00",01.03.2017,TÜRKÇE,448,Karton Kapak,13.5 x 21 cm,Kitap Kağıdı,317,27
Orhan Pamuk’a Satmak İstediğim Roman,Kitap > Edebiyat > Roman (Yerli),Tugay Kaban,EPONA KİTAP,5 / 5 (18 oy),27,7,1,14,"162,00",10.05.2022,TÜRKÇE,72,Karton Kapak,12.5 x 19.5 cm,Kitap Kağıdı,353,12
Sokaklar Çocuk Doğurmaz,Kitap > Edebiyat > Hikaye (Yerli),Şevki Dinçal,TRUVA YAYINLARI,Puan Yok,5,0,0,1,"290,00",01.03.2023,TÜRKÇE,328,Karton Kapak,13.5 x 21 cm,Kitap Kağıdı,97,0
Barışın İdeolojisiLiberal Perspektiften Uluslararası İlişkiler,Kitap > Siyaset > Araştırma-İnceleme,Kolektif,LİBERUS,5 / 5 (2 oy),117,7,1,1,"360,00",13.01.2023,TÜRKÇE,322,Karton Kapak,13 x 19.5 cm,Kitap Kağıdı,131,0
İnsancıl Kıyım,Kitap > Edebiyat > Roman (Yerli),İlker Kılıç,FİHRİST KİTAP,5 / 5 (7 oy),29,2,0,4,"274,50",18.11.2021,TÜRKÇE,192,Karton Kapak,13 x 19.5 cm,Kitap Kağıdı,340,6
Atatürk Üzerine Kısa Notlar,Kitap > Edebiyat > Biyografi-Otobiyografi,Cüneyd Okay,DOĞU KİTABEVİ,5 / 5 (1 oy),22,1,0,2,"650,00",04.12.2023,TÜRKÇE,440,Karton Kapak,13.5 x 19.5 cm,Kitap Kağıdı,29,1
"Manik-Depresif El KitabıHastalar, Yakınları ve Tanıdıkları İçin",Kitap > Psikoloji > İnceleme,Uzm. Psikolog Metin Yetim,SARMAL KİTABEVİ,5 / 5 (1 oy),27,0,0,0,"140,00",12.03.2024,TÜRKÇE,64,Karton Kapak,13.5 x 19.5 cm,Kitap Kağıdı,48,0
Kuantum Boyutunda İstihbarat,Kitap > Bilim & Mühendislik > Diğer,Prof. Dr. Ramazan Biçer,HAYY KİTAP,5 / 5 (24 oy),578,47,5,25,"280,00",09.01.2024,TÜRKÇE,280,Karton Kapak,15.5 x 23 cm,Kitap Kağıdı,1354,10
Prensin Gelini,Kitap > Edebiyat > Roman (Çeviri),Victoria Alexander,PEGASUS YAYINLARI,4 / 5 (7 oy),90,10,1,12,"299,00",17.09.2021,TÜRKÇE,376,Karton Kapak,13.5 x 21 cm,Kitap Kağıdı,186,4
20. Yüzyılda  Savaş ve Kadın,Kitap > Tarih > Araştırma-İnceleme,Kolektif,BİLGE KÜLTÜR SANAT,5 / 5 (19 oy),138,13,1,7,"190,00",25.10.2016,TÜRKÇE,232,Karton Kapak,13.5 x 21 cm,Kitap Kağıdı,241,7
Annem Şimdi Bana Kızacak! / Damla Büyüdü,Kitap > Edebiyat > Hikaye (Yerli),Mustafa Şimşek,MOTTO,Puan Yok,4,1,1,0,"340,00",30.09.2021,TÜRKÇE,228,Karton Kapak,13.5 x 21 cm,Kitap Kağıdı,643,0
Tarzan ve Opar'ın Mücevherleri / Tarzan V,Kitap > Edebiyat > Bilimkurgu-Fantazya,Edgar Rice Burroughs,FİHRİST KİTAP,5 / 5 (9 oy),38,16,0,3,"269,50",03.07.2023,TÜRKÇE,186,Karton Kapak,13 x 19.5 cm,Kitap Kağıdı,75,3
Sarışın Vampir No.5 / Kutsal Sır,Kitap > Edebiyat > Roman (Çeviri) > Kitap > Orijinal Dil > İngilizce,Christopher Pike,PEGASUS YAYINLARI,5 / 5 (9 oy),160,12,1,15,"299,00",04.04.2014,TÜRKÇE,384,Karton Kapak,13.5 x 21 cm,Kitap Kağıdı,115,4
50 Maddede Polisiye Edebiyat,Kitap > Edebiyat > Diğer,Alper Kaya,DESTEK YAYIN GRUBU-KAMPANYA,5 / 5 (5 oy),25,6,1,0,"220,00",07.04.2023,TÜRKÇE,248,Karton Kapak,11.5 x 17.5 cm,Kitap Kağıdı,38,3
İki Devrim Üzerine,Kitap > Siyaset > Siyasal Hareketler-Eylemler-Topluluklar,Lord Acton,LİBERUS,5 / 5 (10 oy),191,16,1,6,"160,00",21.08.2024,TÜRKÇE,128,Karton Kapak,13 x 19.5 cm,Kitap Kağıdı,239,5
Gökkuşağı Operası / Rüya Avcısı 1. Kitap,Kitap > Diğer > Gençlik Kitapları > Edebiyat,Elizabeth Knox,PEGASUS YAYINLARI,5 / 5 (5 oy),95,2,1,5,"299,00",20.03.2014,TÜRKÇE,432,Karton Kapak,13.5 x 21 cm,Kitap Kağıdı,15,2
Asi ve Güzel,Kitap > Edebiyat > Roman (Çeviri) > Kitap > Orijinal Dil > İngilizce,Candace Camp,PEGASUS YAYINLARI,4 / 5 (34 oy),154,13,2,42,"299,00",10.07.2015,TÜRKÇE,448,Karton Kapak,13.5 x 21 cm,Kitap Kağıdı,340,8
Jül Sezar'ın Ölümü,Kitap > Tarih > Çağlar-Dönemler > Kitap > Tarih > Kişiler > Kitap > Tarih > Araştırma-İnceleme > Kitap > Orijinal Dil > İngilizce,Barry Strauss,SAY YAYIN GRUBU-KAMPANYA,5 / 5 (12 oy),274,26,1,7,"400,00",21.10.2015,TÜRKÇE,376,Karton Kapak,13.5 x 21 cm,Kitap Kağıdı,156,4
One DirectionSahne Arkası,Kitap > Müzik > Müzisyenler > Kitap > Orijinal Dil > İngilizce,One Direction,PEGASUS YAYINLARI,4 / 5 (33 oy),217,20,2,27,"299,00",29.08.2013,TÜRKÇE,64,Karton Kapak,22 x 28 cm,Kitap Kağıdı,1016,9
Hayalperest Kelebekler,Kitap > Çocuk Kitapları > Hikaye,Selin Batı Oran,ABAKÜS KİTAP - KAMPANYA,5 / 5 (4 oy),19,1,0,8,"58,00",11.03.2020,TÜRKÇE,24,Karton Kapak,22 x 22 cm,Kitap Kağıdı,177,3
Çekirge Ormanı,Kitap > Edebiyat > Roman (Çeviri),Andrew Smith,PEGASUS YAYINLARI,4 / 5 (7 oy),63,2,0,8,"299,00",06.07.2018,TÜRKÇE,416,Karton Kapak,13.5 x 21 cm,Kitap Kağıdı,47,5
Mahmure'nin Rüyası,Kitap > Diğer > Söyleşi,Mahmure Özçelik,SİYAH KUĞU KAMPANYA,5 / 5 (2 oy),3,2,0,0,"110,00",27.01.2017,TÜRKÇE,208,Karton Kapak,13.5 x 21 cm,Kitap Kağıdı,10,0
Komedyen,Kitap > Edebiyat > Roman (Çeviri),Wladyslaw Reymont,FİHRİST KİTAP,5 / 5 (7 oy),69,7,0,5,"364,50",12.12.2022,TÜRKÇE,270,Karton Kapak,13.5 x 19.5 cm,Kitap Kağıdı,108,3
Aşkta ve Savaşta / Tudor Gülü Üçlemesi 3,Kitap > Edebiyat > Roman (Çeviri) > Kitap > Orijinal Dil > İngilizce,Susan Wiggs,PEGASUS YAYINLARI,4 / 5 (15 oy),147,7,1,25,"299,00",12.06.2013,TÜRKÇE,384,Karton Kapak,13.5 x 21 cm,Kitap Kağıdı,150,5
Perdesiz Hayatlar,Kitap > Edebiyat > Hikaye (Yerli),Elif Gökçe Önem,KRONOLOJİ YAYINLARI,Puan Yok,6,0,0,2,"150,00",04.03.2024,TÜRKÇE,144,Karton Kapak,13 x 20 cm,Kitap Kağıdı,223,0
Kalbin Dört Odası,Kitap > Edebiyat > Deneme (Yerli),Melike Selen Akşahin,SARMAL KİTABEVİ,Puan Yok,3,0,0,0,"150,00",17.08.2020,TÜRKÇE,72,Karton Kapak,13.5 x 19.5 cm,Kitap Kağıdı,21,0
İngiliz Gülleri,Kitap > Çocuk Kitapları > Hikaye,Madonna,İLETİŞİM YAYINLARI KAMPANYA,5 / 5 (5 oy),59,5,0,5,"119,00",15.09.2003,TÜRKÇE,44,Ciltli,20.5 x 26.5 cm,Kuşe Kağıt,168,7
Postmodern Emperyalizm,Kitap > Siyaset > Siyasal Düşünce > Kitap > Siyaset > Araştırma-İnceleme,Eric Walberg,SAY YAYIN GRUBU-KAMPANYA,4 / 5 (6 oy),244,6,0,4,"400,00",07.03.2014,TÜRKÇE,448,Karton Kapak,13.5 x 21 cm,Kitap Kağıdı,124,3
Akılçelen,Kitap > Edebiyat > Roman (Çeviri),David Unger,DEDALUS KİTAP,4 / 5 (1 oy),42,1,0,3,"360,00",07.05.2021,TÜRKÇE,368,Karton Kapak,13 x 20 cm,Kitap Kağıdı,80,1
İmam Şamil Ahhulgoh'ta,Kitap > Tarih > Kişiler,Batulil Muhamad,BİLGE KÜLTÜR SANAT,5 / 5 (9 oy),81,6,0,6,"145,00",15.09.2010,TÜRKÇE,160,Karton Kapak,13.5 x 19.5 cm,Kitap Kağıdı,116,6
Güzel Ölüler / 2. Kitap Arizona,Kitap > Edebiyat > Roman (Çeviri) > Kitap > Orijinal Dil > İngilizce,Eden Maguire,PEGASUS YAYINLARI,4 / 5 (3 oy),99,5,0,5,"249,00",14.03.2012,TÜRKÇE,272,Karton Kapak,13.5 x 21 cm,Kitap Kağıdı,42,0
Sokrates ve İnsan Sevgisi,Kitap > Felsefe-Düşünce > Diğer,Laszlo Versenyi,SAY YAYIN GRUBU-KAMPANYA,5 / 5 (1 oy),92,3,1,2,"250,00",11.12.2023,TÜRKÇE,248,Karton Kapak,13.5 x 21 cm,Kitap Kağıdı,47,1
Hiçbir Şeyi Unutmayan AdamBüyük Bir Hafızaya Dair Küçük Bir Kitap,Kitap > Psikoloji > İnceleme,Aleksandr R. Luriya,SAY YAYIN GRUBU-KAMPANYA,4 / 5 (3 oy),61,2,0,0,"250,00",11.12.2023,TÜRKÇE,128,Karton Kapak,13.5 x 21 cm,Kitap Kağıdı,40,0
Kayıp,Kitap > Edebiyat > Hikaye (Yerli),Kolektif,YEDİVEREN YAYIN GRUBU - KAMPANYA,Puan Yok,6,0,0,0,"202,00",07.11.2023,TÜRKÇE,216,Karton Kapak,13.5 x 19.5 cm,Kitap Kağıdı,17,0
Kuzey Hint Toplumlarının KökeniHint Uygarlığının Oluşumunda Türklerin Etkisi,Kitap > Tarih > Araştırma-İnceleme,Arif Cengiz Erman,SARMAL KİTABEVİ,5 / 5 (7 oy),89,5,1,5,"250,00",24.06.2022,TÜRKÇE,184,Karton Kapak,13.5 x 21 cm,Kitap Kağıdı,140,3
Ben Akıllanmam Doktor Sen Delir,Kitap > Edebiyat > Hikaye (Yerli),Büşra Marsel,YEDİVEREN YAYIN GRUBU - KAMPANYA,5 / 5 (1 oy),9,0,0,2,"155,00",02.11.2023,TÜRKÇE,160,Karton Kapak,13.5 x 19.5 cm,Kitap Kağıdı,26,1
"Büyüklere, Küçük Öyküler",Kitap > Edebiyat > Hikaye (Yerli),Dr. Vural Yiğit,SARMAL KİTABEVİ,Puan Yok,5,0,0,1,"150,00",28.11.2023,TÜRKÇE,117,Karton Kapak,13.5 x 19.5 cm,Kitap Kağıdı,14,0
Halat Gösterisi,Kitap > Edebiyat > Roman (Yerli),Toprak Işık,İLETİŞİM YAYINLARI KAMPANYA,4 / 5 (13 oy),37,7,1,7,"133,00",01.06.2015,TÜRKÇE,198,Karton Kapak,13.5 x 19.5 cm,Kitap Kağıdı,159,4
Artırılmış Cinsel Doyum: ESRKadınlarda Ultra Orgazm,Kitap > Kadın-Erkek > Genel,Doç.Dr. Ümit Sayın,TANTRA AKADEMİ,4 / 5 (8 oy),219,7,2,5,"620,00",16.02.2024,TÜRKÇE,320,Karton Kapak,14.5 x 21 cm,Kitap Kağıdı,225,4
Albert Camus ve Başkaldırma Felsefesi,Kitap > Felsefe-Düşünce > Diğer,Ali Osman Gündoğan,SAY YAYIN GRUBU-KAMPANYA,5 / 5 (4 oy),186,5,2,6,"250,00",21.04.2022,TÜRKÇE,200,Karton Kapak,13.5 x 21 cm,Kitap Kağıdı,113,2
İskenderiyeli Philo Judaeus,Kitap > Felsefe-Düşünce > Filozoflar-Düşünürler,Turgut Özgüney,DESTEK YAYIN GRUBU-KAMPANYA,Puan Yok,4,0,0,0,"180,00",22.04.2021,TÜRKÇE,152,Karton Kapak,13.5 x 21 cm,Kitap Kağıdı,5,0
İnsan ve Psikiyatri,Kitap > Psikoloji > İnceleme,Sedat Topçu,SİYASAL YAYIN GRUBU - KAMPANYA,5 / 5 (7 oy),182,6,2,4,"360,00",21.05.2010,TÜRKÇE,336,Karton Kapak,14 x 20 cm,Kitap Kağıdı,124,7
Merhamete Açılan Kırk Kucak,Kitap > Edebiyat > Hikaye (Yerli),40'lar Kulübü,40'LAR KULÜBÜ,5 / 5 (3 oy),14,2,0,1,"149,00",20.07.2022,TÜRKÇE,191,Karton Kapak,13.5 x 21 cm,Kitap Kağıdı,14,1
Düşmanımın Beşiği,Kitap > Edebiyat > Roman (Çeviri),Sara Young,BİLGE KÜLTÜR SANAT,5 / 5 (34 oy),104,28,1,26,"300,00",02.02.2009,TÜRKÇE,368,Karton Kapak,13.5 x 21 cm,Kitap Kağıdı,271,24
Tebrizli Kavsi'nin DivanıGiriş-Dil İncelemesi-Metin-Sözlük,Kitap > Akademik > Edebiyat İnceleme,Ferhad Rahimi,KUTLU YAYINEVİ,Puan Yok,8,0,0,0,"1.400,00",07.09.2021,TÜRKÇE,729,Karton Kapak,16.5 x 23.5 cm,Kitap Kağıdı,13,0
Batı'nın Kırk Işığı,Kitap > Tarih > Kişiler,40'lar Kulübü,40'LAR KULÜBÜ,5 / 5 (10 oy),54,5,1,4,"149,00",21.04.2022,TÜRKÇE,191,Karton Kapak,13.5 x 21 cm,Kitap Kağıdı,60,3
Küresel Düzenin Şifreleri,Kitap > Siyaset > Araştırma-İnceleme,Dr. Ramazan Kurtoğlu,ASİKİTAP KAMPANYA,5 / 5 (387 oy),1.795,197,27,343,"180,00",01.01.2018,TÜRKÇE,244,Karton Kapak,13.5 x 21 cm,Kitap Kağıdı,5465,169
Kusur İmzadır Kusursuzluk Bir Yalan!,Kitap > Psikoloji > İnceleme,Melis Bozkurt,DESTEK YAYIN GRUBU-KAMPANYA,Puan Yok,13,0,0,0,"160,00",16.12.2021,TÜRKÇE,160,Karton Kapak,13.5 x 21 cm,Kitap Kağıdı,10,0
İdeler ve TanrıBir 18. Yüzyıl Felsefesi Öyküsü,Kitap > Felsefe-Düşünce > Diğer,Deniz Soysal,SAY YAYIN GRUBU-KAMPANYA,4 / 5 (7 oy),98,5,0,3,"350,00",11.12.2020,TÜRKÇE,248,Karton Kapak,13.5 x 21 cm,Kitap Kağıdı,117,2
Dislektik Fünye,Kitap > Edebiyat > Şiir (Yerli),Fatih Ceyhan,EPONA KİTAP,4 / 5 (4 oy),13,1,1,3,"139,00",23.01.2024,TÜRKÇE,71,Karton Kapak,12.5 x 19.5 cm,Kitap Kağıdı,194,1
Uyanma Bildirisi,Kitap > Edebiyat > Hikaye (Yerli),Nuhan Nebi Çam,BİLGE KÜLTÜR SANAT,4 / 5 (3 oy),11,0,0,1,"130,00",05.09.2017,TÜRKÇE,104,Karton Kapak,12.5 x 19.5 cm,Kitap Kağıdı,15,1
Arz Cephesinde Yeni Bir Şey Yok,Kitap > Edebiyat > Bilimkurgu-Fantazya,Bilimkurgu Kulübü,FİHRİST KİTAP,5 / 5 (22 oy),184,42,2,18,"279,50",18.08.2023,TÜRKÇE,196,Karton Kapak,13 x 19.5 cm,Kitap Kağıdı,405,11
Mitoloji ve Cinsiyet,Kitap > Diğer > Mitoloji,Gökhan Akmaz,URZENİ,5 / 5 (3 oy),78,3,0,1,"240,00",02.10.2021,TÜRKÇE,217,Karton Kapak,13.5 x 21 cm,Kitap Kağıdı,70,0
Başlangıç ve Orta Düzey İçin Modern Öğreten İngilizce,Kitap > Eğitim > Dil Eğitimi,Bilgi Yok,YAKAMOZ YAYINCILIK,5 / 5 (96 oy),1.337,103,23,65,"300,00",03.04.2018,TÜRKÇE,352,Karton Kapak,13.5 x 21 cm,Kitap Kağıdı,3379,62
Gümüş Öpücük,Kitap > Edebiyat > Roman (Çeviri),Annette Curtis Klause,KARA KEDİ YAYINLARI,3 / 5 (9 oy),139,4,0,8,"250,00",10.05.2010,TÜRKÇE,192,Karton Kapak,13.5 x 19.5 cm,Kitap Kağıdı,93,6
Söz Uçar mı?Psikolojik Sözleşmelerden Kişiye Özgü Sözleşmelere,Kitap > Psikoloji > İnceleme,Mine Afacan Fındıklı,URZENİ,Puan Yok,13,0,0,0,"220,00",07.05.2021,TÜRKÇE,141,Karton Kapak,13 x 20 cm,Kitap Kağıdı,34,0
Asrın Yesevisi S. Ahmet Arvasi,Kitap > İslam > Kişiler,Hüdavendigar Onur,BİYOGRAFİ.NET,4 / 5 (5 oy),106,3,1,6,"350,00",30.03.2022,TÜRKÇE,320,Karton Kapak,13.5 x 19.5 cm,3. Hm. Kağıt,138,5
Allah'a Söz Verdim,Kitap > İslam > Tasavvuf,Miraç Şirinoğlu,YEDİVEREN YAYINLARI,4 / 5 (16 oy),65,8,0,13,"191,50",21.12.2021,TÜRKÇE,232,Karton Kapak,13.5 x 21 cm,Kitap Kağıdı,196,4
Kudüsİnsanlığın İmtihan Kapısı,Kitap > İslam > Araştırma-İnceleme,Şafak Tunç,MOTTO,5 / 5 (13 oy),108,14,2,9,"336,00",27.10.2021,TÜRKÇE,204,Karton Kapak,13.5 x 21 cm,Kitap Kağıdı,173,4
İzmir Kentinde Siyasi Protesto Kültürü (1908-1912),Kitap > Tarih > Siyasal Tarih > Kitap > Şehir Kitapları > İzmir,Umut Karabulut,YEDİTEPE YAYINEVİ-KAMPANYA,5 / 5 (14 oy),117,13,0,7,"300,00",13.02.2015,TÜRKÇE,304,Karton Kapak,13.5 x 21 cm,Kitap Kağıdı,197,6
Hale,Kitap > Edebiyat > Roman (Çeviri),Alexandra Adornetto,PEGASUS YAYINLARI,4 / 5 (55 oy),610,28,1,53,"299,00",06.04.2011,TÜRKÇE,480,Karton Kapak,13.5 x 21 cm,Kitap Kağıdı,430,40
Mary,Kitap > Edebiyat > Roman (Çeviri),Mary Wollstonecraft,FİHRİST KİTAP,4 / 5 (3 oy),70,3,0,2,"169,50",23.02.2023,TÜRKÇE,100,Karton Kapak,13 x 19.5 cm,Kitap Kağıdı,53,0
Türk-İslam Bilgeliği ve FelsefeKeşfedilen Medeniyet,Kitap > Akademik,Süleyman Dönmez,NET KİTAPLIK YAYINCILIK,Puan Yok,14,1,1,2,"385,00",14.08.2023,TÜRKÇE,232,Karton Kapak,13 x 20 cm,Kitap Kağıdı,22,0
Savaşın Medyatik İnşası,Kitap > Diğer > İletişim-Medya,Canan Eyigün,URZENİ,Puan Yok,8,2,0,0,"300,00",10.04.2021,TÜRKÇE,250,Karton Kapak,13 x 20 cm,Kitap Kağıdı,17,0
İskambil Destesi,Kitap > Edebiyat > Hikaye (Yerli),Murathan Mungan,METİS YAYINLARI,4 / 5 (13 oy),164,7,2,9,"172,00",09.05.2014,TÜRKÇE,112,Karton Kapak,13.5 x 21.5 cm,Kitap Kağıdı,122,6
Aşka ÖvgüYazarların Aşka Dair Sözleri,Kitap > Edebiyat > Aforizma,Enes Gider,FİHRİST KİTAP,4 / 5 (2 oy),51,3,1,1,"164,50",27.04.2021,TÜRKÇE,132,Karton Kapak,13 x 19.5 cm,Kitap Kağıdı,116,0
Çalışmazsam Okuyamam,Kitap > Sosyoloji > Diğer,Dolunay Şenol,NET KİTAPLIK YAYINCILIK,5 / 5 (1 oy),13,1,0,1,"390,00",27.01.2023,TÜRKÇE,240,Karton Kapak,13.5 x 21 cm,Kitap Kağıdı,10,0
Marcus Antonius,Kitap > Tarih > Kişiler,Plutarkhos,SAY YAYIN GRUBU-KAMPANYA,5 / 5 (18 oy),217,11,1,16,"200,00",02.08.2017,TÜRKÇE,96,Karton Kapak,13.5 x 21 cm,Kitap Kağıdı,215,11
Korona Aşısı,Kitap > Sağlık-Tıp > Diğer,Kolektif,HAYY KİTAP - KAMPANYA,5 / 5 (8 oy),88,16,3,11,"200,00",22.03.2021,TÜRKÇE,200,Karton Kapak,15.5 x 23 cm,Kitap Kağıdı,194,3
Ebedi Öpücük,Kitap > Edebiyat > Hikaye (Çeviri),Libba Bray,KARA KEDİ YAYINLARI,4 / 5 (23 oy),395,7,1,21,"285,00",01.03.2010,TÜRKÇE,368,Karton Kapak,13.5 x 19.5 cm,Kitap Kağıdı,192,13
A Majestic Love,Kitap > Diğer Dildeki Yayınlar > İngilizce,Murat Aykaç Erginöz,ARİON YAYINLARI,Puan Yok,4,1,0,0,"200,00",25.03.2021,İNGİLİZCE,108,Karton Kapak,13.5 x 19.5 cm,Kitap Kağıdı,82,0
Career ManagementIn a Disrupted World,Kitap > Ekonomi > İş Dünyası > Kitap > Diğer Dildeki Yayınlar > İngilizce,Tufan Karaca,LİKYA KİTAP,5 / 5 (1 oy),5,0,0,0,"208,50",27.11.2023,İNGİLİZCE,100,Karton Kapak,16 x 24 cm,Kitap Kağıdı,101,0
Vadideki Zambak,Kitap > Edebiyat > Roman (Çeviri) > Kitap > Edebiyat > 100 Temel Eser,Honore de Balzac,İSKELE YAYINCILIK,4 / 5 (66 oy),915,54,8,143,"185,00",01.01.2011,TÜRKÇE,286,Karton Kapak,13.5 x 19.5 cm,Kitap Kağıdı,2127,48
Türk Dış Politikası Yazıları,Kitap > Siyaset > Bölgeler-Ülkeler,Prof. Dr. Ozan Örmeci,URZENİ,5 / 5 (2 oy),17,1,0,2,"500,00",20.08.2024,TÜRKÇE,497,Karton Kapak,13.5 x 19.5 cm,Kitap Kağıdı,15,0
Bir Daha Yaşanmaması Gereken Günler,Kitap > Tarih > Belgeler,Erol Dok,BİYOGRAFİ.NET,Puan Yok,18,1,0,0,"120,00",12.08.2021,TÜRKÇE,48,Karton Kapak,15 x 23.5 cm,Kitap Kağıdı,75,0
Los Angeles Şekeri,Kitap > Diğer > Gençlik Kitapları > Edebiyat > Kitap > Orijinal Dil > İngilizce,Lauren Conrad,PEGASUS YAYINLARI,4 / 5 (3 oy),82,1,1,4,"269,00",26.06.2014,TÜRKÇE,336,Karton Kapak,13.5 x 21 cm,Kitap Kağıdı,56,2
Kaz Çobanı,Kitap > Çocuk Kitapları > Roman,Shannon Hale,KARA KEDİ YAYINLARI,5 / 5 (38 oy),187,24,0,26,"250,00",12.07.2010,TÜRKÇE,320,Karton Kapak,13.5 x 19.5 cm,Kitap Kağıdı,420,20
Ve Diğerleri,Kitap > Edebiyat > Hikaye (Yerli),Emre Ocaklı,EPONA KİTAP,5 / 5 (1 oy),6,4,0,1,"169,00",02.02.2022,TÜRKÇE,95,Karton Kapak,12.5 x 19.5 cm,Kitap Kağıdı,113,0
Pargalı'nın Ölümü,Kitap > Tarih > Türk-Osmanlı,Aykut Can,YEDİTEPE YAYINEVİ-KAMPANYA,4 / 5 (47 oy),331,29,2,44,"120,00",12.01.2013,TÜRKÇE,120,Karton Kapak,13.5 x 21 cm,Kitap Kağıdı,553,22
Mehmet’in Babası Nazım,Kitap > Edebiyat > Şiir (Yerli),Gündüz Vassaf,DESTEK YAYIN GRUBU-KAMPANYA,5 / 5 (1 oy),20,2,0,1,"220,00",15.06.2021,TÜRKÇE,96,Karton Kapak,13.5 x 19.5 cm,Kitap Kağıdı,30,1
Pembe Eldiven,Kitap > Edebiyat > Diğer,Tuna Yüksel,EPONA KİTAP,5 / 5 (1 oy),6,0,0,2,"146,00",17.10.2023,TÜRKÇE,96,Karton Kapak,12.5 x 19.5 cm,Kitap Kağıdı,298,1
Göçmen Kadın ve Hayat,Kitap > Tarih > Araştırma-İnceleme,Sabiha Doğan,EMRE YAYINLARI,Puan Yok,7,0,0,0,"195,00",17.05.2024,TÜRKÇE,200,Karton Kapak,13.5 x 21 cm,Kitap Kağıdı,30,0
Güller Ağladı,Kitap > Edebiyat > Roman (Yerli),Ümit Zeki Soyuduru,BANLİYÖ KİTAP,5 / 5 (1 oy),4,0,0,0,"104,00",20.01.2023,TÜRKÇE,80,Karton Kapak,12 x 19.5 cm,Kitap Kağıdı,106,0
Son: İdrak Film,Kitap > Edebiyat > Hikaye (Yerli),Esra Keskin Çelik,BANLİYÖ KİTAP,Puan Yok,5,1,0,0,"128,00",04.12.2023,TÜRKÇE,112,Karton Kapak,13.5 x 19.5 cm,Kitap Kağıdı,137,0
Divan Şiirinde Aşkın RenkleriElvan-ı Seb'a,Kitap > Edebiyat > Divan Edebiyatı,Mahmut Kaplan,LEJAND,5 / 5 (1 oy),20,1,0,2,"269,00",04.06.2021,TÜRKÇE,280,Karton Kapak,13 x 19.5 cm,Kitap Kağıdı,134,0
Geleceğin Tarihinden Alıntılar,Kitap > Sosyoloji > Araştırma-İnceleme,Gabriel de Tarde,SAY YAYIN GRUBU-KAMPANYA,4 / 5 (16 oy),126,11,0,8,"200,00",12.04.2011,TÜRKÇE,112,Karton Kapak,13.5 x 19.5 cm,Kitap Kağıdı,136,3
Peşin Hükümlüler,Kitap > Bilim & Mühendislik > Popüler Bilim,Dr. Robert A. Burton,SAY YAYIN GRUBU-KAMPANYA,5 / 5 (3 oy),149,9,0,4,"350,00",02.09.2021,TÜRKÇE,280,Karton Kapak,13.5 x 21 cm,Kitap Kağıdı,70,0
Sophie Jordan Romantik Kitaplar Takım Set (3 Kitap),Kitap > Edebiyat > Roman (Çeviri),Sophie Jordan,PEGASUS YAYINLARI,Puan Yok,34,2,0,1,"837,00",Bilgi Yok,TÜRKÇE,1007,Karton Kapak,13.5 x 21 cm,Kitap Kağıdı,23,0
Ahmet YeseviBir Kutup Yıldızı,Kitap > Edebiyat > Biyografi-Otobiyografi,Mehmet Kara,LEJAND,Puan Yok,35,1,0,2,"120,00",10.04.2021,TÜRKÇE,78,Karton Kapak,13 x 19.5 cm,Kitap Kağıdı,142,0
Toplumsal Hareketler Ve Sinema,Kitap > Sinema-Tiyatro > Senaryo (Yerli),Beril Ekşioğlu Sarılar,URZENİ,Puan Yok,24,0,1,0,"300,00",16.11.2021,TÜRKÇE,280,Karton Kapak,13 x 20 cm,Kitap Kağıdı,20,0
Sen Yanlış Değilsin,Kitap > Kişisel Gelişim,Murat Tunalı,YEDİVEREN YAYIN GRUBU - KAMPANYA,3 / 5 (3 oy),26,2,0,1,"163,00",11.04.2023,TÜRKÇE,192,Karton Kapak,13.5 x 19.5 cm,Kitap Kağıdı,33,2
Delilsiz Sözler (Kavl-i Mücerred),Kitap > Edebiyat > Şiir (Yerli),Anıl Öztürk,KRONOLOJİ YAYINLARI,5 / 5 (1 oy),4,1,0,0,"120,00",09.11.2021,TÜRKÇE,87,Karton Kapak,13 x 20 cm,Kitap Kağıdı,50,0
Babalar ve Oğullar,Kitap > Edebiyat > Roman (Çeviri) > Kitap > Edebiyat > 100 Temel Eser,Ivan Sergeyeviç Turgenyev,İSKELE YAYINCILIK,4 / 5 (46 oy),471,33,4,82,"145,00",31.07.2005,TÜRKÇE,245,Karton Kapak,13.5 x 19.5 cm,Kitap Kağıdı,1243,44
Kitle İletişim Arçalarında Mitoslar,Kitap > Tarih > Araştırma-İnceleme,Ayşe Koncavar,URZENİ,5 / 5 (2 oy),45,3,0,0,"200,00",03.05.2023,TÜRKÇE,165,Karton Kapak,13.5 x 21 cm,Kitap Kağıdı,29,0
"HEY  (Huysuz, Ergen, Yalancı)",Kitap > Diğer > Gençlik Kitapları > Genel,Kody Keplinger,PEGASUS YAYINLARI,4 / 5 (2 oy),125,14,0,11,"269,00",22.06.2016,TÜRKÇE,320,Karton Kapak,13.5 x 21 cm,Kitap Kağıdı,70,1
Hodbinler,Kitap > Edebiyat > Roman (Yerli),Saruhan Doğan,HAYY KİTAP - KAMPANYA,4 / 5 (37 oy),169,37,4,27,"175,00",01.06.2018,TÜRKÇE,392,Karton Kapak,13.5 x 21 cm,Kitap Kağıdı,471,16
68'li ve Gazeteci,Kitap > Edebiyat > Anı (Hatırat),Tuğrul Eryılmaz,İLETİŞİM YAYINLARI KAMPANYA,4 / 5 (15 oy),114,11,0,14,"182,00",12.12.2018,TÜRKÇE,264,Karton Kapak,15 x 21.5 cm,Kitap Kağıdı,344,2
Yeniden SenArınmanın ve Nefsi Yönetmenin Yolları,Kitap > Kişisel Gelişim,Ferhat Atik,DESTEK YAYIN GRUBU-KAMPANYA,Puan Yok,4,0,0,0,"230,00",17.03.2022,TÜRKÇE,216,Karton Kapak,13.5 x 21 cm,Kitap Kağıdı,8,0
Kehanet /  Vadi-4,Kitap > Edebiyat > Roman (Çeviri) > Kitap > Diğer > Gençlik Kitapları > Edebiyat > Kitap > Orijinal Dil > Almanca,Krystyna Kuhn,PEGASUS YAYINLARI,4 / 5 (9 oy),107,1,0,7,"269,00",28.10.2013,TÜRKÇE,328,Karton Kapak,13.5 x 21 cm,Kitap Kağıdı,87,3
Buraların Yerlisi,Kitap > Edebiyat > Şiir (Yerli),Ahmet B. Tamu,EPONA KİTAP,4 / 5 (3 oy),14,1,0,4,"148,00",24.05.2024,TÜRKÇE,60,Karton Kapak,12.5 x 19.5 cm,Kitap Kağıdı,543,1
Şeytanla Dans,Kitap > Edebiyat > Roman (Çeviri),Sherrilyn Kenyon,PEGASUS YAYINLARI,5 / 5 (40 oy),168,11,0,49,"299,00",02.09.2014,TÜRKÇE,368,Karton Kapak,13.5 x 21 cm,Kitap Kağıdı,226,16
Berry Bees / Altın Tasma Operasyonu,Kitap > Çocuk Kitapları > Diğer,Cat Le Blanc,YAKAMOZ YAYINCILIK,Puan Yok,6,0,0,0,"150,00",15.09.2022,TÜRKÇE,160,Karton Kapak,13.5 x 19.5 cm,Kitap Kağıdı,17,0
Güneşli Günler,Kitap > Edebiyat > Roman (Yerli),Ahmet Yenilmez,MOTTO,5 / 5 (4 oy),26,2,0,1,"325,00",09.02.2022,TÜRKÇE,158,Karton Kapak,13.5 x 21 cm,Kitap Kağıdı,129,2
Bridget Jones - Deliriyorum Bu Çocuğa,Kitap > Edebiyat > Roman (Çeviri) > Kitap > Orijinal Dil > İngilizce,Helen Fielding,PEGASUS YAYINLARI,4 / 5 (22 oy),107,24,1,30,"299,00",20.06.2015,TÜRKÇE,440,Karton Kapak,13.5 x 21 cm,Kitap Kağıdı,250,15
Bizans Döneminde Anadolu’da Yaşayan Ermeniler,Kitap > Tarih > Araştırma-İnceleme,Engin Öztürk,URZENİ,5 / 5 (19 oy),107,11,1,5,"200,00",25.06.2020,TÜRKÇE,204,Karton Kapak,13.5 x 21 cm,Kitap Kağıdı,153,15
Yeni Dünya,Kitap > Edebiyat > Hikaye (Yerli),Sabahattin Ali,CAN YAYINLARI,5 / 5 (93 oy),443,64,6,93,"65,00",10.09.2019,TÜRKÇE,160,Karton Kapak,12.5 x 19.5 cm,Kitap Kağıdı,1347,51
Kader’in Peşinde,Kitap > Edebiyat > Roman (Yerli),Mehmet Murat Somer,DEDALUS KİTAP,4 / 5 (5 oy),45,5,0,3,"300,00",17.01.2023,TÜRKÇE,296,Karton Kapak,13 x 20 cm,Kitap Kağıdı,190,1
Yabancı Hayvanlar / Murathan Mungan'ın Seçtikleri,Kitap > Edebiyat > Antoloji-Derleme,Bilgi Yok,METİS YAYINLARI,5 / 5 (6 oy),162,8,0,9,"180,00",24.10.2003,TÜRKÇE,139,Karton Kapak,13.5 x 19.5 cm,3. Hm. Kağıt,135,2
Suskunluklarım,Kitap > Edebiyat > Şiir (Yerli),Remzi Gümüş,KUTLU YAYINEVİ,Puan Yok,5,1,0,0,"150,00",13.06.2022,TÜRKÇE,113,Karton Kapak,13.5 x 19.5 cm,Kitap Kağıdı,6,0
Skandal Evlilik,Kitap > Edebiyat > Roman (Çeviri) > Kitap > Orijinal Dil > İngilizce,Cathy Maxwell,PEGASUS YAYINLARI,4 / 5 (36 oy),234,5,0,38,"269,00",24.12.2013,TÜRKÇE,312,Karton Kapak,13.5 x 21 cm,Kitap Kağıdı,300,7
Geleceğin Havva'sı,Kitap > Edebiyat > Bilimkurgu-Fantazya,Villiers de L’Isle-Adam,FİHRİST KİTAP,5 / 5 (8 oy),52,6,0,4,"449,50",13.10.2021,TÜRKÇE,340,Karton Kapak,13 x 19.5 cm,Kitap Kağıdı,268,4
Atatürk İlkeleri ve İnkılap Tarihi,Kitap > Tarih > Araştırma-İnceleme,Prof. Dr. Zerrin Günal,URZENİ,5 / 5 (2 oy),84,1,0,1,"400,00",22.10.2021,TÜRKÇE,482,Karton Kapak,13.5 x 21 cm,Kitap Kağıdı,68,1
5 Saniyede Venüs'e,Kitap > Edebiyat > Bilimkurgu-Fantazya,Fred T. Jane,FİHRİST KİTAP,5 / 5 (3 oy),32,6,0,1,"174,50",01.09.2022,TÜRKÇE,104,Karton Kapak,13 x 19.5 cm,Kitap Kağıdı,32,0
Günümüz İletişimcisinin Türkçe Dil Kaynağı,Kitap > Diğer > İletişim-Medya,Atilla Girgin,SARMAL KİTABEVİ,Puan Yok,6,0,0,0,"220,00",20.03.2024,TÜRKÇE,201,Karton Kapak,14 x 20 cm,Kitap Kağıdı,42,0
"One Direction: Grubumuz, Hikayemiz",Kitap > Müzik > Müzisyenler > Kitap > Orijinal Dil > İngilizce,One Direction,PEGASUS YAYINLARI,4 / 5 (28 oy),204,23,2,24,"299,00",25.08.2014,TÜRKÇE,288,Karton Kapak,15 x 20 cm,Kitap Kağıdı,1054,8
Hoş Şeyler Zamanı,Kitap > Edebiyat > Deneme (Yerli),Sait Edip Akdağ,HAYY KİTAP - KAMPANYA,Puan Yok,14,1,0,1,"150,00",08.04.2021,TÜRKÇE,120,Karton Kapak,13.5 x 19.5 cm,Kitap Kağıdı,3,0
Kadınlar AnlatıyorKadınların Beynindeki Cinsellik,Kitap > Kişisel Gelişim,Doç.Dr. Ümit Sayın,TANTRA AKADEMİ,4 / 5 (5 oy),78,7,0,1,"520,00",02.09.2025,TÜRKÇE,320,Karton Kapak,13.5 x 21 cm,Kitap Kağıdı,84,2
Karıncaların Gözyaşı,Kitap > Edebiyat > Roman (Yerli),Ersan Er,MOTTO,Puan Yok,10,2,2,1,"311,00",23.10.2021,TÜRKÇE,152,Karton Kapak,13.5 x 19.5 cm,Kitap Kağıdı,253,0
Yolcu ve Köylü,Kitap > Edebiyat > Roman (Çeviri),Lev N. Tolstoy,DEDALUS KİTAP,5 / 5 (5 oy),162,7,0,8,"160,00",05.04.2023,TÜRKÇE,130,Karton Kapak,13 x 20 cm,Kitap Kağıdı,236,3
Hakan Günday Romanlarında Aylaklık ve Gündelik Yaşam,Kitap > Kültür > Popüler Kültür,Asiland Sinan Karaman,URZENİ,Puan Yok,147,5,0,1,"220,00",20.02.2021,TÜRKÇE,170,Karton Kapak,13 x 20 cm,Kitap Kağıdı,82,0
Asiye Kabahat’ten Şarkılar Dinlediniz,Kitap > Edebiyat > Anlatı,Karin Karakaşlı,CAN YAYINLARI KAMPANYA,4 / 5 (114 oy),149,110,6,52,"430,00",22.03.2016,TÜRKÇE,304,Karton Kapak,13.5 x 19.5 cm,Kitap Kağıdı,1473,40
CihadcılıkEfsaneler Gerçekler,Kitap > Siyaset > Bölgeler-Ülkeler > Kitap > Siyaset > Araştırma-İnceleme,Kolektif,METİS YAYINLARI,4 / 5 (13 oy),115,12,2,7,"316,00",24.02.2017,TÜRKÇE,304,Karton Kapak,13 x 19.5 cm,Kitap Kağıdı,127,7
"Türkiye’de “Caz Yapmak”Meşrulaşma, Hakim Anlatılar ve Yapısöküm",Kitap > Başvuru Kitapları > Diğer,Selim Tan,DOĞU KİTABEVİ,5 / 5 (2 oy),19,1,0,1,"211,00",17.04.2024,TÜRKÇE,176,Karton Kapak,13.5 x 19.5 cm,Kitap Kağıdı,66,1
Patates ve Diğer Öyküler,Kitap > Edebiyat > Hikaye (Çeviri),Kim Dong-in,FİHRİST KİTAP,5 / 5 (4 oy),81,8,1,2,"239,50",12.12.2022,TÜRKÇE,162,Karton Kapak,13 x 19.5 cm,Kitap Kağıdı,62,1
Muhteşem Olma Bilimi,Kitap > Kişisel Gelişim,Wallace D. Wattles,LİBERUS,Puan Yok,40,3,0,1,"140,00",23.06.2023,TÜRKÇE,98,Karton Kapak,13 x 19.5 cm,Kitap Kağıdı,178,0
Ya Evvel Ya Ahir,Kitap > İslam > Diğer,Lütfiye Luna,FENİKS KİTAP KAMPANYA,Puan Yok,15,1,0,3,"150,00",21.01.2019,TÜRKÇE,Bilgi Yok,Karton Kapak,14 x 21 cm,Kitap Kağıdı,75,0
Hakuran Kafesinde Bir Gözlemci,Kitap > Edebiyat > Hikaye (Yerli),Öznur Babur,FİHRİST KİTAP,4 / 5 (3 oy),19,6,1,3,"224,50",24.07.2023,TÜRKÇE,150,Karton Kapak,13 x 19.5 cm,Kitap Kağıdı,18,1
Yunus Emre ile 7 Altın KuralAkın'ın Unutulmaz Yaz Tatili,Kitap > Çocuk Kitapları > Hikaye,Fatma Tutak,KENT KARDEŞ,5 / 5 (1 oy),6,0,0,0,"165,00",08.06.2024,TÜRKÇE,147,Karton Kapak,13.5 x 19.5 cm,Kitap Kağıdı,92,0
Bir AndaYüreğim Sana Emanet,Kitap > Edebiyat > Roman (Yerli),Filiz Yurtseven,URZENİ,Puan Yok,16,1,0,2,"200,00",22.12.2020,TÜRKÇE,198,Karton Kapak,13 x 20 cm,Kitap Kağıdı,89,0
Mühürlü Melek,Kitap > Edebiyat > Roman (Çeviri),Nikolay Semyonoviç Leskov,DEDALUS KİTAP,5 / 5 (3 oy),62,4,0,3,"140,00",07.10.2022,TÜRKÇE,108,Karton Kapak,13 x 20 cm,Kitap Kağıdı,429,1
Toplumsal İletişim Dili Olarak Kimlikler,Kitap > Akademik > Sosyoloji İnceleme,Serhat Ulağlı,MOTTO,3 / 5 (1 oy),61,2,0,1,"351,00",26.04.2023,TÜRKÇE,240,Karton Kapak,13.5 x 19.5 cm,Kitap Kağıdı,82,1
Kısaca Barcelona,Kitap > Tarih,Gary W. McDonogh,SAY YAYIN GRUBU-KAMPANYA,5 / 5 (2 oy),55,6,1,2,"400,00",14.08.2023,TÜRKÇE,304,Karton Kapak,13 x 21 cm,Kitap Kağıdı,52,1
Sırça Köşk,Kitap > Edebiyat > Hikaye (Yerli),Sabahattin Ali,CAN YAYINLARI,5 / 5 (95 oy),455,78,9,108,"85,00",02.11.2019,TÜRKÇE,176,Karton Kapak,12.5 x 19.5 cm,Kitap Kağıdı,1743,45
Kursak Krampları,Kitap > Edebiyat > Hikaye (Yerli),Cihan Aldık,HAYY KİTAP - KAMPANYA,5 / 5 (2 oy),7,0,0,1,"150,00",05.11.2019,TÜRKÇE,120,Karton Kapak,13.5 x 21 cm,Kitap Kağıdı,39,1
İnanma! Tersine Odaklan,Kitap > Psikoloji > İnceleme,Dr. Meryem Çelik,URZENİ,5 / 5 (1 oy),26,0,0,2,"220,00",03.11.2021,TÜRKÇE,143,Karton Kapak,13.5 x 21 cm,Kitap Kağıdı,33,1
Gölge HırsızıTuhaf Maceralar  1,Kitap > Diğer > Gençlik Kitapları > Edebiyat > Kitap > Orijinal Dil > İngilizce,Alexandra Adornetto,PEGASUS YAYINLARI,5 / 5 (7 oy),98,6,0,5,"269,00",13.06.2014,TÜRKÇE,320,Karton Kapak,13.5 x 19.5 cm,Kitap Kağıdı,29,1
Aslan Nasıl Yemeğinden Oldu? - Jeremy James'in Maceraları 3,"Kitap > Çocuk Kitapları > 6-12 Yaş > Hikaye, Roman & Masal > Kitap > Orijinal Dil > İngilizce",David Henry Wilson,İLETİŞİM YAYINLARI KAMPANYA,4 / 5 (7 oy),76,2,1,4,"78,00",04.07.2006,TÜRKÇE,101,Karton Kapak,13.5 x 21 cm,Kitap Kağıdı,255,3
Aleviliğin İnanç Tarihine Işık Tutan Bir YazmaTabibu'l-Kulubi'l-Asfiya ve Seyru Sülûki’l-Evliya,Kitap > Din > Dini Metinler,Anonim,LEJAND,5 / 5 (2 oy),47,2,0,1,"350,00",27.12.2023,TÜRKÇE,300,Karton Kapak,13 x 19.5 cm,Kitap Kağıdı,291,1
Şemsiye Teoremi,Kitap > Bilim & Mühendislik > Popüler Bilim,Mickael Launay,SAY YAYIN GRUBU-KAMPANYA,5 / 5 (3 oy),127,9,2,1,"350,00",21.01.2022,TÜRKÇE,288,Karton Kapak,13.5 x 21 cm,Kitap Kağıdı,88,2
Vahşi Meyve,Kitap > Edebiyat > Roman (Çeviri),Sheng Keyi,DEDALUS KİTAP,5 / 5 (4 oy),101,8,0,6,"360,00",09.11.2020,TÜRKÇE,360,Karton Kapak,13 x 20 cm,Kitap Kağıdı,285,2
Şiirle Dolu Kitap,Kitap > Edebiyat > Şiir (Yerli),Mehmet Serhat Bıçak,KRONOLOJİ YAYINLARI,Puan Yok,3,0,0,1,"140,00",27.01.2021,TÜRKÇE,125,Karton Kapak,13 x 19 cm,Kitap Kağıdı,17,0
Protestan Reformuna Giden Yol,Kitap > Tarih > Araştırma-İnceleme > Kitap > Din > Hristiyanlık,Banu Çetin Ünal,MOTTO,5 / 5 (1 oy),63,4,1,1,"296,00",07.02.2024,TÜRKÇE,136,Karton Kapak,13.5 x 21 cm,Kitap Kağıdı,98,0
Bilim ve Felsefe İlişkisi Üzerine Düşünceler,Kitap > Felsefe-Düşünce > Diğer,Süleyman Eryiğit,NET KİTAPLIK YAYINCILIK,Puan Yok,36,1,0,0,"385,00",15.06.2021,TÜRKÇE,232,Karton Kapak,13 x 20 cm,Kitap Kağıdı,69,0
"İnsan Soyunun EğitimiAydınlanma, Din ve Eğitim",Kitap > Eğitim > Diğer > Kitap > Felsefe-Düşünce > Genel,Gotthold Ephraim Lessing,SAY YAYIN GRUBU-KAMPANYA,4 / 5 (15 oy),288,24,2,7,"250,00",14.03.2011,TÜRKÇE,184,Karton Kapak,13.5 x 21 cm,Kitap Kağıdı,330,2
Dünya Acısı,Kitap > Edebiyat > Roman (Yerli),Çağdaş Ünbal,BANLİYÖ KİTAP,5 / 5 (3 oy),23,4,1,5,"130,00",21.07.2023,TÜRKÇE,112,Karton Kapak,13.5 x 19.5 cm,Kitap Kağıdı,345,2
Kalemlerin İz Düşümleri,Kitap > Edebiyat > Hikaye (Yerli),Hüseyin Akdağ,BANLİYÖ KİTAP,Puan Yok,4,0,0,0,"150,00",16.05.2023,TÜRKÇE,144,Karton Kapak,13.5 x 19.5 cm,Kitap Kağıdı,168,0
Nietzsche ve Hukuk,Kitap > Hukuk > Felsefe,Serdar  Koçak,SARMAL KİTABEVİ,5 / 5 (1 oy),62,2,0,0,"270,00",06.11.2023,TÜRKÇE,320,Karton Kapak,13.5 x 19.5 cm,Kitap Kağıdı,72,1
Ailenizin DoktoruTanı ve Tedavi Rehberi,Kitap > Sağlık-Tıp > Genel,Sue Davidson,İNKILAP KİTABEVİ-KAMPANYA,5 / 5 (3 oy),30,0,0,2,"1.390,00",20.01.2011,TÜRKÇE,320,Karton Kapak,21 x 28 cm,Kuşe Kağıt,22,1
Kutsal Işığın Altında,Kitap > Edebiyat > Roman (Çeviri),Tracy Chevalier,BİLGE KÜLTÜR SANAT,4 / 5 (5 oy),53,4,0,6,"275,00",15.01.2010,TÜRKÇE,336,Karton Kapak,13.5 x 21.5 cm,Kitap Kağıdı,44,2
Gülhayat,Kitap > Edebiyat > Roman (Yerli),Arzu Sunar Özcan,ALAN YAYINCILIK,5 / 5 (3 oy),11,1,0,3,"402,00",31.01.2024,TÜRKÇE,288,Karton Kapak,13.5 x 19.5 cm,Kitap Kağıdı,73,3
Osmanlı Devleti'nde Hal' Vak'alarının Dönüşümü,Kitap > Tarih > Türk-Osmanlı,İhsan Alpargın,KRONOLOJİ YAYINLARI,5 / 5 (5 oy),44,0,0,2,"200,00",17.03.2022,TÜRKÇE,208,Karton Kapak,13.5 x 21 cm,Kitap Kağıdı,244,1
Sırlar /  Gölgeler Serisi 3. Kitap,Kitap > Edebiyat > Roman (Çeviri) > Kitap > Orijinal Dil > İngilizce,Jessica Verday,PEGASUS YAYINLARI,4 / 5 (18 oy),178,9,2,20,"299,00",21.02.2014,TÜRKÇE,304,Karton Kapak,13.5 x 21 cm,Kitap Kağıdı,153,4
"Dijital DuyguKorkudan Nefrete, Yastan Emojilere Dijital Duyguyu Anlamak",Kitap > Kültür > Popüler Kültür,Dr. Öğr. Üyesi Derya Gül Ünlü,SARMAL KİTABEVİ,Puan Yok,18,0,1,0,"240,00",11.01.2024,TÜRKÇE,304,Karton Kapak,13.5 x 19.5 cm,Kitap Kağıdı,24,0
Bir Avuç Toprak da Sen At AnnemGüneydoğu’daki Bir Askerin Günlüğü,Kitap > Edebiyat > Anı (Hatırat),Sami Çelik,TRUVA YAYINLARI,4 / 5 (4 oy),26,0,0,5,"220,00",12.08.2021,TÜRKÇE,248,Karton Kapak,13.5 x 21 cm,Kitap Kağıdı,92,4
Ancak Söndüğünde Parlayan,Kitap > Felsefe-Düşünce > Diğer,Sevgi Ozan,FİHRİST KİTAP,5 / 5 (5 oy),21,2,0,8,"249,50",07.06.2022,TÜRKÇE,170,Karton Kapak,13 x 19.5 cm,Kitap Kağıdı,28,5
Bayburt-İsviçre Hattı,Kitap > Edebiyat > Roman (Yerli),Fuat Baş,BİLGE KÜLTÜR SANAT,4 / 5 (6 oy),24,4,0,3,"240,00",15.05.2015,TÜRKÇE,320,Karton Kapak,12.5 x 19.5 cm,Kitap Kağıdı,48,4
Cesur Gardiyan,Kitap > Edebiyat > Roman (Çeviri),Elizabeth Hoyt,PEGASUS YAYINLARI,5 / 5 (25 oy),133,19,0,37,"299,00",05.02.2021,TÜRKÇE,376,Karton Kapak,13.5 x 21 cm,Kitap Kağıdı,429,11
Su Damlası,Kitap > Bilim & Mühendislik > Diğer,Eşref Atabey,SARMAL KİTABEVİ,5 / 5 (3 oy),31,3,1,4,"250,00",08.06.2021,TÜRKÇE,229,Karton Kapak,13.5 x 21 cm,Kitap Kağıdı,73,0
İşte Hayat!,Kitap > Diğer > Söyleşi,Özgün Biçer,DESTEK YAYIN GRUBU-KAMPANYA,Puan Yok,1,0,0,0,"200,00",02.02.2021,TÜRKÇE,184,Karton Kapak,13.5 x 19.5 cm,Kitap Kağıdı,1,0
Erdem SinyallemeDarwinist Politika ve İfade Özgürlüğü Üzerine Denemeler,Kitap > Siyaset > Araştırma-İnceleme,Geoffrey Miller,LİBERUS,4 / 5 (5 oy),72,5,0,1,"200,00",07.06.2022,TÜRKÇE,156,Karton Kapak,13 x 19.5 cm,Kitap Kağıdı,183,1
Siyaset Bilimlerinin RestorasyonuYapay Sivil Devlet Varsayımına Karşı Doğal Sosyal Devlet Teorisi,Kitap > Felsefe-Düşünce > Diğer,Karl Ludwig von Haller,LİBERUS,5 / 5 (8 oy),434,17,2,3,"400,00",10.07.2023,TÜRKÇE,364,Karton Kapak,13.5 x 19.5 cm,Kitap Kağıdı,229,3
Kadın ManzaralarıToplu Öyküler,Kitap > Edebiyat > Hikaye (Çeviri),Kang Kyung-ae,FİHRİST KİTAP,5 / 5 (9 oy),107,10,0,8,"309,50",07.06.2022,TÜRKÇE,224,Karton Kapak,13 x 19.5 cm,Kitap Kağıdı,79,5
Bir Tilkiyi Nasıl Evcilleştirirsin?,Kitap > Tarih > Araştırma-İnceleme,Lee Alan Dugatkin,LİBERUS,5 / 5 (4 oy),145,8,0,6,"300,00",10.01.2023,TÜRKÇE,250,Karton Kapak,13 x 19.5 cm,Kitap Kağıdı,113,0
Söz Dinlemez Kalbim,Kitap > Edebiyat > Roman (Çeviri) > Kitap > Orijinal Dil > İngilizce,Candace Camp,PEGASUS YAYINLARI,4 / 5 (33 oy),239,8,0,45,"299,00",06.08.2012,TÜRKÇE,384,Karton Kapak,13.5 x 21 cm,Kitap Kağıdı,365,10
Peggy Sue ve Hayaletler Serisi Takım Set (4 Kitap),Kitap > Edebiyat > Roman (Çeviri),Serge Brussolo,PEGASUS YAYINLARI,5 / 5 (22 oy),200,19,2,13,"1.086,00",31.01.2020,TÜRKÇE,1312,Karton Kapak,13.5 x 21 cm,Kitap Kağıdı,294,13
Afgan Savaşı,Kitap > Edebiyat > Roman (Çeviri),Steven Pressfield,BİLGE KÜLTÜR SANAT,5 / 5 (17 oy),166,13,1,15,"275,00",05.10.2007,TÜRKÇE,336,Karton Kapak,13.5 x 21.5 cm,3. Hm. Kağıt,220,10
Rusçuk AyanıTirsiniklizade İsmail Ağa ve Dönemi (1796-1806),Kitap > Tarih > Çağlar-Dönemler > Kitap > Tarih > Kişiler,Meryem Kaçan Erdoğan,YEDİTEPE YAYINEVİ-KAMPANYA,5 / 5 (24 oy),197,22,5,12,"280,00",08.02.2010,TÜRKÇE,312,Karton Kapak,13.5 x 21 cm,Kitap Kağıdı,245,12
Miyav!  Kafayı Mı Yediniz Siz?,Kitap > Edebiyat > Roman (Çeviri),Gilles Legardinier,PEGASUS YAYINLARI,5 / 5 (13 oy),111,6,3,17,"299,00",01.09.2016,TÜRKÇE,352,Karton Kapak,13.5 x 21 cm,Kitap Kağıdı,145,11
Mars Satrancı / John Carter V,Kitap > Edebiyat > Bilimkurgu-Fantazya,Edgar Rice Burroughs,FİHRİST KİTAP,5 / 5 (8 oy),74,13,0,6,"354,50",11.01.2023,TÜRKÇE,260,Karton Kapak,13 x 19.5 cm,Kitap Kağıdı,97,3
Bir Gün Daha,Kitap > Kişisel Gelişim,Esat Karlıdağ,YEDİVEREN YAYIN GRUBU - KAMPANYA,Puan Yok,14,0,0,0,"150,00",26.10.2023,TÜRKÇE,160,Karton Kapak,13.5 x 19.5 cm,Kitap Kağıdı,12,0
Olağanhiçç,Kitap > Edebiyat > Şiir (Yerli),Bayram  Zıvalı,EPONA KİTAP,5 / 5 (6 oy),11,0,0,5,"139,00",29.04.2022,TÜRKÇE,72,Karton Kapak,12.5 x 19.5 cm,Kitap Kağıdı,197,6
Karanlıktan Sonra Ölümsüzler Serisi Takım Set (4 Kitap),Kitap > Edebiyat > Roman (Çeviri),Kresley Cole,PEGASUS YAYINLARI,5 / 5 (1 oy),74,2,0,0,"1.166,00",Bilgi Yok,TÜRKÇE,1616,Karton Kapak,13.5 x 21 cm,Kitap Kağıdı,32,1
Farabi / Fikir Mimarları Dizisi,Kitap > İslam > Felsefe > Kitap > Felsefe-Düşünce > Filozoflar-Düşünürler,Hüseyin Gazi Topdemir,SAY YAYIN GRUBU-KAMPANYA,5 / 5 (21 oy),559,20,3,10,"350,00",30.10.2017,TÜRKÇE,288,Karton Kapak,13.5 x 21 cm,Kitap Kağıdı,330,6
Maskeli Aşk,Kitap > Edebiyat > Roman (Çeviri) > Kitap > Orijinal Dil > İngilizce,Nicola Cornick,PEGASUS YAYINLARI,4 / 5 (12 oy),83,7,0,18,"299,00",24.03.2015,TÜRKÇE,336,Karton Kapak,13.5 x 21 cm,Kitap Kağıdı,141,6
Babil'deki Yalnız Bebek,Kitap > Edebiyat > Roman (Yerli),Deniz Madran,BİLGE KÜLTÜR SANAT,2 / 5 (1 oy),27,1,0,0,"280,00",26.11.2007,TÜRKÇE,376,Karton Kapak,14 x 22 cm,Kitap Kağıdı,18,1
Kedi Gümüş’le Değerler Eğitimi Seti (20 kitap),Kitap > Çocuk Kitapları > Diğer,Zeynep  Emirdağ,ŞULE YAYINLARI - KAMPANYA,5 / 5 (2 oy),28,0,0,2,"800,00",14.06.2021,TÜRKÇE,480,Karton Kapak,19.5 x 19.5 cm,Kitap Kağıdı,10,1
Venedik Bir Balıktır,Kitap > Edebiyat > Anlatı > Kitap > Turizm-Gezi > Gezi Kitapları,Tiziano Scarpa,BİLGE KÜLTÜR SANAT,4 / 5 (13 oy),58,6,0,9,"145,00",16.06.2009,TÜRKÇE,112,Karton Kapak,13.5 x 19.5 cm,3. Hm. Kağıt,131,5
Toplumsal Analizler Ekseninde Kent Fragmanları,Kitap > Sosyoloji > Kentleşme,Bilgi Yok,SİYASAL YAYIN GRUBU - KAMPANYA,5 / 5 (4 oy),67,5,0,6,"350,00",26.09.2016,TÜRKÇE,336,Karton Kapak,13.5 x 19.5 cm,Kitap Kağıdı,115,1
Bir Sonraki Einstein Sen Olabilirsin,Kitap > Felsefe-Düşünce > Diğer,George  Jaroszkiewicz,YAKAMOZ YAYINCILIK,3 / 5 (2 oy),26,2,0,2,"180,00",18.08.2023,TÜRKÇE,368,Karton Kapak,13.5 x 19.5 cm,Kitap Kağıdı,22,1
Biyoteknoloji Çağında İnsan Kalabilmek,Kitap > Bilim & Mühendislik > Diğer,Elif Akçay,SARMAL KİTABEVİ,4 / 5 (4 oy),81,3,0,7,"220,00",02.03.2022,TÜRKÇE,184,Karton Kapak,13.5 x 21 cm,Kitap Kağıdı,126,1
Siyasal Kültür ve Seçim İletişimi Çalışmaları,Kitap > Siyaset > Araştırma-İnceleme,Seyra Kestel,URZENİ,Puan Yok,4,0,0,0,"400,00",10.03.2023,TÜRKÇE,358,Karton Kapak,13.5 x 19.5 cm,Kitap Kağıdı,7,0
Benim Manilerim,Kitap > Edebiyat > Diğer,Hatice Opak,ALAN YAYINCILIK,Puan Yok,1,0,0,0,"120,00",29.04.2024,TÜRKÇE,80,Karton Kapak,13.5 x 19.5 cm,Kitap Kağıdı,6,0
Yüreğim Sana Ait,Kitap > Edebiyat > Roman (Çeviri) > Kitap > Orijinal Dil > İngilizce,Eloisa James,PEGASUS YAYINLARI,4 / 5 (34 oy),268,5,0,30,"299,00",13.04.2012,TÜRKÇE,376,Karton Kapak,13.5 x 21 cm,Kitap Kağıdı,316,17
Edda’nın Dilek Kutusu / Dilek Değiş Tokuşu Başlıyor,Kitap > Çocuk Kitapları > Hikaye,Suza Kolb,YAKAMOZ YAYINCILIK,5 / 5 (1 oy),5,0,0,2,"80,00",13.06.2023,TÜRKÇE,128,Karton Kapak,13.5 x 19.5 cm,Kitap Kağıdı,48,1
Taşikardi,Kitap > Edebiyat > Roman (Yerli),Hakan Karakaşoğlu,İLETİŞİM YAYINLARI KAMPANYA,5 / 5 (7 oy),33,7,0,5,"84,00",06.04.2018,TÜRKÇE,108,Karton Kapak,13.5 x 19.5 cm,Kitap Kağıdı,81,3
Gecenin Öpücüğü,Kitap > Edebiyat > Roman (Çeviri) > Kitap > Orijinal Dil > İngilizce,Sherrilyn Kenyon,PEGASUS YAYINLARI,5 / 5 (31 oy),98,10,1,44,"299,00",16.03.2015,TÜRKÇE,344,Karton Kapak,13.5 x 21 cm,Kitap Kağıdı,194,14
"İki Kıtayı Bağlayan ""Altın Bağ""Bir Mustafa Kemal Romanı",Kitap > Edebiyat > Roman (Çeviri),M. Study Slater,SARMAL KİTABEVİ,4 / 5 (1 oy),19,1,0,0,"450,00",06.04.2023,TÜRKÇE,525,Karton Kapak,13.5 x 21 cm,Kitap Kağıdı,35,1
Aile İçi Şiddet ve Şiddet Ortamında Çocuklar,Kitap > Eğitim > Annelik-Babalık-Aile > Kitap > Eğitim > Rehber Kitaplar,Dr. Hamdi Kalyoncu,YEDİVEREN YAYINLARI,4 / 5 (9 oy),82,3,1,8,"126,00",21.12.2021,TÜRKÇE,136,Karton Kapak,13.5 x 21 cm,Kitap Kağıdı,168,3
Deniz’in Sesi,Kitap > Edebiyat > Roman (Yerli),Melekber Deniz,PİKA,Puan Yok,13,0,0,3,"200,00",23.09.2022,TÜRKÇE,498,Karton Kapak,13.5 x 21 cm,Kitap Kağıdı,18,0
Şarlman'ın İzinde,Kitap > Edebiyat > Roman (Çeviri) > Kitap > Orijinal Dil > İngilizce,Steve Berry,BİLGE KÜLTÜR SANAT,5 / 5 (21 oy),134,17,0,18,"440,00",01.02.2010,TÜRKÇE,544,Karton Kapak,13.5 x 21.5 cm,Kitap Kağıdı,292,8
Hartlı Şeyh EşrefMezarsız Adem,Kitap > Edebiyat > Roman (Yerli),Fuat Baş,BİLGE KÜLTÜR SANAT,5 / 5 (2 oy),18,2,0,4,"310,00",01.10.2019,TÜRKÇE,384,Karton Kapak,12.5 x 19.5 cm,Kitap Kağıdı,46,1
Yağmurlar İdam Kokar Mı Anne?,Kitap > Edebiyat > Roman (Yerli),Kurtuluş Baştimar,ONUR KİTAP,3 / 5 (2 oy),5,1,0,0,"190,00",16.02.2024,TÜRKÇE,120,Karton Kapak,13.5 x 21 cm,Kitap Kağıdı,5,1
Çocuğunuza Sınır Koyma 2,Kitap > Eğitim > Çocuk Eğitimi,Robert J. Mackenzie,YAKAMOZ YAYINCILIK,4 / 5 (270 oy),354,18,3,24,"300,00",01.04.2016,TÜRKÇE,272,Karton Kapak,13.5 x 21 cm,3. Hm. Kağıt,8055,101
Cosmos ve Ben,Kitap > Sinema-Tiyatro > Oyun (Yerli),Gözde Özelce,SARMAL KİTABEVİ,Puan Yok,7,0,0,0,"150,00",24.01.2022,TÜRKÇE,74,Karton Kapak,13.5 x 21 cm,Kitap Kağıdı,11,0
Acemi Martılar,Kitap > Edebiyat > Roman (Yerli),Derya Yaşa,EPONA KİTAP,Puan Yok,11,2,1,0,"174,00",09.10.2023,TÜRKÇE,184,Karton Kapak,12.5 x 19.5 cm,Kitap Kağıdı,597,0
Sosyal Medya Aşkları,Kitap > Edebiyat > Diğer,Şahangiller,HAYY KİTAP - KAMPANYA,3 / 5 (4 oy),26,3,0,4,"125,00",15.11.2018,TÜRKÇE,104,Karton Kapak,13.5 x 21 cm,Kitap Kağıdı,57,0
Edda’nın Dilek Kutusu / Sissi Nine’nin En Yakın Arkadaşı Kim?,Kitap > Çocuk Kitapları > Hikaye,Suza Kolb,YAKAMOZ YAYINCILIK,Puan Yok,6,0,0,0,"80,00",01.06.2023,TÜRKÇE,128,Karton Kapak,13.5 x 19.5 cm,Kitap Kağıdı,49,0
Said Emre,Kitap > Akademik > Edebiyat İnceleme,Mustafa Alkan,NET KİTAPLIK YAYINCILIK,Puan Yok,6,0,0,1,"295,00",04.11.2021,TÜRKÇE,168,Karton Kapak,13 x 20 cm,Kitap Kağıdı,46,0
Ahde Kırk Vefa,Kitap > Edebiyat > Deneme (Yerli),40'lar Kulübü,40'LAR KULÜBÜ,4 / 5 (4 oy),31,5,3,1,"99,00",21.04.2022,TÜRKÇE,126,Karton Kapak,13.5 x 21 cm,Kitap Kağıdı,31,2
İmparator'un Mezarı,Kitap > Edebiyat > Roman (Çeviri) > Kitap > Orijinal Dil > İngilizce,Steve Berry,BİLGE KÜLTÜR SANAT,5 / 5 (29 oy),179,22,1,25,"390,00",06.03.2012,TÜRKÇE,496,Karton Kapak,13.5 x 21.5 cm,Kitap Kağıdı,337,16
Haremin Büyüsü,Kitap > Edebiyat > Roman (Yerli),Murat Aykaç Erginöz,ARİON YAYINLARI,5 / 5 (2 oy),42,2,0,1,"360,00",30.06.2017,TÜRKÇE,208,Karton Kapak,13.5 x 19.5 cm,Kitap Kağıdı,47,2
Radyum ve Radyoaktivitenin Tarihi,Kitap > Bilim & Mühendislik > Popüler Bilim,Lucy Jane Santos,SAY YAYIN GRUBU-KAMPANYA,5 / 5 (1 oy),99,7,0,1,"350,00",21.04.2022,TÜRKÇE,304,Karton Kapak,13.5 x 21 cm,Kitap Kağıdı,58,0
Ay'daki Adam,Kitap > Edebiyat > Bilimkurgu-Fantazya,Francis Godwin,FİHRİST KİTAP,5 / 5 (18 oy),90,10,1,15,"139,50",19.03.2021,TÜRKÇE,82,Karton Kapak,13 x 19.5 cm,Kitap Kağıdı,299,10
12. Mıntıka Açlık Oyunlarının Yıldızları,Kitap > Edebiyat > Roman (Çeviri),Mick O'Shea,PEGASUS YAYINLARI,4 / 5 (36 oy),190,28,1,21,"249,00",03.05.2012,TÜRKÇE,160,Karton Kapak,13.8 x 21 cm,Kitap Kağıdı,570,15
Kış Patatesi KöftesiBir Taşra Polisiyesi,Kitap > Edebiyat > Polisiye > Kitap > Orijinal Dil > Almanca,Rita Falk,PEGASUS YAYINLARI,4 / 5 (20 oy),162,8,0,21,"249,00",25.11.2013,TÜRKÇE,240,Karton Kapak,13.5 x 21 cm,Kitap Kağıdı,190,11
Yevgeni OneginOpera Klasikleri: 06,Kitap > Sanat > Diğer,Pyotr İlyiç Çaykovski,FİHRİST KİTAP,5 / 5 (2 oy),30,2,0,1,"204,50",26.02.2024,TÜRKÇE,132,Karton Kapak,13 x 19.5 cm,Kitap Kağıdı,67,0
Bebekler Mutlu Anne Babalar MutluBebeğinizin İlk Üç Yılı,Kitap > Eğitim > Annelik-Babalık-Aile,Soner Yatgın,ARİON YAYINLARI,5 / 5 (4 oy),52,2,0,2,"480,00",26.06.2019,TÜRKÇE,224,Karton Kapak,15 x 21 cm,Kitap Kağıdı,40,3
Akıl Çağı,Kitap > Felsefe-Düşünce > Genel,Thomas Paine,SAY YAYIN GRUBU-KAMPANYA,5 / 5 (8 oy),86,6,0,5,"250,00",02.11.2017,TÜRKÇE,240,Karton Kapak,13 x 19.5 cm,Kitap Kağıdı,59,3
Kötü İlaç,Kitap > Sağlık-Tıp > Diğer,Ben Goldacre,PEGASUS YAYINLARI,5 / 5 (78 oy),417,71,8,52,"299,00",01.04.2016,TÜRKÇE,464,Karton Kapak,15.5 x 23.5 cm,Kitap Kağıdı,1648,40
Excel de Ustalaşma Teknikleri300 İleri Düzey Excel ve Makro (Vba) Tekniği,Kitap > Eğitim > Diğer,Cenk İltir,ABAKÜS KİTAP - KAMPANYA,5 / 5 (6 oy),91,7,1,8,"315,00",04.01.2020,TÜRKÇE,440,Karton Kapak,16.5 x 24 cm,Kitap Kağıdı,233,0
Patlayıcı Olarak Selülozun Bağlamı,Kitap > Edebiyat > Diğer,Sedat Demir,EPONA KİTAP,5 / 5 (1 oy),6,0,0,0,"158,00",03.05.2024,TÜRKÇE,48,Karton Kapak,12 x 19 cm,Kitap Kağıdı,252,0
GrebeneBalkanlarda Tedhiş ve Gerilla,Kitap > Siyaset > Siyasal Tarih,Bekir Fikri,DOĞU KİTABEVİ,Puan Yok,50,4,0,0,"690,00",21.11.2022,TÜRKÇE,456,Karton Kapak,14 x 21 cm,Kitap Kağıdı,180,0
Peggy Sue ve Hayaletler -2 / Beyaz Taşın Labirenti,Kitap > Çocuk Kitapları > Roman,Serge Brussolo,PEGASUS  ÇOCUK YAYINLARI,5 / 5 (1 oy),31,1,0,4,"299,00",19.09.2012,TÜRKÇE,384,Karton Kapak,13.5 x 21 cm,Kitap Kağıdı,57,1
Mutluluğun PeşindeHollywood'un Yeniden Evlilik Komedisi,Kitap > Felsefe-Düşünce > Genel > Kitap > Sinema-Tiyatro > Sinema-Genel,Stanley Cavell,METİS YAYINLARI,5 / 5 (2 oy),93,6,0,3,"376,00",15.04.2010,TÜRKÇE,368,Karton Kapak,13 x 19.5 cm,Kitap Kağıdı,38,1
Umuda Yolculuk,Kitap > Edebiyat > Roman (Yerli),Elif Ünal  Yıldız,ALASKA YAYINEVİ,3 / 5 (1 oy),4,0,0,0,"195,00",15.04.2024,TÜRKÇE,195,Karton Kapak,13.5 x 21 cm,Kitap Kağıdı,44,0
Tanrı'yla Bütün İlişkimi Kestim,Kitap > Edebiyat > Roman (Çeviri),Katarina Mazetti,PEGASUS YAYINLARI,4 / 5 (97 oy),613,79,5,96,"219,00",06.10.2010,TÜRKÇE,144,Karton Kapak,13.5 x 21 cm,Kitap Kağıdı,2660,44
Savaşın Geleceği,Kitap > Tarih > Araştırma-İnceleme,Lawrence Freedman,SAY YAYIN GRUBU-KAMPANYA,5 / 5 (5 oy),220,13,1,2,"450,00",06.12.2022,TÜRKÇE,488,Karton Kapak,13.5 x 21 cm,Kitap Kağıdı,153,1
Yunanlıların Uşak’ı İşgali ve Esaret Sancısı,Kitap > Tarih > Araştırma-İnceleme,Sadiye Tutsak,YEDİTEPE YAYINEVİ-KAMPANYA,5 / 5 (8 oy),78,3,1,9,"390,00",29.04.2015,TÜRKÇE,464,Karton Kapak,13.5 x 21 cm,Kitap Kağıdı,109,1
Gecenin Kemanı,Kitap > Edebiyat > Hikaye (Yerli),İslam Gemici,BİYOGRAFİ.NET,4 / 5 (1 oy),8,0,0,1,"150,00",06.01.2021,TÜRKÇE,160,Karton Kapak,13.5 x 19.5 cm,Kitap Kağıdı,20,1
Üçüncü HatHatt-ı Sevvum,Kitap > İslam > Araştırma-İnceleme,Şems-i Tebrizi,LEJAND,4 / 5 (3 oy),119,3,1,3,"175,00",06.01.2022,TÜRKÇE,160,Karton Kapak,13 x 19.5 cm,Kitap Kağıdı,525,2
Yunan Hikayelerinde Kadın ve Ulusçu Kimliğin Üretimi,Kitap > Edebiyat > İnceleme,Aslı Çete,URZENİ,4 / 5 (1 oy),19,1,0,1,"420,00",19.11.2020,TÜRKÇE,Bilgi Yok,Karton Kapak,13 x 20 cm,Kitap Kağıdı,28,0
Mükemmel Kadın Sürtüğün Tekidir!,Kitap > Kadın-Erkek > Kadın Kitapları > Kitap > Orijinal Dil > Fransızca,Anne Sophie Girard,PEGASUS YAYINLARI,4 / 5 (71 oy),559,61,9,72,"219,00",03.03.2015,TÜRKÇE,160,Karton Kapak,11 x 17.8 cm,Kitap Kağıdı,1674,39
Savcı: Her Ceset Konuşur,Kitap > Edebiyat > Polisiye,Cahit Tosun,BANLİYÖ KİTAP,5 / 5 (1 oy),58,4,0,2,"150,00",09.05.2022,TÜRKÇE,144,Karton Kapak,13.5 x 19.5 cm,Kitap Kağıdı,166,0
Yeni Medya Ekosisteminde Dönüşen Habercilik ve TeyitçilikHakikat Sonrası Çağda Dezenformasyonun Kontrolü,Kitap > Diğer > İletişim-Medya,Alper Önen,URZENİ,5 / 5 (1 oy),14,4,0,0,"240,00",12.06.2023,TÜRKÇE,225,Karton Kapak,13.5 x 19.5 cm,Kitap Kağıdı,45,1
Şair Tezkireleri,Kitap > Edebiyat > Doğu Klasikleri,Devletşah,PİNHAN YAYINCILIK-KAMPANYA,5 / 5 (65 oy),315,41,8,25,"1.560,00",01.07.2011,TÜRKÇE,688,Ciltli,13.5 x 21.5 cm,Kitap Kağıdı,424,25
Asghar Farhadi SinemasıYerellik ve Evrensellik,Kitap > Sinema-Tiyatro > Oyun (Yerli),Ezgi Büşra Çınar,URZENİ,Puan Yok,19,0,0,0,"370,00",14.02.2022,TÜRKÇE,404,Karton Kapak,13.5 x 21 cm,Kitap Kağıdı,31,0
Yakalı Toy Kuşu Uçsana,Kitap > Edebiyat > Hikaye (Yerli),Yasemin Onat,EPONA KİTAP,4 / 5 (2 oy),10,3,0,3,"189,00",23.01.2024,TÜRKÇE,85,Karton Kapak,12.5 x 19.5 cm,Kitap Kağıdı,422,0
Körfezin SarıkızlarıEdremit Körfezi ve Civarında Alanda Çalışan Kadınlar Üzerine Nitel Bir Çalışma,Kitap > Sosyoloji > Araştırma-İnceleme,Dolunay Şenol,NET KİTAPLIK YAYINCILIK,Puan Yok,2,0,0,0,"485,00",21.05.2022,TÜRKÇE,304,Karton Kapak,13 x 20 cm,Kitap Kağıdı,136,0
Dehşet HançeriBir Felanties Öyküsü,Kitap > Edebiyat > Hikaye (Yerli),Anıl Teryaki,KENT KİTAP,5 / 5 (1 oy),5,0,0,0,"105,00",03.07.2023,TÜRKÇE,78,Karton Kapak,12.5 x 19.5 cm,Kitap Kağıdı,44,0
Darbe / Sürgün 3. Kitap,Kitap > Edebiyat > Roman (Çeviri) > Kitap > Edebiyat > Bilimkurgu-Fantazya,Lisa M. Stasse,PEGASUS YAYINLARI,5 / 5 (3 oy),77,11,1,9,"299,00",02.08.2017,TÜRKÇE,344,Karton Kapak,13.5 x 21 cm,Kitap Kağıdı,78,0
Bridget Jones'un Bebeği: Günlükler,Kitap > Edebiyat > Roman (Çeviri),Helen Fielding,PEGASUS YAYINLARI,5 / 5 (7 oy),32,4,0,5,"249,00",14.03.2017,TÜRKÇE,232,Karton Kapak,13.5 x 21 cm,Kitap Kağıdı,41,1
Serseri Prens,Kitap > Edebiyat > Roman (Çeviri),L. J. Shen,OLİMPOS YAYINLARI,4 / 5 (16 oy),783,38,2,33,"319,00",27.12.2022,TÜRKÇE,416,Karton Kapak,13.5 x 21 cm,Kitap Kağıdı,698,10
Dünyanın Yaratılışına Dair Öyküler,Kitap > Edebiyat > Hikaye (Çeviri),Richard Erdoes,URZENİ,5 / 5 (1 oy),15,1,0,1,"170,00",30.09.2022,TÜRKÇE,144,Karton Kapak,13.5 x 19.5 cm,Kitap Kağıdı,13,0
Baştan Çıkaran Mektuplar,Kitap > Edebiyat > Roman (Çeviri),Hilda Hilst,DEDALUS KİTAP,4 / 5 (7 oy),92,14,1,5,"140,00",12.01.2022,TÜRKÇE,124,Karton Kapak,13 x 20 cm,Kitap Kağıdı,252,2
Liberalizm,Kitap > Siyaset > Kuram,Leonard T. Hobhouse,LİBERUS,4 / 5 (7 oy),188,6,0,4,"200,00",21.08.2024,TÜRKÇE,160,Karton Kapak,13 x 19.5 cm,Kitap Kağıdı,185,0
Öz Yurdunda Garipsin,Kitap > Edebiyat > Roman (Yerli),Mehmet Zeren,BİLGE KÜLTÜR SANAT,5 / 5 (9 oy),45,11,0,10,"325,00",18.03.2014,TÜRKÇE,464,Karton Kapak,12.5 x 19.5 cm,Kitap Kağıdı,151,8
KaçakTehlikeli İnatçı ve Kedi / Dönüşüm Serisi -2,Kitap > Edebiyat > Roman (Çeviri) > Kitap > Orijinal Dil > İngilizce,Rachel Vincent,PEGASUS YAYINLARI,4 / 5 (41 oy),394,14,2,54,"299,00",13.07.2011,TÜRKÇE,448,Karton Kapak,13.5 x 21 cm,Kitap Kağıdı,298,27
Alevilikte Cenaze Kaldırma,Kitap > Din > Diğer,İsmail Metin,SARMAL KİTABEVİ,Puan Yok,18,2,0,2,"220,00",09.12.2020,TÜRKÇE,175,Karton Kapak,13 x 20 cm,Kitap Kağıdı,23,0
İçimden Geçen Yolda,Kitap > Edebiyat > Deneme (Yerli),Akgün Akova,DESTEK YAYIN GRUBU-KAMPANYA,4 / 5 (2 oy),39,1,0,1,"130,00",08.11.2018,TÜRKÇE,144,Karton Kapak,13.5 x 19.5 cm,Kitap Kağıdı,30,1
Arap Baharı ve MısırTürkiye'nin Mısır Politikası,Kitap > Siyaset > Araştırma-İnceleme,Talha Gönen,URZENİ,Puan Yok,39,3,0,0,"220,00",09.12.2020,TÜRKÇE,217,Karton Kapak,13 x 20 cm,Kitap Kağıdı,18,0
Kızılderili Efsane ve Masalları,Kitap > Edebiyat > Roman (Çeviri),Richard Erdoes,SARMAL KİTABEVİ,5 / 5 (3 oy),69,2,0,6,"800,00",03.05.2021,TÜRKÇE,372,Karton Kapak,20 x 28 cm,Kitap Kağıdı,41,1
Kağıt Taş Kumaş,Kitap > Sinema-Tiyatro > Oyun (Yerli),Murathan Mungan,METİS YAYINLARI,5 / 5 (7 oy),183,8,1,5,"156,00",09.03.2007,TÜRKÇE,104,Karton Kapak,12.5 x 19.5 cm,Kitap Kağıdı,157,2
Eray'a,Kitap > Edebiyat > Roman (Yerli),İsmail Akelçi,ARİON YAYINLARI,Puan Yok,4,0,0,0,"360,00",22.06.2020,TÜRKÇE,224,Karton Kapak,13.5 x 21 cm,Kitap Kağıdı,18,0
Sevgili Nefret,Kitap > Edebiyat > Hikaye (Yerli),Hakan Şenocak,DEDALUS KİTAP,4 / 5 (1 oy),16,2,0,1,"140,00",30.06.2021,TÜRKÇE,112,Karton Kapak,13 x 20 cm,Kitap Kağıdı,82,0
Koleksiyon,Kitap > Edebiyat > Roman (Çeviri),Gioia Diliberto,BİLGE KÜLTÜR SANAT,4 / 5 (3 oy),32,2,0,3,"250,00",15.08.2008,TÜRKÇE,288,Karton Kapak,13.5 x 21.5 cm,3. Hm. Kağıt,39,2
Akan Sudan Şüphe,Kitap > Edebiyat > Şiir (Yerli),Berat Yılmaz,FİHRİST KİTAP,Puan Yok,15,1,0,0,"119,50",09.03.2022,TÜRKÇE,58,Karton Kapak,13 x 19.5 cm,Kitap Kağıdı,45,0
Sevgide Açık Var,Kitap > Edebiyat > Deneme (Yerli),Mehmet  Helvacıoğlu,ZEMRA YAYINLARI,5 / 5 (3 oy),2,1,1,0,"385,00",17.08.2023,TÜRKÇE,302,Karton Kapak,13.5 x 21 cm,Kitap Kağıdı,39,3
İlk Olarak Politik Konulara Çivi,Kitap > Felsefe-Düşünce,Ali Demirsoy,SARMAL KİTABEVİ,4 / 5 (3 oy),49,7,2,2,"520,00",09.12.2021,TÜRKÇE,720,Karton Kapak,13.5 x 21 cm,Kitap Kağıdı,86,1
Ezik 2 / Ortadirek,Kitap > Edebiyat > Roman (Çeviri),Andrew Smith,PEGASUS YAYINLARI,4 / 5 (7 oy),40,5,0,3,"299,00",24.02.2017,TÜRKÇE,400,Karton Kapak,13.5 x 21 cm,Kitap Kağıdı,38,1
Masal Ülkesine Yolculuk: Endülüs,Kitap > Turizm-Gezi > Diğer,Meliha Çelik,YARIN YAYINCILIK,5 / 5 (1 oy),42,1,0,3,"450,50",24.05.2021,TÜRKÇE,120,Karton Kapak,13.5 x 21 cm,Kitap Kağıdı,21,1
Ölüm'ün Zarı / Büyük Şeytan Savaşı -2,Kitap > Edebiyat > Roman (Çeviri),Kenneth Bogh Andersen,PEGASUS  ÇOCUK YAYINLARI,4 / 5 (9 oy),85,2,0,12,"250,00",16.04.2012,TÜRKÇE,344,Karton Kapak,13.5 x 21 cm,Kitap Kağıdı,74,4
Gömülü Sırlar,Kitap > Edebiyat > Roman (Çeviri) > Kitap > Orijinal Dil > İngilizce,Joseph Finder,BİLGE KÜLTÜR SANAT,4 / 5 (15 oy),112,9,1,17,"330,00",01.12.2012,TÜRKÇE,400,Karton Kapak,14 x 22 cm,Kitap Kağıdı,163,4
The Other WorldsSearch For Life In Space,Kitap > Diğer Dildeki Yayınlar > İngilizce,Özgür Barış Etli,URZENİ,5 / 5 (1 oy),5,0,0,0,"200,00",19.12.2023,İNGİLİZCE,115,Karton Kapak,13.5 x 19.5 cm,Kitap Kağıdı,16,1
Din Eğitiminin 200'ü,Kitap > İslam > Eğitim-Öğretim > Kitap > İslam > Kültür,Doç. Dr. Osman Taştekin,OTTO,5 / 5 (2 oy),32,0,0,3,"300,00",18.10.2017,TÜRKÇE,312,Karton Kapak,16 x 21 cm,Kitap Kağıdı,73,0
Türkiye'nin Kaderini Değiştiren Kriz,Kitap > Siyaset > Siyasal Hayat (Türkiye),Yaman Törüner,PEGASUS YAYINLARI,5 / 5 (213 oy),628,217,12,149,"299,00",06.04.2016,TÜRKÇE,384,Karton Kapak,13.5 x 21 cm,Kitap Kağıdı,4562,99
Türkiye'nin Nato'ya GirişiNato’nun Türk Dış Politikasına Etkileri (1949-1974),Kitap > Siyaset > Araştırma-İnceleme,Çağdaş Yüksel,URZENİ,5 / 5 (2 oy),27,1,0,0,"270,00",22.08.2022,TÜRKÇE,220,Karton Kapak,13 x 20 cm,Kitap Kağıdı,48,2
Ebedi,Kitap > Diğer > Gençlik Kitapları > Edebiyat,Maggie Stiefvater,PEGASUS YAYINLARI,4 / 5 (29 oy),153,22,1,20,"299,00",11.05.2016,TÜRKÇE,440,Karton Kapak,13.5 x 21 cm,Kitap Kağıdı,148,11
Alevler İçindeki Kız,Kitap > Edebiyat > Roman (Çeviri),Leah Wilson,PEGASUS YAYINLARI,4 / 5 (78 oy),591,71,3,53,"249,00",11.06.2012,TÜRKÇE,224,Karton Kapak,13.5 x 21 cm,Kitap Kağıdı,1738,32
Bir Yöneticinin Çocukluğu,Kitap > Edebiyat > Hikaye (Çeviri),Jean Paul Sartre,CAN YAYINLARI,4 / 5 (58 oy),1.274,93,8,70,"190,00",13.10.2021,TÜRKÇE,104,Karton Kapak,12.5 x 19.5 cm,Kitap Kağıdı,1845,35
Martin Eden,Kitap > Edebiyat > Roman (Çeviri),Jack London,İSKELE YAYINCILIK,5 / 5 (123 oy),1.686,84,12,171,"200,00",31.07.2005,TÜRKÇE,352,Karton Kapak,13.5 x 19.5 cm,Kitap Kağıdı,3316,96
İklimsel ve Biyolojik Tehlikeler,Kitap > Bilim & Mühendislik > Diğer,Eşref Atabey,SARMAL KİTABEVİ,Puan Yok,29,1,0,0,"240,00",24.05.2021,TÜRKÇE,231,Karton Kapak,13.5 x 21 cm,Kitap Kağıdı,34,0
Mutsuzluk,Kitap > Edebiyat > Hikaye (Yerli),Bedirhan Keklikci,ÜLGEN YAYINLARI,Puan Yok,7,1,0,1,"149,00",26.05.2023,TÜRKÇE,99,Karton Kapak,13.5 x 21 cm,Kitap Kağıdı,66,0
Gel Dersen Her Şeyi Bırakıp Gelirim Yeter Ki Gel De - Sarı Dünya (2 Kitap Set),Kitap > Edebiyat > Roman (Çeviri),Albert Espinosa,PEGASUS YAYINLARI,Puan Yok,10,1,0,0,"498,00",Bilgi Yok,TÜRKÇE,440,Karton Kapak,13.5 x 21 cm,Kitap Kağıdı,4,0
Tosun Bank,Kitap > Siyaset > Araştırma-İnceleme,İsmail Saymaz,İLETİŞİM YAYINLARI KAMPANYA,5 / 5 (90 oy),462,49,3,94,"109,00",05.11.2020,TÜRKÇE,143,Karton Kapak,13 x 19.5 cm,Kitap Kağıdı,1572,50
Sevgili Bahçem,Kitap > Hobi > Bahçe,Nejat Ebcioğlu,İNKILAP KİTABEVİ-KAMPANYA,5 / 5 (4 oy),93,1,0,1,"520,00",03.07.2008,TÜRKÇE,288,Karton Kapak,19.5 x 27 cm,Kuşe Kağıt,81,2
Yeni Fizik ve Modern Sanat: 21. Yüzyılda Sanat,Kitap > Sanat > Genel,H. Ümit Sayın,TANTRA AKADEMİ,Puan Yok,22,0,0,0,"620,00",16.02.2024,TÜRKÇE,370,Karton Kapak,13.5 x 21 cm,Kitap Kağıdı,11,0
Kıyamet KoptuğundaHasan Cevdet Bey'in Çanakkale ve Doğu Cephesi Günlüğü,Kitap > Tarih > Kişiler > Kitap > Tarih > Araştırma-İnceleme,Bilgi Yok,YEDİTEPE YAYINEVİ-KAMPANYA,5 / 5 (65 oy),364,42,4,44,"160,00",27.03.2015,TÜRKÇE,168,Karton Kapak,13.5 x 21 cm,Kitap Kağıdı,775,28
Aşkın İki Yüzü,Kitap > Edebiyat > Roman (Çeviri) > Kitap > Orijinal Dil > İngilizce,Susan Mallery,PEGASUS YAYINLARI,5 / 5 (32 oy),254,11,0,41,"269,00",02.04.2013,TÜRKÇE,336,Karton Kapak,13.5 x 21 cm,Kitap Kağıdı,299,16
Gözyaşlarını Asla Eldivensiz Silme / 1. Aşk,Kitap > Edebiyat > Roman (Çeviri) > Kitap > Orijinal Dil > İsveççe,Jonas Gardell,PEGASUS YAYINLARI,4 / 5 (102 oy),480,93,8,98,"249,00",15.10.2015,TÜRKÇE,288,Karton Kapak,13.5 x 21 cm,Kitap Kağıdı,2509,47
Distopya,Kitap > Edebiyat > Bilimkurgu-Fantazya,Alparslan Bozkurt,FİHRİST KİTAP,5 / 5 (10 oy),64,9,0,14,"224,50",19.03.2021,TÜRKÇE,148,Karton Kapak,13 x 19.5 cm,Kitap Kağıdı,266,6
Harika Fıstık,Kitap > Edebiyat > Roman (Çeviri),Christina Lauren,PEGASUS YAYINLARI,4 / 5 (9 oy),109,7,1,20,"219,00",25.08.2021,TÜRKÇE,136,Karton Kapak,13.5 x 21 cm,Kitap Kağıdı,235,6
Yeşilcam'da Kötü Adam,Kitap > Sinema-Tiyatro,Koray Sevindi,URZENİ,5 / 5 (4 oy),17,3,0,0,"240,00",13.05.2022,TÜRKÇE,184,Karton Kapak,13.5 x 21 cm,Kitap Kağıdı,45,0
Dil ve Müziğin Karşılaştırılması,Kitap > Müzik > Genel,Mehmet Emin Göktepe,SİYASAL YAYIN GRUBU - KAMPANYA,4 / 5 (8 oy),46,2,0,3,"200,00",15.09.2014,TÜRKÇE,140,Karton Kapak,14 x 20 cm,Kitap Kağıdı,98,4
"Nobeller, Nobel Ödülü ve Bakü Petrolleri",Kitap > Tarih > Araştırma-İnceleme,Vefa Kurban,YEDİTEPE YAYINEVİ-KAMPANYA,4 / 5 (35 oy),155,14,3,14,"330,00",19.09.2013,TÜRKÇE,344,Karton Kapak,13.5 x 21 cm,Kitap Kağıdı,274,11
Bizans’ın Son Sezarları,Kitap > Tarih > Araştırma-İnceleme,Louis Phocion Todiere,URZENİ,3 / 5 (4 oy),52,2,0,1,"320,00",22.04.2021,TÜRKÇE,292,Karton Kapak,13.5 x 21 cm,Kitap Kağıdı,52,3
Bazıları Ateşli Sever,Kitap > Edebiyat > Roman (Çeviri) > Kitap > Orijinal Dil > İngilizce,Teresa Medeiros,PEGASUS YAYINLARI,4 / 5 (46 oy),325,8,0,46,"269,00",15.11.2011,TÜRKÇE,304,Karton Kapak,13.5 x 21 cm,Kitap Kağıdı,450,31
Nihilist Alarm,Kitap > Edebiyat > Şiir (Yerli),Furkan Çirkin,FİHRİST KİTAP,5 / 5 (7 oy),25,8,1,3,"129,50",11.08.2022,TÜRKÇE,68,Karton Kapak,13 x 19.5 cm,Kitap Kağıdı,56,4
Anabasis,Kitap > Tarih > Çağlar-Dönemler > Kitap > Diğer > Mitoloji > Kitap > Felsefe-Düşünce > Felsefe Metinleri,Ksenophon,SAY YAYIN GRUBU-KAMPANYA,5 / 5 (4 oy),137,8,1,7,"250,00",14.11.2017,TÜRKÇE,208,Karton Kapak,13.5 x 21 cm,Kitap Kağıdı,82,0
Rüzgarlı Ev,Kitap > Edebiyat > Diğer,Banu  Koç Çakan,DESTEK YAYIN GRUBU-KAMPANYA,Puan Yok,2,0,0,0,"280,00",29.09.2022,TÜRKÇE,272,Karton Kapak,13.5 x 19.5 cm,Kitap Kağıdı,2,0
Kül Olmuş Gölgeler,Kitap > Edebiyat > Roman (Çeviri),Kamila Shamsie,BİLGE KÜLTÜR SANAT,4 / 5 (25 oy),101,15,0,13,"325,00",22.03.2012,TÜRKÇE,400,Karton Kapak,13.5 x 21 cm,Kitap Kağıdı,141,16
Budala 2,Kitap > Edebiyat > Roman (Çeviri),Fyodor Mihailoviç Dostoyevski,İSKELE YAYINCILIK,4 / 5 (35 oy),675,25,3,53,"195,00",31.07.2005,TÜRKÇE,342,Karton Kapak,13.5 x 19.5 cm,Kitap Kağıdı,982,16
Demokrat Parti Dış Politikası,Kitap > Siyaset > Araştırma-İnceleme,Hatice Alanoğlu,URZENİ,4 / 5 (6 oy),53,1,0,0,"220,00",11.08.2020,TÜRKÇE,210,Karton Kapak,13.5 x 21 cm,Kitap Kağıdı,79,3
Ayna Meselesi,Kitap > Edebiyat > Hikaye (Yerli),Kolektif,BANLİYÖ KİTAP,5 / 5 (2 oy),23,0,0,1,"226,00",18.02.2025,TÜRKÇE,240,Karton Kapak,13.5 x 19.5 cm,Kitap Kağıdı,1608,2
"Gizemli Dünya21. Yüzyılda Güneş Tanrısı, Babil ve Ütopyaya Giden Yol",Kitap > Edebiyat > Diğer,Burak Çebi,SARMAL KİTABEVİ,5 / 5 (1 oy),27,2,1,0,"600,00",30.01.2024,TÜRKÇE,453,Karton Kapak,16 x 24 cm,Kitap Kağıdı,32,1
Kapitalizmin MetafiziğiHıristiyanlık ve Kapitalizm,Kitap > Akademik > Felsefe,Süleyman Eryiğit,NET KİTAPLIK YAYINCILIK,Puan Yok,53,1,0,1,"429,00",03.01.2023,TÜRKÇE,264,Karton Kapak,13 x 20 cm,Kitap Kağıdı,29,0
NijuraElf Tacının Varisi,Kitap > Edebiyat > Roman (Çeviri) > Kitap > Orijinal Dil > Almanca,Jenny - Mai Nuyen,PEGASUS YAYINLARI,4 / 5 (9 oy),141,6,0,10,"299,00",01.07.2011,TÜRKÇE,464,Karton Kapak,13.5 x 21 cm,Kitap Kağıdı,66,11
One Direction Resmi Yıllığı (Ciltli),Kitap > Müzik > Genel > Kitap > Müzik > Müzisyenler > Kitap > Orijinal Dil > İngilizce,Bilgi Yok,PEGASUS YAYINLARI,4 / 5 (47 oy),310,31,3,28,"299,00",22.04.2013,TÜRKÇE,64,Ciltli,22 x 28 cm,Kitap Kağıdı,1239,20
Udumbara,Kitap > Edebiyat > Şiir (Yerli),Ferhat Bezci,FİHRİST KİTAP,Puan Yok,11,0,0,0,"99,50",11.08.2022,TÜRKÇE,42,Karton Kapak,13 x 19.5 cm,Kitap Kağıdı,7,0
Bütün Haritaların Dışında,Kitap > Edebiyat > Şiir (Yerli),Deniz  Schwarzwald,EPONA KİTAP,5 / 5 (5 oy),29,3,0,4,"138,00",27.08.2024,TÜRKÇE,73,Karton Kapak,12.5 x 19.5 cm,Kitap Kağıdı,159,3
Türkçece,Kitap > Başvuru Kitapları > Diğer,Mustafa Bağcı,DOĞU KİTABEVİ,Puan Yok,4,0,0,0,"507,00",27.09.2023,TÜRKÇE,440,Karton Kapak,13.5 x 19.5 cm,Kitap Kağıdı,63,0
Çöpe Giden Yazılar,Kitap > Edebiyat > Diğer,Dr. Rüşdü Saraçoğlu,SİYAH KUĞU KAMPANYA,4 / 5 (6 oy),21,7,1,1,"140,00",16.07.2021,TÜRKÇE,246,Karton Kapak,13.5 x 21 cm,Kitap Kağıdı,128,3
Sinema'nın Kırk Yüzü,Kitap > Edebiyat > Biyografi-Otobiyografi > Kitap > Sinema-Tiyatro > Sinema-Genel,40'lar Kulübü,40'LAR KULÜBÜ,4 / 5 (6 oy),26,5,0,4,"149,00",20.07.2022,TÜRKÇE,160,Karton Kapak,13.5 x 21 cm,Kitap Kağıdı,40,2
Ankara'da Bir Alperen Turasan Bey,Kitap > Şehir Kitapları > Ankara,Ali Kılcı,BİYOGRAFİ.NET,Puan Yok,13,0,0,0,"400,00",16.02.2021,TÜRKÇE,292,Karton Kapak,13 x 20 cm,Kitap Kağıdı,68,0
Senden Ayrı,Kitap > Edebiyat > Roman (Çeviri),Krista Ritchie,MARTI YAYINLARI,4 / 5 (12 oy),598,24,0,33,"295,00",16.01.2023,TÜRKÇE,368,Karton Kapak,13.5 x 21 cm,Kitap Kağıdı,551,7
Takıntıburnu,Kitap > Edebiyat > Şiir (Yerli),Serkan Özer,FİHRİST KİTAP,Puan Yok,13,1,0,0,"99,50",08.12.2022,TÜRKÇE,42,Karton Kapak,13 x 19.5 cm,Kitap Kağıdı,19,0
Çaylak El Kitabı 101,Kitap > Edebiyat > Diğer > Kitap > Orijinal Dil > İngilizce,P. C. Cast,PEGASUS YAYINLARI,4 / 5 (139 oy),971,86,6,130,"299,00",18.01.2011,TÜRKÇE,176,Karton Kapak,14 x 21 cm,Kitap Kağıdı,2272,75
Divan,Kitap > Edebiyat > Şiir (Yerli),Prof. Dr. Şahin Uçar,ŞULE YAYINLARI - KAMPANYA,5 / 5 (9 oy),76,3,0,4,"140,00",17.10.2011,TÜRKÇE,157,Karton Kapak,13.5 x 21 cm,Kitap Kağıdı,102,4
Bilgi Erişim SistemleriBilgi Erişimde Dil Sorunları,Kitap > Tarih > Araştırma-İnceleme,Aykut Arıkan,URZENİ,Puan Yok,9,0,0,0,"220,00",09.12.2021,TÜRKÇE,207,Karton Kapak,13.5 x 21 cm,Kitap Kağıdı,25,0
Ozan Efsaneleri Efsanelerdeki Canavarlar,Kitap > Edebiyat > Roman (Yerli),Eylül Yıldız,ALASKA YAYINEVİ,Puan Yok,9,0,0,0,"380,00",25.09.2024,TÜRKÇE,486,Karton Kapak,13.5 x 21 cm,Kitap Kağıdı,21,0
Aptal Hamdi Avusturalya'da,Kitap > Çocuk Kitapları > Hikaye,Müjdat Gezen,BİLGE KÜLTÜR SANAT,4 / 5 (19 oy),38,10,2,5,"120,00",01.12.2008,TÜRKÇE,80,Karton Kapak,13.5 x 19.5 cm,Kitap Kağıdı,180,7
Ramazan Güzellemeleri,Kitap > İslam > Tasavvuf,Dr. Bilal Kemikli,HAYY KİTAP - KAMPANYA,4 / 5 (18 oy),57,8,1,12,"150,00",10.06.2015,TÜRKÇE,80,Karton Kapak,11.5 x 19 cm,Kitap Kağıdı,165,4
Hanım Hanımcık,Kitap > Edebiyat > Roman (Çeviri),Susan Elizabeth Phillips,PEGASUS YAYINLARI,5 / 5 (38 oy),115,26,0,41,"299,00",14.01.2020,TÜRKÇE,416,Karton Kapak,13.5 x 21 cm,Kitap Kağıdı,488,17
Alice Harikalar Diyarında,Kitap > Çocuk Kitapları > Roman,Lewis Carroll,DEDALUS KİTAP,5 / 5 (12 oy),112,7,0,10,"140,00",27.11.2020,TÜRKÇE,128,Karton Kapak,13 x 20 cm,Kitap Kağıdı,374,7
Milli Mücadeledeki İsyanlar ve Çerkes Ethem,Kitap > Tarih > Araştırma-İnceleme,Mehmet Ali Özkan,URZENİ,Puan Yok,48,0,0,0,"170,00",19.11.2020,TÜRKÇE,120,Karton Kapak,13 x 20 cm,Kitap Kağıdı,63,0
Sarı Dünya,Kitap > Edebiyat > Anı (Hatırat) > Kitap > Edebiyat > Biyografi-Otobiyografi > Kitap > Orijinal Dil > İspanyolca,Albert Espinosa,PEGASUS YAYINLARI,4 / 5 (6 oy),128,7,1,5,"249,00",08.06.2015,TÜRKÇE,200,Karton Kapak,13.5 x 21 cm,Kitap Kağıdı,112,2
7. Sınıf Türkçe Konu Anlatımlı Test Kitabı,Kitap > Ders Kitapları > Yardımcı Kitaplar > İlköğretim 7. Sınıf,Hülya Koz,NOBEL SINAV - KAMPANYA,Puan Yok,30,4,3,0,"280,00",17.06.2019,TÜRKÇE,232,Karton Kapak,19.5 x 27.5 cm,Kitap Kağıdı,63,0
Korku Dozu 1: Taş,Kitap > Edebiyat > Roman (Yerli),Mehmet Ali Özmen,BANLİYÖ KİTAP,5 / 5 (4 oy),18,1,0,1,"194,00",07.10.2023,TÜRKÇE,200,Karton Kapak,13.5 x 19.5 cm,Kitap Kağıdı,75,4
Seçme Sanatı,Kitap > Kişisel Gelişim > Kitap > Orijinal Dil > İngilizce,Sheena Iyengar,SAY YAYIN GRUBU-KAMPANYA,4 / 5 (11 oy),139,11,0,10,"400,00",30.09.2015,TÜRKÇE,376,Karton Kapak,13.5 x 21 cm,Kitap Kağıdı,197,3
Evernight Akademisi - Sonsuz Gece,Kitap > Diğer > Gençlik Kitapları > Edebiyat > Kitap > Orijinal Dil > İngilizce,Claudia Gray,PEGASUS YAYINLARI,4 / 5 (12 oy),129,7,2,18,"269,00",09.05.2014,TÜRKÇE,320,Karton Kapak,13.5 x 21 cm,Kitap Kağıdı,77,2
Şehrin Sancısı,Kitap > Edebiyat > Roman (Yerli),Mesud Topal,DESTEK YAYIN GRUBU-KAMPANYA,4 / 5 (64 oy),200,36,5,49,"230,00",01.11.2017,TÜRKÇE,256,Karton Kapak,13.5 x 19.5 cm,Kitap Kağıdı,466,20
Sırabaşı,Kitap > Edebiyat > Hikaye (Yerli),Toprak Işık,İLETİŞİM YAYINLARI KAMPANYA,5 / 5 (10 oy),28,7,1,7,"127,00",01.01.2007,TÜRKÇE,184,Karton Kapak,13 x 19.5 cm,Kitap Kağıdı,147,5
100 Soruda Mitoloji,Kitap > Diğer > Mitoloji,Dr. Vural Yiğit,SARMAL KİTABEVİ,Puan Yok,36,0,1,0,"270,00",10.05.2024,TÜRKÇE,230,Karton Kapak,13.5 x 19.5 cm,Kitap Kağıdı,83,0
Bir Otto Weininger KritiğiEvrensel Deha ya da Kadın ve Yahudi,Kitap > Felsefe-Düşünce > Diğer,Hamza Celaleddin,FİHRİST KİTAP,5 / 5 (4 oy),74,4,0,6,"134,50",11.03.2022,TÜRKÇE,72,Karton Kapak,13 x 19.5 cm,Kitap Kağıdı,80,0
Değişim Kitabı (Ciltli)Dünyanın Nasıl Şekillendiğini Açıklamak İçin Elli Model,Kitap > Kişisel Gelişim > Kitap > Orijinal Dil > Almanca,Mikael Krogerus,PEGASUS YAYINLARI,4 / 5 (28 oy),383,26,7,17,"299,00",24.09.2013,TÜRKÇE,176,Karton Kapak,11 x 18 cm,Kitap Kağıdı,463,8
İşlerlik: Emeğin ve İşleyişin Verimliliği Üzerine,Kitap > Ekonomi > İş Dünyası,Hasan Taha Göka,FİHRİST KİTAP,5 / 5 (6 oy),24,2,0,6,"304,50",22.03.2022,TÜRKÇE,216,Karton Kapak,13 x 19.5 cm,Kitap Kağıdı,105,5
Sancak ve PriyepolyeSultan II. Abdülhamid’den Günümüze,Kitap > Tarih > Araştırma-İnceleme,H. Yıldırım Ağanoğlu,İZ YAYINCILIK,4 / 5 (1 oy),27,3,0,0,"522,00",02.01.2024,TÜRKÇE,544,Karton Kapak,16 x 24 cm,Kitap Kağıdı,203,0
Felsefenin Beşiği Anadolu,Kitap > Kültür > Kültür Tarihi > Kitap > Felsefe-Düşünce > Felsefe Tarihi,Derman Bayladı,SAY YAYIN GRUBU-KAMPANYA,5 / 5 (19 oy),132,13,1,4,"250,00",06.11.2007,TÜRKÇE,152,Karton Kapak,13.5 x 21 cm,Kitap Kağıdı,116,3
Aşk Hiç Bitmez,Kitap > Edebiyat > Roman (Çeviri) > Kitap > Orijinal Dil > İngilizce,Candace Camp,PEGASUS YAYINLARI,4 / 5 (31 oy),193,8,0,43,"299,00",11.07.2013,TÜRKÇE,320,Karton Kapak,13.5 x 21 cm,Kitap Kağıdı,365,12
Peggy Sue ve Hayaletler -1 / Mavi Köpeğin Günü,Kitap > Çocuk Kitapları > Roman,Serge Brussolo,PEGASUS  ÇOCUK YAYINLARI,4 / 5 (7 oy),46,2,0,8,"269,00",14.03.2012,TÜRKÇE,304,Karton Kapak,13.5 x 21 cm,Kitap Kağıdı,90,3
Kızların ve Çiçeklerin İsimleri,Kitap > Edebiyat > Hikaye (Çeviri) > Kitap > Orijinal Dil > İngilizce,Elizabeth Gilbert,PEGASUS YAYINLARI,4 / 5 (43 oy),218,40,1,34,"269,00",12.08.2009,TÜRKÇE,304,Karton Kapak,13.5 x 21 cm,Kitap Kağıdı,948,21
Bu Su Hiç Durmaz Bülent Ortaçgil,Kitap > Edebiyat > Biyografi-Otobiyografi,Bilgi Yok,İNKILAP KİTABEVİ-KAMPANYA,5 / 5 (9 oy),75,8,1,9,"465,00",16.05.2018,TÜRKÇE,352,Karton Kapak,13.5 x 19.5 cm,Kitap Kağıdı,160,1
Dostum Benekli,Kitap > Çocuk Kitapları > Hikaye,Erva Kopuz,KUTLU YAYINEVİ,Puan Yok,7,0,0,0,"90,00",06.01.2022,TÜRKÇE,62,Karton Kapak,13.5 x 19.5 cm,Kitap Kağıdı,84,0
Leşİnsan Yaşarken Ancak Bu Kadar Çürür,Kitap > Edebiyat > Roman (Yerli),Mustafa Hoş,DESTEK YAYIN GRUBU-KAMPANYA,4 / 5 (1 oy),40,3,0,8,"180,00",24.04.2023,TÜRKÇE,160,Karton Kapak,13.5 x 21 cm,Kitap Kağıdı,14,0
Hırçın Sevgilim,Kitap > Edebiyat > Roman (Çeviri),Nicola Cornick,PEGASUS YAYINLARI,5 / 5 (14 oy),156,8,0,15,"269,00",11.02.2013,TÜRKÇE,304,Karton Kapak,13.5 x 21 cm,Kitap Kağıdı,189,8
Artık Mükemmeliyetçi Değilim,Kitap > Kişisel Gelişim,Didem  Şaşmaz,BİZİM KİTAPLAR YAYINEVİ,5 / 5 (1 oy),33,4,1,2,"200,00",18.11.2021,TÜRKÇE,232,Karton Kapak,13.5 x 21 cm,Kitap Kağıdı,53,1
Çift Yarık,Kitap > Edebiyat > Şiir (Yerli),Toprak Şems Tezcan,FİHRİST KİTAP,5 / 5 (7 oy),24,1,1,8,"114,50",11.08.2022,TÜRKÇE,56,Karton Kapak,13 x 19.5 cm,Kitap Kağıdı,58,5
Taşıyıcı Anne,Kitap > Edebiyat > Roman (Çeviri),Kathryn Mackel,BİLGE KÜLTÜR SANAT,4 / 5 (3 oy),55,3,0,3,"300,00",20.09.2010,TÜRKÇE,352,Karton Kapak,13.5 x 21.5 cm,Kitap Kağıdı,81,2
Los Angeles Şekeri Serisi Takım Set (3 Kitap) (Lauren Conrad),Kitap > Edebiyat > Roman (Çeviri),Lauren Conrad,PEGASUS YAYINLARI,4 / 5 (3 oy),164,3,0,6,"807,00",31.01.2020,TÜRKÇE,944,Karton Kapak,13.5 x 21 cm,Kitap Kağıdı,121,2
Montaigne'in KedisiBen Kedimle Oynarken Onun Benimle Oynamadığını Nereden Bileyim?,Kitap > Edebiyat > Roman (Çeviri),Saul Frampton,SAY YAYIN GRUBU-KAMPANYA,5 / 5 (1 oy),28,2,0,0,"300,00",01.11.2011,TÜRKÇE,296,Karton Kapak,13.5 x 19.5 cm,Kitap Kağıdı,13,0
Evernight Akademisi Serisi Seti (3 Kitap),Kitap > Edebiyat > Roman (Çeviri),Claudia Gray,PEGASUS YAYINLARI,Puan Yok,20,0,0,0,"807,00",Bilgi Yok,TÜRKÇE,984,Karton Kapak,13.5 x 21 cm,Kitap Kağıdı,8,0
Buluş Kendinle,Kitap > Kişisel Gelişim,Açelya Akkoyun,YEDİVEREN YAYIN GRUBU - KAMPANYA,Puan Yok,18,0,0,0,"168,00",03.06.2023,TÜRKÇE,152,Karton Kapak,13.5 x 19.5 cm,Kitap Kağıdı,39,0
Güzel Atlar Ülkesi,Kitap > Edebiyat > Deneme (Yerli),Akgün Akova,DESTEK YAYIN GRUBU-KAMPANYA,Puan Yok,27,0,0,1,"160,00",18.05.2020,TÜRKÇE,216,Karton Kapak,13.5 x 19.5 cm,Kitap Kağıdı,4,0
Günlük Mucizelerin Küçük Kursu,Kitap > Kişisel Gelişim,Anna Sôlyom,DESTEK YAYIN GRUBU-KAMPANYA,Puan Yok,14,2,0,0,"240,00",07.09.2023,TÜRKÇE,232,Karton Kapak,13.5 x 21 cm,Kitap Kağıdı,12,0
Bilinçli EvrenPsişik Fenomenlerin Bilimsel Doğruluğu,Kitap > Psikoloji > İnceleme,Dr. Dean İ. Radin,SAY YAYIN GRUBU-KAMPANYA,4 / 5 (5 oy),112,10,1,2,"500,00",01.03.2018,TÜRKÇE,536,Karton Kapak,13.5 x 21 cm,Kitap Kağıdı,97,2
Lümen,Kitap > Edebiyat > Bilimkurgu-Fantazya,Camille Flammarion,FİHRİST KİTAP,5 / 5 (6 oy),38,11,0,4,"219,50",12.05.2023,TÜRKÇE,144,Karton Kapak,13 x 19.5 cm,Kitap Kağıdı,45,1
Alves A.Ş.ve Diğer Öyküler,Kitap > Edebiyat > Hikaye (Çeviri),Eça de Queiroz,FİHRİST KİTAP,4 / 5 (4 oy),31,8,0,1,"209,50",11.09.2023,TÜRKÇE,138,Karton Kapak,13 x 19.5 cm,Kitap Kağıdı,172,2
Wilhelm Dilthey ve Felsefesi,Kitap > Felsefe-Düşünce > Filozoflar-Düşünürler > Kitap > Felsefe-Düşünce > Genel,Arslan Topakkaya,SAY YAYIN GRUBU-KAMPANYA,4 / 5 (6 oy),97,3,1,1,"300,00",25.01.2016,TÜRKÇE,336,Karton Kapak,13.5 x 21 cm,Kitap Kağıdı,81,1
Diğerleri,Kitap > Edebiyat > Roman (Yerli),Mahir Ünsal Eriş,DESTEK YAYIN GRUBU-KAMPANYA,4 / 5 (2 oy),122,7,0,12,"240,00",07.10.2020,TÜRKÇE,120,Karton Kapak,13.5 x 19.5 cm,Kitap Kağıdı,22,0
Mizah Araştırmaları,Kitap > Akademik > Edebiyat İnceleme,Prof. Dr. Serdar Sağlam,NET KİTAPLIK YAYINCILIK,Puan Yok,33,1,0,1,"330,00",03.01.2023,TÜRKÇE,192,Karton Kapak,13 x 20 cm,Kitap Kağıdı,27,0
Yula Sırlar Dağı,Kitap > Edebiyat > Bilimkurgu-Fantazya,Fatma Güneş Yıldırım,MERGEN YAYINLARI,5 / 5 (2 oy),5,0,0,1,"185,00",06.09.2023,TÜRKÇE,142,Karton Kapak,13 x 19.5 cm,Kitap Kağıdı,50,0
Duygulanım,Kitap > Edebiyat > Şiir (Yerli),Meral Bağcı,FİHRİST KİTAP,Puan Yok,11,1,0,1,"109,50",19.09.2022,TÜRKÇE,52,Karton Kapak,13 x 19.5 cm,Kitap Kağıdı,10,0
Silüet,Kitap > Edebiyat > Roman (Yerli),Ecem Çalık,ATAÇ YAYINLARI - KAMPANYA,5 / 5 (11 oy),31,5,1,7,"150,00",18.06.2019,TÜRKÇE,196,Karton Kapak,13.5 x 21 cm,Kitap Kağıdı,179,7
Suriye'den Kırk Damla Kan,Kitap > Siyaset > Bölgeler-Ülkeler,40'lar Kulübü,40'LAR KULÜBÜ,5 / 5 (6 oy),33,3,0,2,"149,00",20.07.2022,TÜRKÇE,176,Karton Kapak,13.5 x 21 cm,Kitap Kağıdı,28,0
Yanılgı,Kitap > Edebiyat > Roman (Yerli),Gürsoy Uysal,BİLGE KÜLTÜR SANAT,4 / 5 (4 oy),27,4,0,4,"325,00",04.06.2014,TÜRKÇE,512,Karton Kapak,12.5 x 19.5 cm,Kitap Kağıdı,39,2
Rafa'nın Küresi,Kitap > Çocuk Kitapları > Hikaye,Perçin İmrek,ABAKÜS KİTAP - KAMPANYA,5 / 5 (1 oy),5,1,0,0,"165,00",21.10.2020,TÜRKÇE,60,Karton Kapak,22 x 22 cm,1. Hm. Kağıt,13,1
Amnezi,Kitap > Edebiyat > Roman (Çeviri) > Kitap > Diğer > Gençlik Kitapları > Edebiyat > Kitap > Orijinal Dil > İngilizce,Jennifer Rush,PEGASUS YAYINLARI,5 / 5 (80 oy),472,74,4,131,"269,00",03.07.2015,TÜRKÇE,320,Karton Kapak,13.5 x 21 cm,Kitap Kağıdı,534,44
"Neden Felsefe Yaparız?İnsan, Ölüm ve Bilinç",Kitap > Felsefe-Düşünce > Genel,Dr. Süleyman Sıdal,OTORİTE YAYINLARI,4 / 5 (5 oy),70,1,2,5,"292,00",05.02.2025,TÜRKÇE,304,Karton Kapak,13.5 x 19.5 cm,Kitap Kağıdı,149,1
Mahallenin En Mutlu Bebeği,Kitap > Eğitim > Çocuk Eğitimi > Kitap > Eğitim > Annelik-Babalık-Aile,Dr. Harvey Karp,YAKAMOZ YAYINCILIK,4 / 5 (387 oy),2.820,206,30,351,"300,00",01.07.2012,TÜRKÇE,392,Karton Kapak,13.5 x 19.5 cm,Kitap Kağıdı,13025,211
Tanrıların Oyunu,Kitap > Edebiyat > Roman (Çeviri),Paul Laurence Dunbar,DEDALUS KİTAP,5 / 5 (6 oy),75,14,0,7,"160,00",07.10.2022,TÜRKÇE,148,Karton Kapak,13 x 20 cm,Kitap Kağıdı,263,4
Bir Annelik Hikayesi,Kitap > Eğitim > Çocuk Bakımı > Kitap > Eğitim > Annelik-Babalık-Aile,Semiha Pınar Cambaz,ARİON YAYINLARI,5 / 5 (5 oy),78,10,0,6,"500,00",25.09.2017,TÜRKÇE,282,Karton Kapak,14 x 20 cm,Kitap Kağıdı,202,2
On Sekiz Saat,Kitap > Edebiyat > Roman (Yerli),Ertürk Akşun,DESTEK YAYIN GRUBU-KAMPANYA,4 / 5 (121 oy),306,47,1,76,"260,00",15.04.2019,TÜRKÇE,288,Karton Kapak,13.5 x 21 cm,Kitap Kağıdı,753,51
İnsanın İşgaliEy İnsan! İşgal Ediliyorsun,Kitap > Akademik > Tarih İnceleme,İhsan Kurt,NET KİTAPLIK YAYINCILIK,5 / 5 (1 oy),15,2,0,2,"405,00",05.06.2023,TÜRKÇE,248,Karton Kapak,13 x 20 cm,Kitap Kağıdı,8,1
Nereye Kayboldu Bu Erkekler,Kitap > Edebiyat > Roman (Çeviri),Jenny Colgan,PEGASUS YAYINLARI,4 / 5 (99 oy),415,76,5,65,"299,00",19.07.2011,TÜRKÇE,368,Karton Kapak,13.5 x 21 cm,Kitap Kağıdı,1770,50
Kent ve KorkuKorku Kültürü İle Kent İlişkisi Üzerine Kuramsal Tartışma,Kitap > Kültür > Alt-Kültürler,Ziya Yıldız,URZENİ,3 / 5 (1 oy),27,1,0,3,"240,00",19.11.2020,TÜRKÇE,208,Karton Kapak,13 x 20 cm,Kitap Kağıdı,40,1
Rasyonalitenin SınırlarıMax Weber’in Sosyal ve Ahlaki Düşüncesi Üzerine Bir Deneme,Kitap > Sosyoloji > Diğer,Rogers Brubaker,SİYASAL YAYIN GRUBU - KAMPANYA,4 / 5 (1 oy),94,3,1,2,"225,00",30.03.2017,TÜRKÇE,168,Karton Kapak,13.5 x 19.5 cm,Kitap Kağıdı,76,0
Kerem İle Aslı,Kitap > Edebiyat > Doğu Klasikleri,Bilgi Yok,İSKELE YAYINCILIK,5 / 5 (8 oy),102,13,0,12,"110,00",23.11.2005,TÜRKÇE,176,Karton Kapak,13.5 x 19.5 cm,Kitap Kağıdı,341,6
Dijimorfoz Dijital Dönüşüm Üzerine Notlar,Kitap > Diğer > İletişim-Medya,Sertaç Öğüt,ABAKÜS KİTAP - KAMPANYA,5 / 5 (3 oy),17,2,2,1,"145,00",06.07.2018,TÜRKÇE,192,Karton Kapak,16 x 21 cm,Kuşe Kağıt,39,1
Sükut Gümüş Söz Altın,Kitap > Edebiyat > Şiir (Yerli),Abdulkadir  Güllü,BİYOGRAFİ.NET,Puan Yok,9,2,0,1,"292,50",20.08.2021,TÜRKÇE,321,Karton Kapak,13 x 20 cm,Kitap Kağıdı,63,0
Edda’nın Dilek Kutusu / Sarı Ev İçin Şahane Bir Bahçe,Kitap > Çocuk Kitapları > Hikaye,Suza Kolb,YAKAMOZ YAYINCILIK,Puan Yok,6,0,0,1,"80,00",06.06.2023,TÜRKÇE,128,Karton Kapak,13.5 x 19.5 cm,Kitap Kağıdı,44,0
Abes,Kitap > Edebiyat > Deneme (Yerli),Veli Koçak,FİHRİST KİTAP,4 / 5 (1 oy),16,1,0,5,"149,50",18.04.2023,TÜRKÇE,86,Karton Kapak,13 x 19.5 cm,Kitap Kağıdı,12,1
Oxen - İlk Kurban,Kitap > Edebiyat > Roman (Çeviri),Jens Henrik Jensen,DEDALUS KİTAP,4 / 5 (6 oy),64,3,1,5,"400,00",05.01.2021,TÜRKÇE,400,Karton Kapak,13 x 20 cm,Kitap Kağıdı,205,3
Adım Deliye Çıktı,Kitap > Edebiyat > Şiir (Yerli),Mutlu Aydurmuş,TRUVA YAYINLARI,5 / 5 (1 oy),3,1,0,1,"245,00",30.03.2022,TÜRKÇE,264,Karton Kapak,13.5 x 21 cm,Kitap Kağıdı,58,1
Farkındalık StratejileriZayıflıkları Güce Dönüştürme Sanatı,Kitap > Kişisel Gelişim,Deniz Emre Çolakoğlu,SİYAH KUĞU KAMPANYA,5 / 5 (7 oy),41,7,0,7,"90,00",11.05.2018,TÜRKÇE,136,Karton Kapak,13.5 x 21 cm,Kitap Kağıdı,240,5
Maestro Niyazi TağızadeSovyet Dönemi Azerbaycan ve Türkiye Arasında Bir Kültür Elçisi,Kitap > Akademik > Tarih İnceleme,Ecem Tuğçe Akbulut,NET KİTAPLIK YAYINCILIK,Puan Yok,13,0,0,0,"340,00",18.10.2021,TÜRKÇE,200,Karton Kapak,13 x 20 cm,Kitap Kağıdı,66,0
Ümmetin Kırk Yetimi,Kitap > Edebiyat > Deneme (Yerli),40'lar Kulübü,40'LAR KULÜBÜ,4 / 5 (3 oy),18,2,0,2,"149,00",20.07.2022,TÜRKÇE,139,Karton Kapak,13.5 x 21 cm,Kitap Kağıdı,14,2
"Aşk Sandığın Kadar Değil, Yandığın Kadardır",Kitap > Kişisel Gelişim,Nadia Maiya,DESTEK YAYIN GRUBU-KAMPANYA,Puan Yok,7,0,0,0,"140,00",05.11.2024,TÜRKÇE,112,Karton Kapak,13.5 x 21 cm,Kitap Kağıdı,1,0
Yakın Dönem Türk Tarihinde Refik Halid Karay,Kitap > Edebiyat > İnceleme,Yenal Ünal,YEDİTEPE YAYINEVİ-KAMPANYA,5 / 5 (31 oy),128,14,1,11,"350,00",15.05.2013,TÜRKÇE,376,Karton Kapak,13.5 x 21 cm,Kitap Kağıdı,225,15
Beyaz Diş,Kitap > Edebiyat > Roman (Çeviri) > Kitap > Edebiyat > 100 Temel Eser,Jack London,İSKELE YAYINCILIK,5 / 5 (185 oy),460,124,14,349,"110,00",26.10.2022,TÜRKÇE,175,Karton Kapak,13.5 x 19.5 cm,Kitap Kağıdı,4924,89
Hepimizin Bir Türküsü Vardı,Kitap > Akademik > Eğitim Bilimleri,İbrahim Demirkale,NET KİTAPLIK YAYINCILIK,1 / 5 (1 oy),5,0,0,0,"270,00",03.01.2023,TÜRKÇE,152,Karton Kapak,13 x 20 cm,Kitap Kağıdı,18,0
Miracın Kırk Yolcusu,Kitap > Din > Dini Metinler,Kolektif,40'LAR KULÜBÜ,Puan Yok,27,1,0,0,"149,00",06.07.2022,TÜRKÇE,145,Karton Kapak,13.5 x 21 cm,Kitap Kağıdı,35,0
Kırk Hikaye ile Bereket,Kitap > İslam > Dini Hikayeler-Menkıbeler,40'lar Kulübü,40'LAR KULÜBÜ,Puan Yok,16,0,1,1,"149,00",11.04.2022,TÜRKÇE,173,Karton Kapak,13.5 x 21 cm,Kitap Kağıdı,18,0
Naylon Aşkı Öldürür!Plastik Yaşamdan Kurtuluş Rehberi,Kitap > Sağlık-Tıp > Genel,Prof. Dr. Hamdi Temel,HAYY KİTAP - KAMPANYA,4 / 5 (11 oy),148,11,0,10,"200,00",24.04.2018,TÜRKÇE,144,Karton Kapak,13.5 x 21 cm,Kitap Kağıdı,218,4
Ahkam-ı Kur’an,Kitap > İslam > Kuran İncelemeleri,Doç. Dr. A. Cüneyt Eren,RAĞBET YAYINLARI-KAMPANYA,5 / 5 (30 oy),73,22,1,14,"360,00",03.03.2016,TÜRKÇE,288,Karton Kapak,13.5 x 21 cm,Kitap Kağıdı,236,12
Doğal Hukuk ve Doğal Haklarİnsan Haklarının Felsefi Temelleri,Kitap > Siyaset > Araştırma-İnceleme,Cennet Uslu,LİBERUS,5 / 5 (2 oy),77,3,0,1,"400,00",09.06.2023,TÜRKÇE,378,Karton Kapak,13 x 19.5 cm,Kitap Kağıdı,129,0
Gezgin Yıldız / Zodyak 2,Kitap > Edebiyat > Roman (Çeviri),Romina Russell,PEGASUS YAYINLARI,4 / 5 (8 oy),106,5,0,5,"299,00",18.07.2017,TÜRKÇE,336,Karton Kapak,13.5 x 21 cm,Kitap Kağıdı,64,5
AidaOpera Klasikleri: 05,Kitap > Sanat > Diğer,Giuseppe Verdi,FİHRİST KİTAP,4 / 5 (1 oy),25,3,0,0,"199,50",26.02.2024,TÜRKÇE,128,Karton Kapak,13 x 19.5 cm,Kitap Kağıdı,30,0
En Karanlık Yalan / Karanlığın Efendileri 6. Kitap,Kitap > Edebiyat > Roman (Çeviri),Gena Showalter,PEGASUS YAYINLARI,5 / 5 (60 oy),151,17,0,68,"299,00",04.05.2016,TÜRKÇE,432,Karton Kapak,13.5 x 21 cm,Kitap Kağıdı,325,23
Jacob / Gece Gezginleri -1,Kitap > Edebiyat > Roman (Çeviri) > Kitap > Orijinal Dil > İngilizce,Jacquelyn Frank,PEGASUS YAYINLARI,4 / 5 (34 oy),158,16,1,45,"299,00",18.05.2015,TÜRKÇE,336,Karton Kapak,13.5 x 21 cm,Kitap Kağıdı,198,11
Kapitülasyonların Kaldırılması,Kitap > Tarih > Türk-Osmanlı > Kitap > Tarih > Araştırma-İnceleme,Muhammet E. Kulunk,YEDİTEPE YAYINEVİ-KAMPANYA,5 / 5 (30 oy),204,22,2,10,"500,00",14.01.2011,TÜRKÇE,456,Karton Kapak,13.5 x 21 cm,Kitap Kağıdı,283,12
İbretMersin'de İki Düğün,Kitap > Edebiyat > Hikaye (Yerli),Bakizade Hüsni,YEDİTEPE YAYINEVİ-KAMPANYA,5 / 5 (7 oy),40,4,0,3,"150,00",03.12.2015,TÜRKÇE,168,Karton Kapak,13.5 x 21 cm,Kitap Kağıdı,72,1
Alın Yazım,Kitap > Edebiyat > Roman (Çeviri),Nafisa Haji,BİLGE KÜLTÜR SANAT,5 / 5 (12 oy),87,9,1,18,"220,00",12.05.2010,TÜRKÇE,254,Karton Kapak,13.5 x 21.5 cm,Kitap Kağıdı,148,6
Dünya Acısı (Weltschmerz)Alman Felsefesinde Kötümserlik (1860-1900),Kitap > Felsefe-Düşünce > Diğer,Frederick C. Beiser,SAY YAYIN GRUBU-KAMPANYA,5 / 5 (7 oy),221,13,2,2,"450,00",21.09.2022,TÜRKÇE,528,Karton Kapak,13.5 x 21 cm,Kitap Kağıdı,172,1
Tatlı Kaçamak,Kitap > Edebiyat > Roman (Çeviri),Susan Mallery,PEGASUS YAYINLARI,4 / 5 (23 oy),91,10,0,38,"269,00",17.03.2016,TÜRKÇE,320,Karton Kapak,13.5 x 21 cm,Kitap Kağıdı,212,12
Dayıcan Napolyon (2 Cilt),Kitap > Edebiyat > Roman (Çeviri),Iyrec-i Pezeşkzad,KAPRA YAYINCILIK,5 / 5 (186 oy),305,178,14,107,"51,00",13.01.2021,TÜRKÇE,568,Karton Kapak,12.5 x 19.5 cm,Kitap Kağıdı,1976,102
Zodyak,Kitap > Edebiyat > Roman (Çeviri),Romina Russell,PEGASUS YAYINLARI,4 / 5 (9 oy),157,13,3,10,"299,00",29.11.2016,TÜRKÇE,400,Karton Kapak,13.5 x 21 cm,Kitap Kağıdı,92,3
İyi Söz Akarsu GibidirKutadgu Bilig'den Seçmeler,Kitap > Edebiyat > Diğer,Mehmet Kara,LEJAND,Puan Yok,3,1,0,0,"190,00",10.04.2021,TÜRKÇE,186,Karton Kapak,13 x 19.5 cm,Kitap Kağıdı,96,0
Kutsal Beşgen-Türk'ün İdeali,Kitap > Tarih > Araştırma-İnceleme > Kitap > Edebiyat > Deneme (Yerli),İbrahim Hakkı Gündoğdu,MOTTO,5 / 5 (5 oy),33,7,0,2,"425,00",06.07.2023,TÜRKÇE,392,Karton Kapak,13.5 x 21 cm,Kitap Kağıdı,68,2
Hayyam'dan Yansımalar,Kitap > Edebiyat > İnceleme,D. Ali Gültekin,BİZİM KİTAPLAR YAYINEVİ,Puan Yok,9,2,0,0,"185,00",30.03.2022,TÜRKÇE,124,Karton Kapak,12 x 19.5 cm,Kitap Kağıdı,25,0
Elementler ve Sağlık,Kitap > Bilim & Mühendislik > Diğer,Eşref Atabey,SARMAL KİTABEVİ,5 / 5 (6 oy),52,9,1,1,"500,00",24.05.2021,TÜRKÇE,491,Karton Kapak,13.5 x 21 cm,Kitap Kağıdı,88,1
Söylem,Kitap > Edebiyat > Diğer,Ömer  Alkan,FİHRİST KİTAP,5 / 5 (4 oy),18,1,0,3,"184,50",09.03.2022,TÜRKÇE,136,Karton Kapak,13.5 x 19.5 cm,Kitap Kağıdı,110,1
3. Dünya Savaşı Armageddon Komplosu,Kitap > Siyaset > Araştırma-İnceleme,Kürşad Berkkan,YEDİVEREN YAYIN GRUBU - KAMPANYA,4 / 5 (23 oy),204,17,4,22,"150,00",07.10.2021,TÜRKÇE,160,Karton Kapak,13.5 x 21 cm,Kitap Kağıdı,249,7
Aptal Hamdi Bizi Güldürüyor,Kitap > Çocuk Kitapları > Hikaye,Müjdat Gezen,BİLGE KÜLTÜR SANAT,5 / 5 (11 oy),23,4,0,4,"120,00",01.12.2008,TÜRKÇE,80,Karton Kapak,13.5 x 19.5 cm,Kitap Kağıdı,116,5
Bridget Jones'un Günlüğü,Kitap > Edebiyat > Roman (Çeviri) > Kitap > Orijinal Dil > İngilizce,Helen Fielding,PEGASUS YAYINLARI,5 / 5 (23 oy),246,24,1,67,"299,00",20.06.2015,TÜRKÇE,336,Karton Kapak,13.5 x 21 cm,Kitap Kağıdı,209,12
Kozmosun Aklı: Niçin Buradayız?,Kitap > Bilim & Mühendislik > Popüler Bilim,Ervin Laszlo,SAY YAYIN GRUBU-KAMPANYA,4 / 5 (6 oy),196,9,0,6,"250,00",04.06.2020,TÜRKÇE,208,Karton Kapak,13.5 x 21 cm,Kitap Kağıdı,161,3
Yeşilçam Sinemasında Genç Kadınlar,Kitap > Sinema-Tiyatro > Tiyatro-Genel,Selin Kiraz Demir,URZENİ,Puan Yok,23,1,0,0,"420,00",30.11.2020,TÜRKÇE,350,Karton Kapak,13 x 20 cm,Kitap Kağıdı,45,0
Kayıp Prens,Kitap > Edebiyat > Roman (Çeviri),Frances Hodgson Burnett,KAPRA YAYINCILIK,5 / 5 (54 oy),399,59,3,42,"60,00",28.11.2020,TÜRKÇE,336,Karton Kapak,12.5 x 19.5 cm,Kitap Kağıdı,1059,18
Padalya,Kitap > Edebiyat > Şiir (Yerli),Emrah Yolcu,EPONA KİTAP,5 / 5 (2 oy),7,2,0,1,"148,00",27.08.2024,TÜRKÇE,60,Karton Kapak,12.5 x 19.5 cm,Kitap Kağıdı,124,0
Kısa Londra Tarihi,Kitap > Tarih > Araştırma-İnceleme,David Long,SAY YAYIN GRUBU-KAMPANYA,5 / 5 (3 oy),218,11,2,4,"250,00",17.11.2021,TÜRKÇE,192,Karton Kapak,13.5 x 21 cm,Kitap Kağıdı,118,0
Sosyal Bütünleşme“Din” ve “Kimlik Kırılımları” Ekseninde,Kitap > Akademik > Sosyoloji İnceleme,Çağatay Sarp,NET KİTAPLIK YAYINCILIK,Puan Yok,18,2,0,0,"446,00",27.01.2023,TÜRKÇE,276,Karton Kapak,13 x 20 cm,Kitap Kağıdı,7,0
"Kemal TahirHayatı, Sanatı, Düşünce Dünyası, Eserleri ve Eserlerinden Seçmeler",Kitap > Edebiyat > Biyografi-Otobiyografi,A. Mecit Canatak,LEJAND,5 / 5 (2 oy),50,1,0,3,"120,00",19.01.2021,TÜRKÇE,104,Karton Kapak,13 x 19.5 cm,Kitap Kağıdı,179,0
YüzeyselToplumsal Tipikler,Kitap > Edebiyat > Deneme (Yerli),Haydar Ergülen,DESTEK YAYIN GRUBU-KAMPANYA,5 / 5 (1 oy),25,2,0,0,"130,00",11.02.2022,TÜRKÇE,152,Karton Kapak,13.5 x 19.5 cm,Kitap Kağıdı,12,0
Kalkınmada Başarısızlığın Kökenleri Yeni Küresel Ekonomik Düzensizlik,Kitap > Ekonomi > Araştırma-İnceleme,Georges Corm,SİYASAL YAYIN GRUBU - KAMPANYA,4 / 5 (2 oy),83,3,0,0,"230,00",01.03.2010,TÜRKÇE,176,Karton Kapak,13.5 x 19.5 cm,Kitap Kağıdı,86,2
Alman Felsefesine Giriş,Kitap > Felsefe-Düşünce > Diğer,Andrew Bowie,SAY YAYIN GRUBU-KAMPANYA,Puan Yok,118,3,0,2,"200,00",09.03.2022,TÜRKÇE,160,Karton Kapak,13.5 x 21 cm,Kitap Kağıdı,106,0
Unutulmaz Gece,Kitap > Edebiyat > Roman (Çeviri) > Kitap > Orijinal Dil > İngilizce,Teresa Medeiros,PEGASUS YAYINLARI,4 / 5 (55 oy),299,16,1,59,"299,00",20.10.2014,TÜRKÇE,336,Karton Kapak,13.5 x 21 cm,Kitap Kağıdı,553,12
Peggy Sue ve Hayaletler -3 / Uçurumdaki Kelebek,Kitap > Çocuk Kitapları > Roman > Kitap > Orijinal Dil > Fransızca,Serge Brussolo,PEGASUS  ÇOCUK YAYINLARI,5 / 5 (1 oy),24,3,0,4,"269,00",08.03.2014,TÜRKÇE,336,Karton Kapak,13.5 x 21 cm,Kitap Kağıdı,43,0
Nakşidil,Kitap > Sinema-Tiyatro > Oyun (Yerli),Murat Aykaç Erginöz,ARİON YAYINLARI,Puan Yok,5,2,0,0,"200,00",25.03.2021,TÜRKÇE,104,Karton Kapak,14 x 20 cm,Kitap Kağıdı,55,0
Yarına Dönüş,Kitap > Edebiyat > Biyografi-Otobiyografi,Sigrid Undset,FİHRİST KİTAP,5 / 5 (9 oy),75,6,0,8,"259,50",21.07.2022,TÜRKÇE,178,Karton Kapak,13 x 19.5 cm,Kitap Kağıdı,134,7
Süreç mi Yaradılış mı?Çinli Aydınların Düşüncesine Giriş,Kitap > Felsefe-Düşünce > Doğu Felsefesi,François Jullien,METİS YAYINLARI,5 / 5 (10 oy),180,15,0,3,"276,00",28.02.2013,TÜRKÇE,256,Karton Kapak,13 x 19.5 cm,Kitap Kağıdı,173,3
Bilgeliğin Yedi Sütunu (10. Cilt),Kitap > Tarih > Araştırma-İnceleme,T.E. Lawrence,SARMAL KİTABEVİ,Puan Yok,29,1,0,1,"170,00",20.03.2024,TÜRKÇE,120,Karton Kapak,13.5 x 19.5 cm,Kitap Kağıdı,47,0
Dinle Sebastianİnsan Anadilinde mi Sever?,Kitap > Edebiyat > Roman (Yerli),Fulya Cansen,DESTEK YAYIN GRUBU-KAMPANYA,Puan Yok,1,0,0,0,"150,00",28.09.2021,TÜRKÇE,184,Karton Kapak,13.5 x 19.5 cm,Kitap Kağıdı,1,0
Aşk Bahsi,Kitap > Edebiyat > Roman (Çeviri),Kathryn Caskie,PEGASUS YAYINLARI,4 / 5 (35 oy),204,9,0,27,"249,00",03.02.2014,TÜRKÇE,272,Karton Kapak,13.5 x 21 cm,Kitap Kağıdı,320,8
Kul Hakları / Ayet-i Kerime ve Hadislerin Işığında (Kod:B44),Kitap > İslam > Kültür,Yusuf Tavaslı,TAVASLI YAYINLARI KAMPANYA,5 / 5 (2 oy),26,1,0,2,"220,00",01.01.2009,TÜRKÇE,480,Karton Kapak,13.5 x 19.5 cm,Kitap Kağıdı,59,0
Bu Ev Satılık Değil,Kitap > Edebiyat > Roman (Yerli),Selçuk Özyurt,BİYOGRAFİ.NET,5 / 5 (8 oy),33,5,1,8,"150,00",30.03.2023,TÜRKÇE,144,Karton Kapak,13.5 x 19.5 cm,Kitap Kağıdı,406,8
Ejder Gizemi / Draki Serisi -2,Kitap > Edebiyat > Bilimkurgu-Fantazya > Kitap > Orijinal Dil > İngilizce,Sophie Jordan,PEGASUS YAYINLARI,4 / 5 (31 oy),189,10,2,27,"249,00",13.02.2014,TÜRKÇE,280,Karton Kapak,13.5 x 21 cm,Kitap Kağıdı,175,12
Hayaller,Kitap > Edebiyat > Roman (Çeviri),Aprilynne Pike,PEGASUS YAYINLARI,5 / 5 (10 oy),145,7,0,16,"299,00",07.02.2014,TÜRKÇE,384,Karton Kapak,13.5 x 21 cm,Kitap Kağıdı,104,3
40 İklim 1 Cennet Ramazan,Kitap > İslam > Kültür,40'lar Kulübü,40'LAR KULÜBÜ,5 / 5 (1 oy),12,1,1,2,"149,00",23.10.2015,TÜRKÇE,134,Karton Kapak,13.5 x 21 cm,Kitap Kağıdı,9,0
Sherlock Holmes ve Dr. WatsonLady Frances Carfax’ın Kayboluşu - Wisteria Lodge Macerası,Kitap > Edebiyat > Polisiye,Sir Arthur Conan Doyle,MOTTO,4 / 5 (6 oy),30,2,0,6,"280,00",23.11.2022,TÜRKÇE,72,Karton Kapak,12.5 x 20.5 cm,Kitap Kağıdı,72,1
Bir Narsistin Cinayet Günlüğü,Kitap > Edebiyat > Polisiye,Aydın Benli,MERGEN YAYINLARI,5 / 5 (3 oy),30,2,0,1,"195,00",16.05.2023,TÜRKÇE,152,Karton Kapak,13 x 19.5 cm,Kitap Kağıdı,50,1
Ortak Bir Hayal Kurmak,Kitap > Ekonomi > Araştırma-İnceleme,Kemal Öztürk,YARIN YAYINCILIK,5 / 5 (8 oy),108,16,2,3,"550,50",17.12.2021,TÜRKÇE,301,Karton Kapak,13.5 x 21 cm,Kitap Kağıdı,231,5
Şahlar,Kitap > Edebiyat > Şiir (Yerli),Mevlüt Oğuz,KRONOLOJİ YAYINLARI,Puan Yok,1,0,0,1,"130,00",18.06.2021,TÜRKÇE,144,Karton Kapak,13 x 19 cm,Kitap Kağıdı,83,0
"""Tamamlandı Puzzle"" Bir Yokluğun Eksikti O da Geldi...",Kitap > Edebiyat > Şiir (Yerli),Abdulrahim Arslan,TRUVA YAYINLARI,5 / 5 (1 oy),3,0,0,1,"195,00",02.01.2023,TÜRKÇE,200,Karton Kapak,13.5 x 21 cm,Kitap Kağıdı,39,1
Kan Kardeş,Kitap > Edebiyat > Roman (Çeviri) > Kitap > Orijinal Dil > Fransızca,Eric Giacometti,PEGASUS YAYINLARI,4 / 5 (12 oy),131,13,1,23,"319,00",03.03.2015,TÜRKÇE,480,Karton Kapak,13.5 x 21 cm,Kitap Kağıdı,165,5
Süleyman Şah Türbesi,Kitap > Tarih > Araştırma-İnceleme,Erhan Afyoncu,YEDİTEPE YAYINEVİ-KAMPANYA,5 / 5 (14 oy),267,11,1,10,"550,00",06.04.2015,TÜRKÇE,184,Karton Kapak,20 x 25.5 cm,Kuşe Kağıt,178,7
Mimarlığın ABC'si,Kitap > Sanat > Mimari,Bülent Batuman,SAY YAYIN GRUBU-KAMPANYA,4 / 5 (9 oy),86,7,0,7,"250,00",07.02.2017,TÜRKÇE,192,Karton Kapak,13.5 x 21 cm,Kitap Kağıdı,83,3
İbn Haldun Mukaddimesi'nde Şehir Sosyolojisi,Kitap > Sosyoloji > Araştırma-İnceleme,İzem Kezban Serin,URZENİ,5 / 5 (3 oy),92,9,1,1,"200,00",18.12.2020,TÜRKÇE,157,Karton Kapak,13 x 20 cm,Kitap Kağıdı,76,0
Belki de Gerçekten Mümkündür Dönmek,Kitap > Edebiyat > Hikaye (Yerli),Mustafa Okumuş,VACİLANDO KİTAP,5 / 5 (3 oy),16,1,1,4,"140,00",17.10.2022,TÜRKÇE,109,Karton Kapak,13.5 x 19.5 cm,Kitap Kağıdı,53,2
Fildişi İmparatorluğu / Temeraire Serisi 4,Kitap > Edebiyat > Bilimkurgu-Fantazya > Kitap > Orijinal Dil > İngilizce,Naomi Novik,PEGASUS YAYINLARI,4 / 5 (17 oy),125,9,0,18,"299,00",04.04.2014,TÜRKÇE,384,Karton Kapak,13.5 x 21 cm,Kitap Kağıdı,132,1
Boğaz'ın Altınları,Kitap > Edebiyat > Roman (Yerli),Hakan Kabasakal,ARİON YAYINLARI,Puan Yok,11,0,0,0,"400,00",29.11.2021,TÜRKÇE,240,Karton Kapak,13.5 x 21 cm,Kitap Kağıdı,29,0
Oscar Pillİki Krallık,Kitap > Edebiyat > Bilimkurgu-Fantazya > Kitap > Diğer > Gençlik Kitapları > Edebiyat > Kitap > Orijinal Dil > Fransızca,Eli Anderson,PEGASUS  ÇOCUK YAYINLARI,5 / 5 (7 oy),66,3,1,2,"295,00",23.10.2013,TÜRKÇE,576,Karton Kapak,13.5 x 21 cm,Kitap Kağıdı,55,3
Yükseköğretim Kalite Süreçlerinde Uluslararası Yansımalar,Kitap > Akademik,Erdem  Yöntem,NET KİTAPLIK YAYINCILIK,Puan Yok,4,0,0,0,"485,00",14.08.2023,TÜRKÇE,304,Karton Kapak,13 x 20 cm,Kitap Kağıdı,2,0
Şişman Kızla Sohbetler,Kitap > Edebiyat > Roman (Çeviri),Liza Palmer,BİLGE KÜLTÜR SANAT,4 / 5 (5 oy),28,2,2,4,"250,00",16.08.2006,TÜRKÇE,304,Karton Kapak,13.5 x 21.5 cm,Kitap Kağıdı,57,2
Serseri Tutkular,Kitap > Edebiyat > Roman (Çeviri),Lorraine Heath,PEGASUS YAYINLARI,4 / 5 (24 oy),116,9,0,30,"299,00",22.02.2016,TÜRKÇE,336,Karton Kapak,13.5 x 21 cm,Kitap Kağıdı,227,7
Max ve Moritz (Çizimli)İki Afacanın Yedi Haylazlık Öyküsü,Kitap > Edebiyat > Roman (Çeviri),Wilhelm Busch,FİHRİST KİTAP,4 / 5 (4 oy),27,4,0,7,"209,50",27.04.2021,TÜRKÇE,136,Karton Kapak,13 x 19.5 cm,Kitap Kağıdı,182,1
Osmanlıdan Cumhuriyete Siyonizm Politikası,Kitap > Siyaset > Araştırma-İnceleme,Hasan Akbaş,PEON KİTAP,5 / 5 (1 oy),44,4,0,2,"150,00",22.01.2024,TÜRKÇE,224,Karton Kapak,13.5 x 21 cm,Kitap Kağıdı,110,0
Eski HükümlülerEski Hükümlülerin Toplumla Bütünleşmeleri Üzerine Sosyolojik Bir Analiz,Kitap > Akademik > Sosyoloji İnceleme,Kıymet Gökçen Seçen,NET KİTAPLIK YAYINCILIK,Puan Yok,10,0,0,0,"330,00",04.11.2021,TÜRKÇE,192,Karton Kapak,13 x 20 cm,Kitap Kağıdı,53,0
Casuslar TugayıNazi Atom Bombası Programının Durduruluşunun Nefes Kesici Öyküsü,Kitap > Bilim & Mühendislik > Diğer,Sam Kean,SAY YAYIN GRUBU-KAMPANYA,5 / 5 (5 oy),156,12,0,7,"400,00",22.10.2021,TÜRKÇE,488,Karton Kapak,13.5 x 21 cm,Kitap Kağıdı,100,3
Hazin Bir Aşkın Hikayesi Osmancıklı Âşık Ali AcıkHayatı-Sanatı-Eserleri,Kitap > Edebiyat > Şiir (Yerli),Zeki Gürel,NET KİTAPLIK YAYINCILIK,Puan Yok,1,0,0,0,"370,00",05.06.2023,TÜRKÇE,224,Karton Kapak,13 x 20 cm,Kitap Kağıdı,26,0
Bir Başka Dünyanın Çocukları Köpekler,Kitap > Hobi > Hayvanlar,Banu Aydın,İNKILAP KİTABEVİ-KAMPANYA,5 / 5 (6 oy),27,2,0,3,"545,00",17.03.2016,TÜRKÇE,143,Karton Kapak,15 x 21 cm,Kitap Kağıdı,61,2
Gizem Örge / Savunmanın Kraliçesi,Kitap > Spor > Biyografi,Can Eren,PETA KİTAP YAYINCILIK,5 / 5 (1 oy),13,1,0,1,"135,00",22.07.2024,TÜRKÇE,120,Karton Kapak,13.5 x 19.5 cm,Kitap Kağıdı,57,1
Kafes Çocukları - Tepetaklak,Kitap > Edebiyat > Roman (Yerli),Meliha Çalıkuşu,YEDİVEREN YAYIN GRUBU - KAMPANYA,5 / 5 (6 oy),16,1,0,3,"207,00",13.01.2020,TÜRKÇE,278,Karton Kapak,13.5 x 19.5 cm,Kitap Kağıdı,18,1
Fransız Devrimi (Karton Kapak),Kitap > Tarih > Araştırma-İnceleme,Emrah Safa Gürkan,TERAS KİTAP,5 / 5 (82 oy),995,98,7,105,"88,00",31.05.2022,TÜRKÇE,88,Karton Kapak,19.2 x 24.5 cm,1. Hm. Kağıt,2888,29
Evlilik Şahane Bir Şeydir,Kitap > Sosyoloji > Diğer,Gülden Ohri  Akkoyun,YEDİVEREN YAYIN GRUBU - KAMPANYA,Puan Yok,10,0,0,0,"169,00",23.06.2023,TÜRKÇE,168,Karton Kapak,13.5 x 19.5 cm,Kitap Kağıdı,1,0
Karanlığı Yırtan Kırk Çığlık,Kitap > Edebiyat > Deneme (Yerli),Kolektif,40'LAR KULÜBÜ,5 / 5 (2 oy),11,0,0,1,"149,00",27.04.2022,TÜRKÇE,148,Karton Kapak,13.5 x 21 cm,Kitap Kağıdı,9,0
Yönetim ve Dinin Lacancı Psikanalizi,Kitap > Felsefe-Düşünce > Diğer,Özge Kocakula,URZENİ,5 / 5 (1 oy),23,1,0,0,"420,00",28.12.2020,TÜRKÇE,339,Karton Kapak,13 x 20 cm,Kitap Kağıdı,48,1
Kitaptaki Not,Kitap > Edebiyat > Roman (Yerli),Orhan T. Özdemir,SARMAL KİTABEVİ,Puan Yok,3,0,0,0,"240,00",11.01.2022,TÜRKÇE,254,Karton Kapak,13.5 x 21 cm,Kitap Kağıdı,10,0
Esrarengiz Kalbim,Kitap > Sağlık-Tıp > Eğitim,Elnaz Hatami,OTORİTE YAYINLARI,5 / 5 (1 oy),14,1,0,1,"566,00",09.09.2024,TÜRKÇE,331,Karton Kapak,16 x 24 cm,Kitap Kağıdı,28,0
Richard Wagner Bayreuth'ta Çağa Aykırı Düşünceler IV,Kitap > Felsefe-Düşünce > Felsefe Metinleri > Kitap > Orijinal Dil > Almanca,Friedrich Nietzsche,SAY YAYIN GRUBU-KAMPANYA,4 / 5 (12 oy),236,13,0,5,"200,00",17.10.2012,TÜRKÇE,88,Karton Kapak,13.5 x 21 cm,3. Hm. Kağıt,167,3
Asr-ı Saadet'te Türkler,Kitap > Tarih > Türk-Osmanlı,Ahmet Sarbay,BİYOGRAFİ.NET,4 / 5 (9 oy),149,4,0,5,"150,00",31.12.2020,TÜRKÇE,140,Karton Kapak,13.5 x 19.5 cm,Kitap Kağıdı,216,2
Dinler Tarihinin 200’ü,Kitap > Din > Tarih > Kitap > İslam > Kültür,Hüseyin Yılmaz,OTTO,5 / 5 (12 oy),82,11,0,5,"300,00",18.10.2017,TÜRKÇE,312,Karton Kapak,16 x 21 cm,Kitap Kağıdı,138,3
Aşk Seninle Güzel,Kitap > Edebiyat > Roman (Çeviri),Suzanne Enoch,PEGASUS YAYINLARI,4 / 5 (28 oy),297,6,0,30,"299,00",08.08.2011,TÜRKÇE,384,Karton Kapak,13.5 x 21 cm,Kitap Kağıdı,267,19
Büyülü Çemberi (Sihir Ateşi 2. Kitap),Kitap > Edebiyat > Bilimkurgu-Fantazya > Kitap > Orijinal Dil > İngilizce,Cate Tiernan,PEGASUS YAYINLARI,4 / 5 (10 oy),136,4,1,7,"299,00",11.06.2014,TÜRKÇE,448,Karton Kapak,13.5 x 21 cm,Kitap Kağıdı,93,2
O Dediğin Masallarda Olur Canım,Kitap > Edebiyat > Diğer,Özgür  Uysal,DESTEK YAYIN GRUBU-KAMPANYA,Puan Yok,19,1,0,1,"270,00",09.08.2022,TÜRKÇE,264,Karton Kapak,13.5 x 21 cm,Kitap Kağıdı,38,0
Plotinus Yeni PlatonculukBüyük Düşünürlerden Yaşam Bilgeliği,Kitap > Felsefe-Düşünce > Filozoflar-Düşünürler,Turgut Özgüney,DESTEK YAYIN GRUBU-KAMPANYA,Puan Yok,9,0,0,0,"180,00",09.11.2021,TÜRKÇE,160,Karton Kapak,13.5 x 21 cm,Kitap Kağıdı,5,0
Muazzam Eğri,Kitap > Edebiyat > Şiir (Yerli),Berf  Çakmakcı,EPONA KİTAP,3 / 5 (3 oy),3,1,0,5,"148,00",18.05.2024,TÜRKÇE,45,Karton Kapak,12.5 x 19.5 cm,Kitap Kağıdı,119,1
Miyav! Yarın Yeni Bir Hayata Başlıyorum,Kitap > Edebiyat > Roman (Çeviri) > Kitap > Orijinal Dil > Fransızca,Gilles Legardinier,PEGASUS YAYINLARI,4 / 5 (17 oy),79,10,1,17,"299,00",05.03.2015,TÜRKÇE,368,Karton Kapak,13.5 x 21 cm,Kitap Kağıdı,130,11
Küçük Detaylar,Kitap > Edebiyat > Roman (Çeviri),Lauren Asher,OLİMPOS YAYINLARI,4 / 5 (50 oy),1.935,111,6,100,"349,00",11.10.2022,TÜRKÇE,432,Karton Kapak,13.5 x 21 cm,Kitap Kağıdı,2133,31
Sabahın İlk Işıkları,Kitap > Edebiyat > Roman (Çeviri) > Kitap > Orijinal Dil > İtalyanca,Fabio Volo,PEGASUS YAYINLARI,4 / 5 (162 oy),589,136,6,135,"249,00",22.06.2015,TÜRKÇE,264,Karton Kapak,13.5 x 21 cm,Kitap Kağıdı,3425,82
Bağ / Çoklu Dünyalar Serisi 2. Kitap,Kitap > Edebiyat > Bilimkurgu-Fantazya,Anna Jarzab,PEGASUS YAYINLARI,4 / 5 (15 oy),121,14,0,23,"299,00",12.04.2017,TÜRKÇE,336,Karton Kapak,13.5 x 21 cm,Kitap Kağıdı,101,8
Gazetecilik Zor Zanaat Vesselam!,Kitap > Siyaset > Aktüel Siyaset > Kitap > Diğer > İletişim-Medya,Erdal Güven,PEGASUS YAYINLARI,4 / 5 (37 oy),100,31,6,27,"219,00",19.07.2007,TÜRKÇE,208,Karton Kapak,13.5 x 21 cm,Kitap Kağıdı,614,14
Uçurum KırlangıçlarıSuriyeli Annelerin Gözünden Göç Olgusu,Kitap > Sosyoloji > Araştırma-İnceleme,Havvanur Özdemir,LEJAND,5 / 5 (1 oy),10,1,0,0,"180,00",12.03.2021,TÜRKÇE,182,Karton Kapak,13 x 19.5 cm,Kitap Kağıdı,180,1
Sonbahar Öpücüğü,Kitap > Diğer > Gençlik Kitapları > Edebiyat,Bella Thorne,PEGASUS YAYINLARI,4 / 5 (54 oy),294,51,3,50,"249,00",27.01.2017,TÜRKÇE,256,Karton Kapak,13.5 x 21 cm,Kitap Kağıdı,1711,18
Sevgiyi Sürdürme SanatıUzun Soluklu İlişkiler İçin Oyunun Kuralları,Kitap > Kişisel Gelişim,Alfons Vansteenwegen,DESTEK YAYIN GRUBU-KAMPANYA,Puan Yok,20,1,0,1,"280,00",17.10.2024,TÜRKÇE,306,Karton Kapak,13.5 x 21 cm,Kitap Kağıdı,16,0
Siyasallaşan İslamofobiEleştirel Güvenlik Ekolü Perspektifinden Anti-İslamizm,Kitap > Siyaset > Araştırma-İnceleme,Cemile Bayraktar,LEJAND,5 / 5 (1 oy),49,3,0,3,"199,00",11.03.2024,TÜRKÇE,208,Karton Kapak,13 x 19.5 cm,Kitap Kağıdı,319,0
Huzurun Tarifi Yok,Kitap > Edebiyat > Hikaye (Yerli),Şeyda Başer Eroğlu,EPONA KİTAP,4 / 5 (6 oy),18,2,3,6,"148,00",03.01.2022,TÜRKÇE,115,Karton Kapak,12.5 x 19.5 cm,Kitap Kağıdı,183,5
Benim Saf Amcam ve Diğer Öyküler,Kitap > Edebiyat > Hikaye (Çeviri),Chae  Man-Sik,FİHRİST KİTAP,5 / 5 (4 oy),77,9,0,4,"229,50",01.02.2023,TÜRKÇE,152,Karton Kapak,13 x 19.5 cm,Kitap Kağıdı,63,2
Fransa'ya Osmanlı Tokadı,Kitap > Tarih > Araştırma-İnceleme,Erhan Afyoncu,YEDİTEPE YAYINEVİ-KAMPANYA,4 / 5 (65 oy),647,37,5,47,"200,00",27.12.2011,TÜRKÇE,216,Karton Kapak,13.5 x 21 cm,Kitap Kağıdı,690,25
Siyasi ve Sosyo-Kültürel Yönleriyle Vikingler,Kitap > Siyaset > Araştırma-İnceleme,Halil Yavaş,MOTTO,5 / 5 (10 oy),148,11,1,11,"493,00",13.02.2023,TÜRKÇE,554,Karton Kapak,14 x 23 cm,Kitap Kağıdı,158,5
Derin Devlet ve Muhalefet Geleneği,Kitap > Siyaset > Devlet,Ahmet Özcan,YARIN YAYINCILIK,4 / 5 (10 oy),126,8,2,2,"210,50",17.12.2021,TÜRKÇE,237,Karton Kapak,13.5 x 21 cm,Kitap Kağıdı,132,5
Veysel,Kitap > Edebiyat > Biyografi-Otobiyografi,Akın Gülyurt,LEJAND,5 / 5 (3 oy),27,2,0,2,"120,00",09.06.2023,TÜRKÇE,90,Karton Kapak,13 x 19.5 cm,Kitap Kağıdı,161,1
Diriliş Yolunda Bir Usta Kırk Çırak,Kitap > Edebiyat > Biyografi-Otobiyografi,40'lar Kulübü,40'LAR KULÜBÜ,5 / 5 (4 oy),41,0,0,2,"149,00",21.04.2022,TÜRKÇE,172,Karton Kapak,13.5 x 21 cm,Kitap Kağıdı,169,1
Türk - Ermeni İlişkilerinin Yarını,Kitap > Siyaset > Araştırma-İnceleme,Kolektif,YEDİTEPE YAYINEVİ-KAMPANYA,5 / 5 (10 oy),53,9,0,5,"300,00",13.04.2016,TÜRKÇE,328,Karton Kapak,13.5 x 21 cm,Kitap Kağıdı,78,6
Kırk Kutlu Yolcu,Kitap > Edebiyat > Anı (Hatırat),40'lar Kulübü,40'LAR KULÜBÜ,5 / 5 (4 oy),11,1,0,3,"149,00",06.07.2022,TÜRKÇE,238,Karton Kapak,13.5 x 21 cm,2. Hm. Kağıt,16,2
Sevda Mührünü Vurdum Yüreğime,Kitap > Edebiyat > Şiir (Yerli),Nesim Rüzgar Ulusoy,KUTLU YAYINEVİ,5 / 5 (2 oy),5,0,0,2,"120,00",12.02.2024,TÜRKÇE,94,Karton Kapak,13.5 x 19.5 cm,Kitap Kağıdı,56,0
Tek Satırlık Mutluluk,Kitap > Edebiyat > Şiir (Yerli),Suat Kızıl,FİHRİST KİTAP,5 / 5 (1 oy),15,3,0,0,"124,50",22.09.2022,TÜRKÇE,64,Karton Kapak,13 x 19.5 cm,Kitap Kağıdı,16,0
Aç Kalbini + Tanrı'yla Bütün İlişkimi Kestim (2 Kitap Kutulu Özel Set),Kitap > Edebiyat > Deneme (Çeviri),Katarina Mazetti,PEGASUS YAYINLARI,3 / 5 (3 oy),49,2,1,3,"488,00",25.04.2022,TÜRKÇE,376,Karton Kapak,13.5 x 21 cm,Kitap Kağıdı,49,3
Akşam Yıldızı,Kitap > Edebiyat > Roman (Çeviri),Samantha James,PEGASUS YAYINLARI,4 / 5 (50 oy),466,14,0,49,"299,00",01.03.2011,TÜRKÇE,320,Karton Kapak,13.5 x 21 cm,Kitap Kağıdı,550,42
Rengini Benden Alan,Kitap > Edebiyat > Roman (Yerli),Ayşegül   Bayar,VACİLANDO KİTAP,5 / 5 (3 oy),19,5,0,3,"140,00",05.07.2023,TÜRKÇE,101,Karton Kapak,13.5 x 19.5 cm,Kitap Kağıdı,50,0
Serçe Risalesi,Kitap > Edebiyat > Hikaye (Yerli),Akif Hasan Kaya,İZ YAYINCILIK,5 / 5 (5 oy),53,7,1,5,"203,00",15.03.2021,TÜRKÇE,111,Karton Kapak,13.5 x 21 cm,Kitap Kağıdı,98,4
Asımın Neslinden Kırk Yürek,Kitap > Tarih > Kişiler,40'lar Kulübü,40'LAR KULÜBÜ,5 / 5 (5 oy),37,4,0,4,"149,00",23.10.2015,TÜRKÇE,167,Karton Kapak,13.5 x 21 cm,Kitap Kağıdı,121,2
Dijital Çağ Üzerine Düşünceler,Kitap > Akademik > Bilim,Milay Köktürk,NET KİTAPLIK YAYINCILIK,5 / 5 (1 oy),34,1,0,0,"535,00",04.11.2021,TÜRKÇE,340,Karton Kapak,13 x 20 cm,Kitap Kağıdı,60,0
Aleviliğin Temel İlkeri,Kitap > Din > Diğer,İsmail Metin,SARMAL KİTABEVİ,Puan Yok,21,1,0,1,"220,00",03.05.2021,TÜRKÇE,263,Karton Kapak,13.5 x 21 cm,Kitap Kağıdı,31,0
Esenlik Arayışı8 Gücünüzü Kullanmak,Kitap > Kişisel Gelişim,Anthony Strano,SİYASAL YAYIN GRUBU - KAMPANYA,2 / 5 (1 oy),22,0,0,0,"175,00",03.09.2016,TÜRKÇE,80,Karton Kapak,14 x 20 cm,Kitap Kağıdı,18,1
Sürgün Serisi Takım Set (3 Kitap),Kitap > Edebiyat > Roman (Çeviri),Lisa M. Stasse,PEGASUS YAYINLARI,4 / 5 (31 oy),494,41,3,28,"897,00",01.02.2020,TÜRKÇE,1096,Karton Kapak,13.5 x 21 cm,Kitap Kağıdı,567,17
Yaralı Şövalye,Kitap > Edebiyat > Roman (Çeviri),L. J. Shen,OLİMPOS YAYINLARI,4 / 5 (14 oy),557,28,0,28,"319,00",18.04.2023,TÜRKÇE,Bilgi Yok,Karton Kapak,13.5 x 21 cm,Kitap Kağıdı,551,10
Tanıklık Tutanağı,Kitap > Tarih > Araştırma-İnceleme,Solomon Volkov,SAY YAYIN GRUBU-KAMPANYA,5 / 5 (1 oy),44,3,1,0,"400,00",04.09.2023,TÜRKÇE,464,Karton Kapak,13.5 x 21 cm,Kitap Kağıdı,29,0
Aşk Sarmalı,Kitap > Edebiyat > Roman (Çeviri),Liz Carlyle,PEGASUS YAYINLARI,4 / 5 (34 oy),286,9,0,32,"299,00",16.07.2012,TÜRKÇE,392,Karton Kapak,13.5 x 21 cm,Kitap Kağıdı,306,10
Sakal: Bir Direniş Sembolü,Kitap > Siyaset > Araştırma-İnceleme,Prof. Dr. Aytuğ Atıcı,SARMAL KİTABEVİ,5 / 5 (1 oy),9,0,0,0,"200,00",22.03.2021,TÜRKÇE,183,Karton Kapak,13.5 x 21 cm,Kitap Kağıdı,21,0
Bir Darbe 40 R4bia,Kitap > Siyaset > Siyasal Yazılar-Tezler,40'lar Kulübü,40'LAR KULÜBÜ,5 / 5 (1 oy),24,2,0,2,"149,00",09.11.2015,TÜRKÇE,143,Karton Kapak,13.5 x 21 cm,Kitap Kağıdı,7,0
Suzan,Kitap > Edebiyat > Roman (Yerli),Merve Sağlar,ALAN YAYINCILIK,5 / 5 (2 oy),5,0,0,2,"626,00",07.10.2022,TÜRKÇE,512,Karton Kapak,13.5 x 19.5 cm,Kitap Kağıdı,115,2
Dış Politikada Hesaplaşmak,Kitap > Siyaset > Araştırma-İnceleme,Ali Balcı,LEJAND,4 / 5 (4 oy),35,5,1,1,"200,00",06.11.2020,TÜRKÇE,206,Karton Kapak,13 x 19.5 cm,Kitap Kağıdı,177,0
Stalin'in İnekleri,Kitap > Edebiyat > Roman (Çeviri) > Kitap > Orijinal Dil > Fince,Sofi Oksanen,PEGASUS YAYINLARI,4 / 5 (21 oy),172,11,1,15,"299,00",07.10.2013,TÜRKÇE,464,Karton Kapak,13.5 x 21 cm,Kitap Kağıdı,197,11
Açlık Oyunları Dünyası,Kitap > Edebiyat > Roman (Çeviri),Kate Egan,PEGASUS YAYINLARI,4 / 5 (102 oy),700,74,1,92,"299,00",23.03.2012,TÜRKÇE,192,Karton Kapak,13.5 x 20.3 cm,Kuşe Kağıt,1899,42
Kristal Kan,Kitap > Edebiyat > Roman (Çeviri) > Kitap > Orijinal Dil > Almanca,Nina Blazon,PEGASUS YAYINLARI,4 / 5 (4 oy),150,5,0,5,"299,00",08.08.2011,TÜRKÇE,360,Karton Kapak,13.5 x 21 cm,Kitap Kağıdı,52,4
Kırk Damla Hayat Su,Kitap > Edebiyat > Deneme (Yerli),40'lar Kulübü,40'LAR KULÜBÜ,4 / 5 (3 oy),17,3,0,3,"149,00",21.04.2022,TÜRKÇE,184,Karton Kapak,13.5 x 21 cm,Kitap Kağıdı,10,2
İblis Hançerleri / Acemi Cadı II,Kitap > Diğer > Gençlik Kitapları > Edebiyat > Kitap > Orijinal Dil > İngilizce,Rachel Hawkins,KARA KEDİ YAYINLARI,5 / 5 (34 oy),183,7,1,26,"240,00",07.03.2011,TÜRKÇE,304,Karton Kapak,13.5 x 19.5 cm,Kitap Kağıdı,261,12
Sivil İtaatsizlikTeorik Temelleri ve Meşruiyeti Meselesi,Kitap > Siyaset > Araştırma-İnceleme,Dr. Şükrü Nişancı,LEJAND,5 / 5 (1 oy),31,1,1,1,"299,00",20.11.2020,TÜRKÇE,340,Karton Kapak,13 x 19.5 cm,Kitap Kağıdı,257,0
Zanlı (Kate Waters Serisi 3),Kitap > Edebiyat > Roman (Çeviri),Fiona Barton,PEGASUS YAYINLARI,5 / 5 (12 oy),143,9,0,19,"319,00",15.09.2021,TÜRKÇE,456,Karton Kapak,13.5 x 21 cm,Kitap Kağıdı,163,8
Türkiye'nin Yaşayan En İyi Yazarı,Kitap > Edebiyat > Roman (Yerli),Polat Onat,FİHRİST KİTAP,5 / 5 (3 oy),43,1,1,11,"314,50",15.09.2021,TÜRKÇE,228,Karton Kapak,13 x 19.5 cm,Kitap Kağıdı,113,2
Attila ve Hun İmparatorluğu,Kitap > Tarih > Kişiler > Kitap > Tarih > Araştırma-İnceleme,Alperen Bayrak,YEDİVEREN YAYIN GRUBU - KAMPANYA,4 / 5 (12 oy),187,12,0,12,"299,00",06.10.2021,TÜRKÇE,328,Karton Kapak,13.5 x 21 cm,Kitap Kağıdı,128,6
Asrın Kuyusuna Kırk Damla Sosyal Medya,Kitap > Edebiyat > Deneme (Yerli),Kolektif,40'LAR KULÜBÜ,Puan Yok,7,3,0,0,"149,00",21.04.2022,TÜRKÇE,165,Karton Kapak,13.5 x 21 cm,Kitap Kağıdı,17,0
"NöromatikManeviyatçılıktan Sibernetik Çağına Beynin, Zihnin ve Dinin Tarihi",Kitap > Tarih > Araştırma-İnceleme,John Lardas Modern,SAY YAYIN GRUBU-KAMPANYA,5 / 5 (4 oy),464,26,0,10,"550,00",23.02.2023,TÜRKÇE,520,Karton Kapak,13.5 x 21 cm,Kitap Kağıdı,157,2
Hayalet Sevgilim,Kitap > Edebiyat > Roman (Çeviri),Laura Whitcomb,KARA KEDİ YAYINLARI,4 / 5 (31 oy),255,19,2,29,"240,00",04.07.2011,TÜRKÇE,304,Karton Kapak,13.5 x 19.5 cm,Kitap Kağıdı,257,22
Çocuk Klasikleri (10 Kitap),Kitap > Çocuk Kitapları > Hikaye,Kolektif,ÖZYÜREK YAYINEVİ,5 / 5 (14 oy),35,3,0,11,"750,00",01.03.2016,TÜRKÇE,Bilgi Yok,Karton Kapak,13.5 x 19.5 cm,Kitap Kağıdı,259,12
Erkekliğin 100 Kuralı,Kitap > Kadın-Erkek > Erkek Kitapları > Kitap > Orijinal Dil > İngilizce,Jeff Wilser,SAY YAYIN GRUBU-KAMPANYA,4 / 5 (9 oy),161,11,2,6,"300,00",01.07.2013,TÜRKÇE,264,Karton Kapak,13.5 x 21 cm,Kitap Kağıdı,143,3
Biyografi Analiz 3Kaos'a Karşı Düzen,Kitap > Siyaset > Araştırma-İnceleme,Hüdavendigar Onur,BİYOGRAFİ.NET,4 / 5 (2 oy),30,2,0,2,"276,00",31.12.2020,TÜRKÇE,228,Karton Kapak,19 x 28 cm,1. Hm. Kağıt,84,2
Benim Yolum,Kitap > Müzik > Müzisyenler > Kitap > Diğer > Gençlik Kitapları > Edebiyat > Kitap > Sinema-Tiyatro > Sinema-Genel > Kitap > Orijinal Dil > İngilizce,Miley Cyrus,PEGASUS YAYINLARI,4 / 5 (60 oy),336,36,4,43,"269,00",13.05.2014,TÜRKÇE,304,Karton Kapak,13.5 x 21 cm,Kitap Kağıdı,1040,21
Gizem Sirki / Tuhaf Maceralar 2. Kitap,Kitap > Diğer > Gençlik Kitapları > Edebiyat > Kitap > Orijinal Dil > İngilizce,Alexandra Adornetto,PEGASUS YAYINLARI,4 / 5 (1 oy),34,1,1,5,"299,00",15.01.2016,TÜRKÇE,400,Karton Kapak,13.5 x 21 cm,Kitap Kağıdı,12,0
ValsPartneriniz Korku Kültürü,Kitap > Psikoloji > İnceleme,Dr. Meryem Çelik,URZENİ,Puan Yok,13,1,0,1,"220,00",03.05.2021,TÜRKÇE,189,Karton Kapak,13.5 x 21 cm,Kitap Kağıdı,8,0
Kısa Astronomi TarihiAntik Dönemden 20. Yüzyıla,Kitap > Bilim & Mühendislik > Bilim Tarihi,George Forbes,LİBERUS,4 / 5 (10 oy),281,18,0,8,"200,00",02.03.2023,TÜRKÇE,156,Karton Kapak,13 x 19.5 cm,Kitap Kağıdı,351,3
Karabağ'da Savaşan Kadınlar,Kitap > Edebiyat > Biyografi-Otobiyografi,Ziya Şahin,BİYOGRAFİ.NET,Puan Yok,11,0,0,0,"400,00",06.04.2022,TÜRKÇE,360,Karton Kapak,13 x 19.5 cm,Kitap Kağıdı,46,0
"Anne, Baba ve Eğitimciler İçin Büyüme Sürecinde Sorunlar ve Çözüm Yolları",Kitap > Çocuk Kitapları > Ana-Baba kitapları > Kitap > Eğitim > Çocuk Eğitimi,Bilgi Yok,SARMAL KİTABEVİ,Puan Yok,19,0,0,0,"420,00",26.10.2020,TÜRKÇE,396,Karton Kapak,14 x 22 cm,Kitap Kağıdı,15,0
Az Pişmiş Kelle / Bir Taşra Polisiyesi 3,Kitap > Edebiyat > Polisiye > Kitap > Orijinal Dil > Almanca,Rita Falk,PEGASUS YAYINLARI,4 / 5 (16 oy),54,6,0,14,"249,00",05.06.2006,TÜRKÇE,240,Karton Kapak,13.5 x 21 cm,Kitap Kağıdı,93,10
CapitalismEconomy of Consumption Deficiency,Kitap > Diğer Dildeki Yayınlar > İngilizce,Arif Cengiz Erman,SARMAL KİTABEVİ,5 / 5 (1 oy),10,0,0,0,"250,00",02.06.2023,İNGİLİZCE,219,Karton Kapak,13.5 x 19.5 cm,Kitap Kağıdı,13,0
Hint Dini Tarihine Giriş,Kitap > Din > Tarih,D. S. Sarma,ATAÇ YAYINLARI - KAMPANYA,5 / 5 (37 oy),174,33,1,23,"90,00",06.02.2006,TÜRKÇE,110,Karton Kapak,13.5 x 21 cm,Kitap Kağıdı,529,15
Biz İse Yalnızca Arabalardık,Kitap > Edebiyat > Hikaye (Yerli),Alp  Türkol,VACİLANDO KİTAP,3 / 5 (4 oy),8,2,0,9,"140,00",01.09.2021,TÜRKÇE,76,Karton Kapak,13.5 x 19.5 cm,Kitap Kağıdı,51,2
Okçu'nun Yolu,Kitap > Edebiyat > Roman (Çeviri),Paulo Coelho,CAN YAYINLARI,4 / 5 (374 oy),6.692,543,40,778,"285,00",23.09.2021,TÜRKÇE,168,Karton Kapak,12.5 x 19.5 cm,Kitap Kağıdı,12884,204
Hayat Romana Benzemez,Kitap > Edebiyat > Anı (Hatırat) > Kitap > Edebiyat > Biyografi-Otobiyografi,Abdurrahman Fırat,PATARA KİTAP,5 / 5 (1 oy),9,1,0,3,"214,00",03.01.2024,TÜRKÇE,194,Karton Kapak,13.5 x 19.5 cm,Kitap Kağıdı,8,1
Kazara Tanrılar,Kitap > Edebiyat > Diğer,Anna Del Subin,DESTEK YAYIN GRUBU-KAMPANYA,5 / 5 (1 oy),6,1,0,0,"380,00",05.10.2023,TÜRKÇE,488,Karton Kapak,13.5 x 21 cm,Kitap Kağıdı,22,0
Düşler Evi,Kitap > Edebiyat > Roman (Çeviri),Brenda Joyce,PEGASUS YAYINLARI,4 / 5 (14 oy),121,14,1,22,"299,00",26.11.2020,TÜRKÇE,504,Karton Kapak,13.5 x 21 cm,Kitap Kağıdı,346,8
ŞizofreniOluşum Nedenleri ve Görünümleri,Kitap > Sağlık-Tıp > Diğer,Uzm. Psikolog Metin Yetim,URZENİ,5 / 5 (2 oy),51,5,1,1,"170,00",19.10.2020,TÜRKÇE,114,Karton Kapak,13.5 x 21 cm,Kitap Kağıdı,68,0
Şair Çıkmazı,Kitap > Edebiyat > Roman (Yerli),Kaan Polatlar,DOĞU KİTABEVİ,Puan Yok,3,0,0,0,"227,00",17.07.2024,TÜRKÇE,184,Karton Kapak,13.5 x 19.5 cm,Kitap Kağıdı,13,0
Gelinciklerin Ölümü,Kitap > Edebiyat > Hikaye (Yerli),Almula Türedi,FİHRİST KİTAP,4 / 5 (3 oy),31,5,0,3,"199,50",08.12.2022,TÜRKÇE,128,Karton Kapak,13 x 19.5 cm,Kitap Kağıdı,180,0
Bir Avazda! / Hamilelik Söyleşileri,Kitap > Sosyoloji > Araştırma-İnceleme,Rita Ender,İLETİŞİM YAYINLARI KAMPANYA,5 / 5 (7 oy),82,7,0,6,"142,00",16.07.2021,TÜRKÇE,208,Karton Kapak,13 x 19.5 cm,Kitap Kağıdı,169,2
Zoraki Prenses,Kitap > Edebiyat > Roman (Çeviri),Carolyn Q.Ebbitt,KARA KEDİ YAYINLARI,4 / 5 (18 oy),199,8,0,11,"250,00",01.07.2010,TÜRKÇE,304,Karton Kapak,13.5 x 19.5 cm,3. Hm. Kağıt,143,7
Resimdeki Boşluk,Kitap > Edebiyat > Diğer,Şenay Seba,ASİKİTAP KAMPANYA,5 / 5 (1 oy),10,5,1,1,"90,00",23.08.2023,TÜRKÇE,104,Karton Kapak,13.5 x 21 cm,Kitap Kağıdı,17,0
Karanlığın Esirleri,Kitap > Edebiyat > Roman (Yerli),Furkan Gürsu,YEDİVEREN YAYIN GRUBU - KAMPANYA,5 / 5 (3 oy),10,2,0,4,"150,00",15.03.2022,TÜRKÇE,184,Karton Kapak,13.5 x 19.5 cm,Kitap Kağıdı,78,3
Eriha'nın Duvarları,Kitap > Edebiyat > Roman (Çeviri),Rudolph Fisher,DEDALUS KİTAP,5 / 5 (2 oy),50,4,1,3,"220,00",23.08.2022,TÜRKÇE,214,Karton Kapak,13 x 20 cm,Kitap Kağıdı,105,2
Her Şeye İnat İkimiz,Kitap > Edebiyat > Roman (Yerli),Mikail Durhat,MERGEN YAYINLARI,5 / 5 (1 oy),7,1,0,0,"180,00",27.09.2023,TÜRKÇE,137,Karton Kapak,13 x 19.5 cm,Kitap Kağıdı,117,0
Oracle,Kitap > Edebiyat > Hikaye (Çeviri),Catherine Fisher,PEGASUS  ÇOCUK YAYINLARI,Puan Yok,44,4,1,1,"299,00",01.01.2012,TÜRKÇE,336,Karton Kapak,13.5 x 19.5 cm,Kitap Kağıdı,22,0
Erkeklerin Yoğun Olduğu Mesleklerde İletişimsel Bir Davranış Biçimi Olarak “Mansplaining”,Kitap > Kadın-Erkek > Genel,Meltem Kaya Sapmaz,URZENİ,Puan Yok,22,0,0,1,"320,00",27.07.2023,TÜRKÇE,312,Karton Kapak,13.5 x 19.5 cm,Kitap Kağıdı,28,0
Açlık Oyunları Resmi Film Kitabı,Kitap > Edebiyat > Roman (Çeviri),Kate Egan,PEGASUS YAYINLARI,4 / 5 (101 oy),594,65,5,68,"299,00",01.02.2012,TÜRKÇE,160,Karton Kapak,21.6 x 27.6 cm,Kuşe Kağıt,1757,47
Tanzimat'tan Milli Mücadele'ye Türkiye'de Siyasal Hayat,Kitap > Siyaset > Araştırma-İnceleme,Dr. Şükrü Nişancı,LEJAND,5 / 5 (6 oy),52,3,0,3,"299,00",10.04.2021,TÜRKÇE,328,Karton Kapak,13 x 19.5 cm,Kitap Kağıdı,196,1
Sınav Zekası (EQ)Başarı Sihirbazlığı,Kitap > Kişisel Gelişim,Ferit Delen,LİKYA KİTAP,5 / 5 (1 oy),16,2,0,1,"388,00",02.05.2024,TÜRKÇE,352,Karton Kapak,13.5 x 21 cm,Kitap Kağıdı,34,0
Müzik Yapımı,Kitap > Müzik > Genel,Mehmet Emin Göktepe,SİYASAL YAYIN GRUBU - KAMPANYA,5 / 5 (1 oy),34,0,0,3,"225,00",15.09.2014,TÜRKÇE,168,Karton Kapak,14 x 20 cm,Kitap Kağıdı,47,1
2 Usta 40 Çırak,Kitap > Edebiyat > Biyografi-Otobiyografi,40'lar Kulübü,40'LAR KULÜBÜ,5 / 5 (5 oy),44,5,0,4,"149,00",11.04.2022,TÜRKÇE,134,Karton Kapak,13.5 x 21 cm,Kitap Kağıdı,32,2
Yaşama Dair Öyküler,Kitap > Edebiyat > Hikaye (Çeviri),Mary Wollstonecraft,FİHRİST KİTAP,5 / 5 (4 oy),86,8,0,1,"179,50",11.01.2023,TÜRKÇE,112,Karton Kapak,13 x 19.5 cm,Kitap Kağıdı,107,1
Açlık Oyunları Rehberi,Kitap > Edebiyat > Roman (Çeviri),Caroline Carpenter,PEGASUS YAYINLARI - KAMPANYA,5 / 5 (76 oy),541,55,3,57,"299,00",03.05.2012,TÜRKÇE,192,Karton Kapak,13.8 x 21 cm,Kitap Kağıdı,1391,41
Cennete Götüren Aşk Şehadet,Kitap > İslam > Araştırma-İnceleme,İlyas Özbay,ÇIRA YAYINLARI,5 / 5 (7 oy),122,19,1,9,"190,00",14.09.2020,TÜRKÇE,144,Karton Kapak,13.5 x 19.5 cm,Kitap Kağıdı,359,4
Kırkyama,Kitap > Edebiyat > Hikaye (Yerli),Demet Eker,EPONA KİTAP,5 / 5 (12 oy),43,8,0,9,"189,00",20.09.2022,TÜRKÇE,94,Karton Kapak,12.5 x 19.5 cm,Kitap Kağıdı,499,8
Nordik Sinema,Kitap > Sinema-Tiyatro > Tiyatro-Genel,Elif Demoğlu,DOĞU KİTABEVİ,5 / 5 (3 oy),27,1,0,2,"650,00",14.03.2022,TÜRKÇE,296,Karton Kapak,16 x 23 cm,Kitap Kağıdı,221,0
Hakas Kartalı Han MirgenSibirya Türk Şaman Mitolojisi II,Kitap > Diğer > Mitoloji,Timur Davletov,URZENİ,5 / 5 (1 oy),104,2,1,1,"250,00",27.09.2023,TÜRKÇE,192,Karton Kapak,13.5 x 19.5 cm,Kitap Kağıdı,80,0
Lethe - Parçalanmış,Kitap > Edebiyat > Çizgi Roman,Dilara Özçelik,YEDİVEREN YAYIN GRUBU - KAMPANYA,4 / 5 (3 oy),53,8,0,6,"124,00",23.02.2022,TÜRKÇE,136,Karton Kapak,13.5 x 19.5 cm,Kitap Kağıdı,44,2
Kahraman Bartekve Diğer Öyküler,Kitap > Edebiyat > Hikaye (Çeviri),Henryk Sienkiewicz,FİHRİST KİTAP,5 / 5 (5 oy),56,6,1,5,"229,50",02.10.2023,TÜRKÇE,154,Karton Kapak,13 x 19.5 cm,Kitap Kağıdı,211,4
Sinemanın Geleceği,Kitap > Sinema-Tiyatro > Oyun (Yerli),Fatih Yürür,DOĞU KİTABEVİ,4 / 5 (1 oy),8,1,0,0,"280,00",06.04.2022,TÜRKÇE,160,Karton Kapak,13.5 x 19.5 cm,Kitap Kağıdı,146,0
Suriye Sendromu,Kitap > Siyaset > Bölgeler-Ülkeler > Kitap > Siyaset > Araştırma-İnceleme,Ali Bademci,YEDİTEPE YAYINEVİ-KAMPANYA,4 / 5 (7 oy),97,6,1,6,"330,00",20.09.2017,TÜRKÇE,368,Karton Kapak,13.5 x 21 cm,Kitap Kağıdı,102,2
Sosyal Psikolog Erol Güngör,Kitap > Edebiyat > Biyografi-Otobiyografi,Hüdavendigar Onur,BİYOGRAFİ.NET,Puan Yok,33,0,1,0,"250,00",03.11.2023,TÜRKÇE,246,Karton Kapak,13.5 x 19.5 cm,Kitap Kağıdı,54,0
İntikam 251,Kitap > Edebiyat > Roman (Yerli),Uğur Bostan,MOTTO,5 / 5 (2 oy),17,7,1,1,"327,00",27.10.2021,TÜRKÇE,176,Karton Kapak,13.5 x 21 cm,Kitap Kağıdı,59,1
Gideon / Gece Gezginleri 2,Kitap > Edebiyat > Roman (Çeviri),Jacquelyn Frank,PEGASUS YAYINLARI,5 / 5 (26 oy),93,11,0,31,"299,00",07.10.2016,TÜRKÇE,336,Karton Kapak,13.5 x 21 cm,Kitap Kağıdı,125,9
Poonachi veya Kara Keçinin Hikayesi,Kitap > Edebiyat > Roman (Çeviri),Perumal Murugan,DEDALUS KİTAP,4 / 5 (23 oy),207,26,4,21,"180,00",30.09.2024,TÜRKÇE,144,Karton Kapak,13 x 20 cm,Kitap Kağıdı,520,13
Orta Yaş ve Sonrasında Kadın Beyni,Kitap > Bilim & Mühendislik > Popüler Bilim,Prof. Dr. Louann Brizendine,SAY YAYIN GRUBU-KAMPANYA,Puan Yok,101,4,0,3,"450,00",09.06.2023,TÜRKÇE,384,Karton Kapak,13.5 x 21 cm,Kitap Kağıdı,66,0
Benjamin / Fikir Mimarları Dizisi,Kitap > Felsefe-Düşünce > Filozoflar-Düşünürler,Bilgi Yok,SAY YAYIN GRUBU-KAMPANYA,5 / 5 (9 oy),251,8,1,8,"300,00",07.03.2013,TÜRKÇE,280,Karton Kapak,13.5 x 21 cm,Kitap Kağıdı,163,2
Bazıları Hırçın Sever,Kitap > Edebiyat > Roman (Çeviri) > Kitap > Orijinal Dil > İngilizce,Teresa Medeiros,PEGASUS YAYINLARI,4 / 5 (40 oy),317,6,0,44,"299,00",18.07.2012,TÜRKÇE,336,Karton Kapak,13.5 x 21 cm,Kitap Kağıdı,437,8
Karanlık Prens'in Gelini,Kitap > Edebiyat > Roman (Çeviri),Kresley Cole,PEGASUS YAYINLARI,5 / 5 (43 oy),195,19,1,47,"299,00",01.08.2016,TÜRKÇE,432,Karton Kapak,13.5 x 21 cm,Kitap Kağıdı,312,15
Koşucu,Kitap > Edebiyat > Roman (Çeviri),John L. Parker Jr.,BİLGE KÜLTÜR SANAT,4 / 5 (9 oy),85,13,3,12,"240,00",02.01.2012,TÜRKÇE,288,Karton Kapak,13.5 x 21.5 cm,Kitap Kağıdı,226,2
Osmanlı TarihiUlusların Öyküleri,Kitap > Tarih > Araştırma-İnceleme,Stanley Lane Poole,SAY YAYIN GRUBU-KAMPANYA,5 / 5 (6 oy),139,8,2,2,"250,00",09.08.2022,TÜRKÇE,280,Karton Kapak,13.5 x 21 cm,Kitap Kağıdı,59,2
Liz Carlyle Romantik Kitaplar Takım Set (2 Kitap),Kitap > Edebiyat > Roman (Çeviri),Liz Carlyle,PEGASUS YAYINLARI,5 / 5 (19 oy),274,12,2,17,"598,00",31.01.2020,TÜRKÇE,792,Karton Kapak,13.5 x 21 cm,Kitap Kağıdı,456,11
Orta Elçilikler Mektuplar,Kitap > Edebiyat > Mektup > Kitap > Orijinal Dil > İtalyanca,Niccolo Machiavelli,SAY YAYIN GRUBU-KAMPANYA,5 / 5 (8 oy),169,7,0,2,"300,00",06.12.2011,TÜRKÇE,312,Karton Kapak,13.5 x 21 cm,Kitap Kağıdı,81,3
Eve Dönüş,Kitap > Edebiyat > Hikaye (Yerli),Kolektif,BANLİYÖ KİTAP,Puan Yok,8,1,0,1,"260,00",27.09.2024,TÜRKÇE,270,Karton Kapak,13.5 x 19.5 cm,Kitap Kağıdı,255,0
Yemek Düşmanın Değildir,Kitap > Kişisel Gelişim,Doris Hofer,DESTEK YAYIN GRUBU-KAMPANYA,Puan Yok,3,0,0,0,"180,00",26.04.2022,TÜRKÇE,152,Karton Kapak,13.5 x 21 cm,Kitap Kağıdı,53,0
Tunalı’da Son Bahar,Kitap > Edebiyat > Roman (Yerli),Nurdan İnan,SARMAL KİTABEVİ,Puan Yok,0,0,0,0,"200,00",31.07.2024,TÜRKÇE,166,Karton Kapak,13.5 x 19.5 cm,Kitap Kağıdı,21,0
Umudun CesaretiAmerikan Rüyasını Canlandırmak Üzerine Düşünceler,Kitap > Siyaset > Siyasal Hayat (Dünya) > Kitap > Siyaset > Biyografi-Otobiyografi > Kitap > Siyaset > Bölgeler-Ülkeler,Barack Obama,PEGASUS YAYINLARI,4 / 5 (78 oy),371,68,4,42,"299,00",16.01.2009,TÜRKÇE,384,Karton Kapak,13.5 x 21 cm,Kitap Kağıdı,1844,42
Pellucidar VIIVahşi Pellucidar,Kitap > Edebiyat > Bilimkurgu-Fantazya,Edgar Rice Burroughs,FİHRİST KİTAP,5 / 5 (6 oy),40,9,0,2,"329,50",08.03.2024,TÜRKÇE,238,Karton Kapak,13 x 19.5 cm,Kitap Kağıdı,64,2
Son Kızıl Elma Viyana 1683,Kitap > Edebiyat > Tarihi Roman,Dr. Maksut Sarı,DOĞU KİTABEVİ,5 / 5 (1 oy),20,0,0,1,"480,00",18.07.2024,TÜRKÇE,440,Karton Kapak,13.5 x 19.5 cm,Kitap Kağıdı,6,1
Karanlıktan Gelen İblis,Kitap > Edebiyat > Roman (Çeviri),Kresley Cole,PEGASUS YAYINLARI,5 / 5 (43 oy),124,18,0,43,"299,00",15.06.2017,TÜRKÇE,432,Karton Kapak,13.5 x 21 cm,Kitap Kağıdı,248,18
Taksi Yolculuğunda Tanrı'yı Buldum.,Kitap > Kişisel Gelişim,Paul Arden,PEGASUS YAYINLARI,4 / 5 (122 oy),457,64,0,100,"249,00",08.03.2016,TÜRKÇE,128,Karton Kapak,12 x 17.8 cm,Kitap Kağıdı,2321,68
50 Maddede Korku Sineması,Kitap > Sinema-Tiyatro > Sinema-Genel,Uğur Kılınç,DESTEK YAYIN GRUBU-KAMPANYA,Puan Yok,11,2,0,2,"240,00",10.11.2022,TÜRKÇE,294,Karton Kapak,11.5 x 17.5 cm,Kitap Kağıdı,10,0
Yedi SigaraGüler G. ve Anberbu Dadı'nın Maceraları,Kitap > Edebiyat > Polisiye,Müzehher Va-Nu,SANAT KRİTİK YAYINCILIK,3 / 5 (1 oy),8,2,0,0,"250,00",29.05.2025,TÜRKÇE,268,Karton Kapak,13.5 x 19.5 cm,Kitap Kağıdı,30,0
Sularda Resminiz,Kitap > Edebiyat > Şiir (Yerli),Özcan Temel,ARİON YAYINLARI,Puan Yok,1,1,0,0,"260,00",29.01.2022,TÜRKÇE,154,Karton Kapak,15 x 21 cm,Kitap Kağıdı,13,0
Bu Bi Mucize,Kitap > Sosyoloji > Araştırma-İnceleme,Haluk Ziya Türkmen,HAYY KİTAP - KAMPANYA,4 / 5 (14 oy),152,20,1,14,"200,00",13.04.2020,TÜRKÇE,192,Karton Kapak,13.5 x 21 cm,Kitap Kağıdı,729,4
Akdeniz Medeniyetleri,Kitap > Tarih > Araştırma-İnceleme,Eric C. Dursteler,SAY YAYIN GRUBU-KAMPANYA,5 / 5 (16 oy),251,9,1,6,"500,00",01.08.2019,TÜRKÇE,576,Karton Kapak,13.5 x 21 cm,2. Hm. Kağıt,169,7
Dijital Milli Güvenlik PolitikalarıMesele Siber Vatan,Kitap > Siyaset > Araştırma-İnceleme,Cem Bağcı,MOTTO,5 / 5 (1 oy),50,3,1,2,"356,00",27.05.2021,TÜRKÇE,236,Karton Kapak,13 x 19.5 cm,Kitap Kağıdı,118,0
Kaldırımda Açan Kırk Çiçek,Kitap > Edebiyat > Deneme (Yerli),40'lar Kulübü,40'LAR KULÜBÜ,5 / 5 (2 oy),12,1,1,2,"99,00",23.05.2022,TÜRKÇE,128,Karton Kapak,13.5 x 21 cm,Kitap Kağıdı,11,0
Ve Ben Beni Anladığımda,Kitap > Edebiyat > Roman (Yerli),Serdar Yeşilyurt,PATARA KİTAP,5 / 5 (1 oy),3,0,0,0,"259,00",25.08.2023,TÜRKÇE,264,Karton Kapak,13.5 x 19.5 cm,Kitap Kağıdı,77,0
Cotard,Kitap > Edebiyat > Roman (Yerli),E. G. Kadam,KENT KİTAP,5 / 5 (2 oy),10,4,0,1,"292,00",02.05.2024,TÜRKÇE,300,Karton Kapak,13.5 x 19.5 cm,Kitap Kağıdı,47,2
Türkiye'nin Suyu 1.Cilt81 İlin Su Kaynakları / Potansiyeli ve Kalitesi,Kitap > Başvuru Kitapları,Eşref Atabey,SARMAL KİTABEVİ,Puan Yok,18,1,0,0,"550,00",31.07.2024,TÜRKÇE,445,Karton Kapak,16 x 24 cm,Kitap Kağıdı,22,0
Madam Sourdis ve Diğer Öyküler,Kitap > Edebiyat > Hikaye (Çeviri),Emile Zola,FİHRİST KİTAP,5 / 5 (5 oy),54,9,0,1,"224,50",18.04.2023,TÜRKÇE,150,Karton Kapak,13 x 19.5 cm,Kitap Kağıdı,108,1
Kanlı Parmak İzi,Kitap > Edebiyat > Roman (Çeviri),R. Austin Freeman,DEDALUS KİTAP,4 / 5 (1 oy),34,6,0,2,"240,00",10.07.2023,TÜRKÇE,242,Karton Kapak,13 x 20 cm,Kitap Kağıdı,97,0
Yaşamın Şifresini DeğiştirmekGen Düzenleme Geleceğimizi Nasıl Yeniden Yazacak?,Kitap > Bilim & Mühendislik > Popüler Bilim,Nessa Carey,SAY YAYIN GRUBU-KAMPANYA,5 / 5 (4 oy),306,10,2,5,"250,00",23.02.2021,TÜRKÇE,192,Karton Kapak,13.5 x 21 cm,Kitap Kağıdı,199,2
Genç Toplumbilimcilere 37 Ahlaki Buyruk,Kitap > Sosyoloji > Diğer,Gary T. Marx,URZENİ,Puan Yok,14,0,0,0,"150,00",22.01.2024,TÜRKÇE,94,Karton Kapak,13.5 x 19.5 cm,Kitap Kağıdı,15,0
Beklenti,Kitap > Diğer > Gençlik Kitapları > Edebiyat > Kitap > Orijinal Dil > İngilizce,Maggie Stiefvater,PEGASUS YAYINLARI,4 / 5 (40 oy),235,23,1,41,"299,00",23.11.2015,TÜRKÇE,384,Karton Kapak,13.5 x 21 cm,Kitap Kağıdı,222,15
Hacı Ali Amerika'da Bir Osmanlı Kovboyu 1. Kitap,Kitap > Edebiyat > Roman (Yerli),Eser Baykuş,ONUR KİTAP,Puan Yok,16,0,0,0,"450,00",19.03.2024,TÜRKÇE,389,Karton Kapak,13.5 x 21 cm,Kitap Kağıdı,5,0
Özgür Olmak İçin Güzel Bir Gün,Kitap > Edebiyat > Roman (Yerli),Özkan Sağın,HAYY KİTAP - KAMPANYA,5 / 5 (5 oy),127,19,1,5,"150,00",02.03.2022,TÜRKÇE,160,Karton Kapak,13.5 x 21 cm,Kitap Kağıdı,186,3
Rabarba,Kitap > Edebiyat > Hikaye (Yerli),Kasım Hasan Ünal,HAYY KİTAP - KAMPANYA,5 / 5 (2 oy),27,5,0,3,"150,00",18.02.2021,TÜRKÇE,112,Karton Kapak,13.5 x 19.5 cm,Kitap Kağıdı,25,0
CandideYahut İyimserlik,Kitap > Edebiyat > Roman (Çeviri),Voltaire,SAY YAYIN GRUBU-KAMPANYA,5 / 5 (24 oy),410,20,0,29,"200,00",23.03.2022,TÜRKÇE,144,Karton Kapak,13 x 19.5 cm,Kitap Kağıdı,470,9
Önemsiz Günler ve Haftalar,Kitap > Edebiyat > Deneme (Yerli),Haydar Ergülen,DESTEK YAYIN GRUBU-KAMPANYA,5 / 5 (1 oy),4,2,0,0,"150,00",22.04.2021,TÜRKÇE,192,Karton Kapak,13.5 x 19.5 cm,Kitap Kağıdı,11,1
Sansür ve İktidarCumhuriyet Dönemi Tehdit Algıları,Kitap > Tarih > Sosyal Tarih > Kitap > Tarih > Araştırma-İnceleme > Kitap > Diğer > İletişim-Medya,Deniz Güner,YEDİTEPE YAYINEVİ-KAMPANYA,5 / 5 (24 oy),141,11,1,6,"380,00",04.01.2016,TÜRKÇE,416,Karton Kapak,13.5 x 21 cm,Kitap Kağıdı,160,8
Felaket Henry ve Mumyanın Gazabı,"Kitap > Çocuk Kitapları > 6-12 Yaş > Hikaye, Roman & Masal > Kitap > Orijinal Dil > İngilizce",Francesca Simon,İLETİŞİM YAYINLARI KAMPANYA,5 / 5 (11 oy),68,3,0,11,"73,00",01.08.2014,TÜRKÇE,87,Karton Kapak,13 x 19.5 cm,Kitap Kağıdı,338,4
Ganj'ın Gözyaşları,Kitap > Edebiyat > Roman (Yerli),İlhan Akın,PARŞÖMEN,5 / 5 (3 oy),22,1,0,2,"250,00",06.03.2025,TÜRKÇE,258,Karton Kapak,13.5 x 19.5 cm,Kitap Kağıdı,130,1
Alevilikte Yüce Güç İnsan,Kitap > İslam > Tasavvuf > Kitap > İslam > Alevilik-Bektaşilik,İsmail Metin,URZENİ,1 / 5 (1 oy),9,1,0,0,"220,00",10.08.2023,TÜRKÇE,198,Karton Kapak,11 x 17 cm,Kitap Kağıdı,22,1
Mrksn,Kitap > Edebiyat > Roman (Yerli),Fatih Balkış,EPONA KİTAP,5 / 5 (1 oy),7,2,1,1,"158,00",27.08.2024,TÜRKÇE,104,Karton Kapak,12.5 x 19.5 cm,Kitap Kağıdı,148,0
Kara KökenAntik Mısır’ın Tarih Öncesi Kökeni,Kitap > Tarih > Araştırma-İnceleme,Robert Bauval,SAY YAYIN GRUBU-KAMPANYA,4 / 5 (7 oy),126,8,0,6,"400,00",16.09.2020,TÜRKÇE,408,Karton Kapak,13.5 x 21 cm,Kitap Kağıdı,136,4
Safranbolulu İzzet Mehmed Paşa ve DönemiBir Osmanlı Paşasının 69 Yıllık Serencamı,Kitap > Tarih > Türk-Osmanlı > Kitap > Tarih > Kişiler,Şefaattin Deniz,BİLGE KÜLTÜR SANAT,4 / 5 (4 oy),59,6,0,1,"250,00",10.02.2016,TÜRKÇE,352,Karton Kapak,12.5 x 19.5 cm,Kitap Kağıdı,51,2
Zaman ve Balık,Kitap > Edebiyat > Şiir (Yerli),Axel O. Karamercan,FİHRİST KİTAP,5 / 5 (1 oy),17,5,0,3,"144,50",24.07.2023,TÜRKÇE,80,Karton Kapak,13 x 19.5 cm,Kitap Kağıdı,41,1
Bizim ÇocuklarUbuntu,Kitap > Çocuk Kitapları > Diğer,Gazi Koç,LOTİ KİTAP,5 / 5 (3 oy),26,8,0,4,"150,00",15.03.2023,TÜRKÇE,144,Karton Kapak,13.5 x 19.5 cm,Kitap Kağıdı,901,3
Çekirge Etkisi,Kitap > Siyaset > Araştırma-İnceleme,Gary A. Haugen,PİNHAN YAYINCILIK-KAMPANYA,5 / 5 (24 oy),140,10,2,13,"570,00",07.12.2015,TÜRKÇE,392,Karton Kapak,13.5 x 21.5 cm,Kitap Kağıdı,179,12
Ve Şarkılar Ölümü Çağırır,Kitap > Edebiyat > Roman (Yerli),M. Dilek Kızmaz,FİHRİST KİTAP,5 / 5 (6 oy),26,2,0,8,"459,50",07.06.2022,TÜRKÇE,352,Karton Kapak,13 x 19.5 cm,Kitap Kağıdı,63,5
Türklerin Gözünden Akdeniz,Kitap > Akademik > Tarih İnceleme,Ergenekon Savrun,NET KİTAPLIK YAYINCILIK,5 / 5 (1 oy),25,0,0,0,"290,00",27.01.2023,TÜRKÇE,160,Karton Kapak,13 x 20 cm,Kitap Kağıdı,12,0
21. KoğuşNeyzen'le Akif,Kitap > Edebiyat > Hikaye (Yerli),Hüseyin Sorgun,LEJAND,4 / 5 (3 oy),33,3,0,1,"210,00",29.12.2021,TÜRKÇE,234,Karton Kapak,13 x 19.5 cm,Kitap Kağıdı,378,2
Duan Kadar Varsın,Kitap > Edebiyat > Roman (Yerli),Bilal Civelek,YEDİVEREN YAYIN GRUBU - KAMPANYA,5 / 5 (4 oy),58,4,1,3,"189,00",27.03.2023,TÜRKÇE,232,Karton Kapak,13.5 x 19.5 cm,Kitap Kağıdı,55,3
Arkadaşlığımız Sonsuza Kadar Sürecek,Kitap > Edebiyat > Roman (Yerli),Mina Şimal Alioğlu,DESTEK YAYIN GRUBU-KAMPANYA,5 / 5 (1 oy),2,0,0,0,"160,00",31.03.2020,TÜRKÇE,168,Karton Kapak,11.5 x 17.5 cm,Kitap Kağıdı,1,1
Faust,Kitap > Edebiyat > Roman (Çeviri) > Kitap > Edebiyat > 100 Temel Eser,Johann Wolfgang Goethe,İSKELE YAYINCILIK,4 / 5 (68 oy),1.069,72,7,83,"195,00",27.10.2022,TÜRKÇE,332,Karton Kapak,13.5 x 19.5 cm,Kitap Kağıdı,1600,39
Erdemliler Cemiyeti Hılfü’l-fudûl,Kitap > Edebiyat > Diğer,Kaan Demirdöven,DESTEK YAYIN GRUBU-KAMPANYA,Puan Yok,8,1,0,0,"180,00",25.10.2024,TÜRKÇE,152,Karton Kapak,13.5 x 19.5 cm,Kitap Kağıdı,12,0
Üniversiteler Üzerine,Kitap > Felsefe-Düşünce > Diğer,John Stuart Mill,FİHRİST KİTAP,5 / 5 (6 oy),163,6,0,10,"164,50",10.08.2021,TÜRKÇE,96,Karton Kapak,13 x 19.5 cm,Kitap Kağıdı,270,3
Meskalin 60 Draje,Kitap > Edebiyat > Deneme (Yerli),Murathan Mungan,METİS YAYINLARI,5 / 5 (10 oy),171,9,0,14,"285,00",15.09.2017,TÜRKÇE,259,Karton Kapak,13 x 19.5 cm,3. Hm. Kağıt,218,8
Tarzan VITarzan'ın Orman Öyküleri,Kitap > Edebiyat > Bilimkurgu-Fantazya,Edgar Rice Burroughs,FİHRİST KİTAP,5 / 5 (5 oy),37,14,1,1,"284,50",17.10.2023,TÜRKÇE,202,Karton Kapak,13 x 19.5 cm,Kitap Kağıdı,161,2
Düğün Gecesi,Kitap > Edebiyat > Roman (Çeviri),Sophie Jordan,PEGASUS YAYINLARI,4 / 5 (57 oy),568,12,3,67,"299,00",02.04.2010,TÜRKÇE,383,Karton Kapak,13.5 x 21 cm,Kitap Kağıdı,661,41
Kıbrıs Sorununun İngiltere Parlamentosundaki Yansımaları,Kitap > Siyaset > Araştırma-İnceleme,Çağdaş Yüksel,URZENİ,Puan Yok,21,1,0,0,"190,00",01.11.2022,TÜRKÇE,127,Karton Kapak,13 x 20 cm,Kitap Kağıdı,31,0
İnsan Nedir?,Kitap > Edebiyat > Roman (Çeviri),Mark Twain,SARMAL KİTABEVİ,Puan Yok,17,0,0,0,"170,00",05.04.2023,TÜRKÇE,106,Karton Kapak,13.5 x 21 cm,Kitap Kağıdı,20,0
Müzmin Bekar,Kitap > Edebiyat > Roman (Çeviri),Katie Heaney,PEGASUS YAYINLARI,3 / 5 (64 oy),278,57,4,48,"249,00",09.10.2017,TÜRKÇE,280,Karton Kapak,13.5 x 21 cm,Kitap Kağıdı,1426,30
Gönül Verip SevdiğimDede Korkut Hikayelerinden Seçmeler,Kitap > Edebiyat > Hikaye (Yerli),Mehmet Kara,LEJAND,Puan Yok,9,1,0,0,"196,00",21.05.2021,TÜRKÇE,190,Karton Kapak,13 x 19.5 cm,Kitap Kağıdı,84,0
Yaşama AyarlanHayat Seni Bekliyor,Kitap > Kişisel Gelişim > Kitap > Sağlık-Tıp > Kitap > Sağlık-Tıp > Diğer,Nilgün Sarar,SARMAL KİTABEVİ,5 / 5 (1 oy),17,0,0,0,"270,00",13.10.2021,TÜRKÇE,214,Karton Kapak,13.5 x 21 cm,Kitap Kağıdı,12,1
Ezilenler,Kitap > Edebiyat > Roman (Çeviri),Fyodor Mihailoviç Dostoyevski,İSKELE YAYINCILIK,5 / 5 (80 oy),1.094,62,8,102,"210,00",31.07.2005,TÜRKÇE,368,Karton Kapak,13.5 x 19.5 cm,Kitap Kağıdı,1926,52
Altı Haftada Aman Tanrım,Kitap > Sağlık-Tıp > Sağlıklı Beslenme-Diyet > Kitap > Orijinal Dil > İngilizce,Venice A. Fulton,PEGASUS YAYINLARI,4 / 5 (109 oy),388,87,15,80,"269,00",18.07.2014,TÜRKÇE,288,Karton Kapak,13.5 x 21 cm,Kitap Kağıdı,2182,51
Kutsal Beşgen-Batı'nın Batışı,Kitap > Edebiyat > Roman (Yerli),İbrahim Hakkı Gündoğdu,MOTTO,4 / 5 (6 oy),39,2,0,7,"385,00",08.02.2023,TÜRKÇE,298,Karton Kapak,13.5 x 21 cm,Kitap Kağıdı,216,2
Otomatik Portakal (Ciltsiz),Kitap > Edebiyat > Roman (Çeviri) > Kitap > Orijinal Dil > İngilizce,Anthony Burgess,TÜRKİYE İŞ BANKASI KÜLTÜR YAYINLARI,4 / 5 (9083 oy),36.164,4.774,418,10.913,"92,00",10.09.2019,TÜRKÇE,171,Karton Kapak,12.5 x 20.5 cm,Kitap Kağıdı,98622,3.985
Kelamın 200'ü,Kitap > İslam > Kültür,Hilmi Karaağaç,OTTO,5 / 5 (12 oy),64,7,0,7,"300,00",18.10.2017,TÜRKÇE,328,Karton Kapak,16 x 21 cm,Kitap Kağıdı,114,6
Ummadık Taş Baş YararGüler G. ve Anberbu Dadı'nın Maceraları,Kitap > Edebiyat > Roman (Yerli),Müzehher Va-Nu,SANAT KRİTİK YAYINCILIK,5 / 5 (2 oy),17,6,0,0,"300,00",08.07.2024,TÜRKÇE,250,Karton Kapak,13.5 x 19.5 cm,Kitap Kağıdı,200,0
İçten Dışa,Kitap > Kişisel Gelişim,Dadi Janki,SİYASAL YAYIN GRUBU - KAMPANYA,4 / 5 (1 oy),39,4,0,2,"200,00",01.06.2016,TÜRKÇE,136,Karton Kapak,13.5 x 19.5 cm,2. Hm. Kağıt,57,1
0-12 Yaş Korkularına Çözüm,Kitap > Psikoloji > Çocuk Psikolojisi,Öznur Simav,KUTLU YAYINEVİ,Puan Yok,21,0,0,0,"650,00",28.03.2023,TÜRKÇE,144,Karton Kapak,13.5 x 19.5 cm,Kitap Kağıdı,47,0
Kadim Gemi,Kitap > Edebiyat > Roman (Çeviri),Zhang Wei,YEDİTEPE YAYINEVİ-KAMPANYA,5 / 5 (6 oy),102,16,0,12,"450,00",12.05.2017,TÜRKÇE,560,Karton Kapak,13.5 x 21 cm,Kitap Kağıdı,102,0
Vedanın Kırk Öyküsü,Kitap > Edebiyat > Hikaye (Çeviri),Kolektif,40'LAR KULÜBÜ,5 / 5 (1 oy),14,2,0,1,"99,00",22.03.2018,TÜRKÇE,205,Karton Kapak,13.5 x 21 cm,Kitap Kağıdı,18,1
Frezya,Kitap > Edebiyat > Deneme (Yerli),Ezgi Hasret Bodur,HAYY KİTAP - KAMPANYA,4 / 5 (4 oy),26,1,1,1,"150,00",19.12.2019,TÜRKÇE,120,Karton Kapak,13.5 x 21 cm,Kitap Kağıdı,47,3
Alevilikte Cem Uygulamaları,Kitap > İslam > Tasavvuf,İsmail Özmen,SARMAL KİTABEVİ,4 / 5 (5 oy),19,1,0,3,"500,00",19.09.2022,TÜRKÇE,726,Karton Kapak,14 x 22 cm,Kitap Kağıdı,57,4
Utanmaz,Kitap > Edebiyat > Diğer,Selda Terek Bilecen,DESTEK YAYIN GRUBU-KAMPANYA,Puan Yok,5,0,0,0,"320,00",22.12.2022,TÜRKÇE,352,Karton Kapak,13.5 x 19.5 cm,Kitap Kağıdı,5,0
Kemik Titreten,Kitap > Edebiyat > Roman (Çeviri),Cherie Priest,KARA KEDİ YAYINLARI,4 / 5 (11 oy),69,8,1,6,"380,00",09.11.2012,TÜRKÇE,460,Karton Kapak,12.5 x 19.5 cm,Kitap Kağıdı,78,3
"Aşk TarifleriHeyecan, Gözyaşı, Kahkaha",Kitap > Edebiyat > Roman (Çeviri) > Kitap > Orijinal Dil > İngilizce,Giulia Melucci,PEGASUS YAYINLARI,4 / 5 (56 oy),308,57,7,55,"249,00",08.05.2013,TÜRKÇE,288,Karton Kapak,13.5 x 21 cm,Kitap Kağıdı,1725,27
"Modern MitlerEvren, Dünya ve Yaşamın Evrimini Bugün Nasıl Açıklıyoruz?",Kitap > Bilim & Mühendislik > Popüler Bilim,Oren Harman,SAY YAYIN GRUBU-KAMPANYA,4 / 5 (3 oy),165,11,1,3,"300,00",14.06.2019,TÜRKÇE,232,Karton Kapak,13.5 x 21 cm,Kitap Kağıdı,85,0
Görüşün Ölümü,Kitap > Edebiyat > Şiir (Yerli),Batuhan Çağlayan,FİHRİST KİTAP,5 / 5 (3 oy),17,2,0,3,"129,50",19.03.2021,TÜRKÇE,66,Karton Kapak,13 x 19.5 cm,Kitap Kağıdı,159,3
Baskerville Tazısı / Sherlock Holmes,Kitap > Edebiyat > Roman (Çeviri),Sir Arthur Conan Doyle,ÇINARALTI YAYINCILIK,5 / 5 (1 oy),80,3,0,6,"300,00",10.12.2019,TÜRKÇE,312,Karton Kapak,13.5 x 21 cm,Kitap Kağıdı,124,1
50 Maddede Yeni Dünya Düzeni,Kitap > Siyaset > Araştırma-İnceleme,Doğan Satmış,DESTEK YAYIN GRUBU-KAMPANYA,5 / 5 (1 oy),21,1,1,0,"240,00",29.09.2020,TÜRKÇE,280,Karton Kapak,13.5 x 19.5 cm,Kitap Kağıdı,10,1
Tatlı Aşk,Kitap > Edebiyat > Roman (Çeviri) > Kitap > Orijinal Dil > İngilizce,Susan Mallery,PEGASUS YAYINLARI,4 / 5 (27 oy),116,11,0,34,"269,00",21.03.2015,TÜRKÇE,320,Karton Kapak,13.5 x 21 cm,Kitap Kağıdı,244,9
Beyaz Ülkenin İstilası,Kitap > Edebiyat > Şiir (Yerli),Ercan Üzümcü,MERGEN YAYINLARI,5 / 5 (1 oy),8,0,0,1,"140,00",02.05.2023,TÜRKÇE,94,Karton Kapak,13 x 19.5 cm,Kitap Kağıdı,71,0
Gökkuşağının Görünmeyen Yüzü,Kitap > Sağlık-Tıp > Diğer,Gözde Hazal Yılmaz,URZENİ,Puan Yok,11,1,0,0,"200,00",08.03.2021,TÜRKÇE,142,Karton Kapak,13 x 20 cm,Kitap Kağıdı,10,0
Gel Dünyayı KeşfedelimGezgin Bir Tarihçinin Seyahat Defteri,Kitap > Tarih > Seyahatname > Kitap > Turizm-Gezi > Diğer,Prof. Dr. İlber Ortaylı,KRONİK KİTAP,5 / 5 (125 oy),3.915,274,35,147,"295,00",20.05.2024,TÜRKÇE,288,Karton Kapak,13.5 x 21 cm,Kitap Kağıdı,6799,72
Osmanlı - Napoli İlişkileri (1737-1759)151 Numaralı Divan-ı Hümayun Düveli Ecnebiye Defteri,Kitap > Tarih > Araştırma-İnceleme,Fatih Karabulut,URZENİ,5 / 5 (1 oy),28,3,0,1,"170,00",01.11.2022,TÜRKÇE,130,Karton Kapak,13 x 20 cm,Kitap Kağıdı,38,0
Hayvanlar Olmadan Asla 1,Kitap > Hobi > Hayvanlar,Meral Filiz,ALASKA YAYINEVİ,5 / 5 (4 oy),16,2,1,1,"260,00",23.08.2024,TÜRKÇE,320,Karton Kapak,13.5 x 21 cm,Kitap Kağıdı,96,4
Dünya Dışı Zeka Arayışı,Kitap > Bilim & Mühendislik > Diğer,Keith Cooper,SAY YAYIN GRUBU-KAMPANYA,5 / 5 (1 oy),145,5,2,0,"450,00",20.05.2022,TÜRKÇE,384,Karton Kapak,13.5 x 21 cm,Kitap Kağıdı,42,0
Balkon Sefası,Kitap > Edebiyat > Diğer,İsmail Saymaz,İLETİŞİM YAYINLARI KAMPANYA,5 / 5 (29 oy),156,16,0,43,"95,00",10.06.2020,TÜRKÇE,124,Karton Kapak,13 x 19.5 cm,Kitap Kağıdı,547,12
Sergüzeşt,Kitap > Edebiyat > Roman (Yerli) > Kitap > Edebiyat > 100 Temel Eser,Samipaşazade Sezai,İSKELE YAYINCILIK,4 / 5 (30 oy),228,8,5,74,"85,00",31.07.2005,TÜRKÇE,128,Karton Kapak,13.5 x 19.53 cm,Kitap Kağıdı,1219,15
Çağdaş bir Ütopya,Kitap > Edebiyat > Bilimkurgu-Fantazya,Herbert George Wells,FİHRİST KİTAP,5 / 5 (11 oy),128,9,1,12,"344,50",27.04.2021,TÜRKÇE,332,Karton Kapak,13 x 19.5 cm,Kitap Kağıdı,252,7
Görmek,Kitap > Edebiyat > Roman (Çeviri),Jose Saramago,KIRMIZI KEDİ YAYINEVİ,4 / 5 (29 oy),2.261,69,5,111,"400,00",16.07.2024,TÜRKÇE,296,Karton Kapak,13.5 x 19.5 cm,Kitap Kağıdı,2031,21
Ahmet Hamdi Tanpınar Sözlüğü,Kitap > Edebiyat > İnceleme,Sefa Kaplan,HOLDEN KİTAP,4 / 5 (14 oy),305,28,2,17,"250,00",05.10.2021,TÜRKÇE,352,Karton Kapak,12.5 x 19.5 cm,Kitap Kağıdı,272,4
Balkan Bektaşileri,Kitap > İslam > Tasavvuf,Barış Tülü,URZENİ,5 / 5 (3 oy),42,4,1,3,"270,00",07.05.2021,TÜRKÇE,248,Karton Kapak,13 x 20 cm,Kitap Kağıdı,97,2
İçebakış,Kitap > Kişisel Gelişim,Swami Purnachaitanya,DESTEK YAYIN GRUBU-KAMPANYA,Puan Yok,6,0,0,0,"160,00",06.06.2024,TÜRKÇE,144,Karton Kapak,13.5 x 21 cm,Kitap Kağıdı,13,0
"Aşk, Saplantı ve İntikam Cinayetleri",Kitap > Edebiyat > Roman (Çeviri),Mitzi Szereto,SAY YAYIN GRUBU-KAMPANYA,5 / 5 (6 oy),60,5,0,1,"400,00",01.10.2022,TÜRKÇE,320,Karton Kapak,13.5 x 21 cm,Kitap Kağıdı,33,3
Bu Hasret Biter mi?,Kitap > Edebiyat > Roman (Yerli),Nurten  Kaşıkara,ALAN YAYINCILIK,Puan Yok,7,0,0,1,"364,00",23.06.2022,TÜRKÇE,352,Karton Kapak,13.5 x 19.5 cm,Kitap Kağıdı,184,0
Mcluhan’ın KehanetiEnformasyon ve İletişim Bilimleri Üzerine Disiplinlerarası Notlar,Kitap > Din > Felsefe-Sosyoloji-Psikoloji,B. Aykut Arıkan,URZENİ,5 / 5 (1 oy),21,2,0,1,"240,00",20.01.2023,TÜRKÇE,157,Karton Kapak,13.5 x 21 cm,Kitap Kağıdı,62,1
Büyüsünü Bozma,Kitap > Edebiyat > Deneme (Yerli),Erol Egeli,HAYY KİTAP - KAMPANYA,5 / 5 (2 oy),17,0,0,2,"150,00",21.04.2021,TÜRKÇE,104,Karton Kapak,13.5 x 19.5 cm,Kitap Kağıdı,24,2
Amerikan Siyasal Parametrelerine Göre Türkiye'de Partilerin Sağ Ve Sol Ekseninde Hizalanması,Kitap > Siyaset > Araştırma-İnceleme,Oğuzhan Manioğlu,URZENİ,5 / 5 (2 oy),41,2,0,0,"320,00",11.01.2021,TÜRKÇE,324,Karton Kapak,13 x 20 cm,Kitap Kağıdı,106,1
İçeri,Kitap > Edebiyat > Deneme (Yerli),Prof.Dr. Emre Erol,FİHRİST KİTAP,Puan Yok,11,2,0,0,"134,50",01.03.2021,TÜRKÇE,72,Karton Kapak,13 x 19.5 cm,Kitap Kağıdı,73,0
VakıflıTürkiye'nin Tek Ermeni Köyü,Kitap > Kültür,Serap Aksoy,LEJAND,4 / 5 (1 oy),20,1,0,2,"230,00",18.10.2023,TÜRKÇE,236,Karton Kapak,13 x 19.5 cm,Kitap Kağıdı,188,0
Basübadelmevt,Kitap > Edebiyat > Roman (Yerli),Murat S. Dural,EPONA KİTAP,4 / 5 (9 oy),76,9,0,12,"168,00",30.10.2023,TÜRKÇE,70,Karton Kapak,12.5 x 19.5 cm,2. Hm. Kağıt,472,6
Seni Özlemekle Başlar Bütün Yolculuklar,Kitap > Edebiyat > Deneme (Yerli),Enes Çelik,HAYY KİTAP - KAMPANYA,Puan Yok,30,1,0,0,"150,00",06.08.2021,TÜRKÇE,104,Karton Kapak,13.5 x 19.5 cm,Kitap Kağıdı,53,0
Tribünde Var Bir İyi AdamKoray Şener Kitabı,Kitap > Edebiyat > Anı (Hatırat),Bilgi Yok,SARMAL KİTABEVİ,Puan Yok,6,0,0,0,"220,00",13.10.2021,TÜRKÇE,217,Karton Kapak,13.5 x 21 cm,Kitap Kağıdı,39,0
İkimizin Son Türkçesi,Kitap > Edebiyat > Şiir (Yerli),Tugay Kaban,MAVİ GÖK YAYINLARI,4 / 5 (1 oy),8,2,0,0,"135,00",12.02.2024,TÜRKÇE,72,Karton Kapak,13 x 19.5 cm,Kitap Kağıdı,50,1
Hepinizden Tiksiniyorum,Kitap > Edebiyat > Roman (Çeviri),Anna Breslaw,PEGASUS YAYINLARI,4 / 5 (84 oy),334,81,9,67,"249,00",09.10.2017,TÜRKÇE,304,Karton Kapak,13.5 x 21 cm,Kitap Kağıdı,1893,43
Nietzsche: Kaderin Hayatındır,Kitap > Edebiyat > Biyografi-Otobiyografi,Anthony Ludovici,URZENİ,5 / 5 (1 oy),64,2,0,1,"160,00",24.05.2021,TÜRKÇE,86,Karton Kapak,13 x 20 cm,Kitap Kağıdı,47,0
Ve Tanrı Öl Dedi İnsana,Kitap > Edebiyat > Deneme (Yerli),Alparslan Bozkurt,FİHRİST KİTAP,5 / 5 (1 oy),22,1,0,0,"129,50",13.02.2023,TÜRKÇE,68,Karton Kapak,13 x 19.5 cm,Kitap Kağıdı,20,0
Hatıralarım,Kitap > Tarih > Hatıralar,Çerkes Ethem,BİZİM KİTAPLAR YAYINEVİ,4 / 5 (18 oy),278,18,1,14,"250,00",18.11.2021,TÜRKÇE,232,Karton Kapak,13.5 x 21 cm,Kitap Kağıdı,325,11
İçimde İntihar Korkusu Var,Kitap > Edebiyat > Diğer,Faruk Yiğit Araz,HAYY KİTAP - KAMPANYA,5 / 5 (2 oy),49,5,0,2,"150,00",06.10.2020,TÜRKÇE,128,Karton Kapak,13.5 x 21 cm,Kitap Kağıdı,22,0
YolHacı Şahin Hesenli’nin Hayatı ve Seçilmiş Konuşmaları,Kitap > İslam > Dini Hikayeler-Menkıbeler,Hüseyin Atam,Mİ YAYINLARI,Puan Yok,3,0,1,0,"340,00",28.02.2024,TÜRKÇE,200,Karton Kapak,13 x 20 cm,Kitap Kağıdı,7,0
Bar FilozofuEn İyi Biralar ve En İlginç Felsefi Bilmeceler,Kitap > Eğlence-Mizah > Bilmece-Bulmaca,Matt Lawrence,SAY YAYIN GRUBU-KAMPANYA,4 / 5 (2 oy),47,3,0,4,"300,00",18.06.2012,TÜRKÇE,304,Karton Kapak,13.5 x 21 cm,Kitap Kağıdı,47,1
Kaçkın Ruhlar,Kitap > Edebiyat > Roman (Yerli),Tayyip Yelen,ANEMON YAYINLARI,Puan Yok,4,0,0,0,"250,00",18.11.2021,TÜRKÇE,226,Karton Kapak,13.5 x 21 cm,Kitap Kağıdı,4,0
Benim Bir Hikayem Var,Kitap > Kişisel Gelişim,Selin Özen,YEDİVEREN YAYIN GRUBU - KAMPANYA,Puan Yok,17,0,0,0,"156,00",13.04.2023,TÜRKÇE,152,Karton Kapak,13.5 x 19.5 cm,Kitap Kağıdı,11,0
M'ars,Kitap > Edebiyat > Roman (Yerli),Mehmet Arslan,FENİKS KİTAP KAMPANYA,4 / 5 (44 oy),240,21,1,10,"120,00",03.10.2018,TÜRKÇE,320,Karton Kapak,13.5 x 21 cm,Kitap Kağıdı,392,9
Büyümeyen Çocuklar,Kitap > Siyaset > Bölgeler-Ülkeler > Kitap > Siyaset > Araştırma-İnceleme,Elşad Eyvazlı,YEDİTEPE YAYINEVİ-KAMPANYA,5 / 5 (11 oy),95,8,0,14,"150,00",09.03.2015,TÜRKÇE,104,Karton Kapak,14 x 21 cm,Kuşe Kağıt,150,5
Hayat Her Gün Yeniden Başlar,Kitap > Edebiyat > Deneme (Yerli),Osman İlhan,HAYY KİTAP - KAMPANYA,4 / 5 (33 oy),421,24,4,26,"150,00",11.12.2019,TÜRKÇE,144,Karton Kapak,13.5 x 21 cm,Kitap Kağıdı,956,9
Eyvah Çocuğum Dijital,Kitap > Eğitim > Annelik-Babalık-Aile,Buğra Ayan,ABAKÜS KİTAP - KAMPANYA,5 / 5 (11 oy),88,8,1,6,"140,00",11.02.2021,TÜRKÇE,104,Karton Kapak,21 x 27.5 cm,Kitap Kağıdı,217,5
Cultural Policy Yearbook 2017-2018 / Cultural Policy and Populism,Kitap > Diğer Dildeki Yayınlar > İngilizce,Milena Dragicevic Sesic,İLETİŞİM YAYINLARI KAMPANYA,5 / 5 (2 oy),23,2,0,0,"155,00",21.09.2018,İNGİLİZCE,192,Karton Kapak,19 x 24 cm,Kitap Kağıdı,51,0
Sinemada Bilimkurgu ve Kıyamet,Kitap > Sinema-Tiyatro > Senaryo (Yerli),Mikail Boz,FİHRİST KİTAP,5 / 5 (13 oy),60,8,0,9,"439,50",27.07.2022,TÜRKÇE,334,Karton Kapak,13 x 19.5 cm,Kitap Kağıdı,72,7
Tuğla Ay,Kitap > Edebiyat > Bilimkurgu-Fantazya,Edward Everett Hale,FİHRİST KİTAP,5 / 5 (7 oy),42,7,0,5,"204,50",27.04.2021,TÜRKÇE,132,Karton Kapak,13 x 19.5 cm,Kitap Kağıdı,185,1
Söyleyemem Sevdiğimi,Kitap > Edebiyat > Roman (Çeviri),Nicola Cornick,PEGASUS YAYINLARI,4 / 5 (16 oy),345,6,0,18,"299,00",01.03.2011,TÜRKÇE,384,Karton Kapak,13.5 x 21 cm,Kitap Kağıdı,285,11
DarksideHesap Günü,Kitap > Siyaset > Araştırma-İnceleme,Kaan Mumcuoğlu,MOTTO,Puan Yok,8,0,0,0,"314,00",15.02.2022,TÜRKÇE,169,Karton Kapak,13.5 x 21 cm,Kitap Kağıdı,164,0
Not: Seni Seviyorum,Kitap > Edebiyat > Roman (Çeviri),Cecelia Ahern,PEGASUS YAYINLARI,5 / 5 (30 oy),367,25,0,51,"299,00",23.03.2016,TÜRKÇE,432,Karton Kapak,13.5 x 21 cm,Kitap Kağıdı,378,18
Vazgeçmediğin Sürece Zorluklar Geçicidir,Kitap > Kişisel Gelişim,Seda Eroğlu,DESTEK YAYIN GRUBU-KAMPANYA,Puan Yok,6,0,0,0,"180,00",17.03.2022,TÜRKÇE,168,Karton Kapak,13.5 x 21 cm,Kitap Kağıdı,6,0
Felsefi SağaltımFelsefeyle İyileşme Kuramı,Kitap > Felsefe-Düşünce > Diğer,Prof. Dr. Şahin Filiz,SARMAL KİTABEVİ,5 / 5 (1 oy),37,5,0,1,"250,00",30.10.2023,TÜRKÇE,262,Karton Kapak,13.5 x 19.5 cm,Kitap Kağıdı,78,0
Mezarlık Meyvesi,Kitap > Edebiyat > Hikaye (Yerli),Ayşenur Kara Subaşı,EPONA KİTAP,4 / 5 (1 oy),18,0,0,3,"153,00",26.07.2024,TÜRKÇE,86,Karton Kapak,12.5 x 19.5 cm,Kitap Kağıdı,301,1
DeşifreAçık Kaynak İstihbaratında Söylem Analizinin Önemi: FETÖ Örneği,Kitap > Akademik > Siyaset İnceleme,Alper Volkan Ertem,NET KİTAPLIK YAYINCILIK,5 / 5 (1 oy),44,3,0,2,"330,00",03.08.2022,TÜRKÇE,196,Karton Kapak,13 x 20 cm,Kitap Kağıdı,66,1
Hıristiyanların İslamı'ndan Müslümanların İslam'ına,Kitap > Din > İslamiyet,Bilgi Yok,ATAÇ YAYINLARI - KAMPANYA,5 / 5 (3 oy),80,5,1,0,"140,00",21.11.2005,TÜRKÇE,189,Karton Kapak,Bilgi Yok,Kitap Kağıdı,100,3
Kalbin Aşk Vakti,Kitap > İslam > Tasavvuf,Vefa Önal,HAYY KİTAP - KAMPANYA,4 / 5 (4 oy),30,2,0,1,"150,00",06.11.2019,TÜRKÇE,104,Karton Kapak,13.5 x 19.5 cm,Kitap Kağıdı,62,2
Düş'müş,Kitap > Edebiyat > Şiir (Yerli),Özcan Temel,ARİON YAYINLARI,Puan Yok,0,1,0,1,"320,00",29.01.2022,TÜRKÇE,142,Karton Kapak,13.5 x 19.5 cm,Kitap Kağıdı,15,0
Gelenek ve Modernite Arasında Bir Kavram Milliyetçilik,Kitap > Siyaset > Araştırma-İnceleme,Abdulkadir İlgen,NET KİTAPLIK YAYINCILIK,4 / 5 (2 oy),41,1,0,1,"405,00",04.03.2021,TÜRKÇE,248,Karton Kapak,13 x 20 cm,Kitap Kağıdı,87,1
"Sinema, Kültür, İletişim Okumaları",Kitap > Sinema-Tiyatro > Sinema-Genel,A. Barış Kaplan,URZENİ,Puan Yok,65,2,0,0,"350,00",09.07.2019,TÜRKÇE,406,Karton Kapak,13.5 x 21 cm,Kitap Kağıdı,37,0
Son Tren,Kitap > Edebiyat > Roman (Yerli),Celil Güven,MOTTO,5 / 5 (1 oy),17,0,0,0,"292,00",13.09.2022,TÜRKÇE,120,Karton Kapak,13.5 x 19.5 cm,Kitap Kağıdı,70,0
Komünizm Nedir? Politik ve Toplumsal Bilginin ABC'si,Kitap > Siyaset > Araştırma-İnceleme,Kharis Sabirov,SARMAL KİTABEVİ,5 / 5 (2 oy),73,5,0,1,"220,00",30.10.2020,TÜRKÇE,203,Karton Kapak,13 x 20 cm,Kitap Kağıdı,81,1
50 Maddede Cumhuriyetin 100. Yılı,Kitap > Tarih > Araştırma-İnceleme,Doğan Satmış,DESTEK YAYIN GRUBU-KAMPANYA,Puan Yok,9,1,0,0,"300,00",07.11.2023,TÜRKÇE,360,Karton Kapak,11.5 x 17.5 cm,Kitap Kağıdı,9,0
Sürpriz Sonlar,Kitap > Edebiyat > Hikaye (Yerli),Talar  Nalcı,BANLİYÖ KİTAP,Puan Yok,6,0,0,0,"200,00",29.03.2024,TÜRKÇE,208,Karton Kapak,13.5 x 19.5 cm,Kitap Kağıdı,252,0
Ötekinin Keşfi,Kitap > Edebiyat > Bilimkurgu-Fantazya,Alice Ilgenfritz Jones,FİHRİST KİTAP,5 / 5 (10 oy),54,6,0,10,"224,50",27.07.2022,TÜRKÇE,150,Karton Kapak,13 x 19.5 cm,Kitap Kağıdı,42,7
Aşk ve Özlem Ansiklopedisi,Kitap > Edebiyat > Roman (Çeviri),Hilde Ostby,DESTEK YAYIN GRUBU-KAMPANYA,5 / 5 (2 oy),23,3,1,2,"260,00",07.09.2017,TÜRKÇE,256,Karton Kapak,13.5 x 19.5 cm,Kitap Kağıdı,22,0
Güzel Ölüler / 1. Kitap Jonas,Kitap > Edebiyat > Roman (Çeviri) > Kitap > Orijinal Dil > İngilizce,Eden Maguire,PEGASUS YAYINLARI,4 / 5 (12 oy),151,7,0,8,"249,00",24.10.2011,TÜRKÇE,272,Karton Kapak,13.5 x 21 cm,Kitap Kağıdı,73,7
The Roanoke Star,Kitap > Edebiyat > Diğer,Fatih Balkış,EPONA KİTAP,4 / 5 (3 oy),11,0,0,1,"158,00",03.05.2024,TÜRKÇE,72,Karton Kapak,12 x 19 cm,Kitap Kağıdı,133,0
Buruk ŞenlikEnformasyon Toplumunda Anomi ve Yabancılaşmanın Yeni Biçimleri,Kitap > Sosyoloji > Araştırma-İnceleme,Ali Ergur,SİYASAL YAYIN GRUBU - KAMPANYA,5 / 5 (3 oy),39,3,0,1,"360,00",13.12.2016,TÜRKÇE,352,Karton Kapak,16 x 24 cm,Kitap Kağıdı,85,1
Siyaset Olarak HayatSıradan İnsanlar Ortadoğu’yu Nasıl Değiştiriyor?,Kitap > Siyaset > Bölgeler-Ülkeler,Asef Bayat,METİS YAYINLARI,5 / 5 (8 oy),203,15,2,5,"460,00",19.02.2016,TÜRKÇE,464,Karton Kapak,13 x 19.5 cm,Kitap Kağıdı,219,1
Sadako,Kitap > Çocuk Kitapları > Roman,Takayukı  Ishıı,YAKAMOZ YAYINCILIK,5 / 5 (44 oy),885,66,9,148,"150,00",18.01.2022,TÜRKÇE,160,Karton Kapak,13.5 x 19.5 cm,Kitap Kağıdı,5215,27
Tuzak / Dönüşüm Serisi -4,Kitap > Edebiyat > Roman (Çeviri) > Kitap > Orijinal Dil > İngilizce,Rachel Vincent,PEGASUS YAYINLARI,5 / 5 (31 oy),285,16,0,43,"299,00",06.08.2012,TÜRKÇE,440,Karton Kapak,13.5 x 21 cm,Kitap Kağıdı,235,13
Kayıp Kapı Ayasofya,Kitap > Edebiyat > Polisiye,Orhan T. Özdemir,SARMAL KİTABEVİ,4 / 5 (5 oy),40,3,0,2,"270,00",03.12.2020,TÜRKÇE,250,Karton Kapak,13 x 20 cm,Kitap Kağıdı,48,2
Kendine Değer Katabilmek,Kitap > Kişisel Gelişim,Levent Uysal,DESTEK YAYIN GRUBU-KAMPANYA,5 / 5 (1 oy),4,1,0,0,"240,00",08.11.2022,TÜRKÇE,216,Karton Kapak,13.5 x 21 cm,Kitap Kağıdı,6,0
Dünyayı Yöneten Gizli Cemiyetler,Kitap > Tarih > Araştırma-İnceleme > Kitap > Siyaset > Kurumlar-Örgütler,Kürşad Berkkan,YEDİVEREN YAYIN GRUBU - KAMPANYA,4 / 5 (17 oy),257,11,1,9,"150,00",19.09.2016,TÜRKÇE,184,Karton Kapak,13.5 x 21 cm,Kitap Kağıdı,251,6
Seni BeklerkenBir Umut Hikayesi,Kitap > Edebiyat > Hikaye (Yerli),Merve Öztürk,SİYAH KUĞU KAMPANYA,5 / 5 (58 oy),89,31,5,52,"110,00",01.01.2018,TÜRKÇE,200,Karton Kapak,13.5 x 21 cm,Kitap Kağıdı,725,32
Geç Kalmış Aşk,Kitap > Edebiyat > Roman (Çeviri),Cathy Maxwell,PEGASUS YAYINLARI,4 / 5 (29 oy),118,10,2,28,"299,00",19.07.2016,TÜRKÇE,336,Karton Kapak,13.5 x 21 cm,Kitap Kağıdı,265,11
Cennet,Kitap > Edebiyat > Roman (Çeviri) > Kitap > Diğer > Gençlik Kitapları > Edebiyat > Kitap > Orijinal Dil > İngilizce,Alexandra Adornetto,PEGASUS YAYINLARI,4 / 5 (31 oy),266,11,1,38,"299,00",02.10.2013,TÜRKÇE,416,Karton Kapak,13.5 x 21 cm,Kitap Kağıdı,257,3
Hayatımın Aşkı,Kitap > Edebiyat > Roman (Çeviri) > Kitap > Orijinal Dil > İngilizce,Louise Douglas,PEGASUS YAYINLARI,4 / 5 (14 oy),188,5,0,18,"299,00",29.04.2014,TÜRKÇE,336,Karton Kapak,13.5 x 21 cm,Kitap Kağıdı,113,4
İkinci VatanTansu Çiller’in ABD Macerası,Kitap > Siyaset > Araştırma-İnceleme,Turan Yavuz,DESTEK YAYIN GRUBU-KAMPANYA,5 / 5 (1 oy),35,0,0,0,"260,00",12.09.2019,TÜRKÇE,272,Karton Kapak,13.5 x 21 cm,Kitap Kağıdı,12,0
Hayat Yarım Bırakır Sen Ellerimi Tut,Kitap > Edebiyat > Deneme (Yerli),Rabia Aysel,HAYY KİTAP - KAMPANYA,5 / 5 (1 oy),32,4,0,0,"150,00",06.08.2021,TÜRKÇE,126,Karton Kapak,13.5 x 19.5 cm,Kitap Kağıdı,22,0
Çölün LanetiAmarran Çölleri Serisi Birinci Kitap,Kitap > Edebiyat > Bilimkurgu-Fantazya,Özlem Dokuyucu,KENT KİTAP,5 / 5 (1 oy),19,2,0,0,"329,00",28.11.2023,TÜRKÇE,508,Karton Kapak,13.5 x 19.5 cm,Kitap Kağıdı,100,0
Türkiye'nin Suyu 2.Cilt81 İlin Su Kaynakları / Potansiyeli ve Kalitesi,Kitap > Başvuru Kitapları,Eşref Atabey,SARMAL KİTABEVİ,Puan Yok,16,1,0,0,"550,00",31.07.2024,TÜRKÇE,455,Karton Kapak,16 x 24 cm,Kitap Kağıdı,16,0
Söylenmemiş Son Söz,Kitap > Edebiyat > Anlatı,Concita De Gregorio,DESTEK YAYIN GRUBU-KAMPANYA,Puan Yok,1,0,0,0,"180,00",14.03.2024,TÜRKÇE,168,Karton Kapak,13.5 x 19.5 cm,Kitap Kağıdı,1,0
Aforizmalar,Kitap > Felsefe-Düşünce > Diğer,Albert Einstein,SARMAL KİTABEVİ,5 / 5 (2 oy),147,7,0,8,"190,00",23.02.2023,TÜRKÇE,144,Karton Kapak,13.5 x 21 cm,Kitap Kağıdı,111,1
Sabahın Sözcükleri,Kitap > Edebiyat > Roman (Yerli),Akgün Akova,DESTEK YAYIN GRUBU-KAMPANYA,5 / 5 (1 oy),9,2,0,0,"180,00",02.06.2025,TÜRKÇE,232,Karton Kapak,13.5 x 19.5 cm,Kitap Kağıdı,15,1
Ezik Serisi Takım Set (3 Kitap),Kitap > Edebiyat > Roman (Çeviri),Andrew Smith,PEGASUS YAYINLARI,4 / 5 (10 oy),325,17,2,8,"897,00",31.01.2020,TÜRKÇE,1248,Karton Kapak,13.5 x 21 cm,Kitap Kağıdı,250,4
Seyyah,Kitap > Edebiyat > Roman (Çeviri) > Kitap > Orijinal Dil > Fince,Mika Waltari,BİLGE KÜLTÜR SANAT,4 / 5 (14 oy),102,6,0,17,"380,00",18.04.2007,TÜRKÇE,480,Karton Kapak,13.5 x 19.5 cm,Kitap Kağıdı,125,6
Anonim Bir Bizans Hicvi,Kitap > Tarih > Araştırma-İnceleme,Timarion,URZENİ,5 / 5 (12 oy),73,4,0,4,"140,00",28.10.2020,TÜRKÇE,84,Karton Kapak,13.5 x 21 cm,Kitap Kağıdı,122,8
Gömülü Şehirler,Kitap > Kültür > Arkeoloji,Jennie Hall,URZENİ,5 / 5 (1 oy),32,0,0,2,"240,00",07.05.2021,TÜRKÇE,200,Karton Kapak,11 x 17 cm,Kitap Kağıdı,14,1
Çilekeş Kardeşler,Kitap > Edebiyat > Roman (Yerli),Agâh Ensar Can,FİHRİST KİTAP,5 / 5 (13 oy),29,5,2,13,"289,50",18.05.2022,TÜRKÇE,202,Karton Kapak,13 x 19.5 cm,Kitap Kağıdı,145,13
Sincaplı Buda,Kitap > Edebiyat > Roman (Yerli),Iraz Şensöz,HOLDEN KİTAP,5 / 5 (4 oy),16,6,0,0,"115,00",28.10.2021,TÜRKÇE,180,Karton Kapak,12.5 x 19.5 cm,Kitap Kağıdı,235,1
Kırk Adımda Trabzon,Kitap > Şehir Kitapları > Trabzon,40'lar Kulübü,40'LAR KULÜBÜ,4 / 5 (3 oy),70,0,0,2,"149,00",09.09.2016,TÜRKÇE,164,Karton Kapak,13.5 x 21 cm,Kitap Kağıdı,41,1
Müziğin Öyküsü,Kitap > Müzik > Kavram-Kuram,Dr. Vural Yiğit,SARMAL KİTABEVİ,5 / 5 (1 oy),14,1,0,0,"270,00",15.12.2023,TÜRKÇE,264,Karton Kapak,13.5 x 19.5 cm,Kitap Kağıdı,22,1
Yük Yukarı,Kitap > Edebiyat > Şiir (Yerli),Berat Yılmaz,FİHRİST KİTAP,5 / 5 (1 oy),13,5,0,1,"144,50",01.03.2021,TÜRKÇE,80,Karton Kapak,13 x 19.5 cm,Kitap Kağıdı,137,0
Elektrosfer,Kitap > Edebiyat > Bilimkurgu-Fantazya,Uraz Sarı,FİHRİST KİTAP,5 / 5 (5 oy),26,5,1,4,"334,50",07.11.2022,TÜRKÇE,242,Karton Kapak,13 x 19.5 cm,Kitap Kağıdı,32,2
Kayıp Mirasİkinci İşgal,Kitap > Edebiyat > Roman (Yerli),Köksal Gülerkaya,PEGASUS YAYINLARI,4 / 5 (138 oy),238,88,8,92,"269,00",14.06.2014,TÜRKÇE,320,Karton Kapak,13.5 x 21 cm,Kitap Kağıdı,2577,65
Türk Dış Politikası Mülakatları,Kitap > Siyaset > Bölgeler-Ülkeler,Prof. Dr. Ozan Örmeci,URZENİ,5 / 5 (1 oy),17,0,0,1,"270,00",20.08.2024,TÜRKÇE,195,Karton Kapak,13.5 x 19.5 cm,Kitap Kağıdı,10,0
Telefon Tofi,"Kitap > Çocuk Kitapları > 6-12 Yaş > Hikaye, Roman & Masal",Yeşim Özen Açıl,ABAKÜS KİTAP - KAMPANYA,5 / 5 (7 oy),46,1,0,6,"85,00",03.07.2019,TÜRKÇE,24,Karton Kapak,22 x 22 cm,Kitap Kağıdı,183,3
Kırklama Çay,Kitap > Edebiyat > Deneme (Yerli),40'lar Kulübü,40'LAR KULÜBÜ,5 / 5 (6 oy),31,4,2,3,"99,00",20.07.2022,TÜRKÇE,108,Karton Kapak,13.5 x 21 cm,Kitap Kağıdı,34,4
Tarihsel Zenginliğimiz Müzeler  2,Kitap > Tarih > Araştırma-İnceleme,Hatice Opak,ALAN YAYINCILIK,Puan Yok,8,0,0,0,"215,00",29.04.2024,TÜRKÇE,Bilgi Yok,Karton Kapak,13.5 x 19.5 cm,Kitap Kağıdı,7,0
Yara İzi,Kitap > Edebiyat > Deneme (Yerli),Güven Kemerkaya,HAYY KİTAP - KAMPANYA,4 / 5 (4 oy),46,6,2,4,"150,00",15.11.2018,TÜRKÇE,120,Karton Kapak,13.5 x 21 cm,Kitap Kağıdı,147,2
Fihi Ma Fih,Kitap > İslam > Araştırma-İnceleme,Mevlana Celaleddin-i Rumi,SARMAL KİTABEVİ,1 / 5 (1 oy),93,5,0,4,"320,00",07.02.2022,TÜRKÇE,297,Karton Kapak,14 x 22 cm,Kitap Kağıdı,136,1
Psikanaliz Düşünür Müsünüz?,Kitap > Psikoloji > İnceleme,Karen Horney,SARMAL KİTABEVİ,Puan Yok,60,2,0,0,"240,00",06.02.2024,TÜRKÇE,193,Karton Kapak,13.5 x 19.5 cm,Kitap Kağıdı,51,0
Ateş,Kitap > Edebiyat > Roman (Yerli) > Kitap > Edebiyat > Diğer,Ertürk Akşun,DESTEK YAYIN GRUBU-KAMPANYA,4 / 5 (71 oy),121,35,6,55,"300,00",26.05.2016,TÜRKÇE,368,Karton Kapak,13.5 x 19.5 cm,Kitap Kağıdı,356,25
Pamphylia - Isauria - Lykaonia,Kitap > Turizm-Gezi > Tarihi Mekanlar (Dünya),Prof. Dr. Bilge Umar,İNKILAP KİTABEVİ-KAMPANYA,5 / 5 (15 oy),84,14,1,8,"590,00",07.06.2011,TÜRKÇE,285,Karton Kapak,13.5 x 19.5 cm,Kitap Kağıdı,257,4
Aklım Uzaklarda,Kitap > Turizm-Gezi > Gezi Kitapları,Ahmet Arpad,SİYAH KUĞU KAMPANYA,4 / 5 (5 oy),17,6,0,5,"140,00",07.12.2017,TÜRKÇE,272,Karton Kapak,14 x 23 cm,Kitap Kağıdı,105,4
İnsanlığın Öyküsü Sensin,Kitap > Kişisel Gelişim,Jiddu Krishnamurti,SAY YAYIN GRUBU-KAMPANYA,4 / 5 (4 oy),92,9,0,1,"350,00",14.06.2016,TÜRKÇE,240,Karton Kapak,13.5 x 21 cm,Kitap Kağıdı,112,1
Tarih,Kitap > Tarih > Araştırma-İnceleme,Herodot (Herodotos),SAY YAYIN GRUBU-KAMPANYA,3 / 5 (3 oy),145,12,0,4,"500,00",22.03.2017,TÜRKÇE,584,Karton Kapak,13.5 x 21 cm,Kitap Kağıdı,77,0
Gençlere İnanç İlmihali,Kitap > İslam > Mantık-Akaid,Nizameddin Saltan,RAĞBET YAYINLARI-KAMPANYA,4 / 5 (5 oy),32,5,0,3,"580,00",16.07.2012,TÜRKÇE,Bilgi Yok,Karton Kapak,13.5 x 21 cm,Kitap Kağıdı,42,0
Yavuz'un Kırk Mührü,Kitap > Tarih > Kişiler,40'lar Kulübü,40'LAR KULÜBÜ,4 / 5 (5 oy),44,7,0,5,"149,00",20.07.2022,TÜRKÇE,175,Karton Kapak,13.5 x 21 cm,Kitap Kağıdı,44,1
Bizans İmparatorluğu’nda Ermeniler,Kitap > Tarih,Peter Charanis,URZENİ,4 / 5 (9 oy),78,4,1,3,"200,00",20.02.2021,TÜRKÇE,98,Karton Kapak,13 x 20 cm,Kitap Kağıdı,148,4
Uzayın Derin Karanlığı,Kitap > Edebiyat > Bilimkurgu-Fantazya,Barış Toprak,FİHRİST KİTAP,5 / 5 (9 oy),54,11,1,1,"409,50",05.06.2023,TÜRKÇE,308,Karton Kapak,13 x 19.5 cm,Kitap Kağıdı,307,4
Disleksinin Sesi,Kitap > Çocuk Kitapları > Diğer,Merve Yurtsever,TRUVA YAYINLARI,5 / 5 (2 oy),14,2,1,3,"140,00",12.03.2024,TÜRKÇE,120,Karton Kapak,13.5 x 21 cm,Kitap Kağıdı,292,2
Aşka Boyanan Kadınlar,Kitap > Edebiyat > Deneme (Yerli),Akın Ok,SARMAL KİTABEVİ,Puan Yok,3,0,0,0,"170,00",13.01.2021,TÜRKÇE,132,Karton Kapak,13 x 20 cm,Kitap Kağıdı,39,0
Ay Ona Gülümsüyordu,Kitap > Edebiyat > Roman (Yerli),Mithat Özcan,ARİON YAYINLARI,Puan Yok,2,0,0,0,"600,00",06.06.2024,TÜRKÇE,340,Karton Kapak,13.5 x 21 cm,Kitap Kağıdı,4,0
Gezegen FabrikasıÖtegezegenler ve İkinci Bir Dünya Arayışı,Kitap > Bilim & Mühendislik > Popüler Bilim,Elizabeth Tasker,SAY YAYIN GRUBU-KAMPANYA,5 / 5 (3 oy),155,12,0,1,"450,00",19.07.2022,TÜRKÇE,416,Karton Kapak,13.5 x 21 cm,Kitap Kağıdı,50,2
Netflix EtkisiDijital Çağda Ekran Kültürü,Kitap > Kültür > Popüler Kültür,Kenan Duman,URZENİ,5 / 5 (1 oy),61,3,0,2,"320,00",01.04.2022,TÜRKÇE,302,Karton Kapak,13.5 x 21 cm,Kitap Kağıdı,105,1
Yolculukİmparatorluk Türkiyesinden Bölük Pörçük Hatıralar,Kitap > Tarih > Hatıralar,Willam Nesbitt Chambers,YEDİTEPE YAYINEVİ-KAMPANYA,4 / 5 (10 oy),114,10,1,9,"220,00",01.12.2016,TÜRKÇE,232,Karton Kapak,13.5 x 21 cm,Kitap Kağıdı,129,1
Ölüm ve Yeniden Doğuş,Kitap > Kişisel Gelişim,Katherine Tingley,URZENİ,Puan Yok,11,1,0,0,"270,00",27.07.2023,TÜRKÇE,185,Karton Kapak,13.5 x 19.5 cm,Kitap Kağıdı,14,0
Osmanlı'da Bir Amerikan Kovboyu 3.Kitap,Kitap > Edebiyat > Roman (Yerli),Eser Baykuş,ONUR KİTAP,Puan Yok,11,0,0,0,"220,00",19.03.2024,TÜRKÇE,176,Karton Kapak,13.5 x 21 cm,Kitap Kağıdı,7,0
Türk Sinemasında Eğlence Kültürü,Kitap > Kültür > Popüler Kültür,Meltem İşler Sevindi,URZENİ,5 / 5 (1 oy),16,3,0,0,"270,00",24.08.2023,TÜRKÇE,271,Karton Kapak,13.5 x 19.5 cm,Kitap Kağıdı,31,0
Kadere Bak!,Kitap > Edebiyat > Roman (Çeviri),Cecelia Ahern,PEGASUS YAYINLARI,4 / 5 (32 oy),213,23,4,38,"299,00",18.05.2016,TÜRKÇE,448,Karton Kapak,13.5 x 21 cm,Kitap Kağıdı,268,14
Anne O Bizden BiriTarihi Kronolojik Atatürk Romanı,Kitap > Siyaset > Mustafa Kemal Atatürk,Yaşar Gürsoy,DESTEK YAYIN GRUBU-KAMPANYA,5 / 5 (1 oy),19,2,0,0,"360,00",10.11.2022,TÜRKÇE,408,Karton Kapak,13.5 x 21 cm,Kitap Kağıdı,20,1
Tandem,Kitap > Edebiyat > Roman (Çeviri) > Kitap > Edebiyat > Bilimkurgu-Fantazya,Anna Jarzab,PEGASUS YAYINLARI,5 / 5 (35 oy),360,32,3,37,"299,00",27.07.2016,TÜRKÇE,432,Karton Kapak,13.5 x 21 cm,Kitap Kağıdı,209,15
Melek SayılarıMeleklerden ve Evrenden Gelen İlahi Rehberlik,Kitap > Diğer > Astroloji,Mark Johnson,SARMAL KİTABEVİ,5 / 5 (1 oy),44,1,0,2,"750,00",18.04.2023,TÜRKÇE,653,Karton Kapak,13.5 x 21 cm,Kitap Kağıdı,90,1
Ateş Kız,Kitap > Edebiyat > Roman (Çeviri),Shannon Hale,KARA KEDİ YAYINLARI,4 / 5 (15 oy),92,10,0,9,"240,00",11.01.2012,TÜRKÇE,288,Karton Kapak,13.5 x 19.5 cm,Kitap Kağıdı,98,5
Cumhuriyet'in Kaybı ve Derin Tahribatlar,Kitap > Siyaset > Araştırma-İnceleme,Nazım Yavuz,SARMAL KİTABEVİ,Puan Yok,12,0,0,0,"450,00",02.05.2023,TÜRKÇE,363,Karton Kapak,13.5 x 21 cm,Kitap Kağıdı,23,0
Onu Nasıl Mutlu Edersin,Kitap > Kişisel Gelişim,Serap Sultan,DESTEK YAYIN GRUBU-KAMPANYA,Puan Yok,2,0,0,0,"200,00",19.07.2022,TÜRKÇE,216,Karton Kapak,13.5 x 21 cm,Kitap Kağıdı,6,0
Ölümün Tatlı Kokusu,Kitap > Edebiyat > Roman (Çeviri),Guillermo Arriaga,SİYASAL YAYIN GRUBU - KAMPANYA,Puan Yok,19,0,0,0,"240,00",19.12.2008,TÜRKÇE,189,Karton Kapak,13.5 x 19.5 cm,Kitap Kağıdı,17,1
Altüst,Kitap > Edebiyat > Roman (Yerli),Arzu Koç Şenkaya,ALAN YAYINCILIK,Puan Yok,4,0,0,0,"431,00",10.08.2022,TÜRKÇE,340,Karton Kapak,13.5 x 19.5 cm,Kitap Kağıdı,114,0
Bir İçim Su,Kitap > Edebiyat > Roman (Yerli),Begül Aybar Ünal,BANLİYÖ KİTAP,5 / 5 (1 oy),15,4,1,1,"134,00",07.10.2023,TÜRKÇE,120,Karton Kapak,12 x 19.5 cm,Kitap Kağıdı,114,1
Enerjik Yaratıcılıkİçindeki  Yaratıcı Gücü Açığa Çıkar,Kitap > Kişisel Gelişim,Mary Beth Maziarz,SAY YAYIN GRUBU-KAMPANYA,5 / 5 (3 oy),102,4,1,2,"250,00",08.07.2011,TÜRKÇE,256,Karton Kapak,13.5 x 21 cm,2. Hm. Kağıt,80,0
Siber Savaş Cephesinden Notlar,Kitap > Bilgisayar > Diğer,Alper Başaran,ARİON YAYINLARI,5 / 5 (3 oy),140,6,2,3,"460,00",25.03.2021,TÜRKÇE,260,Karton Kapak,13.5 x 19.5 cm,Kitap Kağıdı,170,1
Verda,Kitap > Edebiyat > Roman (Yerli),Serhat Ulağlı,MOTTO,Puan Yok,13,1,0,1,"330,00",03.09.2020,TÜRKÇE,158,Karton Kapak,13.5 x 19.5 cm,Kitap Kağıdı,47,0
Nil ZambağıCleopatra'nın Kızının Romanı,Kitap > Edebiyat > Roman (Çeviri),Stephanie Dray,KARA KEDİ YAYINLARI,5 / 5 (6 oy),66,5,0,6,"325,00",06.08.2014,TÜRKÇE,400,Karton Kapak,12.5 x 19.5 cm,Kitap Kağıdı,61,1
Nur’un Aişe’sine Kırk Kördüğüm,Kitap > İslam > Kültür,40'lar Kulübü,40'LAR KULÜBÜ,4 / 5 (8 oy),32,6,1,6,"149,00",11.04.2022,TÜRKÇE,158,Karton Kapak,13.5 x 21 cm,Kitap Kağıdı,34,1
Herkes İhanet Eder Sevdiğine,Kitap > Edebiyat > Diğer,Tuna Serim,DESTEK YAYIN GRUBU-KAMPANYA,Puan Yok,7,0,0,0,"280,00",08.12.2022,TÜRKÇE,336,Karton Kapak,13.5 x 21 cm,Kitap Kağıdı,52,0
Descartes Bağlamında Tartışılan Delilik,Kitap > Felsefe-Düşünce > Diğer,Ramazan Kurt,URZENİ,4 / 5 (3 oy),48,3,0,1,"220,00",03.09.2020,TÜRKÇE,143,Karton Kapak,13.5 x 21 cm,Kitap Kağıdı,46,0
Türk Sinemasında İntihar,Kitap > Sosyoloji > Araştırma-İnceleme,Cangül Akdaş,URZENİ,5 / 5 (1 oy),20,2,0,0,"550,00",03.10.2022,TÜRKÇE,664,Karton Kapak,13 x 20 cm,Kitap Kağıdı,44,0
Örümcekler Uçmayı Öğrenebilir mi? - Jeremy James'in Maceraları 4,"Kitap > Çocuk Kitapları > 6-12 Yaş > Hikaye, Roman & Masal > Kitap > Orijinal Dil > İngilizce",David Henry Wilson,İLETİŞİM YAYINLARI KAMPANYA,5 / 5 (4 oy),58,4,0,4,"76,00",01.08.2006,TÜRKÇE,96,Karton Kapak,13.5 x 19.5 cm,Kitap Kağıdı,275,1
Budizm’e Göre İnsan Olma Potansiyeli,Kitap > Kişisel Gelişim,Kutsal Dalai Lama,DESTEK YAYIN GRUBU-KAMPANYA,5 / 5 (2 oy),34,2,0,1,"280,00",21.11.2023,TÜRKÇE,264,Karton Kapak,13.5 x 21 cm,Kitap Kağıdı,38,1
Kriz Üçgeninde Türkiye Cilt 3,Kitap > Siyaset > Araştırma-İnceleme,Mehmet Hasgüler,URZENİ,5 / 5 (2 oy),16,4,0,1,"300,00",23.03.2023,TÜRKÇE,328,Karton Kapak,13.5 x 21 cm,Kitap Kağıdı,13,1
Yenik Düşme Zamana,Kitap > Edebiyat > Deneme (Yerli),Halis Karabenli,HAYY KİTAP - KAMPANYA,5 / 5 (8 oy),76,1,1,10,"150,00",11.11.2020,TÜRKÇE,136,Karton Kapak,13.5 x 21 cm,Kitap Kağıdı,132,4
Nihayetinde Dönülen Yerler,Kitap > Edebiyat > Hikaye (Yerli),Yasemin Onat,EPONA KİTAP,5 / 5 (2 oy),16,2,0,7,"198,00",03.01.2022,TÜRKÇE,150,Karton Kapak,12.5 x 19.5 cm,Kitap Kağıdı,267,2
İç Yaşamdan Şiirler,Kitap > Edebiyat > Şiir (Çeviri),Lizzie Doten,LAKİN YAYINLARI,5 / 5 (1 oy),7,3,0,1,"250,00",29.01.2021,TÜRKÇE,152,Karton Kapak,13 x 19.5 cm,Kitap Kağıdı,35,1
Güzellik ve Erdem İdelerimizin Kökeni Üzerine Bir Soruşturma,Kitap > Felsefe-Düşünce > Diğer,Francis Hutcheson,SAY YAYIN GRUBU-KAMPANYA,4 / 5 (2 oy),111,0,0,4,"250,00",29.06.2020,TÜRKÇE,280,Karton Kapak,13.5 x 21 cm,Kitap Kağıdı,83,1
Aynaya  Bakıyor Gibi,Kitap > Edebiyat,Suna Adak,YARIN YAYINCILIK,2 / 5 (1 oy),2,1,0,1,"220,50",17.12.2021,TÜRKÇE,139,Karton Kapak,13.5 x 21 cm,Kitap Kağıdı,7,0
Ebrar Karakurt / Yıldızın Hikayesi,Kitap > Spor > Biyografi,Can Eren,PETA KİTAP YAYINCILIK,Puan Yok,18,1,1,0,"135,00",22.07.2024,TÜRKÇE,120,Karton Kapak,13.5 x 19.5 cm,Kitap Kağıdı,25,0
Notre Dame'ın Kamburu,Kitap > Edebiyat > Roman (Çeviri),Victor Hugo,İSKELE YAYINCILIK,5 / 5 (177 oy),905,104,12,168,"200,00",31.07.2005,TÜRKÇE,408,Karton Kapak,13.5 x 19.5 cm,Kitap Kağıdı,2597,93
Aşk Gecesi,Kitap > Edebiyat > Roman (Çeviri),Kathryn Caskie,PEGASUS YAYINLARI,4 / 5 (16 oy),108,15,0,16,"249,00",18.05.2016,TÜRKÇE,272,Karton Kapak,13.5 x 21 cm,Kitap Kağıdı,211,4
Ve Şarkılar İçine Kapanır,Kitap > Edebiyat > Roman (Yerli),M. Dilek Kızmaz,FİHRİST KİTAP,5 / 5 (8 oy),35,3,0,11,"479,50",17.11.2021,TÜRKÇE,368,Karton Kapak,13 x 19.5 cm,Kitap Kağıdı,327,7
Kurban,Kitap > Edebiyat > Roman (Çeviri),Barbara Freethy,BİLGE KÜLTÜR SANAT,5 / 5 (11 oy),68,3,0,8,"290,00",02.03.2009,TÜRKÇE,352,Karton Kapak,13.5 x 21.5 cm,Kitap Kağıdı,65,8
Mülteci,Kitap > Edebiyat > Roman (Yerli),Gündoğdu Yıldırım,Logo Yayınevi,Puan Yok,3,0,0,0,"173,50",12.07.2023,TÜRKÇE,216,Karton Kapak,13.5 x 19.5 cm,Kitap Kağıdı,9,0
Son Şaman,Kitap > Edebiyat > Roman (Yerli),Cem Soydemir,ALASKA YAYINEVİ,5 / 5 (3 oy),26,4,1,2,"394,00",17.05.2024,TÜRKÇE,468,Karton Kapak,13.5 x 21 cm,Kitap Kağıdı,77,1
Paradiplomasi Teorisi,Kitap > Siyaset > Araştırma-İnceleme,Yasin Can Gönültaş,NET KİTAPLIK YAYINCILIK,5 / 5 (1 oy),8,1,0,0,"400,00",17.07.2023,TÜRKÇE,244,Karton Kapak,13 x 20 cm,Kitap Kağıdı,6,1
İsyan / Sürgün 2. Kitap,Kitap > Edebiyat > Roman (Çeviri) > Kitap > Diğer > Gençlik Kitapları > Edebiyat,Lisa M. Stasse,PEGASUS YAYINLARI,5 / 5 (8 oy),96,16,1,8,"299,00",12.05.2016,TÜRKÇE,368,Karton Kapak,13.5 x 21 cm,Kitap Kağıdı,104,3
Aslan Avı,Kitap > Siyaset > Araştırma-İnceleme,Erk Acarer,DESTEK YAYIN GRUBU-KAMPANYA,5 / 5 (3 oy),237,36,0,18,"300,00",24.04.2023,TÜRKÇE,312,Karton Kapak,13.5 x 21 cm,Kitap Kağıdı,71,2
Harika Yabancı,Kitap > Edebiyat > Roman (Çeviri) > Kitap > Orijinal Dil > İngilizce,Christina Lauren,PEGASUS YAYINLARI,4 / 5 (107 oy),358,23,5,141,"299,00",27.10.2014,TÜRKÇE,328,Karton Kapak,13.5 x 21 cm,Kitap Kağıdı,773,22
"Hayatı, Eserleri ve Meseleleriyle İbn Haldun",Kitap > Tarih > Araştırma-İnceleme,Murat Erten,SAY YAYIN GRUBU-KAMPANYA,5 / 5 (6 oy),161,2,1,3,"550,00",04.06.2020,TÜRKÇE,632,Karton Kapak,13.5 x 21 cm,Kitap Kağıdı,71,3
Şaşkınlık,Kitap > Edebiyat > Şiir (Yerli),Billur C. Yılmazyiğit,SARMAL KİTABEVİ,Puan Yok,1,0,0,0,"270,00",18.10.2023,TÜRKÇE,280,Karton Kapak,13.5 x 19.5 cm,Kitap Kağıdı,9,0
Son Adam,Kitap > Edebiyat > Bilimkurgu-Fantazya,Jean-Baptiste de Grainville,FİHRİST KİTAP,5 / 5 (7 oy),56,7,0,9,"304,50",27.04.2021,TÜRKÇE,168,Karton Kapak,13 x 19.5 cm,Kitap Kağıdı,229,4
Freud Üzerine,Kitap > Psikoloji > İnceleme,Penelope Balogh,SAY YAYIN GRUBU-KAMPANYA,5 / 5 (3 oy),59,4,1,1,"200,00",12.09.2023,TÜRKÇE,176,Karton Kapak,13.5 x 19.5 cm,Kitap Kağıdı,35,0
Sade/ce,Kitap > Edebiyat > Şiir (Yerli),Remzi Gümüş,KUTLU YAYINEVİ,Puan Yok,5,0,0,0,"112,00",13.06.2022,TÜRKÇE,126,Karton Kapak,13.5 x 19.5 cm,Kitap Kağıdı,14,0
İdeoloji ve Popüler Protesto,Kitap > Siyaset > Kitap > Siyaset > Araştırma-İnceleme,George Rude,URZENİ,5 / 5 (2 oy),47,2,1,1,"300,00",22.05.2019,TÜRKÇE,255,Karton Kapak,13.5 x 21 cm,Kitap Kağıdı,36,1
Almanya Siyasetine Giriş,Kitap > Siyaset > Araştırma-İnceleme,Prof. Dr. Ozan Örmeci,URZENİ,5 / 5 (2 oy),26,1,2,0,"350,00",11.10.2023,TÜRKÇE,632,Karton Kapak,13.5 x 19.5 cm,Kitap Kağıdı,41,0
Teşkilat-ı MahsusaCenub-i Garbi Kafkasya Hükümeti ve Cihangiroğlu İbrahim Bey,Kitap > Tarih > Araştırma-İnceleme,Ersin Hakan,TRUVA YAYINLARI,5 / 5 (3 oy),58,2,0,2,"375,00",05.07.2024,TÜRKÇE,440,Karton Kapak,13.5 x 21 cm,Kitap Kağıdı,216,0
Zarif Adama Kırk Not,Kitap > Edebiyat > Biyografi-Otobiyografi,40'lar Kulübü,40'LAR KULÜBÜ,4 / 5 (5 oy),24,1,0,5,"149,00",20.07.2022,TÜRKÇE,148,Karton Kapak,13.5 x 21 cm,Kitap Kağıdı,26,1
Sihir Bağı / Acemi Cadı III,Kitap > Diğer > Gençlik Kitapları > Edebiyat > Kitap > Orijinal Dil > İngilizce,Rachel Hawkins,KARA KEDİ YAYINLARI,5 / 5 (30 oy),113,8,1,27,"240,00",10.09.2013,TÜRKÇE,247,Karton Kapak,12.5 x 19.5 cm,Kitap Kağıdı,239,12
Osmanlı'nın Ortadoğu'dan Çekilişi (Karton Kapak),Kitap > Tarih > Türk-Osmanlı > Kitap > Tarih > Bölgeler-Ülkeler,Ahmet Özcan,YARIN YAYINCILIK,4 / 5 (7 oy),86,5,0,5,"250,50",17.12.2021,TÜRKÇE,237,Karton Kapak,13.5 x 21 cm,Kitap Kağıdı,156,3
Aşkı Sende Buldum,Kitap > Edebiyat > Roman (Çeviri) > Kitap > Orijinal Dil > İngilizce,Cathy Maxwell,PEGASUS YAYINLARI,4 / 5 (46 oy),539,7,1,71,"249,00",06.10.2010,TÜRKÇE,320,Karton Kapak,13.5 x 21 cm,Kitap Kağıdı,588,41
Uçurumları Sevenin Kanatları Olmalı,Kitap > Edebiyat > Roman (Yerli),Betül Altaylı,BANLİYÖ KİTAP,Puan Yok,2,0,0,0,"166,00",17.07.2024,TÜRKÇE,160,Karton Kapak,13.5 x 19.5 cm,Kitap Kağıdı,187,0
Doğru Yol Ekspresi,Kitap > Edebiyat > Roman (Yerli),S. N. Elif Alsaran,MOTTO,5 / 5 (8 oy),36,3,0,9,"283,00",11.01.2022,TÜRKÇE,112,Karton Kapak,13.5 x 21 cm,Kitap Kağıdı,219,5
"FarabiHayatı, Eğitimi, Eserleri, Felsefesi",Kitap > Edebiyat > Biyografi-Otobiyografi,Prof. Dr. Şahin Filiz,SARMAL KİTABEVİ,5 / 5 (2 oy),62,2,1,2,"160,00",11.01.2024,TÜRKÇE,105,Karton Kapak,13.5 x 19.5 cm,Kitap Kağıdı,95,1
Büyücünün ÖlümüKaranlık Harlem’de Gizemli Bir Hikaye,Kitap > Edebiyat > Roman (Çeviri),Rudolph Fisher,DEDALUS KİTAP,5 / 5 (1 oy),63,3,0,3,"300,00",25.06.2021,TÜRKÇE,294,Karton Kapak,13 x 20 cm,Kitap Kağıdı,126,1
Kanatlar,Kitap > Edebiyat > Roman (Çeviri),Aprilynne Pike,PEGASUS YAYINLARI,4 / 5 (22 oy),413,8,1,25,"269,00",14.10.2016,TÜRKÇE,320,Karton Kapak,13.5 x 21 cm,Kitap Kağıdı,217,19
Juliette Cemiyeti,Kitap > Edebiyat > Roman (Çeviri) > Kitap > Orijinal Dil > İngilizce,Sasha Grey,PEGASUS YAYINLARI,3 / 5 (198 oy),475,132,9,154,"299,00",10.04.2014,TÜRKÇE,352,Karton Kapak,13 x 20 cm,Kitap Kağıdı,3801,82
İtaatkar Serisi Takım Set (2 Kitap),Kitap > Edebiyat > Roman (Çeviri),Tara Sue Me,PEGASUS YAYINLARI,4 / 5 (1 oy),20,1,0,1,"598,00",Bilgi Yok,TÜRKÇE,848,Karton Kapak,13.5 x 21 cm,Kitap Kağıdı,21,1
Küçük Mucit Muço Zamanda Yolculuk,Kitap > Çocuk Kitapları > Diğer,Pelin Gezeryel,LOTİ KİTAP,5 / 5 (1 oy),8,0,0,0,"126,00",24.04.2024,TÜRKÇE,112,Karton Kapak,13.5 x 19.5 cm,Kitap Kağıdı,634,0
Ne Akilem Ne DivaneAnadolu Bilgeliği Üzerine Felsefi Düşünümler,Kitap > Felsefe-Düşünce > Diğer,Akın Gülyurt,LEJAND,5 / 5 (9 oy),60,11,0,4,"250,00",03.04.2024,TÜRKÇE,312,Karton Kapak,13 x 19.5 cm,Kitap Kağıdı,306,4
First Lady,Kitap > Edebiyat > Roman (Çeviri),Susan Elizabeth Phillips,PEGASUS YAYINLARI,5 / 5 (32 oy),152,21,1,28,"299,00",08.09.2020,TÜRKÇE,408,Karton Kapak,13.5 x 21 cm,Kitap Kağıdı,475,17
Geçmişten Geleceğe Başarı Öyküleri,Kitap > Kişisel Gelişim,Timuçin Fındık,SAY YAYIN GRUBU-KAMPANYA,4 / 5 (9 oy),89,3,0,6,"300,00",14.10.2018,TÜRKÇE,320,Karton Kapak,13.5 x 21 cm,Kitap Kağıdı,199,5
İlk 100 EmirKur’an’dan İniş Sırasına Göre,Kitap > İslam > Tasavvuf,Ersin Özdil,SARMAL KİTABEVİ,5 / 5 (2 oy),26,2,0,3,"200,00",07.05.2021,TÜRKÇE,202,Karton Kapak,13.5 x 21 cm,Kitap Kağıdı,56,0
Habil'in Başına Gelmeyenler,Kitap > Edebiyat > Roman (Yerli),Atakan Mustafa Doğan,MAVİ GÖK YAYINLARI,5 / 5 (25 oy),38,1,9,15,"200,00",12.02.2024,TÜRKÇE,164,Karton Kapak,13 x 19.5 cm,Kitap Kağıdı,190,25
Çifte İntikamLetaif-i Rivayat,Kitap > Edebiyat > Roman (Yerli),Ahmed Midhat,SANAT KRİTİK YAYINCILIK,5 / 5 (1 oy),7,1,0,0,"200,00",11.03.2024,TÜRKÇE,130,Karton Kapak,12 x 19 cm,Kitap Kağıdı,240,0
Mutatioİnsanın Dönüşümü,Kitap > Tarih > Araştırma-İnceleme,Erhan Kolbaşı,DESTEK YAYIN GRUBU-KAMPANYA,5 / 5 (1 oy),45,2,1,3,"360,00",05.12.2023,TÜRKÇE,100,Karton Kapak,13.5 x 21 cm,Kitap Kağıdı,130,1
Kody Keplinger Kitapları Takım Set (2 Kitap),Kitap > Edebiyat > Roman (Çeviri),Kody Keplinger,PEGASUS YAYINLARI,3 / 5 (8 oy),184,5,0,7,"518,00",31.01.2020,TÜRKÇE,608,Karton Kapak,13.5 x 21 cm,Kitap Kağıdı,121,3
Divine Order Of The UniverseThe Theory Of Existence From Nothingness,Kitap > Diğer Dildeki Yayınlar > İngilizce,Arif Cengiz Erman,SARMAL KİTABEVİ,Puan Yok,6,0,0,0,"220,00",20.02.2023,İNGİLİZCE,179,Karton Kapak,13.5 x 19.5 cm,Kitap Kağıdı,5,0
11 Ay'ın Sultanı Ramazan (Kod: D36),Kitap > İslam > Kültür,Yusuf Tavaslı,TAVASLI YAYINLARI KAMPANYA,4 / 5 (3 oy),26,2,1,1,"150,00",03.02.2005,TÜRKÇE,256,Karton Kapak,16.3 x 23.5 cm,Kitap Kağıdı,40,2
Evlilik Oyunu,Kitap > Edebiyat > Roman (Çeviri),Victoria Alexander,PEGASUS YAYINLARI,4 / 5 (45 oy),185,19,2,46,"299,00",09.10.2017,TÜRKÇE,384,Karton Kapak,12 x 19 cm,Kitap Kağıdı,338,20
Şeytan'ın Çırağı,Kitap > Edebiyat > Roman (Çeviri),Kenneth Bogh Andersen,PEGASUS  ÇOCUK YAYINLARI,4 / 5 (20 oy),173,9,0,19,"250,00",10.02.2012,TÜRKÇE,352,Karton Kapak,13.5 x 21 cm,Kitap Kağıdı,111,12
İstanbul'daki SuriyelilerGündelik Hayat ve Mekan,Kitap > Sosyoloji > Araştırma-İnceleme,Emine Uçak Erdoğan,LEJAND,Puan Yok,22,2,0,1,"160,00",26.07.2021,TÜRKÇE,146,Karton Kapak,13 x 19.5 cm,Kitap Kağıdı,360,0
Vurulan Atların Neşesiyle,Kitap > Edebiyat > Şiir (Yerli),Oğulcan Özkan,ARİON YAYINLARI,5 / 5 (2 oy),7,0,0,4,"280,00",09.08.2025,TÜRKÇE,152,Karton Kapak,13.5 x 21 cm,Kitap Kağıdı,187,2
Koreli,Kitap > Edebiyat > Roman (Yerli),Veysel Issı,BANLİYÖ KİTAP,Puan Yok,8,2,0,1,"104,00",25.02.2023,TÜRKÇE,80,Karton Kapak,12 x 19.5 cm,Kitap Kağıdı,592,0
Öp Beni ÖldüresiyeOn Bir Paranormal Aşk Hikayesi,Kitap > Edebiyat > Hikaye (Çeviri),Becca Fitzpatrick,KARA KEDİ YAYINLARI,4 / 5 (28 oy),354,27,2,26,"325,00",01.02.2013,TÜRKÇE,416,Karton Kapak,12.5 x 19.5 cm,Kitap Kağıdı,272,12
GizlerAtlantisten Taş Kürelere Neandarthallerden Antroposen'e,Kitap > Kültür > Genel,Nurdan İnan,SARMAL KİTABEVİ,Puan Yok,34,1,0,0,"200,00",10.03.2023,TÜRKÇE,157,Karton Kapak,13 x 20 cm,Kitap Kağıdı,47,0
Haçlı Seferleri Tarihi (3. Cilt),Kitap > Tarih > Çağlar-Dönemler,Joseph Francois Michaud,SARMAL KİTABEVİ,5 / 5 (2 oy),108,4,0,2,"450,00",09.07.2024,TÜRKÇE,421,Karton Kapak,13.5 x 19.5 cm,Kitap Kağıdı,89,1
Karşı Kaldırımdaki Adam,Kitap > Edebiyat > Roman (Yerli),Selda Terek Bilecen,DESTEK YAYIN GRUBU-KAMPANYA,Puan Yok,1,0,0,0,"280,00",03.02.2022,TÜRKÇE,336,Karton Kapak,13.5 x 19.5 cm,Kitap Kağıdı,11,0
Tapınak Şövalyeleri,Kitap > Siyaset > Kurumlar-Örgütler,Kürşad Berkkan,YEDİVEREN YAYIN GRUBU - KAMPANYA,4 / 5 (15 oy),281,16,1,14,"306,00",05.09.2017,TÜRKÇE,512,Karton Kapak,13.5 x 21 cm,Kitap Kağıdı,284,3
Bridget Jones - Mantığın Sınırı,Kitap > Edebiyat > Roman (Çeviri) > Kitap > Orijinal Dil > İngilizce,Helen Fielding,PEGASUS YAYINLARI,5 / 5 (8 oy),91,10,0,35,"299,00",20.06.2015,TÜRKÇE,400,Karton Kapak,13.5 x 21 cm,Kitap Kağıdı,112,3
Kısa Almanya TarihiAryanlardan İmparatorluğa,Kitap > Siyaset > Siyasal Tarih,Mary Platt Parmele,LİBERUS,4 / 5 (11 oy),383,21,1,10,"200,00",14.10.2022,TÜRKÇE,152,Karton Kapak,13 x 19.5 cm,Kitap Kağıdı,459,3
Zararlı YazılımlarSiber Kitle İmha Silahları,Kitap > Bilgisayar > Kavramlar,Alper Başaran,ARİON YAYINLARI,5 / 5 (2 oy),173,11,1,1,"400,00",02.05.2019,TÜRKÇE,194,Karton Kapak,14 x 20 cm,Kitap Kağıdı,125,1
Unutmak,Kitap > Edebiyat > Roman (Yerli),Sibel Kertik Erkan,ZEMRA YAYINLARI,Puan Yok,8,2,1,3,"341,00",06.07.2022,TÜRKÇE,235,Karton Kapak,13.5 x 21 cm,Kitap Kağıdı,134,0
"Zaman, Tanrı ve Dört-Boyutçuluk",Kitap > Felsefe-Düşünce > Diğer,Turan Argun Sezer,SARMAL KİTABEVİ,5 / 5 (2 oy),44,5,0,0,"440,00",30.10.2023,TÜRKÇE,466,Karton Kapak,13.5 x 19.5 cm,Kitap Kağıdı,65,1
Kış Öpücüğü,Kitap > Edebiyat > Roman (Çeviri),Kresley Cole,PEGASUS YAYINLARI,5 / 5 (42 oy),164,18,1,56,"269,00",10.03.2016,TÜRKÇE,336,Karton Kapak,13.5 x 21 cm,Kitap Kağıdı,279,13
Okul Öncesi Eğitimde Yaratıcı DramaOyun Destekli Beslenme Eğitimi,Kitap > Eğitim > Çocuk Eğitimi,Erol Sabır,SARMAL KİTABEVİ,Puan Yok,83,0,0,0,"220,00",13.05.2022,TÜRKÇE,177,Karton Kapak,13.5 x 19.5 cm,Kitap Kağıdı,73,0
Susanlara Hiçbir Şey Sormayınız,Kitap > Psikoloji > İnceleme,Sefa Kaplan,HOLDEN KİTAP,5 / 5 (7 oy),68,10,2,2,"250,00",25.08.2021,TÜRKÇE,448,Karton Kapak,12.5 x 19.5 cm,Kitap Kağıdı,295,3
Uykunun Gözleri,Kitap > Edebiyat > Hikaye (Yerli),Kolektif,BANLİYÖ KİTAP,5 / 5 (1 oy),11,1,0,1,"126,00",25.01.2024,TÜRKÇE,112,Karton Kapak,13.5 x 19.5 cm,Kitap Kağıdı,365,1
Küresel Sırlar,Kitap > Akademik > Siyaset İnceleme,Kürşad Berkkan,YEDİVEREN YAYIN GRUBU - KAMPANYA,4 / 5 (9 oy),252,6,0,5,"299,00",07.10.2023,TÜRKÇE,366,Karton Kapak,13.5 x 21 cm,Kitap Kağıdı,203,3
Sarmal,Kitap > Siyaset > Araştırma-İnceleme,Murat Ağırel,KIRMIZI KEDİ YAYINEVİ,4 / 5 (347 oy),2.078,216,19,356,"400,00",17.04.2024,TÜRKÇE,352,Karton Kapak,13.3 x 23 cm,Kitap Kağıdı,11972,135
Endişe Karnavalı,Kitap > Edebiyat > Roman (Yerli),Mehmet Taşdemir,LEJAND,5 / 5 (1 oy),5,1,1,0,"430,00",27.03.2024,TÜRKÇE,140,Karton Kapak,13 x 19.5 cm,Kitap Kağıdı,153,0
Umutlar / Peri Serisi 4. Kitap,Kitap > Edebiyat > Roman (Çeviri) > Kitap > Orijinal Dil > İngilizce,Aprilynne Pike,PEGASUS YAYINLARI,4 / 5 (10 oy),116,9,0,10,"269,00",10.04.2015,TÜRKÇE,320,Karton Kapak,13.5 x 21 cm,Kitap Kağıdı,74,4
Sembolizm,Kitap > Felsefe-Düşünce > Diğer,Alfred North Whitehead,SAY YAYIN GRUBU-KAMPANYA,3 / 5 (2 oy),90,3,0,4,"200,00",17.04.2023,TÜRKÇE,88,Karton Kapak,13.5 x 21 cm,Kitap Kağıdı,60,0
"Sevilmek, Başarılı Olmak ve Hayallerini Gerçekleştirmek İçin  Yeterlisin",Kitap > Kişisel Gelişim,Panache Desai,SAY YAYIN GRUBU-KAMPANYA,Puan Yok,49,4,0,0,"250,00",11.05.2023,TÜRKÇE,160,Karton Kapak,13.5 x 21 cm,Kitap Kağıdı,30,0
Yeşilçam Hafiyesi,Kitap > Başvuru Kitapları > Diğer,Kürşat Çetin,YEDİVEREN YAYIN GRUBU - KAMPANYA,5 / 5 (6 oy),79,5,1,5,"312,00",26.11.2020,TÜRKÇE,240,Karton Kapak,13.5 x 19.5 cm,Kitap Kağıdı,127,4
Denenmiş Şeyler,Kitap > Edebiyat > Şiir (Yerli),Azimet  Avcu,EPONA KİTAP,4 / 5 (9 oy),37,4,1,7,"149,00",01.06.2023,TÜRKÇE,95,Karton Kapak,12.5 x 19.5 cm,Kitap Kağıdı,364,2
Ruh Çıkmazı / Ruh Çığlığı Serisi 3. Kitap,Kitap > Edebiyat > Roman (Çeviri) > Kitap > Diğer > Gençlik Kitapları > Edebiyat > Kitap > Orijinal Dil > İngilizce,Rachel Vincent,PEGASUS YAYINLARI,4 / 5 (17 oy),140,13,1,18,"249,00",03.04.2015,TÜRKÇE,312,Karton Kapak,13.5 x 21 cm,Kitap Kağıdı,104,5
Gemisini Kurtaran Anne Baba,Kitap > Psikoloji > Genel > Kitap > Eğitim > Annelik-Babalık-Aile,Soner Yatgın,ARİON YAYINLARI,5 / 5 (11 oy),127,4,1,9,"360,00",09.08.2025,TÜRKÇE,188,Karton Kapak,14 x 20 cm,2. Hm. Kağıt,353,8
Her Nefes Bir Umut,Kitap > Edebiyat > Diğer,Ebru Boranlıoğlu Tekin,TRUVA YAYINLARI,5 / 5 (6 oy),22,2,0,4,"210,00",03.06.2024,TÜRKÇE,216,Karton Kapak,13.5 x 21 cm,Kitap Kağıdı,192,6
Başka DünyalarUzayda Yaşam Arayışımız,Kitap > Bilim & Mühendislik > Diğer,Özgür Barış Etli,URZENİ,4 / 5 (2 oy),101,4,0,7,"230,00",08.06.2021,TÜRKÇE,122,Karton Kapak,13.5 x 21 cm,Kitap Kağıdı,111,2
İstanbul Şehremaneti,Kitap > Edebiyat > İnceleme,Tarkan Oktay,YEDİTEPE YAYINEVİ-KAMPANYA,4 / 5 (27 oy),82,12,2,10,"430,00",01.09.2011,TÜRKÇE,422,Karton Kapak,13.5 x 21 cm,Kitap Kağıdı,234,10
Beklenmedik Koşullar,Kitap > Edebiyat > Roman (Çeviri),Lauren Asher,OLİMPOS YAYINLARI,4 / 5 (59 oy),1.704,98,9,106,"349,00",06.02.2023,TÜRKÇE,472,Karton Kapak,13.5 x 21 cm,Kitap Kağıdı,2010,36
Tek Parça Kadın,Kitap > Edebiyat > Roman (Çeviri),Perumal Murugan,DEDALUS KİTAP,4 / 5 (7 oy),89,14,0,8,"200,00",30.09.2024,TÜRKÇE,180,Karton Kapak,13 x 20 cm,Kitap Kağıdı,161,5
Ruhlar Arasındaki Büyücü,Kitap > Psikoloji > İnceleme,Harry  Houdini,SARMAL KİTABEVİ,5 / 5 (1 oy),10,1,0,0,"300,00",06.02.2024,TÜRKÇE,311,Karton Kapak,13.5 x 19.5 cm,Kitap Kağıdı,9,1
Unutulmaz Yolculukların Hüzünlü Gezgini,Kitap > Edebiyat > Anı (Hatırat),Dr. Filiz Besim,SARMAL KİTABEVİ,Puan Yok,4,0,0,0,"270,00",15.03.2021,TÜRKÇE,170,Karton Kapak,13 x 20 cm,Kitap Kağıdı,8,0
Demokrasilerin EvrimiGeçmişte ve Şimdi,Kitap > Siyaset > Araştırma-İnceleme,Ali Demirsoy,SARMAL KİTABEVİ,5 / 5 (3 oy),56,5,1,1,"250,00",07.07.2023,TÜRKÇE,181,Karton Kapak,13.5 x 19.5 cm,Kitap Kağıdı,119,3
Yavuz ve MidilliOsmanlı'nın Son Savaşı,Kitap > Tarih > Araştırma-İnceleme,Özer Öner,YEDİTEPE YAYINEVİ-KAMPANYA,5 / 5 (21 oy),179,14,3,9,"600,00",02.02.2012,TÜRKÇE,307,Karton Kapak,20 x 27 cm,Kitap Kağıdı,166,8
Kolomb Macerası,Kitap > Edebiyat > Roman (Çeviri) > Kitap > Orijinal Dil > İngilizce,Steve Berry,BİLGE KÜLTÜR SANAT,5 / 5 (34 oy),133,25,2,28,"370,00",12.09.2015,TÜRKÇE,504,Karton Kapak,12.5 x 19.5 cm,Kitap Kağıdı,329,13
Başarının SırrıMehmet Yayla’nın Hayat Öyküsü,Kitap > Edebiyat > Biyografi-Otobiyografi > Kitap > Kişisel Gelişim,Teoman Sabri,HAYY KİTAP - KAMPANYA,3 / 5 (3 oy),55,2,0,5,"150,00",12.03.2020,TÜRKÇE,96,Karton Kapak,13.5 x 21 cm,Kitap Kağıdı,140,0
Yahudi Mezhepleri Ferisilik ve Sadukilik Giriş,Kitap > Tarih > Araştırma-İnceleme,Julius Wellhausen,SAY YAYIN GRUBU-KAMPANYA,3 / 5 (6 oy),164,5,0,1,"350,00",18.10.2023,TÜRKÇE,328,Karton Kapak,13.5 x 21 cm,Kitap Kağıdı,84,2
La BohémeOpera Klasikleri: 08,Kitap > Sanat > Diğer,Giacomo Puccini,FİHRİST KİTAP,4 / 5 (1 oy),22,4,0,0,"229,50",27.03.2024,TÜRKÇE,154,Karton Kapak,13 x 19.5 cm,Kitap Kağıdı,34,0
Bilimkurgu Sinemasında Mitolojik Anlatım,Kitap > Sinema-Tiyatro,Aslı Arıcı Sevinç,URZENİ,5 / 5 (2 oy),30,2,1,4,"200,00",20.02.2021,TÜRKÇE,157,Karton Kapak,13 x 20 cm,Kitap Kağıdı,77,1
Fotoğraftan Sonra İmajların İstilası,Kitap > Sanat > Fotoğraf,H. Murat Filinte,BİYOGRAFİ.NET,5 / 5 (1 oy),19,1,0,1,"150,00",27.05.2021,TÜRKÇE,128,Karton Kapak,14 x 20.5 cm,Kitap Kağıdı,110,0
50 Maddede Mutluluk,Kitap > Felsefe-Düşünce > Diğer,Orhan Tüleylioğlu,DESTEK YAYIN GRUBU-KAMPANYA,5 / 5 (1 oy),9,1,0,0,"260,00",17.07.2020,TÜRKÇE,304,Karton Kapak,11.5 x 17.5 cm,Kitap Kağıdı,6,0
Sorokin’in Toplum Felsefesi,Kitap > Sosyoloji > Sosyologlar,Fahri Atasoy,NET KİTAPLIK YAYINCILIK,4 / 5 (3 oy),47,2,2,3,"270,00",20.07.2023,TÜRKÇE,152,Karton Kapak,13.5 x 21 cm,Kitap Kağıdı,35,1
Türkiye’nin İsrail Politikası,Kitap > Siyaset > Araştırma-İnceleme,Çiğdem Bayraktar Ör,DESTEK YAYIN GRUBU-KAMPANYA,4 / 5 (1 oy),34,1,0,0,"320,00",17.10.2024,TÜRKÇE,368,Karton Kapak,13.5 x 21 cm,Kitap Kağıdı,31,1
One DirectionHayallerin Peşinde,Kitap > Müzik > Müzisyenler,One Direction,PEGASUS YAYINLARI,4 / 5 (49 oy),525,26,1,33,"299,00",30.01.2013,TÜRKÇE,288,Karton Kapak,15 x 20 cm,Kuşe Kağıt,1593,21
Güzel Ölüler -3,Kitap > Edebiyat > Roman (Çeviri) > Kitap > Orijinal Dil > İngilizce,Eden Maguire,PEGASUS YAYINLARI,4 / 5 (4 oy),80,4,0,5,"249,00",21.06.2013,TÜRKÇE,280,Karton Kapak,13.5 x 21 cm,Kitap Kağıdı,33,1
Türkiye'de Darbeler ve Darbelerde ABD'nin Rolü,Kitap > Siyaset > Araştırma-İnceleme,Çetin Orhan,ALAN YAYINCILIK,5 / 5 (3 oy),51,4,0,4,"480,00",24.02.2023,TÜRKÇE,472,Karton Kapak,13.5 x 19.5 cm,Kitap Kağıdı,131,2
Avolon Okçuları Serisi Özel Set (3 Kitap),Kitap > Edebiyat > Roman (Çeviri),Chelsea Fine,PEGASUS YAYINLARI,4 / 5 (21 oy),315,19,0,27,"847,00",Bilgi Yok,TÜRKÇE,1208,Karton Kapak,13.5 x 21 cm,Kitap Kağıdı,299,14
Hans Huckebein: Talihsiz KuzgunTüftüfCumartesi Akşamı Banyosu,Kitap > Eğlence-Mizah > Çizgi Roman,Wilhelm Busch,FİHRİST KİTAP,5 / 5 (9 oy),67,10,1,11,"119,50",21.08.2023,TÜRKÇE,60,Karton Kapak,13 x 19.5 cm,Kitap Kağıdı,78,6
Türkiye’de ve Dünya’da Engelli Dostu Sosyal Politikalar,Kitap > Siyaset > Diğer > Kitap > Sosyoloji > Diğer,Prof. Dr. Ali Seyyar,RAĞBET YAYINLARI-KAMPANYA,4 / 5 (9 oy),33,4,2,6,"744,00",15.10.2015,TÜRKÇE,496,Karton Kapak,15.5 x 23.5 cm,Kitap Kağıdı,173,2
Dördüncü Bozgun,Kitap > Siyaset > Araştırma-İnceleme,Hüseyin Özbek,DOĞU KİTABEVİ,5 / 5 (1 oy),9,1,0,0,"364,00",23.06.2022,TÜRKÇE,304,Karton Kapak,13.5 x 19.5 cm,Kitap Kağıdı,211,0
Geronimo,Kitap > Tarih > Kişiler > Kitap > Kültür > Kültür Tarihi,S. M. Barret,DESTEK YAYIN GRUBU-KAMPANYA,4 / 5 (19 oy),138,10,3,19,"140,00",27.05.2021,TÜRKÇE,152,Karton Kapak,13.5 x 21 cm,Kitap Kağıdı,147,8
Şairin 12'si,Kitap > Diğer > Söyleşi,Ayhan Şahin,FİHRİST KİTAP,Puan Yok,16,1,0,1,"234,50",10.03.2022,TÜRKÇE,156,Karton Kapak,13 x 19.5 cm,Kitap Kağıdı,15,0
Büyük Frederik Anti-Makyavel,Kitap > Edebiyat > Deneme (Çeviri),Voltaire,YEDİTEPE YAYINEVİ-KAMPANYA,5 / 5 (32 oy),291,26,1,22,"150,00",06.10.2016,TÜRKÇE,160,Karton Kapak,13.5 x 21 cm,Kitap Kağıdı,473,9
Göçmen Bavulu,Kitap > Sosyoloji > Araştırma-İnceleme,Cemil Şahinöz,LEJAND,5 / 5 (2 oy),52,3,0,5,"130,00",28.07.2022,TÜRKÇE,108,Karton Kapak,13 x 19.5 cm,Kitap Kağıdı,262,2
Gözlemci Olarak Buradayız,Kitap > Edebiyat > Roman (Yerli),Emirhan Burak Aydın,DEDALUS KİTAP,4 / 5 (40 oy),142,38,2,28,"60,00",02.01.2018,TÜRKÇE,238,Karton Kapak,13 x 20 cm,Kitap Kağıdı,530,15
Takı Yapım Teknikleri 2,Kitap > Hobi > El İşleri,Nuran Sarısoy,İNKILAP KİTABEVİ-KAMPANYA,5 / 5 (4 oy),144,0,1,1,"415,00",22.02.2007,TÜRKÇE,208,Karton Kapak,21 x 29.5 cm,Kitap Kağıdı,135,1
Doğa ve Yaşam,Kitap > Felsefe-Düşünce > Diğer,Alfred North Whitehead,SAY YAYIN GRUBU-KAMPANYA,3 / 5 (2 oy),77,3,1,3,"150,00",20.01.2023,TÜRKÇE,64,Karton Kapak,13.5 x 21 cm,Kitap Kağıdı,69,0
Başkaldırı / Eve 3,Kitap > Edebiyat > Roman (Çeviri) > Kitap > Orijinal Dil > İngilizce,Anna Carey,PEGASUS YAYINLARI,5 / 5 (13 oy),68,6,0,10,"269,00",09.10.2015,TÜRKÇE,288,Karton Kapak,13.5 x 21 cm,Kitap Kağıdı,45,1
Anadolu Tasavvufu,Kitap > Din > Felsefe-Sosyoloji-Psikoloji,Akın Gülyurt,LEJAND,5 / 5 (18 oy),162,12,1,10,"250,00",06.02.2025,TÜRKÇE,270,Karton Kapak,13 x 19.5 cm,Kitap Kağıdı,649,9
Ay Çöreği,Kitap > Kültür > Kültür Yazıları > Kitap > Edebiyat > Deneme (Yerli),Mustafa Arslantunalı,İLETİŞİM YAYINLARI KAMPANYA,5 / 5 (6 oy),65,16,1,2,"202,00",09.01.2020,TÜRKÇE,347,Karton Kapak,13 x 19.5 cm,Kitap Kağıdı,130,0
Açlık Oyunları Haraçları Tanıyalım,Kitap > Edebiyat > Roman (Çeviri),Kate Egan,PEGASUS YAYINLARI - KAMPANYA,4 / 5 (84 oy),552,54,3,77,"299,00",05.03.2012,TÜRKÇE,128,Karton Kapak,13.3 x 20.3 cm,Kitap Kağıdı,1365,32
Atatürk’ten Menderes’e Güneydoğu Kalkınması,Kitap > Siyaset,Ramazan Topdemir,TRUVA YAYINLARI,3 / 5 (1 oy),11,2,0,0,"175,00",15.08.2023,TÜRKÇE,168,Karton Kapak,13.5 x 21 cm,Kitap Kağıdı,63,0
Yeni Dünya Amerika-Philadelphia 1693,Kitap > Edebiyat > Roman (Yerli),Dr. Maksut Sarı,DOĞU KİTABEVİ,5 / 5 (1 oy),19,0,0,1,"263,00",01.08.2024,TÜRKÇE,208,Karton Kapak,13.5 x 19.5 cm,Kitap Kağıdı,13,1
Aynada Başkasını Aramak,Kitap > Edebiyat > Diğer,Emre Ağanoğlu,EPONA KİTAP,Puan Yok,2,0,0,0,"158,00",03.05.2024,TÜRKÇE,48,Karton Kapak,12 x 19 cm,Kitap Kağıdı,24,0
RomantizmKısa Bir Giriş,Kitap > Felsefe-Düşünce > Diğer,Michael Ferber,SAY YAYIN GRUBU-KAMPANYA,Puan Yok,98,3,1,0,"250,00",12.06.2020,TÜRKÇE,192,Karton Kapak,13.5 x 21 cm,Kitap Kağıdı,69,0
Lirik Prenses Tezer,Kitap > Edebiyat > Roman (Yerli),Selda Terek Bilecen,DESTEK YAYIN GRUBU-KAMPANYA,4 / 5 (42 oy),105,28,5,38,"350,00",07.04.2017,TÜRKÇE,312,Karton Kapak,13.5 x 19.5 cm,Kitap Kağıdı,248,22
Simetrik Can Alıcı Diriliş,Kitap > Edebiyat > Şiir (Yerli),Mehmet Metin Tavukçu,SARMAL KİTABEVİ,Puan Yok,1,0,0,0,"140,00",10.04.2021,TÜRKÇE,89,Karton Kapak,13.5 x 21 cm,Kitap Kağıdı,17,0
Taş Tüter Duman Çatlar,Kitap > Edebiyat > Hikaye (Yerli),Serkan Gülpınar,EPONA KİTAP,Puan Yok,14,4,1,1,"234,00",26.03.2024,TÜRKÇE,157,Karton Kapak,12.5 x 19.5 cm,Kitap Kağıdı,302,0
Sıradışı Bir Siyasetçi: Kasım GülekHayatı ve Siyasi Faaliyetleri,Kitap > Siyaset > Biyografi-Otobiyografi,Meral Balcı,YEDİTEPE YAYINEVİ-KAMPANYA,5 / 5 (31 oy),144,16,3,17,"320,00",09.04.2015,TÜRKÇE,342,Karton Kapak,13.5 x 21 cm,Kitap Kağıdı,348,17
Kıbrıs ve Doğu Akdeniz Araştırmaları,Kitap > Kültür > Arkeoloji > Kitap > Siyaset > Kıbrıs > Kitap > Akademik > Tarih İnceleme,Gökçe Yükselen Peler,Mİ YAYINLARI,Puan Yok,32,2,1,0,"999,00",06.02.2024,TÜRKÇE,600,Karton Kapak,15 x 23 cm,Kitap Kağıdı,25,0
Sen de Vur Hocam,Kitap > Edebiyat > Diğer,Galip  Duman,EMRE YAYINLARI,5 / 5 (1 oy),5,0,0,1,"260,00",01.03.2023,TÜRKÇE,288,Karton Kapak,13.5 x 21 cm,Kitap Kağıdı,564,1
"Laik Devlet Kuşatma AltındaAvrupa ve Amerika’da Hıristiyanlık, İslam ve Siyaset",Kitap > Din > İslamiyet > Kitap > Din > Hristiyanlık > Kitap > Siyaset > Araştırma-İnceleme,Christian Joppke,SAY YAYIN GRUBU-KAMPANYA,3 / 5 (6 oy),112,4,1,1,"300,00",14.02.2018,TÜRKÇE,352,Karton Kapak,13.5 x 21 cm,Kitap Kağıdı,61,1
Halkla İlişkiler Ne Değildir?,Kitap > Diğer > Reklamcılık-Halkla İlişkiler,Kolektif,SAY YAYIN GRUBU-KAMPANYA,5 / 5 (2 oy),17,0,1,0,"300,00",20.05.2014,TÜRKÇE,400,Karton Kapak,13.5 x 21 cm,Kitap Kağıdı,25,0
İzmir Çıkmazı,Kitap > Edebiyat > Tarihi Roman,Charles Thoma,BİLGE KÜLTÜR SANAT,4 / 5 (22 oy),111,15,2,14,"360,00",12.02.2016,TÜRKÇE,448,Karton Kapak,12.5 x 19.5 cm,Kitap Kağıdı,263,8
80 Gün Aşkın Rengi,Kitap > Edebiyat > Roman (Çeviri) > Kitap > Orijinal Dil > İngilizce,Vina Jackson,PEGASUS YAYINLARI,4 / 5 (20 oy),132,7,2,23,"299,00",06.07.2013,TÜRKÇE,336,Karton Kapak,13.5 x 21 cm,Kitap Kağıdı,213,5
Sosyalizm,Kitap > Siyaset > Araştırma-İnceleme,Peter Lamb,LİBERUS,4 / 5 (2 oy),102,6,0,0,"220,00",26.05.2023,TÜRKÇE,174,Karton Kapak,13 x 19.5 cm,Kitap Kağıdı,150,0
Tevhid Adalet Özgürlük / Yeniden Düşünmek,Kitap > İslam > Diğer,Ahmet Özcan,YARIN YAYINCILIK,5 / 5 (5 oy),27,3,0,2,"210,50",21.12.2021,TÜRKÇE,148,Karton Kapak,13.5 x 21 cm,Kitap Kağıdı,85,1
Hürriyet Adalet Müsavat,Kitap > Tarih > Siyasal Tarih,Mehmet Esat Işık,MAVİ GÖK YAYINLARI,5 / 5 (1 oy),37,0,0,2,"162,00",12.02.2024,TÜRKÇE,56,Karton Kapak,13 x 19.5 cm,Kitap Kağıdı,48,0
Gençler İçin Deprem ve TsunamiSoru Oyun Ve Deneylerle Anlama,Kitap > Bilim & Mühendislik > Diğer,Eşref Atabey,SARMAL KİTABEVİ,5 / 5 (1 oy),34,3,0,3,"200,00",25.05.2021,TÜRKÇE,170,Karton Kapak,13 x 19.5 cm,Kitap Kağıdı,38,1
Ay'a Yolculuk,Kitap > Edebiyat > Bilimkurgu-Fantazya,George Tucker,FİHRİST KİTAP,5 / 5 (4 oy),37,6,0,5,"299,50",09.08.2021,TÜRKÇE,214,Karton Kapak,13 x 19.5 cm,Kitap Kağıdı,152,1
Gaslight,Kitap > Siyaset > Araştırma-İnceleme,Yılmaz Özdil,SİA KİTAP,5 / 5 (125 oy),1.642,237,26,196,"350,00",25.10.2023,TÜRKÇE,600,Karton Kapak,13.7 x 23 cm,Kitap Kağıdı,5654,80
Bosna'da Egemenlik Sorunu- Dayton Anlaşması,Kitap > Siyaset > Bölgeler-Ülkeler > Kitap > Siyaset > Araştırma-İnceleme,Esat Ertaç Erbesler,BİYOGRAFİ.NET,5 / 5 (2 oy),30,1,0,0,"250,00",18.03.2021,TÜRKÇE,224,Karton Kapak,13.5 x 21 cm,Kitap Kağıdı,45,1
Hayatın Yarası,Kitap > Edebiyat > Anı (Hatırat),Bilgi Yok,YEDİTEPE YAYINEVİ-KAMPANYA,5 / 5 (4 oy),20,5,0,1,"250,00",13.10.2016,TÜRKÇE,286,Karton Kapak,13.5 x 21 cm,Kitap Kağıdı,31,2
Güç Oyunu,Kitap > Edebiyat > Roman (Çeviri) > Kitap > Orijinal Dil > İngilizce,Joseph Finder,BİLGE KÜLTÜR SANAT,4 / 5 (20 oy),125,9,0,23,"300,00",13.02.2008,TÜRKÇE,336,Karton Kapak,13.5 x 21.5 cm,Kitap Kağıdı,162,9
İçimdeki Duvarlar / Koşulsuz 1. Kitap,Kitap > Edebiyat > Roman (Yerli),Esra Güntay Beyatlı,SAY YAYIN GRUBU-KAMPANYA,2 / 5 (1 oy),9,1,0,0,"200,00",09.03.2017,TÜRKÇE,272,Karton Kapak,13.5 x 21 cm,Kitap Kağıdı,11,0
Müslümanların Gözüyle Haçlı Seferleri,Kitap > Tarih > Araştırma-İnceleme,Paul M. Cobb,SAY YAYIN GRUBU-KAMPANYA,5 / 5 (19 oy),285,23,2,6,"400,00",15.11.2018,TÜRKÇE,464,Karton Kapak,13.5 x 21 cm,Kitap Kağıdı,208,5
Demir Orkide,Kitap > Edebiyat > Roman (Çeviri),Stuart Woods,BİLGE KÜLTÜR SANAT,4 / 5 (20 oy),70,8,1,12,"240,00",20.08.2007,TÜRKÇE,280,Karton Kapak,13.5 x 21.5 cm,Kitap Kağıdı,143,7
Kuzucuk,Kitap > Çocuk Kitapları > Hikaye,Müjdat Gezen,BİLGE KÜLTÜR SANAT,4 / 5 (14 oy),67,8,2,3,"120,00",01.01.2010,TÜRKÇE,60,Karton Kapak,13.5 x 19.5 cm,Kitap Kağıdı,239,2
Oscar Pill Serisi Takım Set (2 Kitap),Kitap > Edebiyat > Roman (Çeviri),Eli Anderson,PEGASUS YAYINLARI,5 / 5 (1 oy),61,4,0,1,"590,00",02.03.1970,TÜRKÇE,1184,Karton Kapak,13.5 x 21 cm,Kitap Kağıdı,36,1
Nıetzche'de Kültür ve Hakikat,Kitap > Felsefe-Düşünce > Diğer,Fikret  Demirci,URZENİ,Puan Yok,16,0,0,0,"170,00",05.10.2023,TÜRKÇE,125,Karton Kapak,13.5 x 19.5 cm,Kitap Kağıdı,19,0
Ye Dua Et EvlenBir Aşk Hikayesi,Kitap > Edebiyat > Roman (Çeviri) > Kitap > Orijinal Dil > İngilizce,Elizabeth Gilbert,PEGASUS YAYINLARI,4 / 5 (19 oy),319,7,1,29,"299,00",01.10.2010,TÜRKÇE,344,Karton Kapak,13.5 x 21 cm,Kitap Kağıdı,319,25
Sufi’nin Yolu,Kitap > İslam > Tasavvuf,İdris Şah,DESTEK YAYIN GRUBU-KAMPANYA,5 / 5 (3 oy),26,6,0,0,"300,00",05.07.2022,TÜRKÇE,328,Karton Kapak,13.5 x 21 cm,Kitap Kağıdı,46,2
On Dakika,Kitap > Edebiyat > Roman (Çeviri),Chiara Gamberale,PEGASUS YAYINLARI,4 / 5 (169 oy),663,136,7,178,"249,00",22.02.2017,TÜRKÇE,232,Karton Kapak,13.5 x 21 cm,Kitap Kağıdı,3959,93
Althusser ve Yeni Marksist Toplumsal Kuram,Kitap > Felsefe-Düşünce > Diğer,Robert P. Resch,URZENİ,Puan Yok,30,1,0,0,"600,00",03.03.2023,TÜRKÇE,619,Karton Kapak,13.5 x 19.5 cm,Kitap Kağıdı,37,0
Aylak Sınıfın Kuramı,Kitap > Sosyoloji > Araştırma-İnceleme,Thorstein Veblen,URZENİ,5 / 5 (9 oy),237,12,1,5,"300,00",07.02.2022,TÜRKÇE,278,Karton Kapak,14 x 22 cm,Kitap Kağıdı,257,2
Tapu ve Anahtar,Kitap > Edebiyat > Hikaye (Yerli),Bekir Hamurcu,ARİON YAYINLARI,Puan Yok,3,0,0,1,"360,00",09.08.2025,TÜRKÇE,272,Karton Kapak,13.5 x 21 cm,Kitap Kağıdı,204,0
Sırasına Göre Keyfim Gayfe Öte’a’nazi,Kitap > Edebiyat > Şiir (Yerli),Neslihan Yalman,EPONA KİTAP,Puan Yok,6,0,1,1,"178,00",11.02.2022,TÜRKÇE,80,Karton Kapak,12.5 x 19.5 cm,Kitap Kağıdı,172,0
Olağanüstü Anlar İçin Ev Yapımı Mucizeler,Kitap > Kişisel Gelişim,Bircan Yıldırım,DESTEK YAYIN GRUBU-KAMPANYA,Puan Yok,98,6,0,1,"200,00",17.05.2023,TÜRKÇE,176,Karton Kapak,13.5 x 21 cm,Kitap Kağıdı,129,0
Mustafa Kemal'le Sohbet,Kitap > Siyaset > Araştırma-İnceleme,Cemal Duruk,SARMAL KİTABEVİ,Puan Yok,11,0,0,1,"240,00",06.11.2020,TÜRKÇE,188,Karton Kapak,13 x 20 cm,Kitap Kağıdı,13,0
İlk Acı,Kitap > Edebiyat > Diğer,Melissa P.,DESTEK YAYIN GRUBU-KAMPANYA,Puan Yok,24,0,0,0,"180,00",09.12.2020,TÜRKÇE,192,Karton Kapak,13.5 x 19.5 cm,Kitap Kağıdı,6,0
Vatan Sevdalısı Atatürk,Kitap > Tarih > Araştırma-İnceleme,Mehmet Işık,YEDİVEREN YAYIN GRUBU - KAMPANYA,Puan Yok,26,0,0,0,"224,00",19.11.2020,TÜRKÇE,304,Karton Kapak,13.5 x 19.5 cm,Kitap Kağıdı,8,0
Ne Yapmalı,Kitap > Siyaset > Aktüel Siyaset,Metin Aydoğan,SAY YAYIN GRUBU-KAMPANYA,5 / 5 (7 oy),122,3,1,4,"350,00",01.01.2011,TÜRKÇE,232,Karton Kapak,13.5 x 21.5 cm,Kitap Kağıdı,144,8
II. Meşrutiyet ve Milli Mücadele Yıllarında Kürt-Ermeni İlişkileri,Kitap > Tarih,Bayram Ayna,URZENİ,4 / 5 (3 oy),59,5,1,3,"320,00",20.02.2021,TÜRKÇE,425,Karton Kapak,13 x 20 cm,Kitap Kağıdı,59,3
21.Yüzyılda Planlama,Kitap > Ekonomi > Araştırma-İnceleme,Bilgi Yok,NİKA YAYINEVİ,5 / 5 (6 oy),30,7,0,6,"250,00",14.12.2013,TÜRKÇE,384,Karton Kapak,13.5 x 19.5 cm,Kitap Kağıdı,152,3
Masumların Katli,Kitap > Edebiyat > Roman (Yerli),Çağlayan Babacan,MOTTO,5 / 5 (10 oy),23,4,0,5,"467,00",07.07.2020,TÜRKÇE,492,Karton Kapak,13.5 x 21 cm,Kitap Kağıdı,99,8
Toplumsal Siyaset,Kitap > Siyaset > Siyaset Bilimi,Ayşegül Yaraman,SARMAL KİTABEVİ,5 / 5 (1 oy),13,0,0,1,"300,00",20.03.2024,TÜRKÇE,290,Karton Kapak,13.5 x 19.5 cm,Kitap Kağıdı,30,0
Ülkem ve Ben,Kitap > Siyaset > Hatıralar > Kitap > Siyaset > Bölgeler-Ülkeler,Esedullah Oğuz,TRUVA YAYINLARI,4 / 5 (13 oy),204,17,1,21,"275,00",20.06.2022,TÜRKÇE,328,Karton Kapak,13.5 x 21 cm,Kitap Kağıdı,381,6
Mutfak,Kitap > Sinema-Tiyatro > Oyun (Yerli),Murathan Mungan,METİS YAYINLARI,4 / 5 (16 oy),161,8,1,12,"196,00",06.12.2021,TÜRKÇE,160,Karton Kapak,12.5 x 19.5 cm,Kitap Kağıdı,139,7
Günaydın Deme Sanatı,Kitap > Kişisel Gelişim,Akgün Akova,DESTEK YAYIN GRUBU-KAMPANYA,5 / 5 (1 oy),37,1,0,1,"280,00",30.07.2021,TÜRKÇE,232,Karton Kapak,13.5 x 19.5 cm,Kitap Kağıdı,11,1
Dört Dilli Zaza Eremedi PivazaMisto'nun Hikayesi,Kitap > Edebiyat > Roman (Yerli),Hasan Sönmez,SARMAL KİTABEVİ,5 / 5 (1 oy),10,0,0,2,"250,00",01.11.2022,TÜRKÇE,265,Karton Kapak,13.5 x 19.5 cm,Kitap Kağıdı,32,0
Sporun DNA Kodları,Kitap > Sağlık-Tıp > Diğer,Gökhan Yılmaz,SİYAH KUĞU KAMPANYA,4 / 5 (5 oy),50,7,0,2,"100,00",03.03.2019,TÜRKÇE,152,Karton Kapak,13.5 x 21 cm,Kitap Kağıdı,113,2
Uzun YolSeferberlik Anıları,Kitap > Edebiyat > Anı (Hatırat),İsmail Metin,URZENİ,Puan Yok,4,0,0,1,"450,00",24.08.2023,TÜRKÇE,462,Karton Kapak,14 x 22 cm,Kitap Kağıdı,8,0
Hüznün Gölgesinde Aşk,Kitap > Edebiyat > Roman (Çeviri) > Kitap > Orijinal Dil > İngilizce,Susan Mallery,PEGASUS YAYINLARI,5 / 5 (31 oy),202,9,0,39,"299,00",31.10.2013,TÜRKÇE,336,Karton Kapak,13.5 x 21 cm,Kitap Kağıdı,228,12
Olumlu Düşünce El Kitabı,Kitap > Kişisel Gelişim,Dr. Şahika Erer,URZENİ,5 / 5 (1 oy),36,1,0,1,"200,00",29.06.2021,TÜRKÇE,132,Karton Kapak,13.5 x 21 cm,Kitap Kağıdı,63,1
Rüya Depremi / Rüya Avcısı 2. Kitap,Kitap > Diğer > Gençlik Kitapları > Edebiyat > Kitap > Orijinal Dil > İngilizce,Elizabeth Knox,PEGASUS YAYINLARI,5 / 5 (1 oy),58,3,0,4,"299,00",21.08.2014,TÜRKÇE,448,Karton Kapak,13.5 x 21 cm,Kitap Kağıdı,3,1
Tutsak Yüreğim,Kitap > Edebiyat > Roman (Çeviri) > Kitap > Orijinal Dil > İngilizce,Susan Wiggs,PEGASUS YAYINLARI,4 / 5 (22 oy),339,9,0,30,"299,00",16.08.2011,TÜRKÇE,424,Karton Kapak,13.5 x 21 cm,Kitap Kağıdı,295,19
Erich Fromm’un Önemi,Kitap > Psikoloji > İnceleme,Rainer Funk,SAY YAYIN GRUBU-KAMPANYA,5 / 5 (3 oy),91,4,0,4,"200,00",02.01.2024,TÜRKÇE,104,Karton Kapak,13.5 x 21 cm,Kitap Kağıdı,59,1
Tüm Yönleriyle Burçlar,Kitap > Diğer > Astroloji,Nil Peri Gökçe,SİS YAYINCILIK,5 / 5 (3 oy),31,2,1,4,"300,00",07.07.2025,TÜRKÇE,318,Karton Kapak,13.5 x 19.5 cm,Kitap Kağıdı,42,3
Bir Aşk Sayfası,Kitap > Edebiyat > Roman (Çeviri),Emile Zola,İSKELE YAYINCILIK,4 / 5 (41 oy),312,38,7,57,"155,00",31.07.2005,TÜRKÇE,318,Karton Kapak,13.5 x 19.5 cm,Kitap Kağıdı,496,27
Müşfikti Gece,Kitap > Edebiyat > Roman (Çeviri) > Kitap > Orijinal Dil > İngilizce,F. Scott Fitzgerald,BİLGE KÜLTÜR SANAT,4 / 5 (26 oy),323,29,2,16,"320,00",05.04.2010,TÜRKÇE,352,Karton Kapak,13.5 x 21.5 cm,Kitap Kağıdı,351,11
Büyük Aptallıklar KitabıTarihe Geçmiş En Büyük Fiyaskolar,Kitap > Kültür > Popüler Kültür,Ken Lytle,SAY YAYIN GRUBU-KAMPANYA,4 / 5 (10 oy),193,4,0,3,"300,00",01.02.2012,TÜRKÇE,240,Karton Kapak,11.5 x 21 cm,Kitap Kağıdı,104,5
Kırk Hikaye Bir Efsane Anadolu,Kitap > Kültür > Genel,40'lar Kulübü,40'LAR KULÜBÜ,5 / 5 (3 oy),25,2,0,3,"149,00",27.10.2015,TÜRKÇE,191,Karton Kapak,13.5 x 21 cm,Kitap Kağıdı,28,2
Deprem ve Toplumsal Hayat,Kitap > Sosyoloji > Araştırma-İnceleme,Dolunay Şenol,NET KİTAPLIK YAYINCILIK,Puan Yok,13,0,0,0,"750,00",05.06.2023,TÜRKÇE,496,Karton Kapak,13 x 20 cm,Kitap Kağıdı,16,0
Bugünün Diliyle Mevlana,Kitap > Edebiyat > İnceleme > Kitap > Edebiyat > Doğu Klasikleri,Bilgi Yok,SAY YAYIN GRUBU-KAMPANYA,4 / 5 (8 oy),76,3,0,3,"200,00",01.10.2010,TÜRKÇE,160,Karton Kapak,13.5 x 19.5 cm,Kitap Kağıdı,92,5
Bilgi Burjuvazisi / Bilginin Ekonomi Politiği Üzerine Bir Deneme,Kitap > Sosyoloji > Araştırma-İnceleme,Ali Necip Kartal Gülbahar,NİKA YAYINEVİ,4 / 5 (12 oy),32,8,4,3,"200,00",01.09.2018,TÜRKÇE,168,Karton Kapak,13.5 x 19.5 cm,Kitap Kağıdı,108,3
Mezarın Ötesindeki Eller,Kitap > Edebiyat > Polisiye,Henry Treat Sperry,KUMRAN YAYINLARI,Puan Yok,9,2,0,0,"290,00",26.08.2024,TÜRKÇE,240,Karton Kapak,12.5 x 19.5 cm,Kitap Kağıdı,5,0
Akademik Bakışla Beşiktaş Jk,Kitap > Spor > Futbol,Bilgi Yok,URZENİ,Puan Yok,40,2,0,0,"200,00",19.12.2023,TÜRKÇE,228,Karton Kapak,13.5 x 19.5 cm,Kitap Kağıdı,90,0
Batı Anadolu’da Ermeniler19. Yüzyıl Seyyahlarının Gözünden,Kitap > Tarih > Siyasal Tarih,Cengiz  Ergün,LEJAND,5 / 5 (3 oy),57,3,0,1,"215,00",19.08.2021,TÜRKÇE,224,Karton Kapak,13 x 19.5 cm,Kitap Kağıdı,131,1
Köpek Bisiklet Çalmamalı / Jeremy James'in Maceraları 8,"Kitap > Çocuk Kitapları > 6-12 Yaş > Hikaye, Roman & Masal > Kitap > Orijinal Dil > İngilizce",David Henry Wilson,İLETİŞİM YAYINLARI KAMPANYA,5 / 5 (7 oy),51,4,1,7,"80,00",25.04.2007,TÜRKÇE,107,Karton Kapak,13.5 x 19.5 cm,Kitap Kağıdı,280,3
Küçük Mucit Muço Yaşasın Cumhuriyet 100 Yaşında!,Kitap > Çocuk Kitapları > Diğer,Pelin Gezeryel,LOTİ KİTAP,Puan Yok,3,1,0,0,"118,00",24.04.2024,TÜRKÇE,96,Karton Kapak,13.5 x 19.5 cm,Kitap Kağıdı,651,0
Ve Şarkılar Mazide Kalır,Kitap > Edebiyat > Roman (Yerli),M. Dilek Kızmaz,FİHRİST KİTAP,4 / 5 (2 oy),20,2,0,1,"474,50",13.02.2023,TÜRKÇE,362,Karton Kapak,13 x 19.5 cm,Kitap Kağıdı,48,1
İçsavaş,Kitap > Tarih > Dünya > Kitap > Tarih > Çağlar-Dönemler,Gaius Julius Caesar,SAY YAYIN GRUBU-KAMPANYA,4 / 5 (20 oy),280,18,2,16,"200,00",05.09.2016,TÜRKÇE,192,Karton Kapak,13.5 x 21 cm,Kitap Kağıdı,226,7
"Nuri PakdilHayatı, Edebiyatı ve Eylemiyle",Kitap > Edebiyat > İnceleme,Murat Turna,LEJAND,5 / 5 (3 oy),85,3,1,3,"550,00",25.02.2021,TÜRKÇE,670,Karton Kapak,13 x 19.5 cm,Kitap Kağıdı,137,1
Skandal Aşıklar,Kitap > Edebiyat > Roman (Çeviri) > Kitap > Orijinal Dil > İngilizce,Sophie Jordan,PEGASUS YAYINLARI,4 / 5 (34 oy),110,9,0,35,"269,00",24.03.2015,TÜRKÇE,320,Karton Kapak,13.5 x 21 cm,Kitap Kağıdı,299,8
Einstein'ın Canavarları,Kitap > Bilim & Mühendislik > Popüler Bilim,Chris Impey,SAY YAYIN GRUBU-KAMPANYA,5 / 5 (5 oy),87,3,1,3,"450,00",03.02.2020,TÜRKÇE,360,Karton Kapak,13.5 x 21 cm,Kitap Kağıdı,53,0
Kadınlar İçin MachiavelliErkek Egemen Bir Dünyada Gücü Yeniden Kazanmak,Kitap > Kadın-Erkek > Kadın Kitapları,Stacey Vanek Smith,DESTEK YAYIN GRUBU-KAMPANYA,5 / 5 (1 oy),11,0,0,0,"340,00",05.01.2023,TÜRKÇE,344,Karton Kapak,13.5 x 21 cm,Kitap Kağıdı,6,0
Limen: İnsan ve Eşik,Kitap > Felsefe-Düşünce > Diğer,Efe Baştürk,LEJAND,5 / 5 (1 oy),20,2,1,1,"140,00",08.09.2023,TÜRKÇE,122,Karton Kapak,13 x 19.5 cm,Kitap Kağıdı,80,0
Armoni İpek Fabrikası,Kitap > Edebiyat > Roman (Çeviri),Tash Aw,SAY YAYIN GRUBU-KAMPANYA,4 / 5 (2 oy),52,1,1,1,"300,00",15.08.2008,TÜRKÇE,296,Karton Kapak,13.5 x 21 cm,Kitap Kağıdı,40,0
Çocuklar için Uygulamalarla Arduino,Kitap > Bilgisayar > Program Eğitimi,Bülent Çobanoğlu,ABAKÜS KİTAP - KAMPANYA,4 / 5 (1 oy),63,3,0,4,"280,00",22.11.2017,TÜRKÇE,184,Karton Kapak,22 x 22 cm,Kitap Kağıdı,95,1
Türk Adının Anlamı ve Türklerin Menşei,Kitap > Tarih > Araştırma-İnceleme,Engin Öztürk,URZENİ,5 / 5 (13 oy),52,3,0,3,"170,00",13.01.2023,TÜRKÇE,84,Karton Kapak,13.5 x 21 cm,Kitap Kağıdı,73,10
Vulkan'ın Yaratılışı,Kitap > Edebiyat > Roman (Çeviri),Jack du Brul,BİLGE KÜLTÜR SANAT,4 / 5 (10 oy),44,9,0,7,"285,00",03.11.2009,TÜRKÇE,336,Karton Kapak,13.5 x 21.5 cm,Kitap Kağıdı,83,7
FanatizmBir Fikrin Kullanımları Üzerine,Kitap > Sosyoloji > Araştırma-İnceleme > Kitap > Felsefe-Düşünce > Genel,Alberto Toscano,METİS YAYINLARI,4 / 5 (9 oy),286,15,1,1,"324,00",02.11.2013,TÜRKÇE,312,Karton Kapak,13 x 19.5 cm,Kitap Kağıdı,189,2
"Başardım, Çünkü...",Kitap > Kişisel Gelişim,Timuçin Fındık,SAY YAYIN GRUBU-KAMPANYA,1 / 5 (1 oy),10,0,0,0,"200,00",08.01.2013,TÜRKÇE,312,Karton Kapak,13.5 x 21 cm,Kitap Kağıdı,15,1
Ben Kazanmadan Bitmez,Kitap > Kişisel Gelişim,Bircan Yıldırım,DESTEK YAYIN GRUBU-KAMPANYA,5 / 5 (5 oy),1.231,76,10,44,"260,00",27.05.2020,TÜRKÇE,240,Karton Kapak,13.5 x 21 cm,Kitap Kağıdı,383,4
Sebebi Sende Gizli,Kitap > Kişisel Gelişim,Türkân Bayraktar Uzun,DESTEK YAYIN GRUBU-KAMPANYA,Puan Yok,5,0,0,0,"360,00",12.09.2023,TÜRKÇE,392,Karton Kapak,13.5 x 21 cm,Kitap Kağıdı,4,0
Altın Çağ,Kitap > Edebiyat > Roman (Çeviri),Tahmima Anam,BİLGE KÜLTÜR SANAT,5 / 5 (4 oy),61,3,1,8,"250,00",06.10.2009,TÜRKÇE,304,Karton Kapak,13.5 x 21.5 cm,Kitap Kağıdı,67,1
Güzelliğin Yol Haritası,Kitap > Kadın-Erkek > Güzellik-Bakım,Oya Arı,BİLGE KÜLTÜR SANAT,5 / 5 (1 oy),25,1,0,1,"340,00",21.05.2007,TÜRKÇE,264,Karton Kapak,22.5 x 24 cm,Kitap Kağıdı,27,0
Geleceğin CumhuriyetiSosyalizm Gerçeği,Kitap > Edebiyat > Bilimkurgu-Fantazya,Anna Bowman Dodd,FİHRİST KİTAP,5 / 5 (7 oy),65,4,1,6,"134,50",10.08.2021,TÜRKÇE,72,Karton Kapak,13 x 19.5 cm,Kitap Kağıdı,156,4
Soğuk Savaş Sonrası Çin-Hindistan İlişkileri,Kitap > Siyaset,Nezir Oğuş,URZENİ,5 / 5 (1 oy),53,4,0,1,"270,00",20.02.2021,TÜRKÇE,262,Karton Kapak,13 x 20 cm,Kitap Kağıdı,60,1
Modern İbrani Edebiyatı Tarihi,Kitap > Edebiyat > İnceleme,Gerşon Şaked,SİYASAL YAYIN GRUBU - KAMPANYA,4 / 5 (3 oy),59,4,0,0,"360,00",11.05.2007,TÜRKÇE,310,Karton Kapak,14 x 21.5 cm,Kitap Kağıdı,52,0
Aşk Esiri,Kitap > Edebiyat > Roman (Çeviri),Kathryn Caskie,PEGASUS YAYINLARI,4 / 5 (23 oy),151,7,0,22,"249,00",23.09.2014,TÜRKÇE,272,Karton Kapak,13.5 x 21 cm,Kitap Kağıdı,180,2
Hadisin Anlaşılmasında Arka Plan Bilgisi,Kitap > İslam > Araştırma-İnceleme,Hayati Yılmaz,MOTTO,5 / 5 (2 oy),33,5,0,4,"322,00",05.02.2025,TÜRKÇE,188,Karton Kapak,13.5 x 21 cm,Kitap Kağıdı,187,1
İslamcı Akımlar,Kitap > İslam > Araştırma-İnceleme,Beşir Musa Nafi,YARIN YAYINCILIK,5 / 5 (4 oy),174,11,0,3,"210,00",14.10.2020,TÜRKÇE,328,Karton Kapak,13.5 x 21 cm,Kitap Kağıdı,151,2
Sessiz Tanık,Kitap > Edebiyat > Roman (Yerli),Orhan T. Özdemir,SARMAL KİTABEVİ,Puan Yok,3,0,0,0,"270,00",11.01.2022,TÜRKÇE,278,Karton Kapak,13.5 x 21 cm,Kitap Kağıdı,6,0
Simyacı Romanındaki Gizemli Mesajların Analizi,Kitap > Edebiyat > Eleştiri,Ersin Özdil,SARMAL KİTABEVİ,5 / 5 (3 oy),66,7,0,2,"240,00",06.11.2020,TÜRKÇE,138,Karton Kapak,13 x 20 cm,Kitap Kağıdı,93,0
Beş Çember Kitabı,Kitap > Kişisel Gelişim,Miyamoto Musashi,URZENİ,5 / 5 (3 oy),241,14,0,12,"150,00",27.09.2023,TÜRKÇE,82,Karton Kapak,11 x 17 cm,Kitap Kağıdı,395,2
Bilim Savaşları,Kitap > Felsefe-Düşünce > Felsefe Bilimi,Ömer Faik Anlı,SİYASAL YAYIN GRUBU - KAMPANYA,5 / 5 (13 oy),126,11,1,9,"550,00",23.11.2016,TÜRKÇE,643,Karton Kapak,13.5 x 19.5 cm,Kitap Kağıdı,133,4
Yeni AmazonyaGelecekten Bir Kesit,Kitap > Edebiyat > Roman (Çeviri),Elizabeth Burgoyne Corbett,DEDALUS KİTAP,5 / 5 (4 oy),49,5,1,2,"160,00",14.06.2021,TÜRKÇE,156,Karton Kapak,13 x 20 cm,Kitap Kağıdı,166,1
Kozmik Hologram,Kitap > Psikoloji > İnceleme,Dr. Jude Currivan,SAY YAYIN GRUBU-KAMPANYA,4 / 5 (5 oy),93,6,0,1,"350,00",18.09.2018,TÜRKÇE,304,Karton Kapak,13.5 x 21 cm,Kitap Kağıdı,91,1
Kapital'in Ötesi,Kitap > Ekonomi > Doktrinler,Michael A. Lebowitz,SİYASAL YAYIN GRUBU - KAMPANYA,4 / 5 (6 oy),97,3,0,1,"360,00",09.08.2006,TÜRKÇE,317,Karton Kapak,13.5 x 19.5 cm,Kitap Kağıdı,65,1
İslam ve SınıfAlternatif Mücadele Pratikleri,Kitap > İslam > Kültür,Şennur Özdemir,NİKA YAYINEVİ,5 / 5 (14 oy),45,13,1,9,"390,00",01.11.2021,TÜRKÇE,504,Karton Kapak,13.5 x 19.5 cm,Kitap Kağıdı,142,4
Venedik İhaneti,Kitap > Edebiyat > Roman (Çeviri) > Kitap > Orijinal Dil > İngilizce,Füsun Talay,BİLGE KÜLTÜR SANAT,5 / 5 (26 oy),171,26,2,21,"375,00",05.01.2009,TÜRKÇE,488,Karton Kapak,13.5 x 21.5 cm,Kitap Kağıdı,333,11
Ortaçağdan Günümüze Hıristiyan Müslüman İlişkileri Tarihi,Kitap > Din > Tarih > Kitap > Din > İslamiyet > Kitap > Din > Hristiyanlık,Hugh Goddard,SAY YAYIN GRUBU-KAMPANYA,5 / 5 (17 oy),249,9,1,11,"350,00",12.02.2018,TÜRKÇE,312,Karton Kapak,13.5 x 21 cm,Kitap Kağıdı,209,4
Avrupa Birliği’nin Azınlıklar Politikası,Kitap > Siyaset > Araştırma-İnceleme,Gün Taş,URZENİ,Puan Yok,7,0,1,0,"420,00",06.02.2024,TÜRKÇE,462,Karton Kapak,13.5 x 19.5 cm,Kitap Kağıdı,10,0
Türk Ordusunda Alman Ruhu,Kitap > Tarih > Araştırma-İnceleme,Gerhard Grüßhaber,SAY YAYIN GRUBU-KAMPANYA,5 / 5 (3 oy),140,7,1,5,"350,00",18.02.2022,TÜRKÇE,448,Karton Kapak,13.5 x 21 cm,Kitap Kağıdı,76,1
Postmodernizm ve Popüler Kültür,Kitap > Kültür > Genel,Angela McRobbie,PARŞÖMEN,Puan Yok,32,2,0,0,"400,00",02.06.2023,TÜRKÇE,368,Karton Kapak,13.5 x 19.5 cm,Kitap Kağıdı,41,0
Relorya,Kitap > Edebiyat > Roman (Yerli),Özgün Özerk,PEGASUS YAYINLARI,4 / 5 (96 oy),282,69,3,71,"249,00",01.12.2011,TÜRKÇE,304,Karton Kapak,13.5 x 21 cm,Kitap Kağıdı,1592,52
Aşık Kuşlar,Kitap > Edebiyat > Roman (Çeviri) > Kitap > Orijinal Dil > İngilizce,Cecelia Ahern,PEGASUS YAYINLARI,5 / 5 (32 oy),253,18,1,32,"299,00",25.08.2014,TÜRKÇE,352,Karton Kapak,13.5 x 21 cm,Kitap Kağıdı,247,17
Ruh Hırsızı / Ruh Çığlığı -1,Kitap > Diğer > Gençlik Kitapları > Edebiyat > Kitap > Orijinal Dil > İngilizce,Rachel Vincent,PEGASUS YAYINLARI,4 / 5 (39 oy),430,17,1,36,"249,00",11.04.2014,TÜRKÇE,312,Karton Kapak,13.5 x 21 cm,Kitap Kağıdı,239,17
Göründüğün Kadar Varsın,Kitap > Edebiyat > Diğer,Pelin Kaya,DESTEK YAYIN GRUBU-KAMPANYA,Puan Yok,3,0,0,0,"180,00",02.06.2022,TÜRKÇE,152,Karton Kapak,13.5 x 19.5 cm,Kitap Kağıdı,72,0
Hikaye Devam EdiyorBir Canetti Projesi,Kitap > Edebiyat > Diğer,Kolektif,EPONA KİTAP,5 / 5 (2 oy),9,0,0,1,"148,00",05.07.2023,TÜRKÇE,220,Karton Kapak,12.5 x 19.5 cm,Kitap Kağıdı,80,1
Kısaca Moskova,Kitap > Tarih > Araştırma-İnceleme,Caroline Brooke,SAY YAYIN GRUBU-KAMPANYA,5 / 5 (3 oy),62,3,0,1,"450,00",17.11.2023,TÜRKÇE,360,Karton Kapak,13.5 x 21 cm,Kitap Kağıdı,30,1
Şiir Diliyle Yüce Allah’ın En Güzel İsimleri ve Kur’an’dan Yansımalar,Kitap > Edebiyat > Şiir (Yerli),Abdulkadir  Güllü,BİYOGRAFİ.NET,Puan Yok,12,1,0,2,"182,00",20.08.2021,TÜRKÇE,192,Karton Kapak,13 x 20 cm,Kitap Kağıdı,86,0
Mütevazı Hayat Hikayem,Kitap > Edebiyat > Diğer,Yusuf Sarıkaya,EMRE YAYINLARI,Puan Yok,10,3,0,2,"260,00",03.06.2024,TÜRKÇE,280,Karton Kapak,13.5 x 21 cm,Kitap Kağıdı,446,0
Babam ve Sevgilim,Kitap > Edebiyat > Roman (Çeviri) > Kitap > Orijinal Dil > İtalyanca,Fabio Volo,PEGASUS YAYINLARI,4 / 5 (134 oy),561,110,2,117,"269,00",21.05.2012,TÜRKÇE,304,Karton Kapak,13.5 x 21 cm,Kitap Kağıdı,3052,71
Türkiye Kaplıcaları,Kitap > Edebiyat > İnceleme,Fevziye Koç,BİLGE KÜLTÜR SANAT,5 / 5 (1 oy),16,3,0,1,"480,00",08.09.2011,TÜRKÇE,424,Karton Kapak,16.5 x 24 cm,Kitap Kağıdı,36,0
Mustafa Kemal'in Gönlünde İz Bırakan Kadınlar,Kitap > Siyaset > Araştırma-İnceleme,Muammer Yılmaz,SARMAL KİTABEVİ,Puan Yok,12,1,0,1,"170,00",05.07.2023,TÜRKÇE,96,Karton Kapak,13.5 x 19.5 cm,Kitap Kağıdı,19,0
İçeride Bir Sürü Denyo Var,Kitap > Edebiyat > Hikaye (Yerli),Tarık Tekoğul,EPONA KİTAP,5 / 5 (1 oy),13,0,0,1,"162,00",26.06.2024,TÜRKÇE,95,Karton Kapak,12.5 x 19.5 cm,Kitap Kağıdı,185,0
Sihir Ateşi (Sihir Ateşi 1. Kitap),Kitap > Edebiyat > Bilimkurgu-Fantazya > Kitap > Orijinal Dil > İngilizce,Cate Tiernan,PEGASUS YAYINLARI,4 / 5 (17 oy),169,8,2,11,"299,00",11.06.2014,TÜRKÇE,448,Karton Kapak,13.5 x 21 cm,Kitap Kağıdı,101,4
Alaçko,Kitap > Edebiyat > Şiir (Yerli),Vasfettin Yağız,EPONA KİTAP,4 / 5 (3 oy),9,5,0,1,"148,00",23.01.2024,TÜRKÇE,87,Karton Kapak,12.5 x 19.5 cm,Kitap Kağıdı,256,0
Son Cüret,Kitap > Tarih > Türkiye > Kitap > Tarih > Siyasal Tarih > Kitap > Tarih > Önemli Olaylar > Kitap > Siyaset > Siyasal Tarih,Yılmaz Özdil,SİA KİTAP,5 / 5 (678 oy),3.331,550,79,953,"125,00",08.10.2020,TÜRKÇE,456,Karton Kapak,14 x 23 cm,Kitap Kağıdı,23625,380
"Büyüklere, Küçük Öyküler 2",Kitap > Edebiyat > Hikaye (Yerli),Dr. Vural Yiğit,SARMAL KİTABEVİ,Puan Yok,5,0,0,0,"220,00",28.11.2023,TÜRKÇE,244,Karton Kapak,13.5 x 19.5 cm,Kitap Kağıdı,3,0
Kelimeler ve KalemlerEdebiyat Sosyolojisinin Edebi Mümkinatı,Kitap > Sosyoloji > Diğer,Dr. Taner Tatar,SİYASAL YAYIN GRUBU - KAMPANYA,5 / 5 (2 oy),20,3,0,0,"265,00",30.04.2018,TÜRKÇE,224,Karton Kapak,13.5 x 21 cm,Kitap Kağıdı,22,1
CHP Parti Müfettişliği ve Raporlarla Bursa Teşkilatı,Kitap > Siyaset > Araştırma-İnceleme,Seda Bayındır Uluskan,YEDİTEPE YAYINEVİ-KAMPANYA,4 / 5 (2 oy),32,1,1,2,"330,00",02.11.2020,TÜRKÇE,448,Karton Kapak,15.5 x 23 cm,Kitap Kağıdı,31,0
Nietzsche Özgürlük Savaşçısı,Kitap > Felsefe-Düşünce > Filozoflar-Düşünürler,Rudolf Steiner,SAY YAYIN GRUBU-KAMPANYA,4 / 5 (12 oy),167,5,2,4,"275,00",14.05.2004,TÜRKÇE,200,Karton Kapak,13.5 x 21 cm,Kitap Kağıdı,124,2
Duyguların Bilgeliği,Kitap > Felsefe-Düşünce > Diğer,Ercan Kuşdoğan,SARMAL KİTABEVİ,Puan Yok,17,0,0,0,"120,00",18.11.2021,TÜRKÇE,66,Karton Kapak,12 x 19 cm,Kitap Kağıdı,20,0
Mevlana İle SohbetHayat Dersleri ve Öğütler,Kitap > İslam > Araştırma-İnceleme,Ersin Özdil,SARMAL KİTABEVİ,5 / 5 (1 oy),39,1,0,0,"240,00",02.12.2020,TÜRKÇE,256,Karton Kapak,13 x 20 cm,Kitap Kağıdı,50,0
Geri Dön Her Şey Berbat Edildi,Kitap > Edebiyat > Roman (Yerli),Onurhan Ersoy,EPONA KİTAP,5 / 5 (5 oy),53,8,0,6,"152,00",10.05.2022,TÜRKÇE,136,Karton Kapak,12.5 x 19.5 cm,Kitap Kağıdı,145,4
Tablet Tobi,Kitap > Çocuk Kitapları > Diğer,Yeşim Özen Açıl,ABAKÜS KİTAP - KAMPANYA,4 / 5 (5 oy),41,1,0,3,"85,00",06.03.2019,TÜRKÇE,24,Karton Kapak,22 x 22 cm,1. Hm. Kağıt,122,0
İlahi Kromozom,Kitap > Sosyoloji > Araştırma-İnceleme,Ayfer Albayrak,ATAÇ YAYINLARI - KAMPANYA,5 / 5 (8 oy),22,3,0,8,"100,00",11.03.2016,TÜRKÇE,136,Karton Kapak,13.5 x 21 cm,Kitap Kağıdı,77,4
Delikanlı,Kitap > Edebiyat > Roman (Çeviri),Fyodor Mihailoviç Dostoyevski,İSKELE YAYINCILIK,4 / 5 (16 oy),421,25,5,38,"300,00",31.07.2005,TÜRKÇE,688,Karton Kapak,13.5 x 19.5 cm,Kitap Kağıdı,542,6
Arzularımın Listesi,Kitap > Edebiyat > Roman (Çeviri) > Kitap > Orijinal Dil > Fransızca,Gregoire Delacourt,PEGASUS YAYINLARI,4 / 5 (158 oy),763,106,8,132,"249,00",29.09.2014,TÜRKÇE,200,Karton Kapak,13.5 x 21 cm,Kitap Kağıdı,3442,94
Fanusa Sıkışmış Hayatlar,Kitap > Edebiyat > Roman (Yerli),Murat Gürvardar,YEDİVEREN YAYIN GRUBU - KAMPANYA,Puan Yok,2,0,0,1,"180,00",15.11.2023,TÜRKÇE,176,Karton Kapak,13.5 x 19.5 cm,Kitap Kağıdı,12,0
Keşiş ve Yabani Kadın,Kitap > Edebiyat > Roman (Çeviri),Edith Wharton,DEDALUS KİTAP,4 / 5 (5 oy),71,3,0,6,"260,00",13.08.2021,TÜRKÇE,256,Karton Kapak,13 x 20 cm,Kitap Kağıdı,156,2
Bir Ulu Destan Çanakkale 1915,Kitap > Tarih > Önemli Olaylar > Kitap > Siyaset > Savaşlar,Mehmet Işık,YEDİVEREN YAYIN GRUBU - KAMPANYA,5 / 5 (19 oy),176,19,1,31,"224,00",05.04.2017,TÜRKÇE,296,Karton Kapak,13.5 x 21 cm,Kitap Kağıdı,222,6
Şimdi Onlar Düşünsün,Kitap > Kişisel Gelişim,Bircan Yıldırım,DESTEK YAYIN GRUBU-KAMPANYA,5 / 5 (1 oy),357,19,2,17,"290,00",22.02.2022,TÜRKÇE,272,Karton Kapak,13.5 x 21 cm,Kitap Kağıdı,309,1
100 Kadın 100 Erkek,Kitap > Edebiyat > Hikaye (Yerli),Yeşim Varol,İNKILAP KİTABEVİ-KAMPANYA,5 / 5 (4 oy),45,6,1,0,"385,00",01.10.2019,TÜRKÇE,384,Karton Kapak,13.7 x 21.5 cm,1. Hm. Kağıt,54,1
Pandeminin Düşürdüğü MaskelerCOVID-19 Salgınının Muhasebesi,Kitap > Siyaset > Araştırma-İnceleme,Bilgi Yok,İLETİŞİM YAYINLARI KAMPANYA,5 / 5 (7 oy),75,10,0,5,"172,00",04.03.2021,TÜRKÇE,271,Karton Kapak,13 x 19.5 cm,Kitap Kağıdı,217,3
Şansın MantığıOlasılık ve Mantık,Kitap > Bilim & Mühendislik > Diğer,John  Venn,SARMAL KİTABEVİ,5 / 5 (2 oy),77,5,1,1,"520,00",07.09.2024,TÜRKÇE,439,Karton Kapak,13.5 x 19.5 cm,Kitap Kağıdı,55,2
Hayat Devam EdiyorUnutulmayan Hatıralar,Kitap > Edebiyat > Anı (Hatırat),Hayri Bostan,EMRE YAYINLARI,Puan Yok,7,1,1,1,"260,00",06.04.2023,TÜRKÇE,288,Karton Kapak,13.5 x 21 cm,Kitap Kağıdı,121,0
Sovyet Propaganda Animasyonları,Kitap > Sinema-Tiyatro > Tiyatro-Genel,Koray Sevindi,URZENİ,5 / 5 (3 oy),72,1,0,4,"300,00",10.04.2021,TÜRKÇE,306,Karton Kapak,13.5 x 21 cm,Kitap Kağıdı,100,3
Hayvanlar Olmadan Asla 2,Kitap > Hobi > Hayvanlar,Meral Filiz,ALASKA YAYINEVİ,5 / 5 (3 oy),20,1,1,0,"288,50",23.08.2024,TÜRKÇE,322,Karton Kapak,13.5 x 21 cm,Kitap Kağıdı,95,3
Tepedelenli Ali Paşa İsyanı,Kitap > Edebiyat > Roman (Çeviri),Maurus Jokai,DESTEK YAYIN GRUBU-KAMPANYA,4 / 5 (4 oy),15,1,0,2,"200,00",27.05.2021,TÜRKÇE,216,Karton Kapak,13.5 x 21 cm,Kitap Kağıdı,21,1
Papaz,Kitap > Edebiyat > Roman (Çeviri),Ken Bruen,BİLGE KÜLTÜR SANAT,3 / 5 (18 oy),50,5,0,16,"220,00",04.05.2009,TÜRKÇE,256,Karton Kapak,13.5 x 21.5 cm,Kitap Kağıdı,133,11
Doğalım GüzelimGenç Kızlar İçin Güzellik ve Bakım Rehberi,Kitap > Kadın-Erkek > Güzellik-Bakım,Caroline Erel,İNKILAP KİTABEVİ-KAMPANYA,Puan Yok,46,3,0,0,"510,00",14.06.2012,TÜRKÇE,72,Karton Kapak,21 x 21 cm,Kuşe Kağıt,10,0
Uyanık'ın Diri Oğlu Hayy Bin YakzanFelsefik Bir Hikaye,Kitap > Çocuk Kitapları > Roman,İbn Tufeyl,SARMAL KİTABEVİ,5 / 5 (2 oy),23,1,1,0,"220,00",12.07.2023,TÜRKÇE,107,Karton Kapak,13.5 x 19.5 cm,Kitap Kağıdı,34,0
Kültürel KuramKültürün Kültsel Kökenleri,Kitap > Kültür > Antropoloji,Neil J. Smelser,URZENİ,Puan Yok,38,4,0,0,"550,00",28.03.2023,TÜRKÇE,517,Karton Kapak,13.5 x 21 cm,Kitap Kağıdı,41,0
İnti Aşk,Kitap > Edebiyat > Roman (Yerli),Sena Oruç,MOTTO,1 / 5 (1 oy),13,1,0,2,"421,00",23.10.2021,TÜRKÇE,378,Karton Kapak,13.5 x 19.5 cm,Kitap Kağıdı,117,0
Muhafazakarlık,Kitap > Siyaset > Araştırma-İnceleme,Edmund Neill,LİBERUS,5 / 5 (4 oy),94,7,0,0,"240,00",22.05.2023,TÜRKÇE,198,Karton Kapak,13 x 19.5 cm,Kitap Kağıdı,150,1
Kısaca Viyana,Kitap > Edebiyat > Tarihi Roman,Nicholas T. Parsons,SAY YAYIN GRUBU-KAMPANYA,5 / 5 (4 oy),91,8,1,4,"350,00",09.05.2023,TÜRKÇE,296,Karton Kapak,13.5 x 21 cm,Kitap Kağıdı,92,2
Dağılma,Kitap > Edebiyat > Roman (Yerli),Veysel Nazlı,FİHRİST KİTAP,5 / 5 (1 oy),23,4,0,2,"164,50",26.11.2022,TÜRKÇE,98,Karton Kapak,13 x 19.5 cm,Kitap Kağıdı,35,0
Fücur,Kitap > Edebiyat > Roman (Yerli),C. Fırat İzgi,YEDİVEREN YAYIN GRUBU - KAMPANYA,Puan Yok,27,1,0,3,"254,00",11.09.2023,TÜRKÇE,264,Karton Kapak,13.5 x 19.5 cm,Kitap Kağıdı,63,0
Sadece Ben Gördüm,Kitap > Edebiyat > Roman (Yerli),Simge Akpolat,BANLİYÖ KİTAP,5 / 5 (1 oy),5,2,0,0,"220,00",23.10.2023,TÜRKÇE,232,Karton Kapak,13.5 x 19.5 cm,Kitap Kağıdı,37,0
İnsanlardan Korkan Örümcek,Kitap > Çocuk Kitapları > Diğer,Sevgin Yılmaz,URZENİ,Puan Yok,0,0,0,0,"140,00",04.07.2023,TÜRKÇE,48,Karton Kapak,13.5 x 19.5 cm,Kitap Kağıdı,49,0
Bilgeliğin Yedi Sütunu (2. Cilt),Kitap > Tarih > Araştırma-İnceleme,T.E. Lawrence,URZENİ,4 / 5 (2 oy),44,3,0,1,"500,00",20.03.2024,TÜRKÇE,372,Karton Kapak,13.5 x 19.5 cm,Kitap Kağıdı,38,0
Yaşamın Aynası Sensin,Kitap > Kişisel Gelişim,Ayşe Elibol,DOĞU KİTABEVİ,Puan Yok,7,2,0,0,"449,00",07.04.2022,TÜRKÇE,239,Karton Kapak,13.5 x 19.5 cm,Kitap Kağıdı,57,0
Pellucidar VIKorku Diyarı,Kitap > Edebiyat > Bilimkurgu-Fantazya,Edgar Rice Burroughs,FİHRİST KİTAP,5 / 5 (6 oy),45,10,0,3,"259,50",08.03.2024,TÜRKÇE,178,Karton Kapak,13 x 19.5 cm,Kitap Kağıdı,87,1
Duaların Kayıp Sırları,Kitap > Kişisel Gelişim,Guy Finley,DESTEK YAYIN GRUBU-KAMPANYA,5 / 5 (3 oy),27,2,0,1,"180,00",09.11.2023,TÜRKÇE,168,Karton Kapak,13.5 x 21 cm,Kitap Kağıdı,44,2
Masonluğun Mistisizmi,Kitap > Tarih > Araştırma-İnceleme,Kolektif,KUMRAN YAYINLARI,5 / 5 (3 oy),28,2,0,1,"275,00",25.09.2024,TÜRKÇE,160,Karton Kapak,13.5 x 21 cm,Kitap Kağıdı,24,1
Kumaş,Kitap > Edebiyat > Şiir (Yerli),Yavuz Türk,EPONA KİTAP,4 / 5 (1 oy),9,0,0,2,"148,00",31.05.2022,TÜRKÇE,64,Karton Kapak,12.5 x 19.5 cm,Kitap Kağıdı,107,0
Pandalar Uçabilir,Kitap > Edebiyat > Deneme (Yerli),Caner Yaman,HAYY KİTAP - KAMPANYA,4 / 5 (32 oy),452,52,10,46,"140,00",09.07.2020,TÜRKÇE,144,Karton Kapak,13.5 x 21 cm,Kitap Kağıdı,1603,13
Hayal Fabrikası,Kitap > Edebiyat > Roman (Yerli),Yener Camcı,KUTLU YAYINEVİ,4 / 5 (2 oy),11,0,0,3,"180,00",20.09.2022,TÜRKÇE,148,Karton Kapak,13.5 x 19.5 cm,Kitap Kağıdı,72,1
Anılarınla Barışırsan Özgürleşirsin,Kitap > Edebiyat > Diğer,Ezgin Kılıç,DESTEK YAYIN GRUBU-KAMPANYA,5 / 5 (3 oy),19,1,0,3,"180,00",15.03.2022,TÜRKÇE,160,Karton Kapak,13.5 x 19.5 cm,Kitap Kağıdı,27,2
Konuşmalar(Analektler) Lunyu,Kitap > Felsefe-Düşünce > Diğer,Konfüçyüs,SAY YAYIN GRUBU-KAMPANYA,4 / 5 (28 oy),351,35,2,19,"200,00",23.03.2022,TÜRKÇE,152,Karton Kapak,13 x 19.5 cm,Kitap Kağıdı,461,12
Çocukluktan Yetişkinliğe Yılmaz BüyükerşenBataklıktan Medeniyete Eskişehir,Kitap > Edebiyat > Biyografi-Otobiyografi,Dr. Sertaç Dalgalıdere,KEDİDEDİ YAYINCILIK,Puan Yok,14,0,0,1,"195,00",28.08.2023,TÜRKÇE,168,Karton Kapak,13.5 x 19.5 cm,Kitap Kağıdı,352,0
Satış Serbest,Kitap > Kişisel Gelişim,Doç. Dr. Tuğhan Turan,ALASKA YAYINEVİ,Puan Yok,8,0,0,1,"150,00",16.10.2024,TÜRKÇE,128,Karton Kapak,13.5 x 21 cm,Kitap Kağıdı,66,0
Açıklamalı Divan Şiiri,Kitap > Edebiyat > İnceleme,Mahmut Kaplan,LEJAND,5 / 5 (2 oy),41,2,1,0,"210,00",29.09.2022,TÜRKÇE,204,Karton Kapak,13 x 19.5 cm,Kitap Kağıdı,162,0
Hayat Bakım İsterYaşam Koçluğu Hakkında Her Şey,Kitap > Kişisel Gelişim,Özdemir Özkan,SAY YAYIN GRUBU-KAMPANYA,Puan Yok,59,2,0,1,"250,00",29.06.2012,TÜRKÇE,256,Karton Kapak,13.5 x 21 cm,Kitap Kağıdı,143,1
Dolaptan TemaşaLetaif-i Rivayat,Kitap > Edebiyat > Roman (Yerli),Ahmet Mithat Efendi,SANAT KRİTİK YAYINCILIK,5 / 5 (1 oy),20,1,0,0,"250,00",11.03.2024,TÜRKÇE,246,Karton Kapak,12 x 19 cm,Kitap Kağıdı,239,0
Şüphecinin Zihin Rehberi,Kitap > Psikoloji > İnceleme,Dr. Robert A. Burton,SAY YAYIN GRUBU-KAMPANYA,5 / 5 (4 oy),228,11,0,3,"350,00",16.09.2020,TÜRKÇE,288,Karton Kapak,13.5 x 21 cm,Kitap Kağıdı,120,0
İbn Rüşd / Fikir Mimarları Dizisi,Kitap > İslam > Felsefe > Kitap > Felsefe-Düşünce > Filozoflar-Düşünürler,Bilgi Yok,SAY YAYIN GRUBU-KAMPANYA,5 / 5 (25 oy),487,14,5,14,"350,00",03.03.2016,TÜRKÇE,208,Karton Kapak,13.5 x 21 cm,Kitap Kağıdı,350,10
Kudüs… Ey Kudüs,Kitap > Tarih > Dünya,Larry Collins,KRONİK KİTAP,5 / 5 (322 oy),4.445,338,43,197,"595,00",06.02.2018,TÜRKÇE,640,Karton Kapak,13.5 x 21 cm,Kitap Kağıdı,5655,144
Siyah Beyaz Yayından Netflix’e Türkiye’de Televizyonun Kısa Tarihi,Kitap > Diğer > İletişim-Medya,Kenan Duman,URZENİ,4 / 5 (1 oy),17,2,0,0,"240,00",27.07.2023,TÜRKÇE,195,Karton Kapak,13.5 x 21 cm,Kitap Kağıdı,34,1
Aşkın Peşinde,Kitap > Edebiyat > Roman (Çeviri) > Kitap > Orijinal Dil > İngilizce,Susan Mallery,PEGASUS YAYINLARI,4 / 5 (30 oy),195,7,0,46,"269,00",23.06.2014,TÜRKÇE,336,Karton Kapak,13.5 x 21 cm,Kitap Kağıdı,245,16
Neden Böyle Olmasın,Kitap > Edebiyat > Şiir (Yerli),Utkucan Yazıcı,EPONA KİTAP,5 / 5 (2 oy),7,2,1,1,"148,00",23.01.2024,TÜRKÇE,101,Karton Kapak,12.5 x 19.5 cm,Kitap Kağıdı,147,0
Köpek Bakımı / Çocuklar İçin,Kitap > Hobi > Hayvanlar,Katherine Starke,İLETİŞİM YAYINLARI KAMPANYA,5 / 5 (5 oy),66,2,0,0,"119,00",01.12.2015,TÜRKÇE,38,Karton Kapak,13 x 19.5 cm,Kuşe Kağıt,98,0
Yeni Muhafazakar Tehdit,Kitap > Siyaset > Kitap > Siyaset > Güncel Sorunlar > Kitap > Siyaset > Araştırma-İnceleme,Paul Craig Roberts,SAY YAYIN GRUBU-KAMPANYA,4 / 5 (3 oy),85,4,1,4,"500,00",27.07.2016,TÜRKÇE,592,Karton Kapak,13.5 x 21 cm,Kitap Kağıdı,90,2
Kişisel Bitişim,Kitap > Edebiyat > Roman (Yerli),Güliz Sütçü,SİYASAL YAYIN GRUBU - KAMPANYA,5 / 5 (3 oy),14,1,0,4,"300,00",07.07.2015,TÜRKÇE,272,Karton Kapak,13.5 x 19.5 cm,Kitap Kağıdı,21,3
Kafkasya’da Bir Esir,Kitap > Edebiyat > Tarihi Roman,Lev N. Tolstoy,URZENİ,Puan Yok,21,1,0,1,"170,00",13.04.2020,TÜRKÇE,65,Karton Kapak,13.5 x 21 cm,Kitap Kağıdı,11,0
İğde Acısı,Kitap > Edebiyat > Roman (Yerli),Metin Yıldırım,TRUVA YAYINLARI,5 / 5 (1 oy),10,3,0,2,"290,00",30.03.2023,TÜRKÇE,328,Karton Kapak,13.5 x 21 cm,Kitap Kağıdı,63,1
Hacı AliAmerika'da Bir Osmanlı,Kitap > Edebiyat > Biyografi-Otobiyografi,Dr. Vural Yiğit,SARMAL KİTABEVİ,Puan Yok,9,0,0,0,"300,00",28.11.2023,TÜRKÇE,284,Karton Kapak,13.5 x 19.5 cm,Kitap Kağıdı,12,0
Özünde Herkes İyidir,Kitap > Edebiyat > Şiir (Yerli),Özcan  Tekdemir,SİYAH KUĞU KAMPANYA,4 / 5 (7 oy),38,7,1,5,"60,00",21.02.2018,TÜRKÇE,112,Karton Kapak,13.5 x 21 cm,Kitap Kağıdı,162,3
Yapacak Bir Şey Yok,Kitap > Edebiyat > Roman (Yerli),Veli Karabudak,ÜLGEN YAYINLARI,Puan Yok,3,1,0,0,"139,00",14.04.2022,TÜRKÇE,126,Karton Kapak,13.5 x 21 cm,Kitap Kağıdı,36,0
İyi Geceler Tweetaşkım,Kitap > Edebiyat > Roman (Çeviri),Teresa Medeiros,PEGASUS YAYINLARI,4 / 5 (14 oy),52,9,1,14,"249,00",13.05.2016,TÜRKÇE,232,Karton Kapak,13.5 x 21 cm,Kitap Kağıdı,96,5
Berry Bees / Bayan Bonbon ve Üç Süper Ajan,Kitap > Çocuk Kitapları > Diğer,Cat Le Blanc,YAKAMOZ YAYINCILIK,Puan Yok,6,0,0,0,"150,00",15.09.2022,TÜRKÇE,160,Karton Kapak,13.5 x 19.5 cm,Kitap Kağıdı,23,0
Türk Hitler,Kitap > Edebiyat > Roman (Yerli),Uğur Önver,DESTEK YAYIN GRUBU-KAMPANYA,Puan Yok,2,1,0,0,"190,00",03.08.2023,TÜRKÇE,176,Karton Kapak,13.5 x 19.5 cm,Kitap Kağıdı,1,0
Tokat'a Dair Bir Sakk Mecmuası,Kitap > Tarih > Araştırma-İnceleme > Kitap > Şehir Kitapları > Diğer,Ümit Ekin,BİLGE KÜLTÜR SANAT,4 / 5 (3 oy),54,2,1,1,"280,00",07.04.2010,TÜRKÇE,336,Karton Kapak,13.5 x 21.5 cm,Kitap Kağıdı,53,1
Eskiçağ'da Darbeler,Kitap > Tarih > Araştırma-İnceleme,Suna Yıldırım,URZENİ,4 / 5 (3 oy),56,2,2,0,"200,00",08.03.2021,TÜRKÇE,164,Karton Kapak,13 x 20 cm,Kitap Kağıdı,46,1
Dijital Emek ve Yabancılaşma,Kitap > Akademik > İş Dünyası,Melek Ekinci,URZENİ,Puan Yok,27,0,0,0,"220,00",06.11.2020,TÜRKÇE,176,Karton Kapak,13 x 20 cm,Kitap Kağıdı,48,0
Mektub,Kitap > Edebiyat > Anlatı,Paulo Coelho,CAN YAYINLARI,4 / 5 (64 oy),2.315,149,12,151,"220,00",05.09.2023,TÜRKÇE,200,Karton Kapak,12.5 x 19.5 cm,Kitap Kağıdı,3005,34
Kutlu Müderris İdris-i Bitlisi,Kitap > Tarih > Kişiler,Prof. Dr. Mehmet Bayrakdar,BİYOGRAFİ.NET,5 / 5 (7 oy),199,2,0,7,"150,00",31.12.2020,TÜRKÇE,128,Karton Kapak,13.5 x 19.5 cm,Kitap Kağıdı,188,3
Harikasın Gri!,Kitap > Çocuk Kitapları > Okul Öncesi > Masal,Irma Zmiric Çetinkaya,ABAKÜS KİTAP - KAMPANYA,5 / 5 (15 oy),68,3,1,9,"85,00",02.12.2019,TÜRKÇE,36,Karton Kapak,22 x 22 cm,Kitap Kağıdı,183,6
Batık Kentin Cadısı,"Kitap > Çocuk Kitapları > 12+ Yaş > Hikaye, Roman & Masal",Orhan T. Özdemir,URZENİ,3 / 5 (1 oy),18,1,0,1,"270,00",31.03.2021,TÜRKÇE,380,Karton Kapak,13.5 x 21 cm,Kitap Kağıdı,55,0
Zodyak Serisi Takım Set (2 Kitap),Kitap > Edebiyat > Roman (Çeviri),Romina Russell,PEGASUS YAYINLARI,5 / 5 (38 oy),892,51,5,42,"598,00",03.02.2020,TÜRKÇE,736,Karton Kapak,13.5 x 21 cm,Kitap Kağıdı,724,18
Turist,Kitap > Edebiyat > Roman (Çeviri),Olen Steinhauer,BİLGE KÜLTÜR SANAT,5 / 5 (10 oy),87,8,1,10,"380,00",03.02.2011,TÜRKÇE,464,Karton Kapak,13.5 x 21.5 cm,Kitap Kağıdı,123,5
Yahudi Kutsal Metinlerinde “Havva”,Kitap > Psikoloji > İnceleme,Ayşe Çetin,URZENİ,5 / 5 (2 oy),42,1,0,1,"240,00",24.06.2022,TÜRKÇE,181,Karton Kapak,13.5 x 21 cm,Kitap Kağıdı,55,0
Gölge Hayatlar 2,Kitap > Edebiyat > Roman (Yerli),Kazım  Kaya,ALASKA YAYINEVİ,5 / 5 (1 oy),1,0,0,0,"130,50",16.08.2024,TÜRKÇE,112,Karton Kapak,13.5 x 21 cm,Kitap Kağıdı,19,1
80 Gün Tutkunun Rengi,Kitap > Edebiyat > Roman (Çeviri) > Kitap > Orijinal Dil > İngilizce,Vina Jackson,PEGASUS YAYINLARI,4 / 5 (28 oy),163,6,0,28,"299,00",01.04.2013,TÜRKÇE,336,Karton Kapak,13.5 x 21 cm,Kitap Kağıdı,284,8
Gülün DikeniAlmanya'da Mapus Olmak,Kitap > Edebiyat > Anı (Hatırat),Sara Gül Turan,FA YAYINLARI,4 / 5 (3 oy),7,0,0,3,"120,00",21.12.2021,TÜRKÇE,216,Karton Kapak,13.5 x 19.5 cm,Kitap Kağıdı,14,2
Eğitim Sözlüğü,Kitap > Başvuru Kitapları > Sözlük & İmla Kılavuzu > Kitap > Eğitim > Diğer,Ahmet Cevizci,SAY YAYIN GRUBU-KAMPANYA,5 / 5 (14 oy),220,11,3,2,"500,00",01.10.2010,TÜRKÇE,560,Karton Kapak,13.5 x 21 cm,Kitap Kağıdı,203,6
Işıl Işıl Güzellik,Kitap > Kadın-Erkek > Güzellik-Bakım,Işıl Akkoyunlu,PEGASUS YAYINLARI,4 / 5 (34 oy),154,25,1,23,"299,00",27.11.2008,TÜRKÇE,208,Karton Kapak,16 x 23 cm,Kitap Kağıdı,902,16
Cizreli İzzeddin Şir Bey ve İsyanı,Kitap > Tarih > Türk-Osmanlı > Kitap > Tarih > Kişiler,Tuncay Öğün,YEDİTEPE YAYINEVİ-KAMPANYA,5 / 5 (18 oy),114,12,0,9,"450,00",01.11.2010,TÜRKÇE,464,Karton Kapak,13.5 x 21 cm,Kitap Kağıdı,211,6
